unique_id,sub_category,brand_name,product_name,price,currency,product_id,competitor_name,ingredients,Mandatory_information,company_address,manufactured_in,grammage_unit,grammage_quantity,rating,review_count,breadcrumb,pdp_url,scope_of_delivery,images,site_shown_uom,product_description
2722995,Depilacija in britje,PHILIPS OneBlade,"Brivnik OneBlade Intimate, 1 kos",24.95,EUR,8720689031660,dm,Indonezija  Navedene sestavine v spletni trgovini se lahko razlikujejo od tistih navedenih na embalaži ,,"Philips Consumer Lifestyle B.V. Tussendiepen 4, 9206 AD Drachten Netherlands",,kos,1,4.3,168,Nega in dišave > Depilacija in britje > Električni brivniki,https://www.dm.si/p/d/2722995/philips-oneblade-brivnik-oneblade-intimate,Vsebina:  1 × rezilo SkinProtect  1 × glavnik za oblikovanje  1 × brivnik  1 × USBA polnilni kabel,"https://products.dm-static.com/images/f_auto,q_auto,c_fit,h_440,w_500/v1747534786/assets/pas/images/a2682cf7-2d4a-42a8-b613-1178d63690f0/philips-oneblade-brivnik-oneblade-intimate, https://products.dm-static.com/images/f_auto,q_auto,c_fit,h_440,w_500/v1747535355/assets/pas/images/1faad77f-0716-4ea2-a4fd-8a7d9bf25a83/philips-oneblade-brivnik-oneblade-intimate, https://products.dm-static.com/images/f_auto,q_auto,c_fit,h_440,w_500/v1747534748/assets/pas/images/c7c8ef15-c2b9-40fc-bcb9-cf1f399bc665/philips-oneblade-brivnik-oneblade-intimate, https://products.dm-static.com/images/f_auto,q_auto,c_fit,h_440,w_500/v1747535360/assets/pas/images/182eca93-719f-460c-bce9-dd75c848e3df/philips-oneblade-brivnik-oneblade-intimate, https://products.dm-static.com/images/f_auto,q_auto,c_fit,h_440,w_500/v1747535360/assets/pas/images/670d0294-da79-42c5-8261-cf716a9f396b/philips-oneblade-brivnik-oneblade-intimate, https://products.dm-static.com/images/f_auto,q_auto,c_fit,h_440,w_500/v1747534752/assets/pas/images/4c427a96-72ec-4f8b-8525-d33679bbeeee/philips-oneblade-brivnik-oneblade-intimate, https://products.dm-static.com/images/f_auto,q_auto,c_fit,h_440,w_500/v1747535087/assets/pas/images/5bacc89e-7c09-4931-a1b1-63832ff73b4d/philips-oneblade-brivnik-oneblade-intimate",1 kos,"Brivnik za intimne predele in pazduhe  Rezilo SkinProtect za zaščito pred urezninami  Priložen 3 mm glavnik za prirezovanje  Primeren za mokro in suho uporabo  Polnilna baterija Philips OneBlade Intimate je zasnovan za varno in udobno urejanje občutljivih intimnih predelov in pazduh. Njegovo edinstveno rezilo SkinProtect z dodatno stopnjo zaščite preprečuje ureznine in se prilagaja vsaki oblini telesa. Priložen 3milimetrski glavnik omogoča enostavno in hitro prirezovanje dlačic v kateri koli smeri. Brivnik je primeren za mokro in suho uporabo, za optimalno delovanje pa priporočamo menjavo rezila vsake 4 mesece. Z brivnikom Philips OneBlade Intimate dosežite popolno urejenost brez kompromisov."
3103647,Depilacija in britje,PHILIPS,"Trimer All-in-One 5000 10 v 1, 1 kos",49.95,EUR,8720689045360,dm,Navedene sestavine v spletni trgovini se lahko razlikujejo od tistih navedenih na embalaži ,Informacije o odstranjevanju odpadne električne in elektronske opreme,"Philips Consumer Lifestyle B.V. Tussendiepen 4, 9206 AD Drachten Netherlands",Proizvedeno v Indoneziji.,kos,1,4.5,291,Nega in dišave > Depilacija in britje > Električni brivniki,https://www.dm.si/p/d/3103647/philips-trimer-all-in-one-5000-10-v-1,"Vsebina:  1 × kovinski prirezovalnik  1 × prirezovalnik za nos/ušesa  1 × natančni prirezovalnik  1 × nastavljivi glavnik za brado (3–7 mm)  2 × glavnik za neobrit videz (1 mm, 2 mm)  3 × glavnik za lase (9 mm, 12 mm, 16 mm)  1 × glavnik za telo (3 mm)  1 × USBA kabel za polnjenje (adapter ni priložen)","https://products.dm-static.com/images/f_auto,q_auto,c_fit,h_440,w_500/v1760425971/assets/pas/images/0641cde7-a201-4cd0-93a6-bc46cdc8d595/philips-trimer-all-in-one-5000-10-v-1, https://products.dm-static.com/images/f_auto,q_auto,c_fit,h_440,w_500/v1760425964/assets/pas/images/77a97ce7-bd9a-4bd7-9ce7-60e63f4e1ac0/philips-trimer-all-in-one-5000-10-v-1",1 kos,"Večnamenski urejevalnik 10 v 1  Tehnologija BeardSense za enakomerno prirezovanje  Samoostrilna jeklena rezila  Do 120 minut delovanja baterije  Za urejanje obraza, las in telesa Philips AllinOne trimer 5000 10 v 1 je vsestranski pripomoček, ki z enim orodjem omogoča popolno urejanje obraza, las in telesa. Z desetimi kakovostnimi nastavki lahko enostavno uredite svojo brado, lase in dlake po telesu. Samoostrilna jeklena rezila zagotavljajo dolgotrajno delovanje in natančnost, ne da bi jih bilo treba oljiti. Inovativna tehnologija BeardSense 125krat na sekundo preverja gostoto brade in po potrebi poveča moč za učinkovito prirezovanje tudi najgostejših predelov. Z avtonomijo delovanja do 120 minut je večnamenski urejevalnik Philips vedno pripravljen na uporabo."
3127724,Depilacija in britje,PHILIPS,"Brivnik za glavo Shaver Series 5000, 1 kos",69.95,EUR,8720689044264,dm,Navedene sestavine v spletni trgovini se lahko razlikujejo od tistih navedenih na embalaži ,Informacije o odstranjevanju odpadne električne in elektronske opreme,"Philips Consumer Lifestyle B.V. Tussendiepen 4, 9206 AD Drachten Netherlands https://www.philips.si/c-w/podpora/support-contact-page.html",Proizvedeno na Kitajskem.,kos,1,4.77,56,Nega in dišave > Depilacija in britje > Električni brivniki,https://www.dm.si/p/d/3127724/philips-brivnik-za-glavo-shaver-series-5000,Vsebina:  1 × brivnik  1 × mehka torbica  1 × zaščitni pokrov  1 × USBA kabel za polnjenje (adapter ni priložen),"https://products.dm-static.com/images/f_auto,q_auto,c_fit,h_440,w_500/v1771402948/assets/pas/images/d8d9f2d2-3b81-46ce-827b-0a164ebe542d/philips-brivnik-za-glavo-shaver-series-5000, https://products.dm-static.com/images/f_auto,q_auto,c_fit,h_440,w_500/v1776812781/assets/pas/images/afa61e50-d6d1-4d06-8f51-7e872df78c47/philips-brivnik-za-glavo-shaver-series-5000, https://products.dm-static.com/images/f_auto,q_auto,c_fit,h_440,w_500/v1770647003/assets/pas/images/038943b1-e861-457a-8aef-222fce8c2075/philips-brivnik-za-glavo-shaver-series-5000",1 kos,"Brivnik za temeljito britje glave  Prilagodljiva 360° brivna glava  Samoostrilna rezila ComfortCut  Senzor PowerAdapt prilagaja moč britja  Za mokro in suho uporabo Philips brivnik za glavo Shaver Series 5000 omogoča temeljito in hkrati koži prijazno britje glave. Njegova prilagodljiva 360° brivna glava se optimalno prilagaja obliki glave in zagotavlja enakomeren stik s kožo tudi na težje dostopnih mestih. ComfortCut rezila učinkovito odrežejo dlake tik nad površino kože za gladke rezultate. Inteligentni senzor PowerAdapt samodejno prilagaja moč gostoti dlak za britje brez napora. Brivnik za glavo Philips je popolnoma vodoodporen in primeren za suho ali mokro britje, tudi pod prho. Vgrajen sistem za zbiranje dlak pa poskrbi za čisto uporabo."
3115312,Depilacija in britje,PHILIPS,"Trimer All-in-One 7000 17 v 1, 1 kos",89.95,EUR,8720689044950,dm,Navedene sestavine v spletni trgovini se lahko razlikujejo od tistih navedenih na embalaži ,Informacije o odstranjevanju odpadne električne in elektronske opreme,"Philips Consumer Lifestyle B.V. Tussendiepen 4, 9206 AD Drachten Netherlands",Proizvedeno v Indoneziji.,kos,1,4.68,809,Nega in dišave > Nega za moške > Depilacija in britje,https://www.dm.si/p/d/3115312/philips-trimer-all-in-one-7000-17-v-1,"Vsebina:  1 × kovinski prirezovalnik  1 × prirezovalnik za nos/ušesa  1 × natančni prirezovalnik  1 × premium glavnik za natančno oblikovanje  1 × nastavljivi glavnik (3–7 mm)  1 × nastavljivi glavnik (9–13 mm)  1 × glavnik za obrvi  1 × ekstra širok strižnik  4 × širok strižnik (4 mm, 9 mm, 12 mm, 16 mm)  1 × prirezovalnik za telo  1 × glavnik za telo (3 mm)  1 × prirezovalnik za intimne predel  1 × potovalna torbica  1 × USBA kabel za polnjenje (adapter ni priložen)","https://products.dm-static.com/images/f_auto,q_auto,c_fit,h_440,w_500/v1763763651/assets/pas/images/abf38791-402b-4222-b6fc-fc4d2a3dd99d/philips-trimer-all-in-one-7000-17-v-1, https://products.dm-static.com/images/f_auto,q_auto,c_fit,h_440,w_500/v1763763642/assets/pas/images/97f2d82a-e3cf-4e8f-81a3-09764cb2c333/philips-trimer-all-in-one-7000-17-v-1",1 kos,"Večnamenski urejevalnik 17 v 1  Vrhunski natančni glavnik z 22 nastavitvami dolžine  Tehnologija BeardSense za enakomerno prirezovanje  Samoostrilna jeklena rezila za dolgotrajno ostrino  Do 120 minut brezžične uporabe Philips AllinOne trimer 7000 17 v 1 je vsestranski urejevalnik, ki z enim samim orodjem zagotavlja vrhunsko natančnost pri urejanju obraza, las in telesa. S kar 17 kakovostnimi nastavki pokriva vse vaše potrebe po urejanju. Za izjemen nadzor poskrbi vrhunski natančni glavnik z 22 nastavitvami dolžine od 0,5 do 16 mm. Samoostrilna jeklena rezila ostanejo ostra kot prvi dan, tehnologija BeardSense pa zagotavlja enakomerno prirezovanje. Z avtonomijo delovanja do 120 minut večnamenski urejevalnik Philips 7000 omogoča popolno svobodo pri oblikovanju vašega videza."
3109382,Depilacija in britje,PHILIPS,"Brivnik Shaver Series 5000X za mokro in suho..., 1 kos",79.95,EUR,8720689029155,dm,Navedene sestavine v spletni trgovini se lahko razlikujejo od tistih navedenih na embalaži ,Informacije o odstranjevanju odpadne električne in elektronske opreme,"Philips Consumer Lifestyle B.V. Tussendiepen 4, 9206 AD Drachten Netherlands",Proizvedeno na Kitajskem.,kos,1,4.47,57,Nega in dišave > Depilacija in britje > Električni brivniki,https://www.dm.si/p/d/3109382/philips-brivnik-shaver-series-5000x-za-mokro-in-suho-britje,,"https://products.dm-static.com/images/f_auto,q_auto,c_fit,h_440,w_500/v1760425976/assets/pas/images/f36e7b0d-7ee1-49e6-acc0-3de8c2c6d7d9/philips-brivnik-shaver-series-5000x-za-mokro-in-suho-britje, https://products.dm-static.com/images/f_auto,q_auto,c_fit,h_440,w_500/v1760425964/assets/pas/images/eb0b8cc4-fe4c-4361-b721-22e1b9f44d5b/philips-brivnik-shaver-series-5000x-za-mokro-in-suho-britje",1 kos,"Električni brivnik za mokro in suho britje  Zaščitna prevleka SkinGlide zmanjšuje draženje kože**  Popolnoma prilagodljive 360° brivne glave  Rezila ComfortCut iz hipoalergenega jekla  Do 50 minut brezžičnega britja Philips brivnik Shaver Series 5000X z napredno tehnologijo Skin Protect je zasnovan za gladko britje z dodatno zaščito kože. Njegova zaščitna prevleka SkinGlide zmanjšuje trenje in s tem draženje kože**. Popolnoma prilagodljiva 360stopinjska brivna glava zagotavlja optimalen stik s kožo tudi na težje dostopnih predelih. Rezila ComfortCut so izdelana iz hipoalergenega kirurškega jekla in so odporna proti rjavenju. Ta brivnik Philips je primeren tako za suho kot mokro britje, kar omogoča uporabo s peno, gelom ali pod prho za dodatno udobje.**V primerjavi z materialom brez premaza."
3129776,Depilacija in britje,PHILIPS,"Urejevalnik brade 5000 BT5515, 1 kos",62.95,EUR,8720689034203,dm,Navedene sestavine v spletni trgovini se lahko razlikujejo od tistih navedenih na embalaži ,Informacije o odstranjevanju odpadne električne in elektronske opreme,"Philips Consumer Lifestyle B.V. Tussendiepen 4, 9206 AD Drachten Netherlands https://www.philips.si/c-w/podpora/support-contact-page.html",Proizvedeno v Indoneziji.,kos,1,4.47,45,Nega in dišave > Nega za moške > Depilacija in britje,https://www.dm.si/p/d/3129776/philips-urejevalnik-brade-5000-bt5515,"Vsebina:  1 × kovinski prirezovalnik  1 × krajši glavnik (0,410 mm)  1 × dolgi glavnik (10,420 mm)  1 zbiralnik dlak  1 × polnilna postaja  1 × USBA kabel za polnjenje (adapter ni priložen)","https://products.dm-static.com/images/f_auto,q_auto,c_fit,h_440,w_500/v1771411100/assets/pas/images/9a56326a-a1b4-4185-8c8a-2acb15dd62ee/philips-urejevalnik-brade-5000-bt5515, https://products.dm-static.com/images/f_auto,q_auto,c_fit,h_440,w_500/v1771411122/assets/pas/images/80b22a0b-fa28-4307-a10c-153939b40b2d/philips-urejevalnik-brade-5000-bt5515",1 kos,"Prirezovalnik brade za natančno urejanje  Zbiralnik dlačic ujame do 80 % dlak*  40 nastavitev dolžine v korakih po 0,2 mm  Tehnologija BeardSense za enakomerno prirezovanje  Samoostrilna kovinska rezila Philips urejevalnik brade 5000 BT5515 zagotavlja vrhunsko natančnost in enostavno urejanje brez nereda. Njegov inovativni zbiralnik dlačic med prirezovanjem učinkovito ujame do 80 % odrezanih dlak*. Za popolno oblikovanje brade poskrbi natančen gumb s 40 nastavitvami dolžine v korakih po 0,2 mm. Samoostrilna kovinska rezila ostanejo ostra kot prvi dan in ne potrebujejo olja, tehnologija BeardSense pa poveča moč na gostejših predelih. Z avtonomijo delovanja do 100 minut prirezovalnik Philips 5000 omogoča brezskrbno urejanje.*Testirano v laboratorijskih pogojih."
3101245,Depilacija in britje,PHILIPS,"Ženski brivnik Body Shaver 6000, 1 kos",29.95,EUR,8720689038256,dm,Navedene sestavine v spletni trgovini se lahko razlikujejo od tistih navedenih na embalaži ,Informacije o odstranjevanju odpadne električne in elektronske opreme,"Philips Consumer Lifestyle B.V. Tussendiepen 4, 9206 AD Drachten Netherlands",,kos,1,4.47,288,Nega in dišave > Depilacija in britje > Električni brivniki,https://www.dm.si/p/d/3101245/philips-zenski-brivnik-body-shaver-6000,,"https://products.dm-static.com/images/f_auto,q_auto,c_fit,h_440,w_500/v1770731619/assets/pas/images/726a1f4f-98a9-4bd7-8c85-1bffaed07920/philips-zenski-brivnik-body-shaver-6000, https://products.dm-static.com/images/f_auto,q_auto,c_fit,h_440,w_500/v1770731611/assets/pas/images/2611d344-136a-48e7-8d25-549ded4ede61/philips-zenski-brivnik-body-shaver-6000",1 kos,"Brivnik za telo za mokro in suho uporabo  Sistem s 3 rezili in dvostranskim prirezovalnikom  Do 80 minut brezžične uporabe  Zaobljene konice prirezovalnika za zaščito kože  Ergonomsko držalo za lažjo uporabo PHILIPS ženski električni brivnik Body Shaver 6000 zagotavlja nežno in temeljito britje po celem telesu. Z naprednim sistemom s tremi rezili in dvostranskim prirezovalnikom omogoča hitre rezultate v obe smeri, kar je idealno tako za celotno britje telesa kot za hitro osvežitev. Zaobljene, patentirane konice prirezovalnika učinkovito preprečujejo ureznine, tudi na občutljivih predelih, kot so pazduhe ali bikini predel. Brivnik se prilagaja različnim delom telesa in nudi brezžično prilagodljivost. Z enim polnjenjem deluje do 80 minut, zato je Philips električni brivnik za telo popoln za uporabo doma ali na poti."
3107347,Depilacija in britje,PHILIPS,"Brivnik za nosne in ušesne dlačice NT1000, 1 kos",16.95,EUR,8710103932512,dm,Navedene sestavine v spletni trgovini se lahko razlikujejo od tistih navedenih na embalaži ,Informacije o odstranjevanju odpadne električne in elektronske opreme,"Philips Consumer Lifestyle B.V. Tussendiepen 4, 9206 AD Drachten Netherlands",,kos,1,4.12,25,Nega in dišave > Nega za moške > Depilacija in britje,https://www.dm.si/p/d/3107347/philips-brivnik-za-nosne-in-usesne-dlacice-nt1000,,"https://products.dm-static.com/images/f_auto,q_auto,c_fit,h_440,w_500/v1762552881/assets/pas/images/d933411e-a347-4836-8c81-c6b72b2129d3/philips-brivnik-za-nosne-in-usesne-dlacice-nt1000, https://products.dm-static.com/images/f_auto,q_auto,c_fit,h_440,w_500/v1771457616/assets/pas/images/6affda77-eb4a-4b2e-835e-d1f1025dfd82/philips-brivnik-za-nosne-in-usesne-dlacice-nt1000, https://products.dm-static.com/images/f_auto,q_auto,c_fit,h_440,w_500/v1771457609/assets/pas/images/e9f08b73-5146-4ef7-8823-e5bfd2231999/philips-brivnik-za-nosne-in-usesne-dlacice-nt1000",1 kos,"Brivnik za nosne in ušesne dlačice  Nežno in učinkovito prirezovanje  Sistem Protective Guard preprečuje ureznine  Popolnoma pralen za enostavno čiščenje  Priložena AA baterija Philips brivnik za nosne in ušesne dlačice serije 1000 omogoča nežno in učinkovito odstranjevanje neželenih dlačic. S tehnologijo PrecisionTrim in sistemom Protective Guard je prirezovanje enostavno, brez neprijetnega cukanja ali zatikanja. Inovativni dvostranski prirezovalnik zagotavlja hitro in natančno prirezovanje pod vsakim kotom. Teksturiran ročaj omogoča optimalen oprijem, tudi ko je moker, kar zagotavlja boljši nadzor med uporabo. Brivnik je popolnoma pralen, kar omogoča enostavno čiščenje in vzdrževanje. S priloženo AA baterijo je Philips brivnik takoj pripravljen za uporabo."
2030640,Depilacija in britje,PHILIPS OneBlade,"Električni brivnik 1st shave, 1 kos",24.95,EUR,8720689021180,dm,Navedene sestavine v spletni trgovini se lahko razlikujejo od tistih navedenih na embalaži ,Informacije o odstranjevanju odpadne električne in elektronske opreme,"Philips Consumer Lifestyle B.V. Tussendiepen 4, 9206 AD Drachten Netherlands",,kos,1,4.61,108,Nega in dišave > Depilacija in britje > Električni brivniki,https://www.dm.si/p/d/2030640/philips-oneblade-elektricni-brivnik-1st-shave,,"https://products.dm-static.com/images/f_auto,q_auto,c_fit,h_440,w_500/v1747534958/assets/pas/images/ff694ae8-b216-475c-8925-c44376bf1503/philips-oneblade-elektricni-brivnik-1st-shave, https://products.dm-static.com/images/f_auto,q_auto,c_fit,h_440,w_500/v1747534921/assets/pas/images/4d8bfd3c-8137-4b18-96d0-e3f36ea554fc/philips-oneblade-elektricni-brivnik-1st-shave",1 kos,"Električni brivnik z rezilom proti trenju  Dvostransko rezilo za natančno britje  Mokra in suha uporaba  Rezilo zdrži do 4 mesece  30 minut delovanja z NiMH baterijo Philips OneBlade 1st shave električni brivnik je zasnovan za udobno in učinkovito britje. Rezilo z mikro steklenimi kroglicami zmanjšuje trenje in omogoča gladko drsenje za manj draženja. Dvostransko rezilo in dvojni zaščitni sistem zagotavljata natančnost in varnost. Primeren je za mokro in suho uporabo, rezilo pa zdrži do 4 mesece. Z NiMH baterijo omogoča do 30 minut delovanja. Odkrijte novo raven britja."
2030642,Depilacija in britje,PHILIPS OneBlade,"Nadomestne glave za brivnik 1st shave, 2 kos",25.80,EUR,8720689003087,dm,Navedene sestavine v spletni trgovini se lahko razlikujejo od tistih navedenih na embalaži ,,"Philips Consumer Lifestyle B.V. Tussendiepen 4, 9206 AD Drachten Netherlands",,kos,1,4.53,297,Nega in dišave > Depilacija in britje > Električni brivniki,https://www.dm.si/p/d/2030642/philips-oneblade-nadomestne-glave-za-brivnik-1st-shave,,"https://products.dm-static.com/images/f_auto,q_auto,c_fit,h_440,w_500/v1747534934/assets/pas/images/db79c274-bc15-48d1-9227-689c32bae140/philips-oneblade-nadomestne-glave-za-brivnik-1st-shave, https://products.dm-static.com/images/f_auto,q_auto,c_fit,h_440,w_500/v1747535151/assets/pas/images/0e082827-ff6f-4398-aa30-707a1c094ff8/philips-oneblade-nadomestne-glave-za-brivnik-1st-shave",1 kos,"Nadomestne glave z rezilom proti trenju  Dolgotrajna uporaba – do 4 mesece na rezilo  Mokra in suha uporaba  Zmanjšujejo trenje in draženje kože  Združljive z vsemi OneBlade izdelki Nadomestne glave za brivnik Philips OneBlade 1st shave zagotavljajo gladko in udobno britje. Rezila z mikro steklenimi kroglicami zmanjšujejo trenje in draženje kože. Vsako rezilo zdrži do 4 mesece, kar omogoča dolgotrajno uporabo. Primerne so za mokro in suho britje ter se prilegajo vsem OneBlade brivnikom. Poskrbite za brezhibno britje z zanesljivimi nadomestnimi rezili."
3061292,Depilacija in britje,PHILIPS,"Ženski električni brivnik Facial Hair Remover 5000, 1 kos",25.95,EUR,8720689037662,dm,Navedene sestavine v spletni trgovini se lahko razlikujejo od tistih navedenih na embalaži ,Informacije o odstranjevanju odpadne električne in elektronske opreme,"Philips Consumer Lifestyle B.V. Tussendiepen 4, 9206 AD Drachten Netherlands",,kos,1,4.36,11,Nega in dišave > Depilacija in britje > Električni brivniki,https://www.dm.si/p/d/3061292/philips-zenski-elektricni-brivnik-facial-hair-remover-5000,,"https://products.dm-static.com/images/f_auto,q_auto,c_fit,h_440,w_500/v1747535071/assets/pas/images/a6702556-db78-4d76-b8aa-bdac55918e8b/philips-zenski-elektricni-brivnik-facial-hair-remover-5000, https://products.dm-static.com/images/f_auto,q_auto,c_fit,h_440,w_500/v1747535070/assets/pas/images/16e2b9b0-0eb1-4705-8b3f-87cd08193e25/philips-zenski-elektricni-brivnik-facial-hair-remover-5000, https://products.dm-static.com/images/f_auto,q_auto,c_fit,h_440,w_500/v1747535054/assets/pas/images/b01503c6-6e99-4629-84e6-f32cbd55e779/philips-zenski-elektricni-brivnik-facial-hair-remover-5000",1 kos,"Nežno odstranjevanje dlačic na obrazu  Idealen za zgornjo ustnico, brado, lica in čeljust  Vgrajeno ogledalo in LED osvetlitev za natančnost  Brezžično delovanje za enostavno uporabo  Kompakten in praktičen za nego doma ali na poti Philips ženski električni brivnik Facial Hair Remover serije 5000 je zasnovan za nežno in natančno odstranjevanje dlačic na obrazu. Učinkovito odstrani tudi najdrobnejše dlačice na zgornji ustnici, bradi, licih in čeljusti, pri čemer kožo pusti gladko in negovano. Vgrajeno ogledalo in LED osvetlitev omogočata popolno vidljivost in enostavno uporabo. Brezžično delovanje zagotavlja svobodo uporabe kjer koli. Poskrbite za preprosto in udobno nego obraza z brezhibnimi rezultati."
2722984,Depilacija in britje,PHILIPS OneBlade,"Električni brivnik 360 blade QP2724/23, 1 kos",29.95,EUR,8720689029094,dm,Navedene sestavine v spletni trgovini se lahko razlikujejo od tistih navedenih na embalaži ,,"Philips Consumer Lifestyle B.V. Tussendiepen 4, 9206 AD Drachten Netherlands",,kos,1,4.56,1628,Nega in dišave > Depilacija in britje > Električni brivniki,https://www.dm.si/p/d/2722984/philips-oneblade-elektricni-brivnik-360-blade-qp2724-23,,"https://products.dm-static.com/images/f_auto,q_auto,c_fit,h_440,w_500/v1747535896/assets/pas/images/d76ec85e-5c5f-464d-844a-595841374377/philips-oneblade-elektricni-brivnik-360-blade-qp2724-23, https://products.dm-static.com/images/f_auto,q_auto,c_fit,h_440,w_500/v1747535895/assets/pas/images/d9632ad0-1e47-4347-8423-641b1b5c0001/philips-oneblade-elektricni-brivnik-360-blade-qp2724-23, https://products.dm-static.com/images/f_auto,q_auto,c_fit,h_440,w_500/v1770731597/assets/pas/images/f9ca4ad8-57a5-467e-b1d5-1474a00c85bc/philips-oneblade-elektricni-brivnik-360-blade-qp2724-23, https://products.dm-static.com/images/f_auto,q_auto,c_fit,h_440,w_500/v1747535895/assets/pas/images/1ab2fd54-d706-49d4-a008-53f5bdb63ef0/philips-oneblade-elektricni-brivnik-360-blade-qp2724-23, https://products.dm-static.com/images/f_auto,q_auto,c_fit,h_440,w_500/v1747535329/assets/pas/images/a3e9e291-8107-4fe7-9ee7-3d0ba5f5b3c7/philips-oneblade-elektricni-brivnik-360-blade-qp2724-23, https://products.dm-static.com/images/f_auto,q_auto,c_fit,h_440,w_500/v1770731589/assets/pas/images/5fd4fe40-4d01-49a3-9a16-7e1012865c81/philips-oneblade-elektricni-brivnik-360-blade-qp2724-23, https://products.dm-static.com/images/f_auto,q_auto,c_fit,h_440,w_500/v1747535518/assets/pas/images/ffccd9d7-5163-4258-b233-78b8bb50bfd4/philips-oneblade-elektricni-brivnik-360-blade-qp2724-23",1 kos,"Revolucionarna tehnologija za britje obraza  Brije dlačice vseh dolžin  Dvojni zaščitni sistem za udobno britje  Rezilna enota se premika 12.000krat na minuto  Manjša razdraženost kože v primerjavi s tradicionalnimi rezili Philips OneBlade električni brivnik 360 blade QP2724/23 prinaša revolucionarno tehnologijo za britje obraza. Zasnovan je za britje dlačic vseh dolžin. Njegov dvojni zaščitni sistem – drsni premaz in zaobljene konice – omogoča preprosto in udobno britje. Tehnologija britja se ponaša s hitrim premikanjem rezilne enote, ki se premika 12.000krat na minuto, kar zagotavlja učinkovito britje, tudi pri daljših dlačicah."
2722986,Depilacija in britje,PHILIPS OneBlade,"Električni brivnik za obraz in telo 360 blade, 1 kos",44.95,EUR,8720689029117,dm,Navedene sestavine v spletni trgovini se lahko razlikujejo od tistih navedenih na embalaži ,,"Philips Consumer Lifestyle B.V. Tussendiepen 4, 9206 AD Drachten Netherlands",,kos,1,4.48,767,Nega in dišave > Depilacija in britje > Električni brivniki,https://www.dm.si/p/d/2722986/philips-oneblade-elektricni-brivnik-za-obraz-in-telo-360-blade,,"https://products.dm-static.com/images/f_auto,q_auto,c_fit,h_440,w_500/v1747535355/assets/pas/images/f5930d65-9293-4ddf-90de-7643fcd4a099/philips-oneblade-elektricni-brivnik-za-obraz-in-telo-360-blade, https://products.dm-static.com/images/f_auto,q_auto,c_fit,h_440,w_500/v1770732298/assets/pas/images/e80355f4-84cf-4671-bb75-6dc09acd6a1e/philips-oneblade-elektricni-brivnik-za-obraz-in-telo-360-blade, https://products.dm-static.com/images/f_auto,q_auto,c_fit,h_440,w_500/v1747535354/assets/pas/images/1cad1d8b-06ee-46f2-8ade-d789c9c5f951/philips-oneblade-elektricni-brivnik-za-obraz-in-telo-360-blade, https://products.dm-static.com/images/f_auto,q_auto,c_fit,h_440,w_500/v1747535355/assets/pas/images/0a505bf4-be8a-462d-a126-dfb0eeedd342/philips-oneblade-elektricni-brivnik-za-obraz-in-telo-360-blade, https://products.dm-static.com/images/f_auto,q_auto,c_fit,h_440,w_500/v1770732312/assets/pas/images/cfb6e326-ff63-4a25-93a9-44055e289e4a/philips-oneblade-elektricni-brivnik-za-obraz-in-telo-360-blade, https://products.dm-static.com/images/f_auto,q_auto,c_fit,h_440,w_500/v1747535331/assets/pas/images/689be55a-c25f-4d98-9b18-9458fb257fc0/philips-oneblade-elektricni-brivnik-za-obraz-in-telo-360-blade, https://products.dm-static.com/images/f_auto,q_auto,c_fit,h_440,w_500/v1747535898/assets/pas/images/9912cd4b-bf72-444b-ad2c-59c659bb10d1/philips-oneblade-elektricni-brivnik-za-obraz-in-telo-360-blade",1 kos,"Električni brivnik za obraz in telo  Tehnologija, ki sledi obraznim linijam  Rezilo 360 za enostavno prirezovanje in britje  Vključuje zaščitni pokrovček, glavnik za telo in nastavljiv glavnik 5 v 1  Manj potez za popoln rezultat PHILIPS OneBlade električni brivnik za obraz in telo 360 blade je inovativen pripomoček, ki omogoča enostavno prirezovanje, oblikovanje robov in britje dlačic vseh dolžin. Zahvaljujoč tehnologiji, ki sledi obraznim linijam, in rezilu 360, lahko brez težav dosežete tudi težje dostopna mesta z manj potezami. Brivnik vključuje zaščitni pokrovček, enostavno pritrdljivo zaščito za kožo, glavnik za telo in nastavljiv glavnik 5 v 1. Poleg tega prejmete dodatno 360stopinjsko zamenljivo rezilo. Uživajte v popolni negi z enim samim pripomočkom. Pozabite na številne korake in pripomočke – OneBlade poskrbi za vse. Ergonomska oblika in napredna tehnologija zagotavljata udobno in učinkovito britje, ki je prilagojeno vašim potrebam."
1916523,Depilacija in britje,PHILIPS OneBlade,"Nadomestne glave za brivnik 360 blade, 1 kos",24.95,EUR,8710103997153,dm,Navedene sestavine v spletni trgovini se lahko razlikujejo od tistih navedenih na embalaži ,,"Philips Consumer Lifestyle B.V. Tussendiepen 4, 9206 AD Drachten Netherlands",,kos,1,4.56,1627,Nega in dišave > Nega za moške > Depilacija in britje,https://www.dm.si/p/d/1916523/philips-oneblade-nadomestne-glave-za-brivnik-360-blade,,"https://products.dm-static.com/images/f_auto,q_auto,c_fit,h_440,w_500/v1747532412/assets/pas/images/35d4d8f4-6d37-4fd5-9b02-f3774a6ca30c/philips-oneblade-nadomestne-glave-za-brivnik-360-blade, https://products.dm-static.com/images/f_auto,q_auto,c_fit,h_440,w_500/v1748668418/assets/pas/images/37e9cb3e-aa2c-4b58-83f8-95a59b419231/philips-oneblade-nadomestne-glave-za-brivnik-360-blade, https://products.dm-static.com/images/f_auto,q_auto,c_fit,h_440,w_500/v1747532941/assets/pas/images/ba6bed0c-cc32-4ae4-9a8c-a2786acd1503/philips-oneblade-nadomestne-glave-za-brivnik-360-blade",1 kos,"Nadomestne glave za hibridni oblikovalnik  Prirezujejo, brijejo in ustvarjajo čiste linije  Za vse dolžine dlačic  Gibljiva glava PHILIPS OneBlade je nov, revolucionaren hibridni oblikovalnik, ki prirezuje, brije in ustvarja čiste linije ter robove ne glede na dolžino dlačic. Pozabite na številne korake in pripomočke. Oblikovalnik OneBlade 360 blade poskrbi za vse."
1574418,Depilacija in britje,PHILIPS OneBlade,"Nadomestne glave za brivnik 360 blade, 3 kos",35.95,EUR,8710103997177,dm,Navedene sestavine v spletni trgovini se lahko razlikujejo od tistih navedenih na embalaži ,,"Philips Consumer Lifestyle B.V. Tussendiepen 4, 9206 AD Drachten Netherlands",,kos,1,4.58,1753,Nega in dišave > Nega za moške > Depilacija in britje,https://www.dm.si/p/d/1574418/philips-oneblade-nadomestne-glave-za-brivnik-360-blade,,"https://products.dm-static.com/images/f_auto,q_auto,c_fit,h_440,w_500/v1765962133/assets/pas/images/b55213bc-8352-4ef6-9df0-826204581e1f/philips-oneblade-nadomestne-glave-za-brivnik-360-blade, https://products.dm-static.com/images/f_auto,q_auto,c_fit,h_440,w_500/v1770731621/assets/pas/images/8d534ddc-b72b-4325-a6fc-55e032019ef7/philips-oneblade-nadomestne-glave-za-brivnik-360-blade",1 kos,"Nadomestna rezila za brivnik 360 blade  360stopinjsko rezilo za enakomeren stik s kožo  Dvostransko rezilo za natančno oblikovanje  Primerno za mokro in suho uporabo Philips OneBlade nadomestna rezila 360 so idealna za vse, ki si želijo hitro, natančno in koži prijazno oblikovanje brade. Inovativno 360stopinjsko rezilo se prilagodi obliki obraza in omogoča enostavno britje tudi na težko dostopnih mestih. Dvostransko rezilo omogoča natančno oblikovanje in popolne konture. Rezila so primerna za mokro in suho uporabo, s peno ali brez. Philips OneBlade nadomestna rezila 360 so vodoodporna in enostavna za čiščenje. Za optimalno delovanje je priporočljiva menjava na vsake štiri mesece."
2723004,Depilacija in britje,PHILIPS OneBlade,"Nadomestne glave za brivnik OneBlade Intimate, 2 kos",28.95,EUR,8720689031639,dm,Navedene sestavine v spletni trgovini se lahko razlikujejo od tistih navedenih na embalaži ,,"Philips Consumer Lifestyle B.V. Tussendiepen 4, 9206 AD Drachten Netherlands",Indonezija.,kos,1,4.53,295,Nega in dišave > Nega za moške > Depilacija in britje,https://www.dm.si/p/d/2723004/philips-oneblade-nadomestne-glave-za-brivnik-oneblade-intimate,,"https://products.dm-static.com/images/f_auto,q_auto,c_fit,h_440,w_500/v1747535353/assets/pas/images/f185c6a9-2ace-415b-b7c9-21815c61bf25/philips-oneblade-nadomestne-glave-za-brivnik-oneblade-intimate, https://products.dm-static.com/images/f_auto,q_auto,c_fit,h_440,w_500/v1747534747/assets/pas/images/fd743b15-ffba-41bd-9913-db6cec10b4f6/philips-oneblade-nadomestne-glave-za-brivnik-oneblade-intimate, https://products.dm-static.com/images/f_auto,q_auto,c_fit,h_440,w_500/v1747535352/assets/pas/images/671fedc9-f45a-4813-ac0e-a38e25fa5246/philips-oneblade-nadomestne-glave-za-brivnik-oneblade-intimate, https://products.dm-static.com/images/f_auto,q_auto,c_fit,h_440,w_500/v1747534748/assets/pas/images/596d10e1-062c-4f07-bae2-8ae352e76ef1/philips-oneblade-nadomestne-glave-za-brivnik-oneblade-intimate",1 kos,"Nadomestna rezila za brivnik OneBlade Intimate  Tehnologija SkinProtect za zaščito pred urezninami  Primerno za mokro in suho britje  Dvostransko rezilo za natančno oblikovanje  Pakiranje vsebuje 2 rezili Philips OneBlade nadomestna rezila Intimate so zasnovana za nežno in natančno britje občutljivih predelov, kot so pazduhe in intimni predeli. Inovativna tehnologija SkinProtect ščiti kožo pred urezninami, zaobljeni robovi pa zagotavljajo maksimalno udobje. Rezila so vodoodporna in primerna tako za mokro kot suho britje, tudi pod tušem. Dvostransko rezilo omogoča britje v obe smeri in enostavno oblikovanje natančnih kontur. Za optimalno delovanje priporočamo menjavo rezila vsake štiri mesece."
3060153,Depilacija in britje,PHILIPS,"Ženski epilator Body 2000, 1 kos",29.95,EUR,8720689036054,dm,Navedene sestavine v spletni trgovini se lahko razlikujejo od tistih navedenih na embalaži ,Informacije o odstranjevanju odpadne električne in elektronske opreme,"Philips Consumer Lifestyle B.V. Tussendiepen 4, 9206 AD Drachten Netherlands",,kos,1,4.59,59,Nega in dišave > Depilacija in britje > Električni brivniki,https://www.dm.si/p/d/3060153/philips-zenski-epilator-body-2000,,"https://products.dm-static.com/images/f_auto,q_auto,c_fit,h_440,w_500/v1747535378/assets/pas/images/176691c1-b3c4-4fe1-9963-a1ea56fdf0af/philips-zenski-epilator-body-2000, https://products.dm-static.com/images/f_auto,q_auto,c_fit,h_440,w_500/v1747535377/assets/pas/images/9b41160c-35c5-4c6e-bc7f-026b85240aa0/philips-zenski-epilator-body-2000, https://products.dm-static.com/images/f_auto,q_auto,c_fit,h_440,w_500/v1770731611/assets/pas/images/9ed4eaae-2299-43df-81a9-47121ca68820/philips-zenski-epilator-body-2000, https://products.dm-static.com/images/f_auto,q_auto,c_fit,h_440,w_500/v1770731616/assets/pas/images/cef5642e-6afe-4668-84f2-de3aff35c572/philips-zenski-epilator-body-2000, https://products.dm-static.com/images/f_auto,q_auto,c_fit,h_440,w_500/v1747535868/assets/pas/images/5d0aab56-31ee-4e30-b0e2-53d0b83219cb/philips-zenski-epilator-body-2000",1 kos,"Primeren za noge in telo  Dolgotrajna gladkost do 28 dni  Nežno odstranjevanje dlačic brez draženja  Kompaktna velikost za enostavno shranjevanje in potovanja  Zanesljivo delovanje s kablom Philips ženski epilator Body 2000 je popolna izbira za dolgotrajno gladko kožo na nogah in telesu. Zasnovan je za nežno in učinkovito odstranjevanje dlačic, pri čemer zagotavlja gladkost, ki traja do 28 dni. Njegova kompaktna velikost in ergonomski ročaj omogočata enostavno uporabo in udobje, idealen pa je tudi za potovanja. Epilator deluje s kablom, kar zagotavlja zanesljivo delovanje brez prekinitev. Uživajte v profesionalni epilaciji kar v udobju svojega doma."
3061293,Depilacija in britje,PHILIPS,"Ženski brivnik Bikini Styler 2000, 1 kos",19.95,EUR,8720689037679,dm,Navedene sestavine v spletni trgovini se lahko razlikujejo od tistih navedenih na embalaži ,Informacije o odstranjevanju odpadne električne in elektronske opreme,"Philips Consumer Lifestyle B.V. Tussendiepen 4, 9206 AD Drachten Netherlands",,kos,1,3.11,9,Nega in dišave > Depilacija in britje > Električni brivniki,https://www.dm.si/p/d/3061293/philips-zenski-brivnik-bikini-styler-2000,,"https://products.dm-static.com/images/f_auto,q_auto,c_fit,h_440,w_500/v1747534870/assets/pas/images/a0af9a74-28e6-4e47-b2d4-825d39c173fe/philips-zenski-brivnik-bikini-styler-2000, https://products.dm-static.com/images/f_auto,q_auto,c_fit,h_440,w_500/v1747534870/assets/pas/images/dba3d227-503b-4172-87fd-7c42f698ade4/philips-zenski-brivnik-bikini-styler-2000",1 kos,"Aparat za oblikovanje bikini predela  Zaobljena rezila za nežno prirezovanje  Zmanjšuje draženje in vraščanje dlačic  Natančno prirezovanje do 0,5 mm  Brezžična uporaba za maksimalno udobje Philips ženski brivnik Bikini Styler 2000 je zasnovan za enostavno in nežno oblikovanje bikini predela. Z zaobljenimi rezili zmanjšuje tveganje za draženje in vraščene dlačice, hkrati pa omogoča natančno prirezovanje do 0,5 mm. Brezžična uporaba zagotavlja popolno svobodo pri oblikovanju intimnih območij po vaših željah. Za varno in učinkovito nego brez ureznin."
2722988,Depilacija in britje,PHILIPS OneBlade,"Električni brivnik 360 blade, 1 kos",29.80,EUR,8720689030557,dm,Navedene sestavine v spletni trgovini se lahko razlikujejo od tistih navedenih na embalaži ,,"Philips Consumer Lifestyle B.V. Tussendiepen 4, 9206 AD Drachten Netherlands",,kos,1,4.56,1626,Nega in dišave > Depilacija in britje > Električni brivniki,https://www.dm.si/p/d/2722988/philips-oneblade-elektricni-brivnik-360-blade,,"https://products.dm-static.com/images/f_auto,q_auto,c_fit,h_440,w_500/v1747535053/assets/pas/images/e26d868a-e566-46e8-9df6-3a6cf5c3b1ad/philips-oneblade-elektricni-brivnik-360-blade, https://products.dm-static.com/images/f_auto,q_auto,c_fit,h_440,w_500/v1770731591/assets/pas/images/817da3be-ea9f-47c4-bcaa-2bde1d077529/philips-oneblade-elektricni-brivnik-360-blade, https://products.dm-static.com/images/f_auto,q_auto,c_fit,h_440,w_500/v1747535050/assets/pas/images/5f05113b-7fc0-4bbc-821d-3f2008303858/philips-oneblade-elektricni-brivnik-360-blade, https://products.dm-static.com/images/f_auto,q_auto,c_fit,h_440,w_500/v1747535050/assets/pas/images/495134ef-4ab1-49d9-a15d-d84908579f28/philips-oneblade-elektricni-brivnik-360-blade, https://products.dm-static.com/images/f_auto,q_auto,c_fit,h_440,w_500/v1747535051/assets/pas/images/7975c4ef-6470-4d70-80c7-19b3b26bad7a/philips-oneblade-elektricni-brivnik-360-blade, https://products.dm-static.com/images/f_auto,q_auto,c_fit,h_440,w_500/v1747535594/assets/pas/images/fbe94c11-1b13-4a13-8f38-5ed06ac82905/philips-oneblade-elektricni-brivnik-360-blade, https://products.dm-static.com/images/f_auto,q_auto,c_fit,h_440,w_500/v1770731607/assets/pas/images/b3c22a58-bbf6-4ca5-a4b1-6130b899d9e4/philips-oneblade-elektricni-brivnik-360-blade, https://products.dm-static.com/images/f_auto,q_auto,c_fit,h_440,w_500/v1747535181/assets/pas/images/c7205b0f-2056-4612-a6bf-79e26e96ea01/philips-oneblade-elektricni-brivnik-360-blade",1 kos,"Inovativna rešitev za urejanje brade  360stopinjsko vrtljivo rezilo za natančno britje  5 v 1 nastavljiv glavnik za popolno prilagoditev dolžine  Hitro in učinkovito britje z naprednim rezilom  100 % vodoodporen za uporabo pod tušem PHILIPS OneBlade električni brivnik 360 blade je inovativna rešitev za popolno urejanje brade. Z edinstvenim 360stopinjskim vrtljivim rezilom se brezhibno prilagaja vsaki konturi obraza, vratu in čeljusti, kar omogoča natančno in udobno britje. Priložen 5 v 1 nastavljiv glavnik (1, 2, 3, 4, 5 mm) vam omogoča popolno prilagoditev dolžine brade po vaših željah. Napreden OneBlade brivnik se premika do 12.000krat na minuto, kar zagotavlja hitro, učinkovito in gladko britje. Poleg tega je 100 % vodoodporen, kar omogoča brezskrbno uporabo tudi pod tušem. S 60minutnim časom delovanja in popolnim polnjenjem v le 4 urah je vedno pripravljen za uporabo."
2722998,Depilacija in britje,PHILIPS OneBlade,"Nadomestne glave za brivnik 360 blade za obraz in..., 2 kos",29.95,EUR,8720689031875,dm,Navedene sestavine v spletni trgovini se lahko razlikujejo od tistih navedenih na embalaži ,,"Philips Consumer Lifestyle B.V. Tussendiepen 4, 9206 AD Drachten Netherlands",,kos,1,4.54,125,Nega in dišave > Depilacija in britje > Električni brivniki,https://www.dm.si/p/d/2722998/philips-oneblade-nadomestne-glave-za-brivnik-360-blade-za-obraz-in-telo,,"https://products.dm-static.com/images/f_auto,q_auto,c_fit,h_440,w_500/v1747535329/assets/pas/images/6f595a40-d13e-4125-8230-d2046a79a122/philips-oneblade-nadomestne-glave-za-brivnik-360-blade-za-obraz-in-telo, https://products.dm-static.com/images/f_auto,q_auto,c_fit,h_440,w_500/v1770731589/assets/pas/images/310ab616-eb81-4ae1-b2bf-964b6bb2f520/philips-oneblade-nadomestne-glave-za-brivnik-360-blade-za-obraz-in-telo, https://products.dm-static.com/images/f_auto,q_auto,c_fit,h_440,w_500/v1747535895/assets/pas/images/1664c4c5-d16f-45f2-9ba8-0539b136f130/philips-oneblade-nadomestne-glave-za-brivnik-360-blade-za-obraz-in-telo",1 kos,"Nadomestne glave za brivnik 360 blade za obraz in telo  Oblikovanje, prirezovanje in britje dlačic vseh dolžin  Dvojni zaščitni sistem za udobno britje  Vključuje dve 360stopinjski rezili in 1 komplet za telo  Združljive z vsemi ročaji OneBlade Nadomestne glave za brivnik 360 blade za obraz in telo omogočajo enostavno oblikovanje, prirezovanje in britje dlačic vseh dolžin. Njegov dvojni zaščitni sistem s prevleko za boljše drsenje in zaokroženimi konicami omogoča udobno britje brez draženja kože. Tehnologija britja s hitro premikajočo se rezilno enoto omogoča prirezovanje dlačic vseh dolžin, medtem ko sledilna tehnologija obraznih linij zagotavlja natančnost. Paket vsebuje 2 360stopinjski rezili in 1 komplet za telo, združljiv z vsemi ročaji OneBlade. Rezilo iz nerjavečega jekla zagotavlja svež občutek do 4 mesece uporabe."
2722995,Električni brivniki,PHILIPS OneBlade,"Brivnik OneBlade Intimate, 1 kos",24.95,EUR,8720689031660,dm,Indonezija  Navedene sestavine v spletni trgovini se lahko razlikujejo od tistih navedenih na embalaži ,,"Philips Consumer Lifestyle B.V. Tussendiepen 4, 9206 AD Drachten Netherlands",,kos,1,4.3,168,Nega in dišave > Depilacija in britje > Električni brivniki,https://www.dm.si/p/d/2722995/philips-oneblade-brivnik-oneblade-intimate,Vsebina:  1 × rezilo SkinProtect  1 × glavnik za oblikovanje  1 × brivnik  1 × USBA polnilni kabel,"https://products.dm-static.com/images/f_auto,q_auto,c_fit,h_440,w_500/v1747534786/assets/pas/images/a2682cf7-2d4a-42a8-b613-1178d63690f0/philips-oneblade-brivnik-oneblade-intimate, https://products.dm-static.com/images/f_auto,q_auto,c_fit,h_440,w_500/v1747535355/assets/pas/images/1faad77f-0716-4ea2-a4fd-8a7d9bf25a83/philips-oneblade-brivnik-oneblade-intimate, https://products.dm-static.com/images/f_auto,q_auto,c_fit,h_440,w_500/v1747534748/assets/pas/images/c7c8ef15-c2b9-40fc-bcb9-cf1f399bc665/philips-oneblade-brivnik-oneblade-intimate, https://products.dm-static.com/images/f_auto,q_auto,c_fit,h_440,w_500/v1747535360/assets/pas/images/182eca93-719f-460c-bce9-dd75c848e3df/philips-oneblade-brivnik-oneblade-intimate, https://products.dm-static.com/images/f_auto,q_auto,c_fit,h_440,w_500/v1747535360/assets/pas/images/670d0294-da79-42c5-8261-cf716a9f396b/philips-oneblade-brivnik-oneblade-intimate, https://products.dm-static.com/images/f_auto,q_auto,c_fit,h_440,w_500/v1747534752/assets/pas/images/4c427a96-72ec-4f8b-8525-d33679bbeeee/philips-oneblade-brivnik-oneblade-intimate, https://products.dm-static.com/images/f_auto,q_auto,c_fit,h_440,w_500/v1747535087/assets/pas/images/5bacc89e-7c09-4931-a1b1-63832ff73b4d/philips-oneblade-brivnik-oneblade-intimate",1 kos,"Brivnik za intimne predele in pazduhe  Rezilo SkinProtect za zaščito pred urezninami  Priložen 3 mm glavnik za prirezovanje  Primeren za mokro in suho uporabo  Polnilna baterija Philips OneBlade Intimate je zasnovan za varno in udobno urejanje občutljivih intimnih predelov in pazduh. Njegovo edinstveno rezilo SkinProtect z dodatno stopnjo zaščite preprečuje ureznine in se prilagaja vsaki oblini telesa. Priložen 3milimetrski glavnik omogoča enostavno in hitro prirezovanje dlačic v kateri koli smeri. Brivnik je primeren za mokro in suho uporabo, za optimalno delovanje pa priporočamo menjavo rezila vsake 4 mesece. Z brivnikom Philips OneBlade Intimate dosežite popolno urejenost brez kompromisov."
3103647,Električni brivniki,PHILIPS,"Trimer All-in-One 5000 10 v 1, 1 kos",49.95,EUR,8720689045360,dm,Navedene sestavine v spletni trgovini se lahko razlikujejo od tistih navedenih na embalaži ,Informacije o odstranjevanju odpadne električne in elektronske opreme,"Philips Consumer Lifestyle B.V. Tussendiepen 4, 9206 AD Drachten Netherlands",Proizvedeno v Indoneziji.,kos,1,4.5,291,Nega in dišave > Depilacija in britje > Električni brivniki,https://www.dm.si/p/d/3103647/philips-trimer-all-in-one-5000-10-v-1,"Vsebina:  1 × kovinski prirezovalnik  1 × prirezovalnik za nos/ušesa  1 × natančni prirezovalnik  1 × nastavljivi glavnik za brado (3–7 mm)  2 × glavnik za neobrit videz (1 mm, 2 mm)  3 × glavnik za lase (9 mm, 12 mm, 16 mm)  1 × glavnik za telo (3 mm)  1 × USBA kabel za polnjenje (adapter ni priložen)","https://products.dm-static.com/images/f_auto,q_auto,c_fit,h_440,w_500/v1760425971/assets/pas/images/0641cde7-a201-4cd0-93a6-bc46cdc8d595/philips-trimer-all-in-one-5000-10-v-1, https://products.dm-static.com/images/f_auto,q_auto,c_fit,h_440,w_500/v1760425964/assets/pas/images/77a97ce7-bd9a-4bd7-9ce7-60e63f4e1ac0/philips-trimer-all-in-one-5000-10-v-1",1 kos,"Večnamenski urejevalnik 10 v 1  Tehnologija BeardSense za enakomerno prirezovanje  Samoostrilna jeklena rezila  Do 120 minut delovanja baterije  Za urejanje obraza, las in telesa Philips AllinOne trimer 5000 10 v 1 je vsestranski pripomoček, ki z enim orodjem omogoča popolno urejanje obraza, las in telesa. Z desetimi kakovostnimi nastavki lahko enostavno uredite svojo brado, lase in dlake po telesu. Samoostrilna jeklena rezila zagotavljajo dolgotrajno delovanje in natančnost, ne da bi jih bilo treba oljiti. Inovativna tehnologija BeardSense 125krat na sekundo preverja gostoto brade in po potrebi poveča moč za učinkovito prirezovanje tudi najgostejših predelov. Z avtonomijo delovanja do 120 minut je večnamenski urejevalnik Philips vedno pripravljen na uporabo."
3127724,Električni brivniki,PHILIPS,"Brivnik za glavo Shaver Series 5000, 1 kos",69.95,EUR,8720689044264,dm,Navedene sestavine v spletni trgovini se lahko razlikujejo od tistih navedenih na embalaži ,Informacije o odstranjevanju odpadne električne in elektronske opreme,"Philips Consumer Lifestyle B.V. Tussendiepen 4, 9206 AD Drachten Netherlands https://www.philips.si/c-w/podpora/support-contact-page.html",Proizvedeno na Kitajskem.,kos,1,4.77,56,Nega in dišave > Depilacija in britje > Električni brivniki,https://www.dm.si/p/d/3127724/philips-brivnik-za-glavo-shaver-series-5000,Vsebina:  1 × brivnik  1 × mehka torbica  1 × zaščitni pokrov  1 × USBA kabel za polnjenje (adapter ni priložen),"https://products.dm-static.com/images/f_auto,q_auto,c_fit,h_440,w_500/v1771402948/assets/pas/images/d8d9f2d2-3b81-46ce-827b-0a164ebe542d/philips-brivnik-za-glavo-shaver-series-5000, https://products.dm-static.com/images/f_auto,q_auto,c_fit,h_440,w_500/v1776812781/assets/pas/images/afa61e50-d6d1-4d06-8f51-7e872df78c47/philips-brivnik-za-glavo-shaver-series-5000, https://products.dm-static.com/images/f_auto,q_auto,c_fit,h_440,w_500/v1770647003/assets/pas/images/038943b1-e861-457a-8aef-222fce8c2075/philips-brivnik-za-glavo-shaver-series-5000",1 kos,"Brivnik za temeljito britje glave  Prilagodljiva 360° brivna glava  Samoostrilna rezila ComfortCut  Senzor PowerAdapt prilagaja moč britja  Za mokro in suho uporabo Philips brivnik za glavo Shaver Series 5000 omogoča temeljito in hkrati koži prijazno britje glave. Njegova prilagodljiva 360° brivna glava se optimalno prilagaja obliki glave in zagotavlja enakomeren stik s kožo tudi na težje dostopnih mestih. ComfortCut rezila učinkovito odrežejo dlake tik nad površino kože za gladke rezultate. Inteligentni senzor PowerAdapt samodejno prilagaja moč gostoti dlak za britje brez napora. Brivnik za glavo Philips je popolnoma vodoodporen in primeren za suho ali mokro britje, tudi pod prho. Vgrajen sistem za zbiranje dlak pa poskrbi za čisto uporabo."
3115312,Električni brivniki,PHILIPS,"Trimer All-in-One 7000 17 v 1, 1 kos",89.95,EUR,8720689044950,dm,Navedene sestavine v spletni trgovini se lahko razlikujejo od tistih navedenih na embalaži ,Informacije o odstranjevanju odpadne električne in elektronske opreme,"Philips Consumer Lifestyle B.V. Tussendiepen 4, 9206 AD Drachten Netherlands",Proizvedeno v Indoneziji.,kos,1,4.68,809,Nega in dišave > Nega za moške > Depilacija in britje,https://www.dm.si/p/d/3115312/philips-trimer-all-in-one-7000-17-v-1,"Vsebina:  1 × kovinski prirezovalnik  1 × prirezovalnik za nos/ušesa  1 × natančni prirezovalnik  1 × premium glavnik za natančno oblikovanje  1 × nastavljivi glavnik (3–7 mm)  1 × nastavljivi glavnik (9–13 mm)  1 × glavnik za obrvi  1 × ekstra širok strižnik  4 × širok strižnik (4 mm, 9 mm, 12 mm, 16 mm)  1 × prirezovalnik za telo  1 × glavnik za telo (3 mm)  1 × prirezovalnik za intimne predel  1 × potovalna torbica  1 × USBA kabel za polnjenje (adapter ni priložen)","https://products.dm-static.com/images/f_auto,q_auto,c_fit,h_440,w_500/v1763763651/assets/pas/images/abf38791-402b-4222-b6fc-fc4d2a3dd99d/philips-trimer-all-in-one-7000-17-v-1, https://products.dm-static.com/images/f_auto,q_auto,c_fit,h_440,w_500/v1763763642/assets/pas/images/97f2d82a-e3cf-4e8f-81a3-09764cb2c333/philips-trimer-all-in-one-7000-17-v-1",1 kos,"Večnamenski urejevalnik 17 v 1  Vrhunski natančni glavnik z 22 nastavitvami dolžine  Tehnologija BeardSense za enakomerno prirezovanje  Samoostrilna jeklena rezila za dolgotrajno ostrino  Do 120 minut brezžične uporabe Philips AllinOne trimer 7000 17 v 1 je vsestranski urejevalnik, ki z enim samim orodjem zagotavlja vrhunsko natančnost pri urejanju obraza, las in telesa. S kar 17 kakovostnimi nastavki pokriva vse vaše potrebe po urejanju. Za izjemen nadzor poskrbi vrhunski natančni glavnik z 22 nastavitvami dolžine od 0,5 do 16 mm. Samoostrilna jeklena rezila ostanejo ostra kot prvi dan, tehnologija BeardSense pa zagotavlja enakomerno prirezovanje. Z avtonomijo delovanja do 120 minut večnamenski urejevalnik Philips 7000 omogoča popolno svobodo pri oblikovanju vašega videza."
3109382,Električni brivniki,PHILIPS,"Brivnik Shaver Series 5000X za mokro in suho..., 1 kos",79.95,EUR,8720689029155,dm,Navedene sestavine v spletni trgovini se lahko razlikujejo od tistih navedenih na embalaži ,Informacije o odstranjevanju odpadne električne in elektronske opreme,"Philips Consumer Lifestyle B.V. Tussendiepen 4, 9206 AD Drachten Netherlands",Proizvedeno na Kitajskem.,kos,1,4.47,57,Nega in dišave > Depilacija in britje > Električni brivniki,https://www.dm.si/p/d/3109382/philips-brivnik-shaver-series-5000x-za-mokro-in-suho-britje,,"https://products.dm-static.com/images/f_auto,q_auto,c_fit,h_440,w_500/v1760425976/assets/pas/images/f36e7b0d-7ee1-49e6-acc0-3de8c2c6d7d9/philips-brivnik-shaver-series-5000x-za-mokro-in-suho-britje, https://products.dm-static.com/images/f_auto,q_auto,c_fit,h_440,w_500/v1760425964/assets/pas/images/eb0b8cc4-fe4c-4361-b721-22e1b9f44d5b/philips-brivnik-shaver-series-5000x-za-mokro-in-suho-britje",1 kos,"Električni brivnik za mokro in suho britje  Zaščitna prevleka SkinGlide zmanjšuje draženje kože**  Popolnoma prilagodljive 360° brivne glave  Rezila ComfortCut iz hipoalergenega jekla  Do 50 minut brezžičnega britja Philips brivnik Shaver Series 5000X z napredno tehnologijo Skin Protect je zasnovan za gladko britje z dodatno zaščito kože. Njegova zaščitna prevleka SkinGlide zmanjšuje trenje in s tem draženje kože**. Popolnoma prilagodljiva 360stopinjska brivna glava zagotavlja optimalen stik s kožo tudi na težje dostopnih predelih. Rezila ComfortCut so izdelana iz hipoalergenega kirurškega jekla in so odporna proti rjavenju. Ta brivnik Philips je primeren tako za suho kot mokro britje, kar omogoča uporabo s peno, gelom ali pod prho za dodatno udobje.**V primerjavi z materialom brez premaza."
3129776,Električni brivniki,PHILIPS,"Urejevalnik brade 5000 BT5515, 1 kos",62.95,EUR,8720689034203,dm,Navedene sestavine v spletni trgovini se lahko razlikujejo od tistih navedenih na embalaži ,Informacije o odstranjevanju odpadne električne in elektronske opreme,"Philips Consumer Lifestyle B.V. Tussendiepen 4, 9206 AD Drachten Netherlands https://www.philips.si/c-w/podpora/support-contact-page.html",Proizvedeno v Indoneziji.,kos,1,4.47,45,Nega in dišave > Nega za moške > Depilacija in britje,https://www.dm.si/p/d/3129776/philips-urejevalnik-brade-5000-bt5515,"Vsebina:  1 × kovinski prirezovalnik  1 × krajši glavnik (0,410 mm)  1 × dolgi glavnik (10,420 mm)  1 zbiralnik dlak  1 × polnilna postaja  1 × USBA kabel za polnjenje (adapter ni priložen)","https://products.dm-static.com/images/f_auto,q_auto,c_fit,h_440,w_500/v1771411100/assets/pas/images/9a56326a-a1b4-4185-8c8a-2acb15dd62ee/philips-urejevalnik-brade-5000-bt5515, https://products.dm-static.com/images/f_auto,q_auto,c_fit,h_440,w_500/v1771411122/assets/pas/images/80b22a0b-fa28-4307-a10c-153939b40b2d/philips-urejevalnik-brade-5000-bt5515",1 kos,"Prirezovalnik brade za natančno urejanje  Zbiralnik dlačic ujame do 80 % dlak*  40 nastavitev dolžine v korakih po 0,2 mm  Tehnologija BeardSense za enakomerno prirezovanje  Samoostrilna kovinska rezila Philips urejevalnik brade 5000 BT5515 zagotavlja vrhunsko natančnost in enostavno urejanje brez nereda. Njegov inovativni zbiralnik dlačic med prirezovanjem učinkovito ujame do 80 % odrezanih dlak*. Za popolno oblikovanje brade poskrbi natančen gumb s 40 nastavitvami dolžine v korakih po 0,2 mm. Samoostrilna kovinska rezila ostanejo ostra kot prvi dan in ne potrebujejo olja, tehnologija BeardSense pa poveča moč na gostejših predelih. Z avtonomijo delovanja do 100 minut prirezovalnik Philips 5000 omogoča brezskrbno urejanje.*Testirano v laboratorijskih pogojih."
3101245,Električni brivniki,PHILIPS,"Ženski brivnik Body Shaver 6000, 1 kos",29.95,EUR,8720689038256,dm,Navedene sestavine v spletni trgovini se lahko razlikujejo od tistih navedenih na embalaži ,Informacije o odstranjevanju odpadne električne in elektronske opreme,"Philips Consumer Lifestyle B.V. Tussendiepen 4, 9206 AD Drachten Netherlands",,kos,1,4.47,288,Nega in dišave > Depilacija in britje > Električni brivniki,https://www.dm.si/p/d/3101245/philips-zenski-brivnik-body-shaver-6000,,"https://products.dm-static.com/images/f_auto,q_auto,c_fit,h_440,w_500/v1770731619/assets/pas/images/726a1f4f-98a9-4bd7-8c85-1bffaed07920/philips-zenski-brivnik-body-shaver-6000, https://products.dm-static.com/images/f_auto,q_auto,c_fit,h_440,w_500/v1770731611/assets/pas/images/2611d344-136a-48e7-8d25-549ded4ede61/philips-zenski-brivnik-body-shaver-6000",1 kos,"Brivnik za telo za mokro in suho uporabo  Sistem s 3 rezili in dvostranskim prirezovalnikom  Do 80 minut brezžične uporabe  Zaobljene konice prirezovalnika za zaščito kože  Ergonomsko držalo za lažjo uporabo PHILIPS ženski električni brivnik Body Shaver 6000 zagotavlja nežno in temeljito britje po celem telesu. Z naprednim sistemom s tremi rezili in dvostranskim prirezovalnikom omogoča hitre rezultate v obe smeri, kar je idealno tako za celotno britje telesa kot za hitro osvežitev. Zaobljene, patentirane konice prirezovalnika učinkovito preprečujejo ureznine, tudi na občutljivih predelih, kot so pazduhe ali bikini predel. Brivnik se prilagaja različnim delom telesa in nudi brezžično prilagodljivost. Z enim polnjenjem deluje do 80 minut, zato je Philips električni brivnik za telo popoln za uporabo doma ali na poti."
3107347,Električni brivniki,PHILIPS,"Brivnik za nosne in ušesne dlačice NT1000, 1 kos",16.95,EUR,8710103932512,dm,Navedene sestavine v spletni trgovini se lahko razlikujejo od tistih navedenih na embalaži ,Informacije o odstranjevanju odpadne električne in elektronske opreme,"Philips Consumer Lifestyle B.V. Tussendiepen 4, 9206 AD Drachten Netherlands",,kos,1,4.12,25,Nega in dišave > Nega za moške > Depilacija in britje,https://www.dm.si/p/d/3107347/philips-brivnik-za-nosne-in-usesne-dlacice-nt1000,,"https://products.dm-static.com/images/f_auto,q_auto,c_fit,h_440,w_500/v1762552881/assets/pas/images/d933411e-a347-4836-8c81-c6b72b2129d3/philips-brivnik-za-nosne-in-usesne-dlacice-nt1000, https://products.dm-static.com/images/f_auto,q_auto,c_fit,h_440,w_500/v1771457616/assets/pas/images/6affda77-eb4a-4b2e-835e-d1f1025dfd82/philips-brivnik-za-nosne-in-usesne-dlacice-nt1000, https://products.dm-static.com/images/f_auto,q_auto,c_fit,h_440,w_500/v1771457609/assets/pas/images/e9f08b73-5146-4ef7-8823-e5bfd2231999/philips-brivnik-za-nosne-in-usesne-dlacice-nt1000",1 kos,"Brivnik za nosne in ušesne dlačice  Nežno in učinkovito prirezovanje  Sistem Protective Guard preprečuje ureznine  Popolnoma pralen za enostavno čiščenje  Priložena AA baterija Philips brivnik za nosne in ušesne dlačice serije 1000 omogoča nežno in učinkovito odstranjevanje neželenih dlačic. S tehnologijo PrecisionTrim in sistemom Protective Guard je prirezovanje enostavno, brez neprijetnega cukanja ali zatikanja. Inovativni dvostranski prirezovalnik zagotavlja hitro in natančno prirezovanje pod vsakim kotom. Teksturiran ročaj omogoča optimalen oprijem, tudi ko je moker, kar zagotavlja boljši nadzor med uporabo. Brivnik je popolnoma pralen, kar omogoča enostavno čiščenje in vzdrževanje. S priloženo AA baterijo je Philips brivnik takoj pripravljen za uporabo."
2030640,Električni brivniki,PHILIPS OneBlade,"Električni brivnik 1st shave, 1 kos",24.95,EUR,8720689021180,dm,Navedene sestavine v spletni trgovini se lahko razlikujejo od tistih navedenih na embalaži ,Informacije o odstranjevanju odpadne električne in elektronske opreme,"Philips Consumer Lifestyle B.V. Tussendiepen 4, 9206 AD Drachten Netherlands",,kos,1,4.61,108,Nega in dišave > Depilacija in britje > Električni brivniki,https://www.dm.si/p/d/2030640/philips-oneblade-elektricni-brivnik-1st-shave,,"https://products.dm-static.com/images/f_auto,q_auto,c_fit,h_440,w_500/v1747534958/assets/pas/images/ff694ae8-b216-475c-8925-c44376bf1503/philips-oneblade-elektricni-brivnik-1st-shave, https://products.dm-static.com/images/f_auto,q_auto,c_fit,h_440,w_500/v1747534921/assets/pas/images/4d8bfd3c-8137-4b18-96d0-e3f36ea554fc/philips-oneblade-elektricni-brivnik-1st-shave",1 kos,"Električni brivnik z rezilom proti trenju  Dvostransko rezilo za natančno britje  Mokra in suha uporaba  Rezilo zdrži do 4 mesece  30 minut delovanja z NiMH baterijo Philips OneBlade 1st shave električni brivnik je zasnovan za udobno in učinkovito britje. Rezilo z mikro steklenimi kroglicami zmanjšuje trenje in omogoča gladko drsenje za manj draženja. Dvostransko rezilo in dvojni zaščitni sistem zagotavljata natančnost in varnost. Primeren je za mokro in suho uporabo, rezilo pa zdrži do 4 mesece. Z NiMH baterijo omogoča do 30 minut delovanja. Odkrijte novo raven britja."
2030642,Električni brivniki,PHILIPS OneBlade,"Nadomestne glave za brivnik 1st shave, 2 kos",25.80,EUR,8720689003087,dm,Navedene sestavine v spletni trgovini se lahko razlikujejo od tistih navedenih na embalaži ,,"Philips Consumer Lifestyle B.V. Tussendiepen 4, 9206 AD Drachten Netherlands",,kos,1,4.53,297,Nega in dišave > Depilacija in britje > Električni brivniki,https://www.dm.si/p/d/2030642/philips-oneblade-nadomestne-glave-za-brivnik-1st-shave,,"https://products.dm-static.com/images/f_auto,q_auto,c_fit,h_440,w_500/v1747534934/assets/pas/images/db79c274-bc15-48d1-9227-689c32bae140/philips-oneblade-nadomestne-glave-za-brivnik-1st-shave, https://products.dm-static.com/images/f_auto,q_auto,c_fit,h_440,w_500/v1747535151/assets/pas/images/0e082827-ff6f-4398-aa30-707a1c094ff8/philips-oneblade-nadomestne-glave-za-brivnik-1st-shave",1 kos,"Nadomestne glave z rezilom proti trenju  Dolgotrajna uporaba – do 4 mesece na rezilo  Mokra in suha uporaba  Zmanjšujejo trenje in draženje kože  Združljive z vsemi OneBlade izdelki Nadomestne glave za brivnik Philips OneBlade 1st shave zagotavljajo gladko in udobno britje. Rezila z mikro steklenimi kroglicami zmanjšujejo trenje in draženje kože. Vsako rezilo zdrži do 4 mesece, kar omogoča dolgotrajno uporabo. Primerne so za mokro in suho britje ter se prilegajo vsem OneBlade brivnikom. Poskrbite za brezhibno britje z zanesljivimi nadomestnimi rezili."
3061292,Električni brivniki,PHILIPS,"Ženski električni brivnik Facial Hair Remover 5000, 1 kos",25.95,EUR,8720689037662,dm,Navedene sestavine v spletni trgovini se lahko razlikujejo od tistih navedenih na embalaži ,Informacije o odstranjevanju odpadne električne in elektronske opreme,"Philips Consumer Lifestyle B.V. Tussendiepen 4, 9206 AD Drachten Netherlands",,kos,1,4.36,11,Nega in dišave > Depilacija in britje > Električni brivniki,https://www.dm.si/p/d/3061292/philips-zenski-elektricni-brivnik-facial-hair-remover-5000,,"https://products.dm-static.com/images/f_auto,q_auto,c_fit,h_440,w_500/v1747535071/assets/pas/images/a6702556-db78-4d76-b8aa-bdac55918e8b/philips-zenski-elektricni-brivnik-facial-hair-remover-5000, https://products.dm-static.com/images/f_auto,q_auto,c_fit,h_440,w_500/v1747535070/assets/pas/images/16e2b9b0-0eb1-4705-8b3f-87cd08193e25/philips-zenski-elektricni-brivnik-facial-hair-remover-5000, https://products.dm-static.com/images/f_auto,q_auto,c_fit,h_440,w_500/v1747535054/assets/pas/images/b01503c6-6e99-4629-84e6-f32cbd55e779/philips-zenski-elektricni-brivnik-facial-hair-remover-5000",1 kos,"Nežno odstranjevanje dlačic na obrazu  Idealen za zgornjo ustnico, brado, lica in čeljust  Vgrajeno ogledalo in LED osvetlitev za natančnost  Brezžično delovanje za enostavno uporabo  Kompakten in praktičen za nego doma ali na poti Philips ženski električni brivnik Facial Hair Remover serije 5000 je zasnovan za nežno in natančno odstranjevanje dlačic na obrazu. Učinkovito odstrani tudi najdrobnejše dlačice na zgornji ustnici, bradi, licih in čeljusti, pri čemer kožo pusti gladko in negovano. Vgrajeno ogledalo in LED osvetlitev omogočata popolno vidljivost in enostavno uporabo. Brezžično delovanje zagotavlja svobodo uporabe kjer koli. Poskrbite za preprosto in udobno nego obraza z brezhibnimi rezultati."
2722984,Električni brivniki,PHILIPS OneBlade,"Električni brivnik 360 blade QP2724/23, 1 kos",29.95,EUR,8720689029094,dm,Navedene sestavine v spletni trgovini se lahko razlikujejo od tistih navedenih na embalaži ,,"Philips Consumer Lifestyle B.V. Tussendiepen 4, 9206 AD Drachten Netherlands",,kos,1,4.56,1628,Nega in dišave > Depilacija in britje > Električni brivniki,https://www.dm.si/p/d/2722984/philips-oneblade-elektricni-brivnik-360-blade-qp2724-23,,"https://products.dm-static.com/images/f_auto,q_auto,c_fit,h_440,w_500/v1747535896/assets/pas/images/d76ec85e-5c5f-464d-844a-595841374377/philips-oneblade-elektricni-brivnik-360-blade-qp2724-23, https://products.dm-static.com/images/f_auto,q_auto,c_fit,h_440,w_500/v1747535895/assets/pas/images/d9632ad0-1e47-4347-8423-641b1b5c0001/philips-oneblade-elektricni-brivnik-360-blade-qp2724-23, https://products.dm-static.com/images/f_auto,q_auto,c_fit,h_440,w_500/v1770731597/assets/pas/images/f9ca4ad8-57a5-467e-b1d5-1474a00c85bc/philips-oneblade-elektricni-brivnik-360-blade-qp2724-23, https://products.dm-static.com/images/f_auto,q_auto,c_fit,h_440,w_500/v1747535895/assets/pas/images/1ab2fd54-d706-49d4-a008-53f5bdb63ef0/philips-oneblade-elektricni-brivnik-360-blade-qp2724-23, https://products.dm-static.com/images/f_auto,q_auto,c_fit,h_440,w_500/v1747535329/assets/pas/images/a3e9e291-8107-4fe7-9ee7-3d0ba5f5b3c7/philips-oneblade-elektricni-brivnik-360-blade-qp2724-23, https://products.dm-static.com/images/f_auto,q_auto,c_fit,h_440,w_500/v1770731589/assets/pas/images/5fd4fe40-4d01-49a3-9a16-7e1012865c81/philips-oneblade-elektricni-brivnik-360-blade-qp2724-23, https://products.dm-static.com/images/f_auto,q_auto,c_fit,h_440,w_500/v1747535518/assets/pas/images/ffccd9d7-5163-4258-b233-78b8bb50bfd4/philips-oneblade-elektricni-brivnik-360-blade-qp2724-23",1 kos,"Revolucionarna tehnologija za britje obraza  Brije dlačice vseh dolžin  Dvojni zaščitni sistem za udobno britje  Rezilna enota se premika 12.000krat na minuto  Manjša razdraženost kože v primerjavi s tradicionalnimi rezili Philips OneBlade električni brivnik 360 blade QP2724/23 prinaša revolucionarno tehnologijo za britje obraza. Zasnovan je za britje dlačic vseh dolžin. Njegov dvojni zaščitni sistem – drsni premaz in zaobljene konice – omogoča preprosto in udobno britje. Tehnologija britja se ponaša s hitrim premikanjem rezilne enote, ki se premika 12.000krat na minuto, kar zagotavlja učinkovito britje, tudi pri daljših dlačicah."
2722986,Električni brivniki,PHILIPS OneBlade,"Električni brivnik za obraz in telo 360 blade, 1 kos",44.95,EUR,8720689029117,dm,Navedene sestavine v spletni trgovini se lahko razlikujejo od tistih navedenih na embalaži ,,"Philips Consumer Lifestyle B.V. Tussendiepen 4, 9206 AD Drachten Netherlands",,kos,1,4.48,767,Nega in dišave > Depilacija in britje > Električni brivniki,https://www.dm.si/p/d/2722986/philips-oneblade-elektricni-brivnik-za-obraz-in-telo-360-blade,,"https://products.dm-static.com/images/f_auto,q_auto,c_fit,h_440,w_500/v1747535355/assets/pas/images/f5930d65-9293-4ddf-90de-7643fcd4a099/philips-oneblade-elektricni-brivnik-za-obraz-in-telo-360-blade, https://products.dm-static.com/images/f_auto,q_auto,c_fit,h_440,w_500/v1770732298/assets/pas/images/e80355f4-84cf-4671-bb75-6dc09acd6a1e/philips-oneblade-elektricni-brivnik-za-obraz-in-telo-360-blade, https://products.dm-static.com/images/f_auto,q_auto,c_fit,h_440,w_500/v1747535354/assets/pas/images/1cad1d8b-06ee-46f2-8ade-d789c9c5f951/philips-oneblade-elektricni-brivnik-za-obraz-in-telo-360-blade, https://products.dm-static.com/images/f_auto,q_auto,c_fit,h_440,w_500/v1747535355/assets/pas/images/0a505bf4-be8a-462d-a126-dfb0eeedd342/philips-oneblade-elektricni-brivnik-za-obraz-in-telo-360-blade, https://products.dm-static.com/images/f_auto,q_auto,c_fit,h_440,w_500/v1770732312/assets/pas/images/cfb6e326-ff63-4a25-93a9-44055e289e4a/philips-oneblade-elektricni-brivnik-za-obraz-in-telo-360-blade, https://products.dm-static.com/images/f_auto,q_auto,c_fit,h_440,w_500/v1747535331/assets/pas/images/689be55a-c25f-4d98-9b18-9458fb257fc0/philips-oneblade-elektricni-brivnik-za-obraz-in-telo-360-blade, https://products.dm-static.com/images/f_auto,q_auto,c_fit,h_440,w_500/v1747535898/assets/pas/images/9912cd4b-bf72-444b-ad2c-59c659bb10d1/philips-oneblade-elektricni-brivnik-za-obraz-in-telo-360-blade",1 kos,"Električni brivnik za obraz in telo  Tehnologija, ki sledi obraznim linijam  Rezilo 360 za enostavno prirezovanje in britje  Vključuje zaščitni pokrovček, glavnik za telo in nastavljiv glavnik 5 v 1  Manj potez za popoln rezultat PHILIPS OneBlade električni brivnik za obraz in telo 360 blade je inovativen pripomoček, ki omogoča enostavno prirezovanje, oblikovanje robov in britje dlačic vseh dolžin. Zahvaljujoč tehnologiji, ki sledi obraznim linijam, in rezilu 360, lahko brez težav dosežete tudi težje dostopna mesta z manj potezami. Brivnik vključuje zaščitni pokrovček, enostavno pritrdljivo zaščito za kožo, glavnik za telo in nastavljiv glavnik 5 v 1. Poleg tega prejmete dodatno 360stopinjsko zamenljivo rezilo. Uživajte v popolni negi z enim samim pripomočkom. Pozabite na številne korake in pripomočke – OneBlade poskrbi za vse. Ergonomska oblika in napredna tehnologija zagotavljata udobno in učinkovito britje, ki je prilagojeno vašim potrebam."
1574418,Električni brivniki,PHILIPS OneBlade,"Nadomestne glave za brivnik 360 blade, 3 kos",35.95,EUR,8710103997177,dm,Navedene sestavine v spletni trgovini se lahko razlikujejo od tistih navedenih na embalaži ,,"Philips Consumer Lifestyle B.V. Tussendiepen 4, 9206 AD Drachten Netherlands",,kos,1,4.58,1753,Nega in dišave > Nega za moške > Depilacija in britje,https://www.dm.si/p/d/1574418/philips-oneblade-nadomestne-glave-za-brivnik-360-blade,,"https://products.dm-static.com/images/f_auto,q_auto,c_fit,h_440,w_500/v1765962133/assets/pas/images/b55213bc-8352-4ef6-9df0-826204581e1f/philips-oneblade-nadomestne-glave-za-brivnik-360-blade, https://products.dm-static.com/images/f_auto,q_auto,c_fit,h_440,w_500/v1770731621/assets/pas/images/8d534ddc-b72b-4325-a6fc-55e032019ef7/philips-oneblade-nadomestne-glave-za-brivnik-360-blade",1 kos,"Nadomestna rezila za brivnik 360 blade  360stopinjsko rezilo za enakomeren stik s kožo  Dvostransko rezilo za natančno oblikovanje  Primerno za mokro in suho uporabo Philips OneBlade nadomestna rezila 360 so idealna za vse, ki si želijo hitro, natančno in koži prijazno oblikovanje brade. Inovativno 360stopinjsko rezilo se prilagodi obliki obraza in omogoča enostavno britje tudi na težko dostopnih mestih. Dvostransko rezilo omogoča natančno oblikovanje in popolne konture. Rezila so primerna za mokro in suho uporabo, s peno ali brez. Philips OneBlade nadomestna rezila 360 so vodoodporna in enostavna za čiščenje. Za optimalno delovanje je priporočljiva menjava na vsake štiri mesece."
2723004,Električni brivniki,PHILIPS OneBlade,"Nadomestne glave za brivnik OneBlade Intimate, 2 kos",28.95,EUR,8720689031639,dm,Navedene sestavine v spletni trgovini se lahko razlikujejo od tistih navedenih na embalaži ,,"Philips Consumer Lifestyle B.V. Tussendiepen 4, 9206 AD Drachten Netherlands",Indonezija.,kos,1,4.53,295,Nega in dišave > Nega za moške > Depilacija in britje,https://www.dm.si/p/d/2723004/philips-oneblade-nadomestne-glave-za-brivnik-oneblade-intimate,,"https://products.dm-static.com/images/f_auto,q_auto,c_fit,h_440,w_500/v1747535353/assets/pas/images/f185c6a9-2ace-415b-b7c9-21815c61bf25/philips-oneblade-nadomestne-glave-za-brivnik-oneblade-intimate, https://products.dm-static.com/images/f_auto,q_auto,c_fit,h_440,w_500/v1747534747/assets/pas/images/fd743b15-ffba-41bd-9913-db6cec10b4f6/philips-oneblade-nadomestne-glave-za-brivnik-oneblade-intimate, https://products.dm-static.com/images/f_auto,q_auto,c_fit,h_440,w_500/v1747535352/assets/pas/images/671fedc9-f45a-4813-ac0e-a38e25fa5246/philips-oneblade-nadomestne-glave-za-brivnik-oneblade-intimate, https://products.dm-static.com/images/f_auto,q_auto,c_fit,h_440,w_500/v1747534748/assets/pas/images/596d10e1-062c-4f07-bae2-8ae352e76ef1/philips-oneblade-nadomestne-glave-za-brivnik-oneblade-intimate",1 kos,"Nadomestna rezila za brivnik OneBlade Intimate  Tehnologija SkinProtect za zaščito pred urezninami  Primerno za mokro in suho britje  Dvostransko rezilo za natančno oblikovanje  Pakiranje vsebuje 2 rezili Philips OneBlade nadomestna rezila Intimate so zasnovana za nežno in natančno britje občutljivih predelov, kot so pazduhe in intimni predeli. Inovativna tehnologija SkinProtect ščiti kožo pred urezninami, zaobljeni robovi pa zagotavljajo maksimalno udobje. Rezila so vodoodporna in primerna tako za mokro kot suho britje, tudi pod tušem. Dvostransko rezilo omogoča britje v obe smeri in enostavno oblikovanje natančnih kontur. Za optimalno delovanje priporočamo menjavo rezila vsake štiri mesece."
3060153,Električni brivniki,PHILIPS,"Ženski epilator Body 2000, 1 kos",29.95,EUR,8720689036054,dm,Navedene sestavine v spletni trgovini se lahko razlikujejo od tistih navedenih na embalaži ,Informacije o odstranjevanju odpadne električne in elektronske opreme,"Philips Consumer Lifestyle B.V. Tussendiepen 4, 9206 AD Drachten Netherlands",,kos,1,4.59,59,Nega in dišave > Depilacija in britje > Električni brivniki,https://www.dm.si/p/d/3060153/philips-zenski-epilator-body-2000,,"https://products.dm-static.com/images/f_auto,q_auto,c_fit,h_440,w_500/v1747535378/assets/pas/images/176691c1-b3c4-4fe1-9963-a1ea56fdf0af/philips-zenski-epilator-body-2000, https://products.dm-static.com/images/f_auto,q_auto,c_fit,h_440,w_500/v1747535377/assets/pas/images/9b41160c-35c5-4c6e-bc7f-026b85240aa0/philips-zenski-epilator-body-2000, https://products.dm-static.com/images/f_auto,q_auto,c_fit,h_440,w_500/v1770731611/assets/pas/images/9ed4eaae-2299-43df-81a9-47121ca68820/philips-zenski-epilator-body-2000, https://products.dm-static.com/images/f_auto,q_auto,c_fit,h_440,w_500/v1770731616/assets/pas/images/cef5642e-6afe-4668-84f2-de3aff35c572/philips-zenski-epilator-body-2000, https://products.dm-static.com/images/f_auto,q_auto,c_fit,h_440,w_500/v1747535868/assets/pas/images/5d0aab56-31ee-4e30-b0e2-53d0b83219cb/philips-zenski-epilator-body-2000",1 kos,"Primeren za noge in telo  Dolgotrajna gladkost do 28 dni  Nežno odstranjevanje dlačic brez draženja  Kompaktna velikost za enostavno shranjevanje in potovanja  Zanesljivo delovanje s kablom Philips ženski epilator Body 2000 je popolna izbira za dolgotrajno gladko kožo na nogah in telesu. Zasnovan je za nežno in učinkovito odstranjevanje dlačic, pri čemer zagotavlja gladkost, ki traja do 28 dni. Njegova kompaktna velikost in ergonomski ročaj omogočata enostavno uporabo in udobje, idealen pa je tudi za potovanja. Epilator deluje s kablom, kar zagotavlja zanesljivo delovanje brez prekinitev. Uživajte v profesionalni epilaciji kar v udobju svojega doma."
3061293,Električni brivniki,PHILIPS,"Ženski brivnik Bikini Styler 2000, 1 kos",19.95,EUR,8720689037679,dm,Navedene sestavine v spletni trgovini se lahko razlikujejo od tistih navedenih na embalaži ,Informacije o odstranjevanju odpadne električne in elektronske opreme,"Philips Consumer Lifestyle B.V. Tussendiepen 4, 9206 AD Drachten Netherlands",,kos,1,3.11,9,Nega in dišave > Depilacija in britje > Električni brivniki,https://www.dm.si/p/d/3061293/philips-zenski-brivnik-bikini-styler-2000,,"https://products.dm-static.com/images/f_auto,q_auto,c_fit,h_440,w_500/v1747534870/assets/pas/images/a0af9a74-28e6-4e47-b2d4-825d39c173fe/philips-zenski-brivnik-bikini-styler-2000, https://products.dm-static.com/images/f_auto,q_auto,c_fit,h_440,w_500/v1747534870/assets/pas/images/dba3d227-503b-4172-87fd-7c42f698ade4/philips-zenski-brivnik-bikini-styler-2000",1 kos,"Aparat za oblikovanje bikini predela  Zaobljena rezila za nežno prirezovanje  Zmanjšuje draženje in vraščanje dlačic  Natančno prirezovanje do 0,5 mm  Brezžična uporaba za maksimalno udobje Philips ženski brivnik Bikini Styler 2000 je zasnovan za enostavno in nežno oblikovanje bikini predela. Z zaobljenimi rezili zmanjšuje tveganje za draženje in vraščene dlačice, hkrati pa omogoča natančno prirezovanje do 0,5 mm. Brezžična uporaba zagotavlja popolno svobodo pri oblikovanju intimnih območij po vaših željah. Za varno in učinkovito nego brez ureznin."
2722988,Električni brivniki,PHILIPS OneBlade,"Električni brivnik 360 blade, 1 kos",29.80,EUR,8720689030557,dm,Navedene sestavine v spletni trgovini se lahko razlikujejo od tistih navedenih na embalaži ,,"Philips Consumer Lifestyle B.V. Tussendiepen 4, 9206 AD Drachten Netherlands",,kos,1,4.56,1626,Nega in dišave > Depilacija in britje > Električni brivniki,https://www.dm.si/p/d/2722988/philips-oneblade-elektricni-brivnik-360-blade,,"https://products.dm-static.com/images/f_auto,q_auto,c_fit,h_440,w_500/v1747535053/assets/pas/images/e26d868a-e566-46e8-9df6-3a6cf5c3b1ad/philips-oneblade-elektricni-brivnik-360-blade, https://products.dm-static.com/images/f_auto,q_auto,c_fit,h_440,w_500/v1770731591/assets/pas/images/817da3be-ea9f-47c4-bcaa-2bde1d077529/philips-oneblade-elektricni-brivnik-360-blade, https://products.dm-static.com/images/f_auto,q_auto,c_fit,h_440,w_500/v1747535050/assets/pas/images/5f05113b-7fc0-4bbc-821d-3f2008303858/philips-oneblade-elektricni-brivnik-360-blade, https://products.dm-static.com/images/f_auto,q_auto,c_fit,h_440,w_500/v1747535050/assets/pas/images/495134ef-4ab1-49d9-a15d-d84908579f28/philips-oneblade-elektricni-brivnik-360-blade, https://products.dm-static.com/images/f_auto,q_auto,c_fit,h_440,w_500/v1747535051/assets/pas/images/7975c4ef-6470-4d70-80c7-19b3b26bad7a/philips-oneblade-elektricni-brivnik-360-blade, https://products.dm-static.com/images/f_auto,q_auto,c_fit,h_440,w_500/v1747535594/assets/pas/images/fbe94c11-1b13-4a13-8f38-5ed06ac82905/philips-oneblade-elektricni-brivnik-360-blade, https://products.dm-static.com/images/f_auto,q_auto,c_fit,h_440,w_500/v1770731607/assets/pas/images/b3c22a58-bbf6-4ca5-a4b1-6130b899d9e4/philips-oneblade-elektricni-brivnik-360-blade, https://products.dm-static.com/images/f_auto,q_auto,c_fit,h_440,w_500/v1747535181/assets/pas/images/c7205b0f-2056-4612-a6bf-79e26e96ea01/philips-oneblade-elektricni-brivnik-360-blade",1 kos,"Inovativna rešitev za urejanje brade  360stopinjsko vrtljivo rezilo za natančno britje  5 v 1 nastavljiv glavnik za popolno prilagoditev dolžine  Hitro in učinkovito britje z naprednim rezilom  100 % vodoodporen za uporabo pod tušem PHILIPS OneBlade električni brivnik 360 blade je inovativna rešitev za popolno urejanje brade. Z edinstvenim 360stopinjskim vrtljivim rezilom se brezhibno prilagaja vsaki konturi obraza, vratu in čeljusti, kar omogoča natančno in udobno britje. Priložen 5 v 1 nastavljiv glavnik (1, 2, 3, 4, 5 mm) vam omogoča popolno prilagoditev dolžine brade po vaših željah. Napreden OneBlade brivnik se premika do 12.000krat na minuto, kar zagotavlja hitro, učinkovito in gladko britje. Poleg tega je 100 % vodoodporen, kar omogoča brezskrbno uporabo tudi pod tušem. S 60minutnim časom delovanja in popolnim polnjenjem v le 4 urah je vedno pripravljen za uporabo."
2722998,Električni brivniki,PHILIPS OneBlade,"Nadomestne glave za brivnik 360 blade za obraz in..., 2 kos",29.95,EUR,8720689031875,dm,Navedene sestavine v spletni trgovini se lahko razlikujejo od tistih navedenih na embalaži ,,"Philips Consumer Lifestyle B.V. Tussendiepen 4, 9206 AD Drachten Netherlands",,kos,1,4.54,125,Nega in dišave > Depilacija in britje > Električni brivniki,https://www.dm.si/p/d/2722998/philips-oneblade-nadomestne-glave-za-brivnik-360-blade-za-obraz-in-telo,,"https://products.dm-static.com/images/f_auto,q_auto,c_fit,h_440,w_500/v1747535329/assets/pas/images/6f595a40-d13e-4125-8230-d2046a79a122/philips-oneblade-nadomestne-glave-za-brivnik-360-blade-za-obraz-in-telo, https://products.dm-static.com/images/f_auto,q_auto,c_fit,h_440,w_500/v1770731589/assets/pas/images/310ab616-eb81-4ae1-b2bf-964b6bb2f520/philips-oneblade-nadomestne-glave-za-brivnik-360-blade-za-obraz-in-telo, https://products.dm-static.com/images/f_auto,q_auto,c_fit,h_440,w_500/v1747535895/assets/pas/images/1664c4c5-d16f-45f2-9ba8-0539b136f130/philips-oneblade-nadomestne-glave-za-brivnik-360-blade-za-obraz-in-telo",1 kos,"Nadomestne glave za brivnik 360 blade za obraz in telo  Oblikovanje, prirezovanje in britje dlačic vseh dolžin  Dvojni zaščitni sistem za udobno britje  Vključuje dve 360stopinjski rezili in 1 komplet za telo  Združljive z vsemi ročaji OneBlade Nadomestne glave za brivnik 360 blade za obraz in telo omogočajo enostavno oblikovanje, prirezovanje in britje dlačic vseh dolžin. Njegov dvojni zaščitni sistem s prevleko za boljše drsenje in zaokroženimi konicami omogoča udobno britje brez draženja kože. Tehnologija britja s hitro premikajočo se rezilno enoto omogoča prirezovanje dlačic vseh dolžin, medtem ko sledilna tehnologija obraznih linij zagotavlja natančnost. Paket vsebuje 2 360stopinjski rezili in 1 komplet za telo, združljiv z vsemi ročaji OneBlade. Rezilo iz nerjavečega jekla zagotavlja svež občutek do 4 mesece uporabe."
3067591,Nega zob,Philips Sonicare,"Nadomestni nastavki za sonično zobno ščetko A3..., 3 kos",29.95,EUR,8720689037082,dm,Navedene sestavine v spletni trgovini se lahko razlikujejo od tistih navedenih na embalaži ,,"Philips Consumer Lifestyle B.V. Tussendiepen 4, 9206 AD Drachten Netherlands https://is.gd/J0TCqD",,kos,1,4.63,179,Zdravje > Nega zob > Električne zobne ščetke,https://www.dm.si/p/d/3067591/philips-sonicare-nadomestni-nastavki-za-sonicno-zobno-scetko-a3-premium-all-in-one-crna,,"https://products.dm-static.com/images/f_auto,q_auto,c_fit,h_440,w_500/v1781526872/assets/pas/images/7e5745a0-7909-49ea-9efe-b25bdb3d560a/philips-sonicare-nadomestni-nastavki-za-sonicno-zobno-scetko-a3-premium-all-in-one-crna",1 kos,"Nadomestne glave za električno zobno ščetko  Lahko odstranijo do 20krat več zobnih oblog  Za do 100 % manj zabarvanj v samo dveh dneh  Pripomorejo k do 15krat bolj zdravim dlesnim v šestih tednih  S funkcijo opomnika BrushSync za pravočasno menjavo Nadomestne glave za ščetko Philips Sonicare Premium AllinOne HX9093/88 omogočajo izjemno temeljito in nežno ustno nego. Trikotne ščetine lahko v samo dveh dneh odstranijo do 100 % več zabarvanj in tako prispevajo k vidno bolj belim zobem. Poleg tega izjemno dolge stranske ščetine nežno čistijo ob robu dlesni. Glave za ščetko Premium AllinOne so opremljene s funkcijo opomnika BrushSync in so združljive z vsemi električnimi zobnimi ščetkami Philips Sonicare, razen s Philips One."
3064461,Nega zob,Philips Sonicare,"Nadomestni nastavki za sonično zobno ščetko A3..., 3 kos",29.95,EUR,8720689037075,dm,Navedene sestavine v spletni trgovini se lahko razlikujejo od tistih navedenih na embalaži ,,"Philips Consumer Lifestyle B.V. Tussendiepen 4, 9206 AD Drachten Netherlands https://is.gd/J0TCqD",,kos,1,4.64,177,Zdravje > Nega zob > Električne zobne ščetke,https://www.dm.si/p/d/3064461/philips-sonicare-nadomestni-nastavki-za-sonicno-zobno-scetko-a3-premium-all-in-one-bela,,"https://products.dm-static.com/images/f_auto,q_auto,c_fit,h_440,w_500/v1779227873/assets/pas/images/eec3f541-080f-474b-8e96-e2b7ee1d498d/philips-sonicare-nadomestni-nastavki-za-sonicno-zobno-scetko-a3-premium-all-in-one-bela, https://products.dm-static.com/images/f_auto,q_auto,c_fit,h_440,w_500/v1779227869/assets/pas/images/cb794f94-42b8-4085-89e1-f2215bacb4d6/philips-sonicare-nadomestni-nastavki-za-sonicno-zobno-scetko-a3-premium-all-in-one-bela",1 kos,Nadomestne glave za električno zobno ščetko  Odstranijo lahko do 20krat več zobnih oblog kot ročna zobna ščetka  Prispevajo k do 15krat bolj zdravim dlesnim v šestih tednih  Trikotno oblikovane ščetine za učinkovito odstranjevanje madežev  Združljive z vsemi držali Philips Sonicare na klik Nadomestne glave za sončino zobno ščetko Philips Sonicare A3 Premium AllinOne so bile razvite za celovito ustno nego. Njihova inovativna zasnova s ščetinami pod različnimi koti omogoča temeljito čiščenje in lahko odstrani do 20krat več zobnih oblog kot običajna ročna zobna ščetka. Posebne trikotne ščetine prispevajo k učinkovitejšemu odstranjevanju površinskih madežev. Poleg tega izjemno dolge stranske ščetine čistijo vzdolž linije dlesni in tako prispevajo k izboljšanemu zdravju dlesni. Nadomestne glave A3 Premium AllinOne so združljive z vsemi zobnimi ščetkami Philips Sonicare s sistemom na klik.
3123047,Nega zob,Philips Sonicare,"Nadomestne glave za zobno ščetko InterCare, 4 kos",25.95,EUR,8720689052658,dm,Navedene sestavine v spletni trgovini se lahko razlikujejo od tistih navedenih na embalaži ,,"Philips Consumer Lifestyle B.V. Tussendiepen 4, 9206 AD Drachten Netherlands",,kos,1,4.76,98,Zdravje > Nega zob > Nadomestne glave,https://www.dm.si/p/d/3123047/philips-sonicare-nadomestne-glave-za-zobno-scetko-intercare,,"https://products.dm-static.com/images/f_auto,q_auto,c_fit,h_440,w_500/v1773965947/assets/pas/images/661e405d-caa2-4a2b-b46e-138d9046d1d0/philips-sonicare-nadomestne-glave-za-zobno-scetko-intercare, https://products.dm-static.com/images/f_auto,q_auto,c_fit,h_440,w_500/v1778711172/assets/pas/images/834cd302-eabf-4dc0-a527-f73dfd2bf159/philips-sonicare-nadomestne-glave-za-zobno-scetko-intercare",1 kos,"Nadomestni nastavki za električno zobno ščetko  Za temeljito čiščenje medzobnih prostorov  Z izjemno dolgimi ščetinami za težko dostopna mesta  Tehnologija Sonicare Fluid Action za globinsko čiščenje  Vsebuje 70 % plastike na biološki osnovi Nadomestne glave za zobno ščetko Philips InterCare HX9004/87 so posebej zasnovane za temeljito čiščenje medzobnih prostorov. Kot nadomestne glave za ščetke Philips Sonicare pomagajo odstraniti skrite zobne obloge. Izjemno dolge ščetine dosežejo ozke medzobne prostore in odstranijo do trikrat več oblog kot ročna zobna ščetka. Tehnologija Sonicare Fluid Action usmerja tekočino globoko med zobe za še boljše čiščenje. Glave so združljive z vsemi ročaji Sonicare in imajo funkcijo BrushSync, ki opozori na čas za menjavo. Izdelane so iz 70 % plastike na biološki osnovi, kar poudarja trajnostni vidik izdelka."
3123296,Nega zob,Philips Sonicare,"Sonična zobna ščetka 2100, modra, 1 kos",29.95,EUR,8720689049924,dm,Navedene sestavine v spletni trgovini se lahko razlikujejo od tistih navedenih na embalaži ,Informacije o odstranjevanju odpadne električne in elektronske opreme,"Philips Consumer Lifestyle B.V. Tussendiepen 4, 9206 AD Drachten Netherlands https://is.gd/J0TCqD",,kos,1,4.8,5,Zdravje > Nega zob > Električne zobne ščetke,https://www.dm.si/p/d/3123296/philips-sonicare-sonicna-zobna-scetka-2100-modra,,"https://products.dm-static.com/images/f_auto,q_auto,c_fit,h_440,w_500/v1777881917/assets/pas/images/8681ffe3-40e5-4844-8251-44169414e82c/philips-sonicare-sonicna-zobna-scetka-2100-modra, https://products.dm-static.com/images/f_auto,q_auto,c_fit,h_440,w_500/v1777881911/assets/pas/images/fa04d015-148e-4488-95b2-2fd0fef55c5b/philips-sonicare-sonicna-zobna-scetka-2100-modra",1 kos,"Električna zobna ščetka  Prispeva k odstranjevanju do 3krat več zobnih oblog kot ročna zobna ščetka  Z dvema nastavitvama intenzivnosti za prilagojeno uporabo  Vgrajena časovnika za optimalen čas ščetkanja  Baterija zdrži do 14 dni z enim polnjenjem Električna zobna ščetka Philips Sonicare 2100 v modri barvi je opremljena z glavo ščetke InterCare, ki ima izjemno dolge ščetine. Te pomagajo pri odstranjevanju zobnih oblog med zobmi in na težje dostopnih mestih. Za prilagojeno izkušnjo čiščenja sta na voljo dve nastavitvi intenzivnosti, srednja in nizka. Vgrajena časovnika, BrushPacer in SmartTimer, vodita skozi priporočen čas ščetkanja in zagotavljata enakomerno čiščenje vseh delov ustne votline. Zobna ščetka Philips Sonicare s svojo napredno tehnologijo prispeva k učinkovitemu in varnemu čiščenju zob."
3127303,Nega zob,Philips Sonicare,"Sonična zobna ščetka 2100, roza, 1 kos",29.95,EUR,8720689043502,dm,Navedene sestavine v spletni trgovini se lahko razlikujejo od tistih navedenih na embalaži ,Informacije o odstranjevanju odpadne električne in elektronske opreme,"Philips Consumer Lifestyle B.V. Tussendiepen 4, 9206 AD Drachten Netherlands https://is.gd/J0TCqD",,kos,1,4.86,7,Zdravje > Nega zob > Električne zobne ščetke,https://www.dm.si/p/d/3127303/philips-sonicare-sonicna-zobna-scetka-2100-roza,,"https://products.dm-static.com/images/f_auto,q_auto,c_fit,h_440,w_500/v1777881923/assets/pas/images/abd4bc65-719f-40ab-9189-fa574ec4e7f6/philips-sonicare-sonicna-zobna-scetka-2100-roza, https://products.dm-static.com/images/f_auto,q_auto,c_fit,h_440,w_500/v1777881928/assets/pas/images/65ca972d-a5e3-4e99-ad40-a4ac39fedb59/philips-sonicare-sonicna-zobna-scetka-2100-roza",1 kos,"Električna zobna ščetka za temeljito čiščenje  Prispeva k odstranitvi do 3krat več zobnih oblog kot ročna zobna ščetka  Z dvema nastavitvama intenzivnosti za prilagojeno nego  Vgrajena časovnika BrushPacer in SmartTimer  Baterija zdrži do 14 dni z enim polnjenjem Električna zobna ščetka Philips Sonicare 2100 v roza barvi omogoča temeljito in nežno čiščenje zob. Opremljena je z glavo ščetke InterCare, katere izjemno dolge ščetine prispevajo k učinkovitejšemu odstranjevanju zobnih oblog, zlasti na težje dostopnih mestih in med zobmi. Za prilagojeno izkušnjo sta na voljo dve nastavitvi intenzivnosti, srednja in nizka. Vgrajena časovnika, BrushPacer in SmartTimer, pomagata pri ohranjanju priporočenega časa ščetkanja. Ta električna zobna ščetka zagotavlja varno in nežno nego za sijoč nasmeh."
3120065,Nega zob,Philips Sonicare,"Nadomestni nastavki za zobno prho Sonicare, 2 kos",16.95,EUR,8720689047029,dm,Navedene sestavine v spletni trgovini se lahko razlikujejo od tistih navedenih na embalaži ,,"Philips Romania S.R.L. Tussendiepen 4, 9206 AD Drachten Netherlands https://is.gd/J0TCqD",,kos,1,4.48,145,Zdravje > Nega zob > Zobne prhe,https://www.dm.si/p/d/3120065/philips-sonicare-nadomestni-nastavki-za-zobno-prho-sonicare,,"https://products.dm-static.com/images/f_auto,q_auto,c_fit,h_440,w_500/v1777883589/assets/pas/images/d824ac95-01ce-4518-8f38-6d85f05799cd/philips-sonicare-nadomestni-nastavki-za-zobno-prho-sonicare, https://products.dm-static.com/images/f_auto,q_auto,c_fit,h_440,w_500/v1777883583/assets/pas/images/d50a4ef3-1e4b-461e-b681-857b2a58a763/philips-sonicare-nadomestni-nastavki-za-zobno-prho-sonicare",1 kos,"Nadomestni nastavki za zobno prho  Vsebuje 1 standardno in 1 Comfort šobo  Comfort šoba z mehko konico za občutljive dlesni  Za učinkovito čiščenje medzobnih prostorov  Odstranijo lahko do 99,9 % oblog na tretiranih območjih Philips Sonicare nastavki za zobno prho omogočajo hitro in učinkovito čiščenje medzobnih prostorov. Pakiranje vsebuje dve različni šobi: standardno šobo za učinkovito čiščenje in šobo Comfort z mehko konico, ki je namenjena občutljivim dlesnim. Z redno uporabo lahko pripomorejo k boljši ustni higieni. Ti nadomestni nastavki za zobno prho lahko odstranijo do 99,9 % zobnih oblog na tretiranih območjih. Tako je zagotovljeno temeljito čiščenje."
3064471,Nega zob,Philips Sonicare,"Nadomestne glave za električno zobno ščetko W2..., 4 kos",33.95,EUR,8720689035064,dm,Navedene sestavine v spletni trgovini se lahko razlikujejo od tistih navedenih na embalaži ,,"Philips Consumer Lifestyle B.V. Tussendiepen 4, 9206 AD Drachten Netherlands",,kos,1,4.83,322,Zdravje > Nega zob > Nadomestne glave,https://www.dm.si/p/d/3064471/philips-sonicare-nadomestne-glave-za-elektricno-zobno-scetko-w2-optimal-white-crne,,"https://products.dm-static.com/images/f_auto,q_auto,c_fit,h_440,w_500/v1773241988/assets/pas/images/b263c9ef-6a3b-4ff3-888e-312466e5ee09/philips-sonicare-nadomestne-glave-za-elektricno-zobno-scetko-w2-optimal-white-crne, https://products.dm-static.com/images/f_auto,q_auto,c_fit,h_440,w_500/v1773241984/assets/pas/images/f4ac71d7-d82f-4b9a-9a2b-6e6d01ed2f57/philips-sonicare-nadomestne-glave-za-elektricno-zobno-scetko-w2-optimal-white-crne",1 kos,"Za do 100 % bolj bele zobe v samo enem tednu  Odstranijo do 7krat več zobnih oblog kot ročna zobna ščetka  Ščetine v obliki diamanta za učinkovito odstranjevanje madežev  Združljive z vsemi ročaji Philips Sonicare (razen Philips One)  S funkcijo BrushSync za opozarjanje na menjavo Nadomestne glave za zobno ščetko Philips Sonicare W2 Optimal White so zasnovane za učinkovito odstranjevanje zobnih oblog in površinskih madežev. Gosto posejane, visokokakovostne ščetine v obliki diamanta dokazano odstranijo do 7krat več zobnih oblog kot ročna zobna ščetka. Že v enem tednu lahko dosežete bolj bele zobe in sijoč nasmeh. Tehnologija BrushSync vas opozori, kdaj je čas za zamenjavo glave, kar zagotavlja optimalno delovanje. Združljive so z vsemi ročaji Philips Sonicare, razen z modeli Philips One."
3103523,Nega zob,Philips Sonicare,"Sonična zobna ščetka Sonicare 6100, 1 kos",81.95,EUR,8720689021777,dm,Navedene sestavine v spletni trgovini se lahko razlikujejo od tistih navedenih na embalaži ,,"Philips Consumer Lifestyle B.V. Tussendiepen 4, 9206 AD Drachten Netherlands",,kos,1,4.5,60,Zdravje > Nega zob > Električne zobne ščetke,https://www.dm.si/p/d/3103523/philips-sonicare-sonicna-zobna-scetka-sonicare-6100,,"https://products.dm-static.com/images/f_auto,q_auto,c_fit,h_440,w_500/v1773242012/assets/pas/images/e750124e-3629-4f55-b125-0f03c2cb3e5e/philips-sonicare-sonicna-zobna-scetka-sonicare-6100",1 kos,"Sonična zobna ščetka za občutljive zobe in dlesni  Dva načina delovanja in tri intenzivnosti  Vidni senzor pritiska za nežno čiščenje  Dolga življenjska doba baterije – do 21 dni  Opomnik za pravočasno zamenjavo glave ščetke Philips sonična zobna ščetka Sonicare 6100 združuje napredno tehnologijo in nežno nego za občutljive zobe ter dlesni. Sonična tehnologija nove generacije omogoča temeljito čiščenje z dvema načinoma delovanja in tremi stopnjami intenzivnosti. Vgrajen senzor pritiska vas opozori na premočan pritisk, baterija pa zagotavlja do 21 dni uporabe. Opomnik za zamenjavo glave ščetke poskrbi za optimalno higieno."
3081664,Nega zob,Philips Sonicare,"Sonična zobna ščetka Sonicare 5300 - Optimal White, 1 kos",68.20,EUR,8720689022835,dm,Navedene sestavine v spletni trgovini se lahko razlikujejo od tistih navedenih na embalaži ,,"Philips Consumer Lifestyle B.V. Tussendiepen 4, 9206 AD Drachten Netherlands",,kos,1,4.7,94,Zdravje > Nega zob > Električne zobne ščetke,https://www.dm.si/p/d/3081664/philips-sonicare-sonicna-zobna-scetka-sonicare-5300-optimal-white,,"https://products.dm-static.com/images/f_auto,q_auto,c_fit,h_440,w_500/v1773242006/assets/pas/images/07ef5a66-1be6-4125-9a79-ea9fede25d0c/philips-sonicare-sonicna-zobna-scetka-sonicare-5300-optimal-white, https://products.dm-static.com/images/f_auto,q_auto,c_fit,h_440,w_500/v1773242000/assets/pas/images/e5488cfb-469c-42b6-9666-8b3ed62ef72f/philips-sonicare-sonicna-zobna-scetka-sonicare-5300-optimal-white",1 kos,"Sonična zobna ščetka za temeljito čiščenje  Napredna Sonicare tehnologija  Senzor pritiska in dve intenzivnosti  Dolga življenjska doba baterije – do 21 dni  Opomnik za pravočasno zamenjavo glave Philips sonična zobna ščetka Sonicare 5300 Optimal White združuje napredno tehnologijo za vrhunsko ustno higieno. Zahvaljujoč NextGeneration Sonicare tehnologiji učinkovito odstranjuje zobne obloge in zagotavlja nežno, a temeljito čiščenje. Senzor pritiska in dve intenzivnosti omogočata prilagoditev čiščenja vašim potrebam. Baterija zdrži do 21 dni, opomnik pa vas pravočasno opozori na zamenjavo glave ščetke. Začutite razliko pri vsakodnevni negi zob."
3064479,Nega zob,Philips Sonicare,"Nadomestne glave za električno zobno ščetko S2..., 4 kos",28.20,EUR,8720689036870,dm,Navedene sestavine v spletni trgovini se lahko razlikujejo od tistih navedenih na embalaži ,,"Philips Consumer Lifestyle B.V. Tussendiepen 4, 9206 AD Drachten Netherlands",,kos,1,4.51,71,Zdravje > Nega zob > Nadomestne glave,https://www.dm.si/p/d/3064479/philips-sonicare-nadomestne-glave-za-elektricno-zobno-scetko-s2-sensitive,,"https://products.dm-static.com/images/f_auto,q_auto,c_fit,h_440,w_500/v1773241996/assets/pas/images/2486a4b1-36f7-4c6d-8d3d-6c899be1df7c/philips-sonicare-nadomestne-glave-za-elektricno-zobno-scetko-s2-sensitive, https://products.dm-static.com/images/f_auto,q_auto,c_fit,h_440,w_500/v1773241993/assets/pas/images/51d3b4b3-4668-4d12-8bcf-f50afa70ef91/philips-sonicare-nadomestne-glave-za-elektricno-zobno-scetko-s2-sensitive",1 kos,"Nadomestne glave za občutljive zobe in dlesni  Izjemno mehke ščetine za nežno čiščenje  Učinkovito odstranjevanje zobnih oblog  Združljive z različnimi modeli Sonicare*  Paket vsebuje 4 nadomestne glave Philips Sonicare nadomestne glave S2 Sensitive so posebej zasnovane za nežno čiščenje občutljivih zob in dlesni. Izjemno mehke ščetine zagotavljajo nežno, a učinkovito odstranjevanje zobnih oblog, hkrati pa zmanjšujejo draženje dlesni. Glave so združljive z različnimi modeli električnih zobnih ščetk Sonicare* in so idealne za vsakodnevno nego občutljive ustne votline. Paket vsebuje štiri nadomestne glave za dolgotrajno uporabo. *Primerne so za vse ročke Philips Sonicare s clickon sistemom. Niso združljive z ročkami Philips One."
3049647,Nega zob,Philips Sonicare,"Nadomestne glave za električno zobno ščetko For..., 4 kos",20.00,EUR,8720689036849,dm,Navedene sestavine v spletni trgovini se lahko razlikujejo od tistih navedenih na embalaži ,,"Philips Consumer Lifestyle B.V. Tussendiepen 4, 9206 AD Drachten Netherlands",,kos,1,4.83,72,Zdravje > Nega zob > Nadomestne glave,https://www.dm.si/p/d/3049647/philips-sonicare-nadomestne-glave-za-elektricno-zobno-scetko-for-kids-7,,"https://products.dm-static.com/images/f_auto,q_auto,c_fit,h_440,w_500/v1773241996/assets/pas/images/259563fe-17d1-4e12-b2f7-4bac9c32f5a7/philips-sonicare-nadomestne-glave-za-elektricno-zobno-scetko-for-kids-7, https://products.dm-static.com/images/f_auto,q_auto,c_fit,h_440,w_500/v1773241993/assets/pas/images/573c0b73-91cb-42d7-b0e1-78452259407c/philips-sonicare-nadomestne-glave-za-elektricno-zobno-scetko-for-kids-7",1 kos,"Nadomestne glave za otroke, starejše od 7 let  Mehke ščetine za nežno in temeljito čiščenje  Združljive z vsemi Sonicare for Kids ročkami  Prilagojene občutljivim zobem in dlesnim  Izdelane iz 70 % plastike iz bioloških virov Philips Sonicare nadomestne glave za zobno ščetko so popolna izbira za otroke od 7. leta starosti dalje. Z mehkimi ščetinami zagotavljajo nežno, a učinkovito čiščenje zob in odstranjevanje oblog. Združljive so z vsemi ročkami Sonicare for Kids in so posebej oblikovane za občutljive otroške zobe in dlesni. Poleg tega so izdelane iz 70 % plastike na osnovi bioloških virov, kar prispeva k bolj odgovorni uporabi materialov. Poskrbite za zdrav nasmeh vašega otroka z napredno nego zob."
3064505,Nega zob,Philips Sonicare,"Nadomestne glave za električno zobno ščetko W2..., 4 kos",33.95,EUR,8720689036450,dm,Navedene sestavine v spletni trgovini se lahko razlikujejo od tistih navedenih na embalaži ,,"Philips Consumer Lifestyle B.V. Tussendiepen 4, 9206 AD Drachten Netherlands",,kos,1,4.84,321,Zdravje > Nega zob > Nadomestne glave,https://www.dm.si/p/d/3064505/philips-sonicare-nadomestne-glave-za-elektricno-zobno-scetko-w2-optimal-white,,"https://products.dm-static.com/images/f_auto,q_auto,c_fit,h_440,w_500/v1771457712/assets/pas/images/bf7deb64-7c27-480f-9864-f84a036a9c0e/philips-sonicare-nadomestne-glave-za-elektricno-zobno-scetko-w2-optimal-white, https://products.dm-static.com/images/f_auto,q_auto,c_fit,h_440,w_500/v1771457709/assets/pas/images/987f7484-cf07-4a2b-b1fe-161ef92127ca/philips-sonicare-nadomestne-glave-za-elektricno-zobno-scetko-w2-optimal-white",1 kos,Nadomestne glave za naravno beljenje zob  Srednje mehke ščetine za temeljito čiščenje  Učinkovito odstranjevanje zobnih oblog in madežev  Združljive z različnimi modeli Sonicare*  Paket vsebuje 4 nadomestne glave Philips Sonicare nadomestne glave W2 Optimal White so zasnovane za učinkovito odstranjevanje zobnih oblog in naravno beljenje zob. Srednje mehke ščetine z gostim vzorcem omogočajo temeljito čiščenje in pomagajo odstraniti površinske madeže za bolj bel nasmeh. Združljive so z različnimi modeli električnih zobnih ščetk Sonicare* in so idealne za vsakodnevno nego zob. Paket vsebuje štiri nadomestne glave za dolgotrajno uporabo. *Primerne so za vse ročke Philips Sonicare s clickon sistemom. Niso združljive z ročkami Philips One.
3049606,Nega zob,Philips Sonicare,"Nadomestne glave za električno zobno ščetko C1..., 4 kos",26.95,EUR,8720689036771,dm,Navedene sestavine v spletni trgovini se lahko razlikujejo od tistih navedenih na embalaži ,,"Philips Consumer Lifestyle B.V. Tussendiepen 4, 9206 AD Drachten Netherlands",,kos,1,4.68,154,Zdravje > Nega zob > Nadomestne glave,https://www.dm.si/p/d/3049606/philips-sonicare-nadomestne-glave-za-elektricno-zobno-scetko-c1-proresults,,"https://products.dm-static.com/images/f_auto,q_auto,c_fit,h_440,w_500/v1773241988/assets/pas/images/3e2ecdfc-4b57-4198-b1dc-2715d1c85089/philips-sonicare-nadomestne-glave-za-elektricno-zobno-scetko-c1-proresults, https://products.dm-static.com/images/f_auto,q_auto,c_fit,h_440,w_500/v1773241985/assets/pas/images/4980da04-9c30-442f-af0f-42c15fe8c4db/philips-sonicare-nadomestne-glave-za-elektricno-zobno-scetko-c1-proresults",1 kos,"Nadomestne glave za električne ščetke Sonicare  Srednje mehke ščetine za nežno in temeljito čiščenje  Učinkovito odstranjevanje zobnih oblog  Združljive z različnimi modeli Sonicare  Paket vsebuje 4 nadomestne glave Philips Sonicare nadomestne glave C1 ProResults so zasnovane za učinkovito odstranjevanje zobnih oblog in zagotavljanje temeljite ustne higiene. Srednje mehke ščetine omogočajo nežno, a temeljito čiščenje, ki je primerno za vsakodnevno uporabo. Glave so združljive z različnimi modeli električnih zobnih ščetk Sonicare* in zagotavljajo optimalno nego zob in dlesni. Paket vsebuje štiri nadomestne glave za dolgotrajno uporabo.*Primerne so za vse ročke Philips Sonicare s clickon sistemom. Niso združljive z ročkami Philips One."
3067530,Nega zob,Philips Sonicare,"Nadomestne glave za električno zobno ščetko G3..., 3 kos",25.95,EUR,8720689037013,dm,Navedene sestavine v spletni trgovini se lahko razlikujejo od tistih navedenih na embalaži ,,"Philips Consumer Lifestyle B.V. Tussendiepen 4, 9206 AD Drachten Netherlands",,kos,1,4.7,160,Zdravje > Nega zob > Nadomestne glave,https://www.dm.si/p/d/3067530/philips-sonicare-nadomestne-glave-za-elektricno-zobno-scetko-g3-premium-gum-care,,"https://products.dm-static.com/images/f_auto,q_auto,c_fit,h_440,w_500/v1773241997/assets/pas/images/b4861854-d3af-4df1-9e5b-de72fbb39a2b/philips-sonicare-nadomestne-glave-za-elektricno-zobno-scetko-g3-premium-gum-care, https://products.dm-static.com/images/f_auto,q_auto,c_fit,h_440,w_500/v1773241993/assets/pas/images/b0a60412-bd5f-4e61-bf9d-ffafc4d908fb/philips-sonicare-nadomestne-glave-za-elektricno-zobno-scetko-g3-premium-gum-care",1 kos,"Nadomestne glave za globinsko čiščenje in nego dlesni  Mehke ščetine za nežno in učinkovito čiščenje  Spodbujajo zdravje dlesni z zmanjšanjem pritiska  Združljive z različnimi modeli Sonicare*  Paket vsebuje 3 nadomestne glave (2+1 gratis) Philips Sonicare nadomestne glave G3 Premium Gum Care so posebej zasnovane za globinsko čiščenje in nežno nego dlesni. Mehke ščetine z zaobljenimi konicami učinkovito odstranjujejo zobne obloge, hkrati pa zmanjšujejo pritisk na dlesni in spodbujajo njihovo zdravje. Združljive so z različnimi modeli električnih zobnih ščetk Sonicare*, kar omogoča prilagodljivo uporabo. Paket vsebuje tri nadomestne glave (2+1 gratis) za dolgotrajno nego ustne higiene.*Primerne so za vse ročke Philips Sonicare s clickon sistemom. Niso združljive z ročkami Philips One."
2119805,Nega zob,Philips Sonicare,"Sonična električna zobna ščetka za otroke For Kids, 1 kos",44.95,EUR,8710103948469,dm,Navedene sestavine v spletni trgovini se lahko razlikujejo od tistih navedenih na embalaži ,Informacije o odstranjevanju odpadne električne in elektronske opreme,"Philips Consumer Lifestyle B.V. Tussendiepen 4, 9206 AD Drachten Netherlands",,kos,1,4.7,1186,Zdravje > Nega zob > Izdelki za otroke,https://www.dm.si/p/d/2119805/philips-sonicare-sonicna-elektricna-zobna-scetka-za-otroke-for-kids,"1 x sonična ščetka,  1 x standardni nastavek,  1 x mini nastavek,  1 x polnilec,  8 x nalepka","https://products.dm-static.com/images/f_auto,q_auto,c_fit,h_440,w_500/v1747531378/assets/pas/images/ca9bf653-32a2-4820-b96b-299219b12899/philips-sonicare-sonicna-elektricna-zobna-scetka-za-otroke-for-kids",1 kos,"Za 75 % učinkovitejša kot navadna zobna ščetka  Bluetooth povezava z interaktivno aplikacijo, ki otroke motivira k samostojnemu, boljšemu in daljšemu čiščenju  2 otroška načina za nežno in učinkovito čiščenje  KidTimer in KidPacer Philips Sonicare For Kids je sonična električna zobna ščetka za otroke, ki je 75 % učinkovitejša kot navadna zobna ščetka. Omogoča Bluetooth povezavo z interaktivno aplikacijo, ki ščetkanje naredi zabavnejše ter tako motivira otroke k samostojnemu, boljšemu in daljšemu čiščenju. Otroci se z rabo aplikacije zamotijo in pridobijo zdrave navade, ki jim ostanejo za celo življenje. Philips Sonicare sonična ščetka For Kids ima 2 načina čiščenja: nizka intenzivnost za otroke od 3. leta in višja za otroke od 7. leta dalje. Funkciji KidTimer in KidPacer zagotavljata pravilno, nežno in učinkovito čiščenje. Gumijasta glava ščetke ščiti mlade zobke, dinamični učinek čiščenja pa povzroči pretok tekočine v medzobne prostore. Priložene so tudi zamenljive nalepke za zobno ščetko, s katerimi lahko otroci po svoji želji kadarkoli prilagodijo videz svoje ščetke. Pakiranje Philips Sonicare For Kids vsebuje 1 sonično ščetko Sonicare for Kids z Bluetooth povezavo, 1 otroški nastavek za ščetko Standard (za starost 7 let +), 1 nastavek Mini (za starost 3 leta +), 1 polnilec, 8 nalepk."
1622598,Nega zob,Philips Sonicare,"Otroška sonična električna zobna ščetka For Kids, 1 Set",44.95,EUR,8710103770237,dm,Navedene sestavine v spletni trgovini se lahko razlikujejo od tistih navedenih na embalaži ,Informacije o odstranjevanju odpadne električne in elektronske opreme,"Philips Consumer Lifestyle B.V. Tussendiepen 4, 9206 AD Drachten Netherlands",,kos,1,4.69,1332,Zdravje > Nega zob > Izdelki za otroke,https://www.dm.si/p/d/1622598/philips-sonicare-otroska-sonicna-elektricna-zobna-scetka-for-kids,,"https://products.dm-static.com/images/f_auto,q_auto,c_fit,h_440,w_500/v1747531737/assets/pas/images/c83eb56f-e997-4a0d-9180-8ec21a00cfd0/philips-sonicare-otroska-sonicna-elektricna-zobna-scetka-for-kids, https://products.dm-static.com/images/f_auto,q_auto,c_fit,h_440,w_500/v1747532071/assets/pas/images/fc9477f1-7af3-4a4d-a9f0-f454a59ae95b/philips-sonicare-otroska-sonicna-elektricna-zobna-scetka-for-kids, https://products.dm-static.com/images/f_auto,q_auto,c_fit,h_440,w_500/v1747531737/assets/pas/images/9b0921ba-bffd-478a-a8dc-0e3501892fdf/philips-sonicare-otroska-sonicna-elektricna-zobna-scetka-for-kids, https://products.dm-static.com/images/f_auto,q_auto,c_fit,h_440,w_500/v1747531892/assets/pas/images/6160644b-2406-4727-b6d4-41664048820a/philips-sonicare-otroska-sonicna-elektricna-zobna-scetka-for-kids",1 kos,
3120015,Nega zob,Philips Sonicare,"Zobna prha Airfloss HX3333/24, 1 kos",59.95,EUR,8720689046831,dm,Navedene sestavine v spletni trgovini se lahko razlikujejo od tistih navedenih na embalaži ,Informacije o odstranjevanju odpadne električne in elektronske opreme,"Philips Consumer Lifestyle B.V. Tussendiepen 4, 9206 AD Drachten Netherlands https://is.gd/J0TCqD",,kos,1,,,Zdravje > Nega zob > Zobne prhe,https://www.dm.si/p/d/3120015/philips-sonicare-zobna-prha-airfloss-hx3333-24,,"https://products.dm-static.com/images/f_auto,q_auto,c_fit,h_440,w_500/v1777883599/assets/pas/images/b84ad1f0-2db6-4648-a66c-b7d3decdbf39/philips-sonicare-zobna-prha-airfloss-hx3333-24, https://products.dm-static.com/images/f_auto,q_auto,c_fit,h_440,w_500/v1777883594/assets/pas/images/c4838d7f-5355-45a3-8b7d-469841aebad6/philips-sonicare-zobna-prha-airfloss-hx3333-24",1 kos,"Kompaktna zobna prha za medzobne prostore  S tremi načini delovanja: Pulse, Clean in Sensitive  Za učinkovito čiščenje med zobmi in vzdolž dlesni  Baterija zdrži do 14 dni z enim polnjenjem  Idealna za uporabo doma in na potovanjih Zobna prha Philips Sonicare Airfloss HX3333/24 omogoča učinkovito in hitro čiščenje medzobnih prostorov. Ta inovativna zobna prha je pripravljena za uporabo kjerkoli in se s tremi načini delovanja – Pulse, Clean in Sensitive – prilagodi individualnim potrebam. Prispeva k temeljitemu odstranjevanju zobnih oblog z območij med zobmi in vzdolž roba dlesni. Z baterijo, ki zdrži do 14 dni, je zobna prha Philips Sonicare Airfloss idealna za uporabo doma ali na potovanjih ter zagotavlja občutek popolne čistoče in svežine."
3063827,Nega zob,Philips Sonicare,"Nadomestne glave za električno zobno ščetko C3..., 3 kos",25.95,EUR,8720689036931,dm,Navedene sestavine v spletni trgovini se lahko razlikujejo od tistih navedenih na embalaži ,,"Philips Consumer Lifestyle B.V. Tussendiepen 4, 9206 AD Drachten Netherlands",,kos,1,4.74,250,Zdravje > Nega zob > Nadomestne glave,https://www.dm.si/p/d/3063827/philips-sonicare-nadomestne-glave-za-elektricno-zobno-scetko-c3-premium-plaque-defence,,"https://products.dm-static.com/images/f_auto,q_auto,c_fit,h_440,w_500/v1773241988/assets/pas/images/36b90adc-4c25-4d89-a172-e103f648cf5c/philips-sonicare-nadomestne-glave-za-elektricno-zobno-scetko-c3-premium-plaque-defence, https://products.dm-static.com/images/f_auto,q_auto,c_fit,h_440,w_500/v1773241984/assets/pas/images/6cb24bcd-48bf-47f1-88e4-c6641799438f/philips-sonicare-nadomestne-glave-za-elektricno-zobno-scetko-c3-premium-plaque-defence",1 kos,"Nadomestne glave za globinsko čiščenje zob  Srednje mehke ščetine za temeljito nego  Učinkovito odstranjevanje zobnih oblog  Združljive z različnimi modeli Sonicare*  Paket vsebuje 3 nadomestne glave (2+1 gratis) Philips Sonicare nadomestne glave C3 Premium Plaque Defence so zasnovane za globinsko čiščenje in učinkovito odstranjevanje zobnih oblog, tudi na težje dostopnih mestih. Srednje mehke ščetine se prilagodijo obliki zob in dlesni, kar zagotavlja temeljito nego in bolj bel nasmeh. Združljive so z različnimi modeli električnih zobnih ščetk Sonicare*. Paket vsebuje tri nadomestne glave (2+1 gratis) za dolgotrajno uporabo.*Primerne so za vse ročke Philips Sonicare s clickon sistemom. Niso združljive z ročkami Philips One."
2028953,Stekleničke in dude,PHILIPS AVENT,"Silikonski cucelj Natural Response Teat, 6m+, 2 kos",8.35,EUR,8710103985150,dm,Navedene sestavine v spletni trgovini se lahko razlikujejo od tistih navedenih na embalaži ,,"Philips Consumer Lifestyle B.V. Tussendiepen 4, 9206 AD Drachten Netherlands",,kos,1,4.65,20,Dojenček in otrok > Stekleničke in dude > Stekleničke za dojenčke in otroke,https://www.dm.si/p/d/2028953/philips-avent-silikonski-cucelj-natural-response-teat-6m,,"https://products.dm-static.com/images/f_auto,q_auto,c_fit,h_440,w_500/v1773658384/assets/pas/images/780933ac-794b-4206-908c-dbcebb684664/philips-avent-silikonski-cucelj-natural-response-teat-6m, https://products.dm-static.com/images/f_auto,q_auto,c_fit,h_440,w_500/v1773658393/assets/pas/images/3122a32d-c687-4541-92f2-0d2eb8b72911/philips-avent-silikonski-cucelj-natural-response-teat-6m",1 kos,"Silikonski cucelj  Primeren za otroke od 6 meseca starosti dalje  Z antikoličnim ventilom, ki zmanjšuje požiranje zraka  Izjemno stabilen rob, ki posnema obliko dojke  Brez bisfenola A (BPA) Philips AVENT Natural Response Teat silikonski cucelj je primeren za novorojenčke in se prilega steklenički Philips AVENT Natural. Odprtina cuclja je zasnovana tako, da se mleko sprošča le takrat, ko se dojenček hrani. To otroku omogoča, da pije, požre in diha v naravnem ritmu, tako kot iz dojke. Poseben antikolični ventil pomaga preprečevati kolike ter preprečuje tveganje za prenajedanje in bruhanje."
2028958,Stekleničke in dude,PHILIPS AVENT,"Steklenička za dojenčke Natural Response 120 ml,..., 1 kos",10.95,EUR,8710103990758,dm,Navedene sestavine v spletni trgovini se lahko razlikujejo od tistih navedenih na embalaži ,,"Philips Consumer Lifestyle B.V. Tussendiepen 4, 9206 AD Drachten Netherlands",,kos,1,4.89,53,Dojenček in otrok > Stekleničke in dude > Stekleničke za dojenčke in otroke,https://www.dm.si/p/d/2028958/philips-avent-steklenicka-za-dojencke-natural-response-120-ml-0m,,"https://products.dm-static.com/images/f_auto,q_auto,c_fit,h_440,w_500/v1773656741/assets/pas/images/b800bd12-3d6d-4da6-84c0-ef036e181ce9/philips-avent-steklenicka-za-dojencke-natural-response-120-ml-0m, https://products.dm-static.com/images/f_auto,q_auto,c_fit,h_440,w_500/v1773656747/assets/pas/images/913b20e3-a3bd-4e86-a8dd-2625d04153b6/philips-avent-steklenicka-za-dojencke-natural-response-120-ml-0m",1 kos,"Steklenička za dojenčke od rojstva dalje  Narejena iz borosilikatnega stekla  Z antikoličnim ventilom, ki preprečuje požiranje zraka  Izjemno stabilen rob, ki posnema obliko dojke  Enostavna za uporabo in čiščenje Steklena steklenička za dojenčke Philips AVENT Natural Response s prostornino 120 ml vašemu otroku omogoča, da uživa v naravnem ritmu pitja. Širok, mehak in prilagodljiv cucelj je zasnovan tako, da posnema obliko in občutek dojke ter tako pomaga otroku pri udobnem hranjenju. Deluje enako kot dojka  mleko izloča le takrat, ko otrok aktivno pije. Z antikoličnim ventilom preprečuje dostop zraka v trebuh in pomaga zmanjšati tveganje za kolike, napihnjenost in refluks. Zaradi širokega vratu je steklenička enostavna za polnjenje in čiščenje. Ima le nekaj delov, zato se hitro in enostavno zloži, ergonomska oblika pa zagotavlja, da jo je enostavno držati pod poljubnim kotom in zagotavlja največje udobje med hranjenjem. Philips AVENT Natural Response deluje skladno z naravnim ritmom hranjenja vašega otroka, zato lahko zlahka združite dojenje in hranjenje po steklenički. Izdelana je iz borosilikatnega stekla vrhunske kakovosti, zato je odporna na vročino in toplotne udarce. Varno jo lahko shranite v hladilniku in jo pozneje ponovno segrejete. Primerna je tudi za sterilizacijo."
2028959,Stekleničke in dude,PHILIPS AVENT,"Steklena steklenička za dojenčke Natural Response..., 1 kos",12.95,EUR,8710103990772,dm,Navedene sestavine v spletni trgovini se lahko razlikujejo od tistih navedenih na embalaži ,,"Philips Consumer Lifestyle B.V. Tussendiepen 4, 9206 AD Drachten Netherlands",,kos,1,4.41,58,Dojenček in otrok > Stekleničke in dude > Stekleničke za dojenčke in otroke,https://www.dm.si/p/d/2028959/philips-avent-steklena-steklenicka-za-dojencke-natural-response-240-ml-1m,,"https://products.dm-static.com/images/f_auto,q_auto,c_fit,h_440,w_500/v1773656732/assets/pas/images/924bdf2e-4498-4521-a44f-8e0e4445037d/philips-avent-steklena-steklenicka-za-dojencke-natural-response-240-ml-1m, https://products.dm-static.com/images/f_auto,q_auto,c_fit,h_440,w_500/v1773656724/assets/pas/images/af957356-0e84-49b7-ad55-55023688f664/philips-avent-steklena-steklenicka-za-dojencke-natural-response-240-ml-1m",1 kos,"Primerna za otroke od enega meseca starosti dalje  Narejena iz borosilikatnega stekla  Z antikoličnim ventilom, ki zmanjšuje požiranje zraka  Izjemno stabilen rob, ki posnema obliko dojke  Enostavna za uporabo in čiščenje Steklena steklenička za dojenčke Philips AVENT Natural Response s prostornino 240 ml vašemu otroku omogoča, da uživa v naravnem ritmu pitja. Širok, mehak in prilagodljiv cucelj je zasnovan tako, da posnema obliko in občutek dojke ter tako pomaga otroku pri udobnem hranjenju. Deluje enako kot dojka  mleko izloča le takrat, ko otrok aktivno pije. Z antikoličnim ventilom preprečuje dostop zraka v trebuh in pomaga zmanjšati tveganje za kolike, napihnjenost in refluks. Zaradi širokega vratu je steklenička enostavna za polnjenje in čiščenje. Ima le nekaj delov, zato se hitro in enostavno zloži, ergonomska oblika pa zagotavlja, da jo je enostavno držati pod poljubnim kotom in zagotavlja največje udobje med hranjenjem. Philips AVENT Natural Response deluje skladno z naravnim ritmom hranjenja vašega otroka, zato lahko zlahka združite dojenje in hranjenje po steklenički. Izdelana je iz borosilikatnega stekla vrhunske kakovosti, zato je odporna na vročino in toplotne udarce. Varno jo lahko shranite v hladilniku in jo pozneje ponovno segrejete. Primerna je tudi za sterilizacijo."
2274864,Stekleničke in dude,PHILIPS AVENT,"Steklenička za dojenčke Natural Response 240 ml,..., 1 kos",12.95,EUR,8710103990420,dm,Navedene sestavine v spletni trgovini se lahko razlikujejo od tistih navedenih na embalaži ,,"Philips Consumer Lifestyle B.V. Tussendiepen 4, 9206 AD Drachten Netherlands",,kos,1,4.72,58,Dojenček in otrok > Stekleničke in dude > Stekleničke za dojenčke in otroke,https://www.dm.si/p/d/2274864/philips-avent-steklenicka-za-dojencke-natural-response-240-ml-1m-z-ventilom-airfree,,"https://products.dm-static.com/images/f_auto,q_auto,c_fit,h_440,w_500/v1773656747/assets/pas/images/64bda8c5-df35-495e-83ca-a71d981f7a2e/philips-avent-steklenicka-za-dojencke-natural-response-240-ml-1m-z-ventilom-airfree, https://products.dm-static.com/images/f_auto,q_auto,c_fit,h_440,w_500/v1773656759/assets/pas/images/d4e58fcd-9a92-4888-8edc-0b98359477c4/philips-avent-steklenicka-za-dojencke-natural-response-240-ml-1m-z-ventilom-airfree",1 kos,"Primerna za otroke od enega meseca starosti dalje  Z antikoličnim ventilom, ki zmanjšuje požiranje zraka  Izjemno stabilen rob, ki posnema obliko dojke  Enostavna za uporabo in čiščenje Steklenička za dojenčke Philips AVENT Natural Response vašemu otroku omogoča, da uživa v naravnem ritmu pitja. Širok, mehak in prilagodljiv cucelj je zasnovan tako, da posnema obliko in občutek dojke ter tako pomaga otroku pri udobnem hranjenju. Deluje enako kot dojka  mleko izloča le takrat, ko otrok aktivno pije. Z antikoličnim ventilom preprečuje dostop zraka v trebuh in pomaga zmanjšati tveganje za kolike, napihnjenost in refluks. Zaradi širokega vratu je steklenička enostavna za polnjenje in čiščenje. Ima le nekaj delov, zato se hitro in enostavno zloži, ergonomska oblika pa zagotavlja, da jo je enostavno držati pod poljubnim kotom in zagotavlja največje udobje med hranjenjem. Philips AVENT Natural Response deluje skladno z naravnim ritmom hranjenja vašega otroka, zato lahko zlahka združite dojenje in hranjenje po steklenički. Varno jo lahko shranite v hladilniku in jo pozneje ponovno segrejete. Primerna je tudi za sterilizacijo."
2028966,Stekleničke in dude,PHILIPS AVENT,"Steklenička Natural Response, 125 ml, 0+ mesecev, 1 kos",10.95,EUR,8710103990338,dm,Navedene sestavine v spletni trgovini se lahko razlikujejo od tistih navedenih na embalaži ,,"Philips Consumer Lifestyle B.V. Tussendiepen 4, 9206 AD Drachten Netherlands",,kos,1,4.73,60,Dojenček in otrok > Stekleničke in dude,https://www.dm.si/p/d/2028966/philips-avent-steklenicka-natural-response-125-ml-0-mesecev,,"https://products.dm-static.com/images/f_auto,q_auto,c_fit,h_440,w_500/v1773656734/assets/pas/images/6144df8e-9619-43e0-a441-a5812b1638a9/philips-avent-steklenicka-natural-response-125-ml-0-mesecev, https://products.dm-static.com/images/f_auto,q_auto,c_fit,h_440,w_500/v1773656747/assets/pas/images/31e8cfb8-9238-46ca-a8fd-02ff97ff7c66/philips-avent-steklenicka-natural-response-125-ml-0-mesecev",1 kos,"0 mesecev +  Enostavna kombinacija z dojenjem  Naraven in pravilen oprijem  AirFree ventil  Volumen: 125 ml PHILIPS AVENT stekleničko Natural Response odlikuje izjemno mehak in fleksibilen cucelj, ki posnema obliko, gibanje in občutek bradavice, kar spodbuja naraven in pravilen oprijem ter omogoča enostavno kombinacijo dojenja in hranjenja s stekleničko. Steklenička zagotavlja počasen pretok in je tako idealna za novorojenčke. Cvetni list v notranjosti cuclja preprečuje sesedanja cuclja. Izdelek ima AirFree ventilček, ki je zasnovan tako, da preprečuje prehajanje zraka v otrokov trebušček, s tem pa se zmanjša možnost nastanka kolike, napihnjenosti in refluksa."
2028964,Stekleničke in dude,PHILIPS AVENT,"Steklenička Natural Response, 330 ml, 3m+, 1 kos",11.95,EUR,8710103989752,dm,Navedene sestavine v spletni trgovini se lahko razlikujejo od tistih navedenih na embalaži ,,"Philips Consumer Lifestyle B.V. Tussendiepen 4, 9206 AD Drachten Netherlands",,kos,1,4.93,57,Dojenček in otrok > Stekleničke in dude > Stekleničke za dojenčke in otroke,https://www.dm.si/p/d/2028964/philips-avent-steklenicka-natural-response-330-ml-3m,,"https://products.dm-static.com/images/f_auto,q_auto,c_fit,h_440,w_500/v1773656717/assets/pas/images/ff498e17-d89a-4dd9-95c9-24e9ed598220/philips-avent-steklenicka-natural-response-330-ml-3m, https://products.dm-static.com/images/f_auto,q_auto,c_fit,h_440,w_500/v1773656728/assets/pas/images/2d85c4f9-8741-4c4a-9471-70392b00f6f3/philips-avent-steklenicka-natural-response-330-ml-3m",1 kos,"Primerna za dojenčke od treh mesecev starosti dalje  Z antikoličnim ventilom, ki zmanjšuje požiranje zraka  Izjemno stabilen rob, ki posnema obliko dojke  Enostavna za uporabo in čiščenje  Volumen: 330 ml Steklenička za dojenčke Philips AVENT Natural Response vašemu otroku omogoča, da uživa v naravnem ritmu pitja. Širok, mehak in prilagodljiv cucelj je zasnovan tako, da posnema obliko in občutek dojke ter tako pomaga otroku pri udobnem hranjenju. Deluje enako kot dojka  mleko izloča le takrat, ko otrok aktivno pije. Z antikoličnim ventilom preprečuje dostop zraka v trebuh in pomaga zmanjšati tveganje za kolike, napihnjenost in refluks. Zaradi širokega vratu je steklenička enostavna za polnjenje in čiščenje. Ima le nekaj delov, zato se hitro in enostavno zloži, ergonomska oblika pa zagotavlja, da jo je enostavno držati pod poljubnim kotom in zagotavlja največje udobje med hranjenjem. Philips AVENT Natural Response deluje skladno z naravnim ritmom hranjenja vašega otroka, zato lahko zlahka združite dojenje in hranjenje po steklenički. Varno jo lahko shranite v hladilniku in jo pozneje ponovno segrejete. Primerna je tudi za sterilizacijo."
2028954,Stekleničke in dude,PHILIPS AVENT,"Silikonski cucelj za gosto hrano Natural Response..., 2 kos",8.35,EUR,8710103985174,dm,Navedene sestavine v spletni trgovini se lahko razlikujejo od tistih navedenih na embalaži ,,"Philips Consumer Lifestyle B.V. Tussendiepen 4, 9206 AD Drachten Netherlands",,kos,1,4.89,36,Dojenček in otrok > Stekleničke in dude > Stekleničke za dojenčke in otroke,https://www.dm.si/p/d/2028954/philips-avent-silikonski-cucelj-za-gosto-hrano-natural-response-teat-6m,,"https://products.dm-static.com/images/f_auto,q_auto,c_fit,h_440,w_500/v1773658384/assets/pas/images/b79f9837-7062-4c5c-b864-da7ab6ccf39f/philips-avent-silikonski-cucelj-za-gosto-hrano-natural-response-teat-6m",1 kos,"Silikonski cucelj za gosto hrano  Primeren za otroke od 6 meseca starosti dalje  Z antikoličnim ventilom, ki zmanjšuje požiranje zraka  Izjemno stabilen rob, ki posnema obliko dojke  Brez bisfenola A (BPA) Philips AVENT Natural Response Teat silikonski cucelj je primeren za dojenčke od šestega meseca starosti dalje. Silikonski cucelj se prilega steklenički Philips AVENT Natural Response in je narejen za namen hranjenja otroka z gosto hrano. Odprtina cuclja je zasnovana tako, da se hrana sprošča le takrat, ko se dojenček hrani. To otroku omogoča, da pije, požre in diha v naravnem ritmu, tako kot iz dojke. Poseben antikolični ventil pomaga preprečevati kolike ter preprečuje tveganje za prenajedanje in bruhanje."
2193060,Stekleničke in dude,PHILIPS AVENT,"Lonček z ustnikom, 6m+, 200 ml, moder, 1 kos",7.95,EUR,8710103854371,dm,Navedene sestavine v spletni trgovini se lahko razlikujejo od tistih navedenih na embalaži ,,"Philips Consumer Lifestyle B.V. Tussendiepen 4, 9206 AD Drachten Netherlands",,kos,1,4.36,90,Dojenček in otrok > Stekleničke in dude > Stekleničke za dojenčke in otroke,https://www.dm.si/p/d/2193060/philips-avent-loncek-z-ustnikom-6m-200-ml-moder,,"https://products.dm-static.com/images/f_auto,q_auto,c_fit,h_440,w_500/v1747531987/assets/pas/images/0afcf98c-723a-4eff-9803-ff638aa66556/philips-avent-loncek-z-ustnikom-6m-200-ml-moder, https://products.dm-static.com/images/f_auto,q_auto,c_fit,h_440,w_500/v1773656742/assets/pas/images/ecf6913e-bc90-46bc-844e-345de99fb401/philips-avent-loncek-z-ustnikom-6m-200-ml-moder, https://products.dm-static.com/images/f_auto,q_auto,c_fit,h_440,w_500/v1773656737/assets/pas/images/77010e3f-2efc-484b-a03e-b926d1d8f57d/philips-avent-loncek-z-ustnikom-6m-200-ml-moder",1 kos,"6 mesecev +, idealen za prehod iz stekleničke na lonček  Enostavna pitje in čiščenje (primeren za pomivalni stroj)  Mehak fleksibilen ustnik za dober oprijem  Ventil proti polivanju  0 % BPA PHILIPS AVENT lonček z ustnikom My Easy Sip Cup je plastičen lonček v modri barvi, ki je idealen za prehod iz stekleničke na lonček. Primeren za otroke od 6. meseca starosti dalje. Odlikuje ga izjemno mehak in fleksibilen ustnik, ki omogoča dober oprijem ter skupaj z ročaji zagotavlja vašemu malčku enostavno pitje. Lonček ima patentiran ventil, ki preprečuje polivanje, oblikovanost izdelka pa poskrbi za zdrav razvoj ustne votline. Ker ima lonček malo sestavnih delov in je primeren za pomivalni stroj, je enostaven za čiščenje. Priložen je tudi zaščitni higienski pokrovček, ki poskrbi, da je ustnik čist doma in na poti. Lonček je združljiv z izdelki PHILIPS AVENT.* Izdelek ne vsebuje bisfenola A in ustreza regulativi EU 10/2011. PHILIPS AVENT – enostavno za vašega otroka, priročno za vas.  *Vse stekleničke in lončki Philips Avent so združljivi, razen steklenih stekleničk in lončkov za velike malčke/velike otroke (My First Big Kid Cup). Kombinirajte in združujte posamezne dele in ustvarite popoln lonček za specifične razvojne potrebe vašega otroka."
2097345,Stekleničke in dude,PHILIPS AVENT,"Lonček z gibljivo slamico,  9 m+, 200 ml,..., 1 kos",10.95,EUR,8710103781912,dm,Navedene sestavine v spletni trgovini se lahko razlikujejo od tistih navedenih na embalaži ,,"Philips Consumer Lifestyle B.V. Tussendiepen 4, 9206 AD Drachten Netherlands",,kos,1,4.02,82,Dojenček in otrok > Stekleničke in dude > Stekleničke za dojenčke in otroke,https://www.dm.si/p/d/2097345/philips-avent-loncek-z-gibljivo-slamico-9-m-200-ml-vijolicen,,"https://products.dm-static.com/images/f_auto,q_auto,c_fit,h_440,w_500/v1747532275/assets/pas/images/76ce1dfa-bbd2-468e-9060-a139389b573f/philips-avent-loncek-z-gibljivo-slamico-9-m-200-ml-vijolicen, https://products.dm-static.com/images/f_auto,q_auto,c_fit,h_440,w_500/v1773656707/assets/pas/images/1d6c79ce-51d1-451f-9d3e-9e65f0cf21f2/philips-avent-loncek-z-gibljivo-slamico-9-m-200-ml-vijolicen, https://products.dm-static.com/images/f_auto,q_auto,c_fit,h_440,w_500/v1773656712/assets/pas/images/58e1df76-0229-43fc-8c31-a99ce7fd6eb4/philips-avent-loncek-z-gibljivo-slamico-9-m-200-ml-vijolicen",1 kos,"12 mesecev +  Gibljiva in upognjena slamica  Ventil proti polivanju  Idealen za vse aktivnosti  Za zdrav razvoj ustne votline PHILIPS AVENT lonček Bendy Straw Cup je plastičen lonček v vijolični barvi, ki je idealen za prehod iz stekleničke na odprt kozarec. Primeren za otroke od 9. meseca starosti dalje. Ima gibljivo in upognjeno slamico, ki je nežna do dlesni in omogoča enostavno pitje do zadnjega požirka. Spodnji del slamice je upognjen, zato slamica brez težav doseže tekočino, kar omogoča pitje v naravnem položaju. Ima tudi ventil, ki preprečuje polivanje, zato je izdelek idealen za vse aktivnosti. Oblikovanost izdelka poskrbi za zdrav razvoj ustne votline. Ker ima lonček malo sestavnih delov in je primeren za pomivalni stroj, je enostaven za čiščenje. Seklenička PHILIPS AVENT Bendy Straw Cup je združljiva s stekleničkami PHILIPS AVENT Natural, s stekleničkami Classic+ (razen s steklenimi stekleničkami), pa tudi s celotno ponudbo lončkov (razen z lončki za velike malčke). Naša celotna ponudba je zasnova tako, da pomaga otroku in vam ob vsakem koraku na poti proti samostojnemu pitju. PHILIPS AVENT – enostavno za vašega otroka, priročno za vas."
2029229,Stekleničke in dude,PHILIPS AVENT,"Lonček z gibljivo slamico, 9 m+, 200 ml, moder, 1 kos",10.95,EUR,8710103781899,dm,Navedene sestavine v spletni trgovini se lahko razlikujejo od tistih navedenih na embalaži ,,"Philips Consumer Lifestyle B.V. Tussendiepen 4, 9206 AD Drachten Netherlands",,kos,1,3.99,71,Dojenček in otrok > Stekleničke in dude > Stekleničke za dojenčke in otroke,https://www.dm.si/p/d/2029229/philips-avent-loncek-z-gibljivo-slamico-9-m-200-ml-moder,,"https://products.dm-static.com/images/f_auto,q_auto,c_fit,h_440,w_500/v1747531959/assets/pas/images/26d54004-2d70-4f4a-b3d8-a4fa84e0a0b1/philips-avent-loncek-z-gibljivo-slamico-9-m-200-ml-moder, https://products.dm-static.com/images/f_auto,q_auto,c_fit,h_440,w_500/v1773656740/assets/pas/images/fd20d61b-814d-4eee-bd4c-22b98c6661bf/philips-avent-loncek-z-gibljivo-slamico-9-m-200-ml-moder, https://products.dm-static.com/images/f_auto,q_auto,c_fit,h_440,w_500/v1773656745/assets/pas/images/86a4c8ab-1b54-498c-b7af-0dc8eefb2958/philips-avent-loncek-z-gibljivo-slamico-9-m-200-ml-moder",1 kos,"9 mesecev +  Gibljiva in upognjena slamica  Ventil proti polivanju  Idealen za vse aktivnosti  Za zdrav razvoj ustne votline PHILIPS AVENT lonček Bendy Straw Cup je plastičen lonček v modri barvi, ki je idealen za prehod iz stekleničke na odprt kozarec. Primeren za otroke od 9. meseca starosti dalje. Ima gibljivo in upognjeno slamico, ki je nežna do dlesni in omogoča enostavno pitje do zadnjega požirka. Spodnji del slamice je upognjen, zato slamica brez težav doseže tekočino, kar omogoča pitje v naravnem položaju. Ima tudi ventil, ki preprečuje polivanje, zato je izdelek idealen za vse aktivnosti. Oblikovanost izdelka poskrbi za zdrav razvoj ustne votline. Ker ima lonček malo sestavnih delov in je primeren za pomivalni stroj, je enostaven za čiščenje. Seklenička PHILIPS AVENT Bendy Straw Cup je združljiva s stekleničkami PHILIPS AVENT Natural, s stekleničkami Classic+ (razen s steklenimi stekleničkami), pa tudi s celotno ponudbo lončkov (razen z lončki za velike malčke). Naša celotna ponudba je zasnova tako, da pomaga otroku in vam ob vsakem koraku na poti proti samostojnemu pitju. PHILIPS AVENT – enostavno za vašega otroka, priročno za vas."
2193053,Stekleničke in dude,PHILIPS AVENT,"Lonček z ustnikom, 6m+, 200 ml, roza, 1 kos",7.95,EUR,8710103854364,dm,Navedene sestavine v spletni trgovini se lahko razlikujejo od tistih navedenih na embalaži ,,"Philips Consumer Lifestyle B.V. Tussendiepen 4, 9206 AD Drachten Netherlands",,kos,1,4.37,92,Dojenček in otrok > Stekleničke in dude > Stekleničke za dojenčke in otroke,https://www.dm.si/p/d/2193053/philips-avent-loncek-z-ustnikom-6m-200-ml-roza,,"https://products.dm-static.com/images/f_auto,q_auto,c_fit,h_440,w_500/v1747531986/assets/pas/images/8bfe3eaf-8d52-4134-8bcd-58fd98562f49/philips-avent-loncek-z-ustnikom-6m-200-ml-roza, https://products.dm-static.com/images/f_auto,q_auto,c_fit,h_440,w_500/v1773656719/assets/pas/images/680d5a15-b32c-4503-ac9b-91b3a3c680ff/philips-avent-loncek-z-ustnikom-6m-200-ml-roza, https://products.dm-static.com/images/f_auto,q_auto,c_fit,h_440,w_500/v1773656714/assets/pas/images/a6d36c7e-28fc-40ef-a1c5-5f2ec0b29589/philips-avent-loncek-z-ustnikom-6m-200-ml-roza",1 kos,"6 mesecev +, idealen za prehod iz stekleničke na lonček  Enostavna pitje in čiščenje (primeren za pomivalni stroj)  Mehak fleksibilen ustnik za dober oprijem  Ventil proti polivanju  0 % BPA PHILIPS AVENT lonček z ustnikom My Easy Sip Cup je plastičen lonček v roza barvi, ki je idealen za prehod iz stekleničke na lonček. Primeren za otroke od 6. meseca starosti dalje. Odlikuje ga izjemno mehak in fleksibilen ustnik, ki omogoča dober oprijem ter skupaj z ročaji zagotavlja vašemu malčku enostavno pitje. Lonček ima patentiran ventil, ki preprečuje polivanje, oblikovanost izdelka pa poskrbi za zdrav razvoj ustne votline. Ker ima lonček malo sestavnih delov in je primeren za pomivalni stroj, je enostaven za čiščenje. Priložen je tudi zaščitni higienski pokrovček, ki poskrbi, da je ustnik čist doma in na poti. Lonček je združljiv z izdelki PHILIPS AVENT.* Izdelek ne vsebuje bisfenola A in ustreza regulativi EU 10/2011. PHILIPS AVENT – enostavno za vašega otroka, priročno za vas.  *Vse stekleničke in lončki Philips Avent so združljivi, razen steklenih stekleničk in lončkov za velike malčke/velike otroke (My First Big Kid Cup). Kombinirajte in združujte posamezne dele in ustvarite popoln lonček za specifične razvojne potrebe vašega otroka."
2029230,Stekleničke in dude,PHILIPS AVENT,"Lonček z gibljivo slamico - zelen, 12 m +, 300 ml, 1 kos",10.95,EUR,8710103781974,dm,Navedene sestavine v spletni trgovini se lahko razlikujejo od tistih navedenih na embalaži ,,"Philips Consumer Lifestyle B.V. Tussendiepen 4, 9206 AD Drachten Netherlands",,kos,1,4.13,234,Dojenček in otrok > Stekleničke in dude > Stekleničke za dojenčke in otroke,https://www.dm.si/p/d/2029230/philips-avent-loncek-z-gibljivo-slamico-zelen-12-m-300-ml,,"https://products.dm-static.com/images/f_auto,q_auto,c_fit,h_440,w_500/v1747532067/assets/pas/images/55e0b8a0-f55b-4340-8d52-caf1bde25ecf/philips-avent-loncek-z-gibljivo-slamico-zelen-12-m-300-ml, https://products.dm-static.com/images/f_auto,q_auto,c_fit,h_440,w_500/v1773656705/assets/pas/images/4dc86c32-00e2-4772-9ee9-ae9705f97d7d/philips-avent-loncek-z-gibljivo-slamico-zelen-12-m-300-ml, https://products.dm-static.com/images/f_auto,q_auto,c_fit,h_440,w_500/v1773656710/assets/pas/images/a56ec0c2-1e37-4458-86f0-e70751537e04/philips-avent-loncek-z-gibljivo-slamico-zelen-12-m-300-ml",1 kos,"12 mesecev +  Gibljiva in upognjena slamica  Ventil proti polivanju  Idealen za vse aktivnosti  Za zdrav razvoj ustne votline PHILIPS AVENT zelen lonček Bendy Straw Cup ima gibljivo in upognjeno slamico, ki omogoča enostavno pitje do zadnjega požirka, ter ventil, ki preprečuje polivanje, zato je izdelek idealen za vse aktivnosti. Oblikovanost izdelka poskrbi za zdrav razvoj ustne votline. Ker ima lonček malo sestavnih delov in je primeren za pomivalni stroj, je enostaven za čiščenje."
2097346,Stekleničke in dude,PHILIPS AVENT,"Lonček z gibljivo slamico - roza, 12 m +, 300 ml, 1 kos",10.95,EUR,8710103781998,dm,Navedene sestavine v spletni trgovini se lahko razlikujejo od tistih navedenih na embalaži ,,"Philips Consumer Lifestyle B.V. Tussendiepen 4, 9206 AD Drachten Netherlands",,kos,1,4.13,231,Dojenček in otrok > Stekleničke in dude > Stekleničke za dojenčke in otroke,https://www.dm.si/p/d/2097346/philips-avent-loncek-z-gibljivo-slamico-roza-12-m-300-ml,,"https://products.dm-static.com/images/f_auto,q_auto,c_fit,h_440,w_500/v1773656729/assets/pas/images/8b4fb30d-49ea-49de-b0f4-e327033e5ff4/philips-avent-loncek-z-gibljivo-slamico-roza-12-m-300-ml, https://products.dm-static.com/images/f_auto,q_auto,c_fit,h_440,w_500/v1773656734/assets/pas/images/46fd30c5-9200-4791-8244-4194d8feff8a/philips-avent-loncek-z-gibljivo-slamico-roza-12-m-300-ml",1 kos,"12 mesecev +  Gibljiva in upognjena slamica  Ventil proti polivanju  Idealen za vse aktivnosti  Za zdrav razvoj ustne votline PHILIPS AVENT roza lonček Bendy Straw Cup ima gibljivo in upognjeno slamico, ki omogoča enostavno pitje do zadnjega požirka, ter ventil, ki preprečuje polivanje, zato je izdelek idealen za vse aktivnosti. Oblikovanost izdelka poskrbi za zdrav razvoj ustne votline. Ker ima lonček malo sestavnih delov in je primeren za pomivalni stroj, je enostaven za čiščenje."
2028953,Stekleničke za dojenčke in otroke,PHILIPS AVENT,"Silikonski cucelj Natural Response Teat, 6m+, 2 kos",8.35,EUR,8710103985150,dm,Navedene sestavine v spletni trgovini se lahko razlikujejo od tistih navedenih na embalaži ,,"Philips Consumer Lifestyle B.V. Tussendiepen 4, 9206 AD Drachten Netherlands",,kos,1,4.65,20,Dojenček in otrok > Stekleničke in dude > Stekleničke za dojenčke in otroke,https://www.dm.si/p/d/2028953/philips-avent-silikonski-cucelj-natural-response-teat-6m,,"https://products.dm-static.com/images/f_auto,q_auto,c_fit,h_440,w_500/v1773658384/assets/pas/images/780933ac-794b-4206-908c-dbcebb684664/philips-avent-silikonski-cucelj-natural-response-teat-6m, https://products.dm-static.com/images/f_auto,q_auto,c_fit,h_440,w_500/v1773658393/assets/pas/images/3122a32d-c687-4541-92f2-0d2eb8b72911/philips-avent-silikonski-cucelj-natural-response-teat-6m",1 kos,"Silikonski cucelj  Primeren za otroke od 6 meseca starosti dalje  Z antikoličnim ventilom, ki zmanjšuje požiranje zraka  Izjemno stabilen rob, ki posnema obliko dojke  Brez bisfenola A (BPA) Philips AVENT Natural Response Teat silikonski cucelj je primeren za novorojenčke in se prilega steklenički Philips AVENT Natural. Odprtina cuclja je zasnovana tako, da se mleko sprošča le takrat, ko se dojenček hrani. To otroku omogoča, da pije, požre in diha v naravnem ritmu, tako kot iz dojke. Poseben antikolični ventil pomaga preprečevati kolike ter preprečuje tveganje za prenajedanje in bruhanje."
2028958,Stekleničke za dojenčke in otroke,PHILIPS AVENT,"Steklenička za dojenčke Natural Response 120 ml,..., 1 kos",10.95,EUR,8710103990758,dm,Navedene sestavine v spletni trgovini se lahko razlikujejo od tistih navedenih na embalaži ,,"Philips Consumer Lifestyle B.V. Tussendiepen 4, 9206 AD Drachten Netherlands",,kos,1,4.89,53,Dojenček in otrok > Stekleničke in dude > Stekleničke za dojenčke in otroke,https://www.dm.si/p/d/2028958/philips-avent-steklenicka-za-dojencke-natural-response-120-ml-0m,,"https://products.dm-static.com/images/f_auto,q_auto,c_fit,h_440,w_500/v1773656741/assets/pas/images/b800bd12-3d6d-4da6-84c0-ef036e181ce9/philips-avent-steklenicka-za-dojencke-natural-response-120-ml-0m, https://products.dm-static.com/images/f_auto,q_auto,c_fit,h_440,w_500/v1773656747/assets/pas/images/913b20e3-a3bd-4e86-a8dd-2625d04153b6/philips-avent-steklenicka-za-dojencke-natural-response-120-ml-0m",1 kos,"Steklenička za dojenčke od rojstva dalje  Narejena iz borosilikatnega stekla  Z antikoličnim ventilom, ki preprečuje požiranje zraka  Izjemno stabilen rob, ki posnema obliko dojke  Enostavna za uporabo in čiščenje Steklena steklenička za dojenčke Philips AVENT Natural Response s prostornino 120 ml vašemu otroku omogoča, da uživa v naravnem ritmu pitja. Širok, mehak in prilagodljiv cucelj je zasnovan tako, da posnema obliko in občutek dojke ter tako pomaga otroku pri udobnem hranjenju. Deluje enako kot dojka  mleko izloča le takrat, ko otrok aktivno pije. Z antikoličnim ventilom preprečuje dostop zraka v trebuh in pomaga zmanjšati tveganje za kolike, napihnjenost in refluks. Zaradi širokega vratu je steklenička enostavna za polnjenje in čiščenje. Ima le nekaj delov, zato se hitro in enostavno zloži, ergonomska oblika pa zagotavlja, da jo je enostavno držati pod poljubnim kotom in zagotavlja največje udobje med hranjenjem. Philips AVENT Natural Response deluje skladno z naravnim ritmom hranjenja vašega otroka, zato lahko zlahka združite dojenje in hranjenje po steklenički. Izdelana je iz borosilikatnega stekla vrhunske kakovosti, zato je odporna na vročino in toplotne udarce. Varno jo lahko shranite v hladilniku in jo pozneje ponovno segrejete. Primerna je tudi za sterilizacijo."
2028959,Stekleničke za dojenčke in otroke,PHILIPS AVENT,"Steklena steklenička za dojenčke Natural Response..., 1 kos",12.95,EUR,8710103990772,dm,Navedene sestavine v spletni trgovini se lahko razlikujejo od tistih navedenih na embalaži ,,"Philips Consumer Lifestyle B.V. Tussendiepen 4, 9206 AD Drachten Netherlands",,kos,1,4.41,58,Dojenček in otrok > Stekleničke in dude > Stekleničke za dojenčke in otroke,https://www.dm.si/p/d/2028959/philips-avent-steklena-steklenicka-za-dojencke-natural-response-240-ml-1m,,"https://products.dm-static.com/images/f_auto,q_auto,c_fit,h_440,w_500/v1773656732/assets/pas/images/924bdf2e-4498-4521-a44f-8e0e4445037d/philips-avent-steklena-steklenicka-za-dojencke-natural-response-240-ml-1m, https://products.dm-static.com/images/f_auto,q_auto,c_fit,h_440,w_500/v1773656724/assets/pas/images/af957356-0e84-49b7-ad55-55023688f664/philips-avent-steklena-steklenicka-za-dojencke-natural-response-240-ml-1m",1 kos,"Primerna za otroke od enega meseca starosti dalje  Narejena iz borosilikatnega stekla  Z antikoličnim ventilom, ki zmanjšuje požiranje zraka  Izjemno stabilen rob, ki posnema obliko dojke  Enostavna za uporabo in čiščenje Steklena steklenička za dojenčke Philips AVENT Natural Response s prostornino 240 ml vašemu otroku omogoča, da uživa v naravnem ritmu pitja. Širok, mehak in prilagodljiv cucelj je zasnovan tako, da posnema obliko in občutek dojke ter tako pomaga otroku pri udobnem hranjenju. Deluje enako kot dojka  mleko izloča le takrat, ko otrok aktivno pije. Z antikoličnim ventilom preprečuje dostop zraka v trebuh in pomaga zmanjšati tveganje za kolike, napihnjenost in refluks. Zaradi širokega vratu je steklenička enostavna za polnjenje in čiščenje. Ima le nekaj delov, zato se hitro in enostavno zloži, ergonomska oblika pa zagotavlja, da jo je enostavno držati pod poljubnim kotom in zagotavlja največje udobje med hranjenjem. Philips AVENT Natural Response deluje skladno z naravnim ritmom hranjenja vašega otroka, zato lahko zlahka združite dojenje in hranjenje po steklenički. Izdelana je iz borosilikatnega stekla vrhunske kakovosti, zato je odporna na vročino in toplotne udarce. Varno jo lahko shranite v hladilniku in jo pozneje ponovno segrejete. Primerna je tudi za sterilizacijo."
2274864,Stekleničke za dojenčke in otroke,PHILIPS AVENT,"Steklenička za dojenčke Natural Response 240 ml,..., 1 kos",12.95,EUR,8710103990420,dm,Navedene sestavine v spletni trgovini se lahko razlikujejo od tistih navedenih na embalaži ,,"Philips Consumer Lifestyle B.V. Tussendiepen 4, 9206 AD Drachten Netherlands",,kos,1,4.72,58,Dojenček in otrok > Stekleničke in dude > Stekleničke za dojenčke in otroke,https://www.dm.si/p/d/2274864/philips-avent-steklenicka-za-dojencke-natural-response-240-ml-1m-z-ventilom-airfree,,"https://products.dm-static.com/images/f_auto,q_auto,c_fit,h_440,w_500/v1773656747/assets/pas/images/64bda8c5-df35-495e-83ca-a71d981f7a2e/philips-avent-steklenicka-za-dojencke-natural-response-240-ml-1m-z-ventilom-airfree, https://products.dm-static.com/images/f_auto,q_auto,c_fit,h_440,w_500/v1773656759/assets/pas/images/d4e58fcd-9a92-4888-8edc-0b98359477c4/philips-avent-steklenicka-za-dojencke-natural-response-240-ml-1m-z-ventilom-airfree",1 kos,"Primerna za otroke od enega meseca starosti dalje  Z antikoličnim ventilom, ki zmanjšuje požiranje zraka  Izjemno stabilen rob, ki posnema obliko dojke  Enostavna za uporabo in čiščenje Steklenička za dojenčke Philips AVENT Natural Response vašemu otroku omogoča, da uživa v naravnem ritmu pitja. Širok, mehak in prilagodljiv cucelj je zasnovan tako, da posnema obliko in občutek dojke ter tako pomaga otroku pri udobnem hranjenju. Deluje enako kot dojka  mleko izloča le takrat, ko otrok aktivno pije. Z antikoličnim ventilom preprečuje dostop zraka v trebuh in pomaga zmanjšati tveganje za kolike, napihnjenost in refluks. Zaradi širokega vratu je steklenička enostavna za polnjenje in čiščenje. Ima le nekaj delov, zato se hitro in enostavno zloži, ergonomska oblika pa zagotavlja, da jo je enostavno držati pod poljubnim kotom in zagotavlja največje udobje med hranjenjem. Philips AVENT Natural Response deluje skladno z naravnim ritmom hranjenja vašega otroka, zato lahko zlahka združite dojenje in hranjenje po steklenički. Varno jo lahko shranite v hladilniku in jo pozneje ponovno segrejete. Primerna je tudi za sterilizacijo."
2028964,Stekleničke za dojenčke in otroke,PHILIPS AVENT,"Steklenička Natural Response, 330 ml, 3m+, 1 kos",11.95,EUR,8710103989752,dm,Navedene sestavine v spletni trgovini se lahko razlikujejo od tistih navedenih na embalaži ,,"Philips Consumer Lifestyle B.V. Tussendiepen 4, 9206 AD Drachten Netherlands",,kos,1,4.93,57,Dojenček in otrok > Stekleničke in dude > Stekleničke za dojenčke in otroke,https://www.dm.si/p/d/2028964/philips-avent-steklenicka-natural-response-330-ml-3m,,"https://products.dm-static.com/images/f_auto,q_auto,c_fit,h_440,w_500/v1773656717/assets/pas/images/ff498e17-d89a-4dd9-95c9-24e9ed598220/philips-avent-steklenicka-natural-response-330-ml-3m, https://products.dm-static.com/images/f_auto,q_auto,c_fit,h_440,w_500/v1773656728/assets/pas/images/2d85c4f9-8741-4c4a-9471-70392b00f6f3/philips-avent-steklenicka-natural-response-330-ml-3m",1 kos,"Primerna za dojenčke od treh mesecev starosti dalje  Z antikoličnim ventilom, ki zmanjšuje požiranje zraka  Izjemno stabilen rob, ki posnema obliko dojke  Enostavna za uporabo in čiščenje  Volumen: 330 ml Steklenička za dojenčke Philips AVENT Natural Response vašemu otroku omogoča, da uživa v naravnem ritmu pitja. Širok, mehak in prilagodljiv cucelj je zasnovan tako, da posnema obliko in občutek dojke ter tako pomaga otroku pri udobnem hranjenju. Deluje enako kot dojka  mleko izloča le takrat, ko otrok aktivno pije. Z antikoličnim ventilom preprečuje dostop zraka v trebuh in pomaga zmanjšati tveganje za kolike, napihnjenost in refluks. Zaradi širokega vratu je steklenička enostavna za polnjenje in čiščenje. Ima le nekaj delov, zato se hitro in enostavno zloži, ergonomska oblika pa zagotavlja, da jo je enostavno držati pod poljubnim kotom in zagotavlja največje udobje med hranjenjem. Philips AVENT Natural Response deluje skladno z naravnim ritmom hranjenja vašega otroka, zato lahko zlahka združite dojenje in hranjenje po steklenički. Varno jo lahko shranite v hladilniku in jo pozneje ponovno segrejete. Primerna je tudi za sterilizacijo."
2028954,Stekleničke za dojenčke in otroke,PHILIPS AVENT,"Silikonski cucelj za gosto hrano Natural Response..., 2 kos",8.35,EUR,8710103985174,dm,Navedene sestavine v spletni trgovini se lahko razlikujejo od tistih navedenih na embalaži ,,"Philips Consumer Lifestyle B.V. Tussendiepen 4, 9206 AD Drachten Netherlands",,kos,1,4.89,36,Dojenček in otrok > Stekleničke in dude > Stekleničke za dojenčke in otroke,https://www.dm.si/p/d/2028954/philips-avent-silikonski-cucelj-za-gosto-hrano-natural-response-teat-6m,,"https://products.dm-static.com/images/f_auto,q_auto,c_fit,h_440,w_500/v1773658384/assets/pas/images/b79f9837-7062-4c5c-b864-da7ab6ccf39f/philips-avent-silikonski-cucelj-za-gosto-hrano-natural-response-teat-6m",1 kos,"Silikonski cucelj za gosto hrano  Primeren za otroke od 6 meseca starosti dalje  Z antikoličnim ventilom, ki zmanjšuje požiranje zraka  Izjemno stabilen rob, ki posnema obliko dojke  Brez bisfenola A (BPA) Philips AVENT Natural Response Teat silikonski cucelj je primeren za dojenčke od šestega meseca starosti dalje. Silikonski cucelj se prilega steklenički Philips AVENT Natural Response in je narejen za namen hranjenja otroka z gosto hrano. Odprtina cuclja je zasnovana tako, da se hrana sprošča le takrat, ko se dojenček hrani. To otroku omogoča, da pije, požre in diha v naravnem ritmu, tako kot iz dojke. Poseben antikolični ventil pomaga preprečevati kolike ter preprečuje tveganje za prenajedanje in bruhanje."
2193060,Stekleničke za dojenčke in otroke,PHILIPS AVENT,"Lonček z ustnikom, 6m+, 200 ml, moder, 1 kos",7.95,EUR,8710103854371,dm,Navedene sestavine v spletni trgovini se lahko razlikujejo od tistih navedenih na embalaži ,,"Philips Consumer Lifestyle B.V. Tussendiepen 4, 9206 AD Drachten Netherlands",,kos,1,4.36,90,Dojenček in otrok > Stekleničke in dude > Stekleničke za dojenčke in otroke,https://www.dm.si/p/d/2193060/philips-avent-loncek-z-ustnikom-6m-200-ml-moder,,"https://products.dm-static.com/images/f_auto,q_auto,c_fit,h_440,w_500/v1747531987/assets/pas/images/0afcf98c-723a-4eff-9803-ff638aa66556/philips-avent-loncek-z-ustnikom-6m-200-ml-moder, https://products.dm-static.com/images/f_auto,q_auto,c_fit,h_440,w_500/v1773656742/assets/pas/images/ecf6913e-bc90-46bc-844e-345de99fb401/philips-avent-loncek-z-ustnikom-6m-200-ml-moder, https://products.dm-static.com/images/f_auto,q_auto,c_fit,h_440,w_500/v1773656737/assets/pas/images/77010e3f-2efc-484b-a03e-b926d1d8f57d/philips-avent-loncek-z-ustnikom-6m-200-ml-moder",1 kos,"6 mesecev +, idealen za prehod iz stekleničke na lonček  Enostavna pitje in čiščenje (primeren za pomivalni stroj)  Mehak fleksibilen ustnik za dober oprijem  Ventil proti polivanju  0 % BPA PHILIPS AVENT lonček z ustnikom My Easy Sip Cup je plastičen lonček v modri barvi, ki je idealen za prehod iz stekleničke na lonček. Primeren za otroke od 6. meseca starosti dalje. Odlikuje ga izjemno mehak in fleksibilen ustnik, ki omogoča dober oprijem ter skupaj z ročaji zagotavlja vašemu malčku enostavno pitje. Lonček ima patentiran ventil, ki preprečuje polivanje, oblikovanost izdelka pa poskrbi za zdrav razvoj ustne votline. Ker ima lonček malo sestavnih delov in je primeren za pomivalni stroj, je enostaven za čiščenje. Priložen je tudi zaščitni higienski pokrovček, ki poskrbi, da je ustnik čist doma in na poti. Lonček je združljiv z izdelki PHILIPS AVENT.* Izdelek ne vsebuje bisfenola A in ustreza regulativi EU 10/2011. PHILIPS AVENT – enostavno za vašega otroka, priročno za vas.  *Vse stekleničke in lončki Philips Avent so združljivi, razen steklenih stekleničk in lončkov za velike malčke/velike otroke (My First Big Kid Cup). Kombinirajte in združujte posamezne dele in ustvarite popoln lonček za specifične razvojne potrebe vašega otroka."
2097345,Stekleničke za dojenčke in otroke,PHILIPS AVENT,"Lonček z gibljivo slamico,  9 m+, 200 ml,..., 1 kos",10.95,EUR,8710103781912,dm,Navedene sestavine v spletni trgovini se lahko razlikujejo od tistih navedenih na embalaži ,,"Philips Consumer Lifestyle B.V. Tussendiepen 4, 9206 AD Drachten Netherlands",,kos,1,4.02,82,Dojenček in otrok > Stekleničke in dude > Stekleničke za dojenčke in otroke,https://www.dm.si/p/d/2097345/philips-avent-loncek-z-gibljivo-slamico-9-m-200-ml-vijolicen,,"https://products.dm-static.com/images/f_auto,q_auto,c_fit,h_440,w_500/v1747532275/assets/pas/images/76ce1dfa-bbd2-468e-9060-a139389b573f/philips-avent-loncek-z-gibljivo-slamico-9-m-200-ml-vijolicen, https://products.dm-static.com/images/f_auto,q_auto,c_fit,h_440,w_500/v1773656707/assets/pas/images/1d6c79ce-51d1-451f-9d3e-9e65f0cf21f2/philips-avent-loncek-z-gibljivo-slamico-9-m-200-ml-vijolicen, https://products.dm-static.com/images/f_auto,q_auto,c_fit,h_440,w_500/v1773656712/assets/pas/images/58e1df76-0229-43fc-8c31-a99ce7fd6eb4/philips-avent-loncek-z-gibljivo-slamico-9-m-200-ml-vijolicen",1 kos,"12 mesecev +  Gibljiva in upognjena slamica  Ventil proti polivanju  Idealen za vse aktivnosti  Za zdrav razvoj ustne votline PHILIPS AVENT lonček Bendy Straw Cup je plastičen lonček v vijolični barvi, ki je idealen za prehod iz stekleničke na odprt kozarec. Primeren za otroke od 9. meseca starosti dalje. Ima gibljivo in upognjeno slamico, ki je nežna do dlesni in omogoča enostavno pitje do zadnjega požirka. Spodnji del slamice je upognjen, zato slamica brez težav doseže tekočino, kar omogoča pitje v naravnem položaju. Ima tudi ventil, ki preprečuje polivanje, zato je izdelek idealen za vse aktivnosti. Oblikovanost izdelka poskrbi za zdrav razvoj ustne votline. Ker ima lonček malo sestavnih delov in je primeren za pomivalni stroj, je enostaven za čiščenje. Seklenička PHILIPS AVENT Bendy Straw Cup je združljiva s stekleničkami PHILIPS AVENT Natural, s stekleničkami Classic+ (razen s steklenimi stekleničkami), pa tudi s celotno ponudbo lončkov (razen z lončki za velike malčke). Naša celotna ponudba je zasnova tako, da pomaga otroku in vam ob vsakem koraku na poti proti samostojnemu pitju. PHILIPS AVENT – enostavno za vašega otroka, priročno za vas."
2029229,Stekleničke za dojenčke in otroke,PHILIPS AVENT,"Lonček z gibljivo slamico, 9 m+, 200 ml, moder, 1 kos",10.95,EUR,8710103781899,dm,Navedene sestavine v spletni trgovini se lahko razlikujejo od tistih navedenih na embalaži ,,"Philips Consumer Lifestyle B.V. Tussendiepen 4, 9206 AD Drachten Netherlands",,kos,1,3.99,71,Dojenček in otrok > Stekleničke in dude > Stekleničke za dojenčke in otroke,https://www.dm.si/p/d/2029229/philips-avent-loncek-z-gibljivo-slamico-9-m-200-ml-moder,,"https://products.dm-static.com/images/f_auto,q_auto,c_fit,h_440,w_500/v1747531959/assets/pas/images/26d54004-2d70-4f4a-b3d8-a4fa84e0a0b1/philips-avent-loncek-z-gibljivo-slamico-9-m-200-ml-moder, https://products.dm-static.com/images/f_auto,q_auto,c_fit,h_440,w_500/v1773656740/assets/pas/images/fd20d61b-814d-4eee-bd4c-22b98c6661bf/philips-avent-loncek-z-gibljivo-slamico-9-m-200-ml-moder, https://products.dm-static.com/images/f_auto,q_auto,c_fit,h_440,w_500/v1773656745/assets/pas/images/86a4c8ab-1b54-498c-b7af-0dc8eefb2958/philips-avent-loncek-z-gibljivo-slamico-9-m-200-ml-moder",1 kos,"9 mesecev +  Gibljiva in upognjena slamica  Ventil proti polivanju  Idealen za vse aktivnosti  Za zdrav razvoj ustne votline PHILIPS AVENT lonček Bendy Straw Cup je plastičen lonček v modri barvi, ki je idealen za prehod iz stekleničke na odprt kozarec. Primeren za otroke od 9. meseca starosti dalje. Ima gibljivo in upognjeno slamico, ki je nežna do dlesni in omogoča enostavno pitje do zadnjega požirka. Spodnji del slamice je upognjen, zato slamica brez težav doseže tekočino, kar omogoča pitje v naravnem položaju. Ima tudi ventil, ki preprečuje polivanje, zato je izdelek idealen za vse aktivnosti. Oblikovanost izdelka poskrbi za zdrav razvoj ustne votline. Ker ima lonček malo sestavnih delov in je primeren za pomivalni stroj, je enostaven za čiščenje. Seklenička PHILIPS AVENT Bendy Straw Cup je združljiva s stekleničkami PHILIPS AVENT Natural, s stekleničkami Classic+ (razen s steklenimi stekleničkami), pa tudi s celotno ponudbo lončkov (razen z lončki za velike malčke). Naša celotna ponudba je zasnova tako, da pomaga otroku in vam ob vsakem koraku na poti proti samostojnemu pitju. PHILIPS AVENT – enostavno za vašega otroka, priročno za vas."
2193053,Stekleničke za dojenčke in otroke,PHILIPS AVENT,"Lonček z ustnikom, 6m+, 200 ml, roza, 1 kos",7.95,EUR,8710103854364,dm,Navedene sestavine v spletni trgovini se lahko razlikujejo od tistih navedenih na embalaži ,,"Philips Consumer Lifestyle B.V. Tussendiepen 4, 9206 AD Drachten Netherlands",,kos,1,4.37,92,Dojenček in otrok > Stekleničke in dude > Stekleničke za dojenčke in otroke,https://www.dm.si/p/d/2193053/philips-avent-loncek-z-ustnikom-6m-200-ml-roza,,"https://products.dm-static.com/images/f_auto,q_auto,c_fit,h_440,w_500/v1747531986/assets/pas/images/8bfe3eaf-8d52-4134-8bcd-58fd98562f49/philips-avent-loncek-z-ustnikom-6m-200-ml-roza, https://products.dm-static.com/images/f_auto,q_auto,c_fit,h_440,w_500/v1773656719/assets/pas/images/680d5a15-b32c-4503-ac9b-91b3a3c680ff/philips-avent-loncek-z-ustnikom-6m-200-ml-roza, https://products.dm-static.com/images/f_auto,q_auto,c_fit,h_440,w_500/v1773656714/assets/pas/images/a6d36c7e-28fc-40ef-a1c5-5f2ec0b29589/philips-avent-loncek-z-ustnikom-6m-200-ml-roza",1 kos,"6 mesecev +, idealen za prehod iz stekleničke na lonček  Enostavna pitje in čiščenje (primeren za pomivalni stroj)  Mehak fleksibilen ustnik za dober oprijem  Ventil proti polivanju  0 % BPA PHILIPS AVENT lonček z ustnikom My Easy Sip Cup je plastičen lonček v roza barvi, ki je idealen za prehod iz stekleničke na lonček. Primeren za otroke od 6. meseca starosti dalje. Odlikuje ga izjemno mehak in fleksibilen ustnik, ki omogoča dober oprijem ter skupaj z ročaji zagotavlja vašemu malčku enostavno pitje. Lonček ima patentiran ventil, ki preprečuje polivanje, oblikovanost izdelka pa poskrbi za zdrav razvoj ustne votline. Ker ima lonček malo sestavnih delov in je primeren za pomivalni stroj, je enostaven za čiščenje. Priložen je tudi zaščitni higienski pokrovček, ki poskrbi, da je ustnik čist doma in na poti. Lonček je združljiv z izdelki PHILIPS AVENT.* Izdelek ne vsebuje bisfenola A in ustreza regulativi EU 10/2011. PHILIPS AVENT – enostavno za vašega otroka, priročno za vas.  *Vse stekleničke in lončki Philips Avent so združljivi, razen steklenih stekleničk in lončkov za velike malčke/velike otroke (My First Big Kid Cup). Kombinirajte in združujte posamezne dele in ustvarite popoln lonček za specifične razvojne potrebe vašega otroka."
2029230,Stekleničke za dojenčke in otroke,PHILIPS AVENT,"Lonček z gibljivo slamico - zelen, 12 m +, 300 ml, 1 kos",10.95,EUR,8710103781974,dm,Navedene sestavine v spletni trgovini se lahko razlikujejo od tistih navedenih na embalaži ,,"Philips Consumer Lifestyle B.V. Tussendiepen 4, 9206 AD Drachten Netherlands",,kos,1,4.13,234,Dojenček in otrok > Stekleničke in dude > Stekleničke za dojenčke in otroke,https://www.dm.si/p/d/2029230/philips-avent-loncek-z-gibljivo-slamico-zelen-12-m-300-ml,,"https://products.dm-static.com/images/f_auto,q_auto,c_fit,h_440,w_500/v1747532067/assets/pas/images/55e0b8a0-f55b-4340-8d52-caf1bde25ecf/philips-avent-loncek-z-gibljivo-slamico-zelen-12-m-300-ml, https://products.dm-static.com/images/f_auto,q_auto,c_fit,h_440,w_500/v1773656705/assets/pas/images/4dc86c32-00e2-4772-9ee9-ae9705f97d7d/philips-avent-loncek-z-gibljivo-slamico-zelen-12-m-300-ml, https://products.dm-static.com/images/f_auto,q_auto,c_fit,h_440,w_500/v1773656710/assets/pas/images/a56ec0c2-1e37-4458-86f0-e70751537e04/philips-avent-loncek-z-gibljivo-slamico-zelen-12-m-300-ml",1 kos,"12 mesecev +  Gibljiva in upognjena slamica  Ventil proti polivanju  Idealen za vse aktivnosti  Za zdrav razvoj ustne votline PHILIPS AVENT zelen lonček Bendy Straw Cup ima gibljivo in upognjeno slamico, ki omogoča enostavno pitje do zadnjega požirka, ter ventil, ki preprečuje polivanje, zato je izdelek idealen za vse aktivnosti. Oblikovanost izdelka poskrbi za zdrav razvoj ustne votline. Ker ima lonček malo sestavnih delov in je primeren za pomivalni stroj, je enostaven za čiščenje."
2097346,Stekleničke za dojenčke in otroke,PHILIPS AVENT,"Lonček z gibljivo slamico - roza, 12 m +, 300 ml, 1 kos",10.95,EUR,8710103781998,dm,Navedene sestavine v spletni trgovini se lahko razlikujejo od tistih navedenih na embalaži ,,"Philips Consumer Lifestyle B.V. Tussendiepen 4, 9206 AD Drachten Netherlands",,kos,1,4.13,231,Dojenček in otrok > Stekleničke in dude > Stekleničke za dojenčke in otroke,https://www.dm.si/p/d/2097346/philips-avent-loncek-z-gibljivo-slamico-roza-12-m-300-ml,,"https://products.dm-static.com/images/f_auto,q_auto,c_fit,h_440,w_500/v1773656729/assets/pas/images/8b4fb30d-49ea-49de-b0f4-e327033e5ff4/philips-avent-loncek-z-gibljivo-slamico-roza-12-m-300-ml, https://products.dm-static.com/images/f_auto,q_auto,c_fit,h_440,w_500/v1773656734/assets/pas/images/46fd30c5-9200-4791-8244-4194d8feff8a/philips-avent-loncek-z-gibljivo-slamico-roza-12-m-300-ml",1 kos,"12 mesecev +  Gibljiva in upognjena slamica  Ventil proti polivanju  Idealen za vse aktivnosti  Za zdrav razvoj ustne votline PHILIPS AVENT roza lonček Bendy Straw Cup ima gibljivo in upognjeno slamico, ki omogoča enostavno pitje do zadnjega požirka, ter ventil, ki preprečuje polivanje, zato je izdelek idealen za vse aktivnosti. Oblikovanost izdelka poskrbi za zdrav razvoj ustne votline. Ker ima lonček malo sestavnih delov in je primeren za pomivalni stroj, je enostaven za čiščenje."
2722995,Nega za moške,PHILIPS OneBlade,"Brivnik OneBlade Intimate, 1 kos",24.95,EUR,8720689031660,dm,Indonezija  Navedene sestavine v spletni trgovini se lahko razlikujejo od tistih navedenih na embalaži ,,"Philips Consumer Lifestyle B.V. Tussendiepen 4, 9206 AD Drachten Netherlands",,kos,1,4.3,168,Nega in dišave > Depilacija in britje > Električni brivniki,https://www.dm.si/p/d/2722995/philips-oneblade-brivnik-oneblade-intimate,Vsebina:  1 × rezilo SkinProtect  1 × glavnik za oblikovanje  1 × brivnik  1 × USBA polnilni kabel,"https://products.dm-static.com/images/f_auto,q_auto,c_fit,h_440,w_500/v1747534786/assets/pas/images/a2682cf7-2d4a-42a8-b613-1178d63690f0/philips-oneblade-brivnik-oneblade-intimate, https://products.dm-static.com/images/f_auto,q_auto,c_fit,h_440,w_500/v1747535355/assets/pas/images/1faad77f-0716-4ea2-a4fd-8a7d9bf25a83/philips-oneblade-brivnik-oneblade-intimate, https://products.dm-static.com/images/f_auto,q_auto,c_fit,h_440,w_500/v1747534748/assets/pas/images/c7c8ef15-c2b9-40fc-bcb9-cf1f399bc665/philips-oneblade-brivnik-oneblade-intimate, https://products.dm-static.com/images/f_auto,q_auto,c_fit,h_440,w_500/v1747535360/assets/pas/images/182eca93-719f-460c-bce9-dd75c848e3df/philips-oneblade-brivnik-oneblade-intimate, https://products.dm-static.com/images/f_auto,q_auto,c_fit,h_440,w_500/v1747535360/assets/pas/images/670d0294-da79-42c5-8261-cf716a9f396b/philips-oneblade-brivnik-oneblade-intimate, https://products.dm-static.com/images/f_auto,q_auto,c_fit,h_440,w_500/v1747534752/assets/pas/images/4c427a96-72ec-4f8b-8525-d33679bbeeee/philips-oneblade-brivnik-oneblade-intimate, https://products.dm-static.com/images/f_auto,q_auto,c_fit,h_440,w_500/v1747535087/assets/pas/images/5bacc89e-7c09-4931-a1b1-63832ff73b4d/philips-oneblade-brivnik-oneblade-intimate",1 kos,"Brivnik za intimne predele in pazduhe  Rezilo SkinProtect za zaščito pred urezninami  Priložen 3 mm glavnik za prirezovanje  Primeren za mokro in suho uporabo  Polnilna baterija Philips OneBlade Intimate je zasnovan za varno in udobno urejanje občutljivih intimnih predelov in pazduh. Njegovo edinstveno rezilo SkinProtect z dodatno stopnjo zaščite preprečuje ureznine in se prilagaja vsaki oblini telesa. Priložen 3milimetrski glavnik omogoča enostavno in hitro prirezovanje dlačic v kateri koli smeri. Brivnik je primeren za mokro in suho uporabo, za optimalno delovanje pa priporočamo menjavo rezila vsake 4 mesece. Z brivnikom Philips OneBlade Intimate dosežite popolno urejenost brez kompromisov."
3103647,Nega za moške,PHILIPS,"Trimer All-in-One 5000 10 v 1, 1 kos",49.95,EUR,8720689045360,dm,Navedene sestavine v spletni trgovini se lahko razlikujejo od tistih navedenih na embalaži ,Informacije o odstranjevanju odpadne električne in elektronske opreme,"Philips Consumer Lifestyle B.V. Tussendiepen 4, 9206 AD Drachten Netherlands",Proizvedeno v Indoneziji.,kos,1,4.5,291,Nega in dišave > Depilacija in britje > Električni brivniki,https://www.dm.si/p/d/3103647/philips-trimer-all-in-one-5000-10-v-1,"Vsebina:  1 × kovinski prirezovalnik  1 × prirezovalnik za nos/ušesa  1 × natančni prirezovalnik  1 × nastavljivi glavnik za brado (3–7 mm)  2 × glavnik za neobrit videz (1 mm, 2 mm)  3 × glavnik za lase (9 mm, 12 mm, 16 mm)  1 × glavnik za telo (3 mm)  1 × USBA kabel za polnjenje (adapter ni priložen)","https://products.dm-static.com/images/f_auto,q_auto,c_fit,h_440,w_500/v1760425971/assets/pas/images/0641cde7-a201-4cd0-93a6-bc46cdc8d595/philips-trimer-all-in-one-5000-10-v-1, https://products.dm-static.com/images/f_auto,q_auto,c_fit,h_440,w_500/v1760425964/assets/pas/images/77a97ce7-bd9a-4bd7-9ce7-60e63f4e1ac0/philips-trimer-all-in-one-5000-10-v-1",1 kos,"Večnamenski urejevalnik 10 v 1  Tehnologija BeardSense za enakomerno prirezovanje  Samoostrilna jeklena rezila  Do 120 minut delovanja baterije  Za urejanje obraza, las in telesa Philips AllinOne trimer 5000 10 v 1 je vsestranski pripomoček, ki z enim orodjem omogoča popolno urejanje obraza, las in telesa. Z desetimi kakovostnimi nastavki lahko enostavno uredite svojo brado, lase in dlake po telesu. Samoostrilna jeklena rezila zagotavljajo dolgotrajno delovanje in natančnost, ne da bi jih bilo treba oljiti. Inovativna tehnologija BeardSense 125krat na sekundo preverja gostoto brade in po potrebi poveča moč za učinkovito prirezovanje tudi najgostejših predelov. Z avtonomijo delovanja do 120 minut je večnamenski urejevalnik Philips vedno pripravljen na uporabo."
3127724,Nega za moške,PHILIPS,"Brivnik za glavo Shaver Series 5000, 1 kos",69.95,EUR,8720689044264,dm,Navedene sestavine v spletni trgovini se lahko razlikujejo od tistih navedenih na embalaži ,Informacije o odstranjevanju odpadne električne in elektronske opreme,"Philips Consumer Lifestyle B.V. Tussendiepen 4, 9206 AD Drachten Netherlands https://www.philips.si/c-w/podpora/support-contact-page.html",Proizvedeno na Kitajskem.,kos,1,4.77,56,Nega in dišave > Depilacija in britje > Električni brivniki,https://www.dm.si/p/d/3127724/philips-brivnik-za-glavo-shaver-series-5000,Vsebina:  1 × brivnik  1 × mehka torbica  1 × zaščitni pokrov  1 × USBA kabel za polnjenje (adapter ni priložen),"https://products.dm-static.com/images/f_auto,q_auto,c_fit,h_440,w_500/v1771402948/assets/pas/images/d8d9f2d2-3b81-46ce-827b-0a164ebe542d/philips-brivnik-za-glavo-shaver-series-5000, https://products.dm-static.com/images/f_auto,q_auto,c_fit,h_440,w_500/v1776812781/assets/pas/images/afa61e50-d6d1-4d06-8f51-7e872df78c47/philips-brivnik-za-glavo-shaver-series-5000, https://products.dm-static.com/images/f_auto,q_auto,c_fit,h_440,w_500/v1770647003/assets/pas/images/038943b1-e861-457a-8aef-222fce8c2075/philips-brivnik-za-glavo-shaver-series-5000",1 kos,"Brivnik za temeljito britje glave  Prilagodljiva 360° brivna glava  Samoostrilna rezila ComfortCut  Senzor PowerAdapt prilagaja moč britja  Za mokro in suho uporabo Philips brivnik za glavo Shaver Series 5000 omogoča temeljito in hkrati koži prijazno britje glave. Njegova prilagodljiva 360° brivna glava se optimalno prilagaja obliki glave in zagotavlja enakomeren stik s kožo tudi na težje dostopnih mestih. ComfortCut rezila učinkovito odrežejo dlake tik nad površino kože za gladke rezultate. Inteligentni senzor PowerAdapt samodejno prilagaja moč gostoti dlak za britje brez napora. Brivnik za glavo Philips je popolnoma vodoodporen in primeren za suho ali mokro britje, tudi pod prho. Vgrajen sistem za zbiranje dlak pa poskrbi za čisto uporabo."
3115312,Nega za moške,PHILIPS,"Trimer All-in-One 7000 17 v 1, 1 kos",89.95,EUR,8720689044950,dm,Navedene sestavine v spletni trgovini se lahko razlikujejo od tistih navedenih na embalaži ,Informacije o odstranjevanju odpadne električne in elektronske opreme,"Philips Consumer Lifestyle B.V. Tussendiepen 4, 9206 AD Drachten Netherlands",Proizvedeno v Indoneziji.,kos,1,4.68,809,Nega in dišave > Nega za moške > Depilacija in britje,https://www.dm.si/p/d/3115312/philips-trimer-all-in-one-7000-17-v-1,"Vsebina:  1 × kovinski prirezovalnik  1 × prirezovalnik za nos/ušesa  1 × natančni prirezovalnik  1 × premium glavnik za natančno oblikovanje  1 × nastavljivi glavnik (3–7 mm)  1 × nastavljivi glavnik (9–13 mm)  1 × glavnik za obrvi  1 × ekstra širok strižnik  4 × širok strižnik (4 mm, 9 mm, 12 mm, 16 mm)  1 × prirezovalnik za telo  1 × glavnik za telo (3 mm)  1 × prirezovalnik za intimne predel  1 × potovalna torbica  1 × USBA kabel za polnjenje (adapter ni priložen)","https://products.dm-static.com/images/f_auto,q_auto,c_fit,h_440,w_500/v1763763651/assets/pas/images/abf38791-402b-4222-b6fc-fc4d2a3dd99d/philips-trimer-all-in-one-7000-17-v-1, https://products.dm-static.com/images/f_auto,q_auto,c_fit,h_440,w_500/v1763763642/assets/pas/images/97f2d82a-e3cf-4e8f-81a3-09764cb2c333/philips-trimer-all-in-one-7000-17-v-1",1 kos,"Večnamenski urejevalnik 17 v 1  Vrhunski natančni glavnik z 22 nastavitvami dolžine  Tehnologija BeardSense za enakomerno prirezovanje  Samoostrilna jeklena rezila za dolgotrajno ostrino  Do 120 minut brezžične uporabe Philips AllinOne trimer 7000 17 v 1 je vsestranski urejevalnik, ki z enim samim orodjem zagotavlja vrhunsko natančnost pri urejanju obraza, las in telesa. S kar 17 kakovostnimi nastavki pokriva vse vaše potrebe po urejanju. Za izjemen nadzor poskrbi vrhunski natančni glavnik z 22 nastavitvami dolžine od 0,5 do 16 mm. Samoostrilna jeklena rezila ostanejo ostra kot prvi dan, tehnologija BeardSense pa zagotavlja enakomerno prirezovanje. Z avtonomijo delovanja do 120 minut večnamenski urejevalnik Philips 7000 omogoča popolno svobodo pri oblikovanju vašega videza."
3109382,Nega za moške,PHILIPS,"Brivnik Shaver Series 5000X za mokro in suho..., 1 kos",79.95,EUR,8720689029155,dm,Navedene sestavine v spletni trgovini se lahko razlikujejo od tistih navedenih na embalaži ,Informacije o odstranjevanju odpadne električne in elektronske opreme,"Philips Consumer Lifestyle B.V. Tussendiepen 4, 9206 AD Drachten Netherlands",Proizvedeno na Kitajskem.,kos,1,4.47,57,Nega in dišave > Depilacija in britje > Električni brivniki,https://www.dm.si/p/d/3109382/philips-brivnik-shaver-series-5000x-za-mokro-in-suho-britje,,"https://products.dm-static.com/images/f_auto,q_auto,c_fit,h_440,w_500/v1760425976/assets/pas/images/f36e7b0d-7ee1-49e6-acc0-3de8c2c6d7d9/philips-brivnik-shaver-series-5000x-za-mokro-in-suho-britje, https://products.dm-static.com/images/f_auto,q_auto,c_fit,h_440,w_500/v1760425964/assets/pas/images/eb0b8cc4-fe4c-4361-b721-22e1b9f44d5b/philips-brivnik-shaver-series-5000x-za-mokro-in-suho-britje",1 kos,"Električni brivnik za mokro in suho britje  Zaščitna prevleka SkinGlide zmanjšuje draženje kože**  Popolnoma prilagodljive 360° brivne glave  Rezila ComfortCut iz hipoalergenega jekla  Do 50 minut brezžičnega britja Philips brivnik Shaver Series 5000X z napredno tehnologijo Skin Protect je zasnovan za gladko britje z dodatno zaščito kože. Njegova zaščitna prevleka SkinGlide zmanjšuje trenje in s tem draženje kože**. Popolnoma prilagodljiva 360stopinjska brivna glava zagotavlja optimalen stik s kožo tudi na težje dostopnih predelih. Rezila ComfortCut so izdelana iz hipoalergenega kirurškega jekla in so odporna proti rjavenju. Ta brivnik Philips je primeren tako za suho kot mokro britje, kar omogoča uporabo s peno, gelom ali pod prho za dodatno udobje.**V primerjavi z materialom brez premaza."
3129776,Nega za moške,PHILIPS,"Urejevalnik brade 5000 BT5515, 1 kos",62.95,EUR,8720689034203,dm,Navedene sestavine v spletni trgovini se lahko razlikujejo od tistih navedenih na embalaži ,Informacije o odstranjevanju odpadne električne in elektronske opreme,"Philips Consumer Lifestyle B.V. Tussendiepen 4, 9206 AD Drachten Netherlands https://www.philips.si/c-w/podpora/support-contact-page.html",Proizvedeno v Indoneziji.,kos,1,4.47,45,Nega in dišave > Nega za moške > Depilacija in britje,https://www.dm.si/p/d/3129776/philips-urejevalnik-brade-5000-bt5515,"Vsebina:  1 × kovinski prirezovalnik  1 × krajši glavnik (0,410 mm)  1 × dolgi glavnik (10,420 mm)  1 zbiralnik dlak  1 × polnilna postaja  1 × USBA kabel za polnjenje (adapter ni priložen)","https://products.dm-static.com/images/f_auto,q_auto,c_fit,h_440,w_500/v1771411100/assets/pas/images/9a56326a-a1b4-4185-8c8a-2acb15dd62ee/philips-urejevalnik-brade-5000-bt5515, https://products.dm-static.com/images/f_auto,q_auto,c_fit,h_440,w_500/v1771411122/assets/pas/images/80b22a0b-fa28-4307-a10c-153939b40b2d/philips-urejevalnik-brade-5000-bt5515",1 kos,"Prirezovalnik brade za natančno urejanje  Zbiralnik dlačic ujame do 80 % dlak*  40 nastavitev dolžine v korakih po 0,2 mm  Tehnologija BeardSense za enakomerno prirezovanje  Samoostrilna kovinska rezila Philips urejevalnik brade 5000 BT5515 zagotavlja vrhunsko natančnost in enostavno urejanje brez nereda. Njegov inovativni zbiralnik dlačic med prirezovanjem učinkovito ujame do 80 % odrezanih dlak*. Za popolno oblikovanje brade poskrbi natančen gumb s 40 nastavitvami dolžine v korakih po 0,2 mm. Samoostrilna kovinska rezila ostanejo ostra kot prvi dan in ne potrebujejo olja, tehnologija BeardSense pa poveča moč na gostejših predelih. Z avtonomijo delovanja do 100 minut prirezovalnik Philips 5000 omogoča brezskrbno urejanje.*Testirano v laboratorijskih pogojih."
3107347,Nega za moške,PHILIPS,"Brivnik za nosne in ušesne dlačice NT1000, 1 kos",16.95,EUR,8710103932512,dm,Navedene sestavine v spletni trgovini se lahko razlikujejo od tistih navedenih na embalaži ,Informacije o odstranjevanju odpadne električne in elektronske opreme,"Philips Consumer Lifestyle B.V. Tussendiepen 4, 9206 AD Drachten Netherlands",,kos,1,4.12,25,Nega in dišave > Nega za moške > Depilacija in britje,https://www.dm.si/p/d/3107347/philips-brivnik-za-nosne-in-usesne-dlacice-nt1000,,"https://products.dm-static.com/images/f_auto,q_auto,c_fit,h_440,w_500/v1762552881/assets/pas/images/d933411e-a347-4836-8c81-c6b72b2129d3/philips-brivnik-za-nosne-in-usesne-dlacice-nt1000, https://products.dm-static.com/images/f_auto,q_auto,c_fit,h_440,w_500/v1771457616/assets/pas/images/6affda77-eb4a-4b2e-835e-d1f1025dfd82/philips-brivnik-za-nosne-in-usesne-dlacice-nt1000, https://products.dm-static.com/images/f_auto,q_auto,c_fit,h_440,w_500/v1771457609/assets/pas/images/e9f08b73-5146-4ef7-8823-e5bfd2231999/philips-brivnik-za-nosne-in-usesne-dlacice-nt1000",1 kos,"Brivnik za nosne in ušesne dlačice  Nežno in učinkovito prirezovanje  Sistem Protective Guard preprečuje ureznine  Popolnoma pralen za enostavno čiščenje  Priložena AA baterija Philips brivnik za nosne in ušesne dlačice serije 1000 omogoča nežno in učinkovito odstranjevanje neželenih dlačic. S tehnologijo PrecisionTrim in sistemom Protective Guard je prirezovanje enostavno, brez neprijetnega cukanja ali zatikanja. Inovativni dvostranski prirezovalnik zagotavlja hitro in natančno prirezovanje pod vsakim kotom. Teksturiran ročaj omogoča optimalen oprijem, tudi ko je moker, kar zagotavlja boljši nadzor med uporabo. Brivnik je popolnoma pralen, kar omogoča enostavno čiščenje in vzdrževanje. S priloženo AA baterijo je Philips brivnik takoj pripravljen za uporabo."
1916523,Nega za moške,PHILIPS OneBlade,"Nadomestne glave za brivnik 360 blade, 1 kos",24.95,EUR,8710103997153,dm,Navedene sestavine v spletni trgovini se lahko razlikujejo od tistih navedenih na embalaži ,,"Philips Consumer Lifestyle B.V. Tussendiepen 4, 9206 AD Drachten Netherlands",,kos,1,4.56,1627,Nega in dišave > Nega za moške > Depilacija in britje,https://www.dm.si/p/d/1916523/philips-oneblade-nadomestne-glave-za-brivnik-360-blade,,"https://products.dm-static.com/images/f_auto,q_auto,c_fit,h_440,w_500/v1747532412/assets/pas/images/35d4d8f4-6d37-4fd5-9b02-f3774a6ca30c/philips-oneblade-nadomestne-glave-za-brivnik-360-blade, https://products.dm-static.com/images/f_auto,q_auto,c_fit,h_440,w_500/v1748668418/assets/pas/images/37e9cb3e-aa2c-4b58-83f8-95a59b419231/philips-oneblade-nadomestne-glave-za-brivnik-360-blade, https://products.dm-static.com/images/f_auto,q_auto,c_fit,h_440,w_500/v1747532941/assets/pas/images/ba6bed0c-cc32-4ae4-9a8c-a2786acd1503/philips-oneblade-nadomestne-glave-za-brivnik-360-blade",1 kos,"Nadomestne glave za hibridni oblikovalnik  Prirezujejo, brijejo in ustvarjajo čiste linije  Za vse dolžine dlačic  Gibljiva glava PHILIPS OneBlade je nov, revolucionaren hibridni oblikovalnik, ki prirezuje, brije in ustvarja čiste linije ter robove ne glede na dolžino dlačic. Pozabite na številne korake in pripomočke. Oblikovalnik OneBlade 360 blade poskrbi za vse."
1574418,Nega za moške,PHILIPS OneBlade,"Nadomestne glave za brivnik 360 blade, 3 kos",35.95,EUR,8710103997177,dm,Navedene sestavine v spletni trgovini se lahko razlikujejo od tistih navedenih na embalaži ,,"Philips Consumer Lifestyle B.V. Tussendiepen 4, 9206 AD Drachten Netherlands",,kos,1,4.58,1753,Nega in dišave > Nega za moške > Depilacija in britje,https://www.dm.si/p/d/1574418/philips-oneblade-nadomestne-glave-za-brivnik-360-blade,,"https://products.dm-static.com/images/f_auto,q_auto,c_fit,h_440,w_500/v1765962133/assets/pas/images/b55213bc-8352-4ef6-9df0-826204581e1f/philips-oneblade-nadomestne-glave-za-brivnik-360-blade, https://products.dm-static.com/images/f_auto,q_auto,c_fit,h_440,w_500/v1770731621/assets/pas/images/8d534ddc-b72b-4325-a6fc-55e032019ef7/philips-oneblade-nadomestne-glave-za-brivnik-360-blade",1 kos,"Nadomestna rezila za brivnik 360 blade  360stopinjsko rezilo za enakomeren stik s kožo  Dvostransko rezilo za natančno oblikovanje  Primerno za mokro in suho uporabo Philips OneBlade nadomestna rezila 360 so idealna za vse, ki si želijo hitro, natančno in koži prijazno oblikovanje brade. Inovativno 360stopinjsko rezilo se prilagodi obliki obraza in omogoča enostavno britje tudi na težko dostopnih mestih. Dvostransko rezilo omogoča natančno oblikovanje in popolne konture. Rezila so primerna za mokro in suho uporabo, s peno ali brez. Philips OneBlade nadomestna rezila 360 so vodoodporna in enostavna za čiščenje. Za optimalno delovanje je priporočljiva menjava na vsake štiri mesece."
2723004,Nega za moške,PHILIPS OneBlade,"Nadomestne glave za brivnik OneBlade Intimate, 2 kos",28.95,EUR,8720689031639,dm,Navedene sestavine v spletni trgovini se lahko razlikujejo od tistih navedenih na embalaži ,,"Philips Consumer Lifestyle B.V. Tussendiepen 4, 9206 AD Drachten Netherlands",Indonezija.,kos,1,4.53,295,Nega in dišave > Nega za moške > Depilacija in britje,https://www.dm.si/p/d/2723004/philips-oneblade-nadomestne-glave-za-brivnik-oneblade-intimate,,"https://products.dm-static.com/images/f_auto,q_auto,c_fit,h_440,w_500/v1747535353/assets/pas/images/f185c6a9-2ace-415b-b7c9-21815c61bf25/philips-oneblade-nadomestne-glave-za-brivnik-oneblade-intimate, https://products.dm-static.com/images/f_auto,q_auto,c_fit,h_440,w_500/v1747534747/assets/pas/images/fd743b15-ffba-41bd-9913-db6cec10b4f6/philips-oneblade-nadomestne-glave-za-brivnik-oneblade-intimate, https://products.dm-static.com/images/f_auto,q_auto,c_fit,h_440,w_500/v1747535352/assets/pas/images/671fedc9-f45a-4813-ac0e-a38e25fa5246/philips-oneblade-nadomestne-glave-za-brivnik-oneblade-intimate, https://products.dm-static.com/images/f_auto,q_auto,c_fit,h_440,w_500/v1747534748/assets/pas/images/596d10e1-062c-4f07-bae2-8ae352e76ef1/philips-oneblade-nadomestne-glave-za-brivnik-oneblade-intimate",1 kos,"Nadomestna rezila za brivnik OneBlade Intimate  Tehnologija SkinProtect za zaščito pred urezninami  Primerno za mokro in suho britje  Dvostransko rezilo za natančno oblikovanje  Pakiranje vsebuje 2 rezili Philips OneBlade nadomestna rezila Intimate so zasnovana za nežno in natančno britje občutljivih predelov, kot so pazduhe in intimni predeli. Inovativna tehnologija SkinProtect ščiti kožo pred urezninami, zaobljeni robovi pa zagotavljajo maksimalno udobje. Rezila so vodoodporna in primerna tako za mokro kot suho britje, tudi pod tušem. Dvostransko rezilo omogoča britje v obe smeri in enostavno oblikovanje natančnih kontur. Za optimalno delovanje priporočamo menjavo rezila vsake štiri mesece."
3067591,Električne zobne ščetke,Philips Sonicare,"Nadomestni nastavki za sonično zobno ščetko A3..., 3 kos",29.95,EUR,8720689037082,dm,Navedene sestavine v spletni trgovini se lahko razlikujejo od tistih navedenih na embalaži ,,"Philips Consumer Lifestyle B.V. Tussendiepen 4, 9206 AD Drachten Netherlands https://is.gd/J0TCqD",,kos,1,4.63,179,Zdravje > Nega zob > Električne zobne ščetke,https://www.dm.si/p/d/3067591/philips-sonicare-nadomestni-nastavki-za-sonicno-zobno-scetko-a3-premium-all-in-one-crna,,"https://products.dm-static.com/images/f_auto,q_auto,c_fit,h_440,w_500/v1781526872/assets/pas/images/7e5745a0-7909-49ea-9efe-b25bdb3d560a/philips-sonicare-nadomestni-nastavki-za-sonicno-zobno-scetko-a3-premium-all-in-one-crna",1 kos,"Nadomestne glave za električno zobno ščetko  Lahko odstranijo do 20krat več zobnih oblog  Za do 100 % manj zabarvanj v samo dveh dneh  Pripomorejo k do 15krat bolj zdravim dlesnim v šestih tednih  S funkcijo opomnika BrushSync za pravočasno menjavo Nadomestne glave za ščetko Philips Sonicare Premium AllinOne HX9093/88 omogočajo izjemno temeljito in nežno ustno nego. Trikotne ščetine lahko v samo dveh dneh odstranijo do 100 % več zabarvanj in tako prispevajo k vidno bolj belim zobem. Poleg tega izjemno dolge stranske ščetine nežno čistijo ob robu dlesni. Glave za ščetko Premium AllinOne so opremljene s funkcijo opomnika BrushSync in so združljive z vsemi električnimi zobnimi ščetkami Philips Sonicare, razen s Philips One."
3064461,Električne zobne ščetke,Philips Sonicare,"Nadomestni nastavki za sonično zobno ščetko A3..., 3 kos",29.95,EUR,8720689037075,dm,Navedene sestavine v spletni trgovini se lahko razlikujejo od tistih navedenih na embalaži ,,"Philips Consumer Lifestyle B.V. Tussendiepen 4, 9206 AD Drachten Netherlands https://is.gd/J0TCqD",,kos,1,4.64,177,Zdravje > Nega zob > Električne zobne ščetke,https://www.dm.si/p/d/3064461/philips-sonicare-nadomestni-nastavki-za-sonicno-zobno-scetko-a3-premium-all-in-one-bela,,"https://products.dm-static.com/images/f_auto,q_auto,c_fit,h_440,w_500/v1779227873/assets/pas/images/eec3f541-080f-474b-8e96-e2b7ee1d498d/philips-sonicare-nadomestni-nastavki-za-sonicno-zobno-scetko-a3-premium-all-in-one-bela, https://products.dm-static.com/images/f_auto,q_auto,c_fit,h_440,w_500/v1779227869/assets/pas/images/cb794f94-42b8-4085-89e1-f2215bacb4d6/philips-sonicare-nadomestni-nastavki-za-sonicno-zobno-scetko-a3-premium-all-in-one-bela",1 kos,Nadomestne glave za električno zobno ščetko  Odstranijo lahko do 20krat več zobnih oblog kot ročna zobna ščetka  Prispevajo k do 15krat bolj zdravim dlesnim v šestih tednih  Trikotno oblikovane ščetine za učinkovito odstranjevanje madežev  Združljive z vsemi držali Philips Sonicare na klik Nadomestne glave za sončino zobno ščetko Philips Sonicare A3 Premium AllinOne so bile razvite za celovito ustno nego. Njihova inovativna zasnova s ščetinami pod različnimi koti omogoča temeljito čiščenje in lahko odstrani do 20krat več zobnih oblog kot običajna ročna zobna ščetka. Posebne trikotne ščetine prispevajo k učinkovitejšemu odstranjevanju površinskih madežev. Poleg tega izjemno dolge stranske ščetine čistijo vzdolž linije dlesni in tako prispevajo k izboljšanemu zdravju dlesni. Nadomestne glave A3 Premium AllinOne so združljive z vsemi zobnimi ščetkami Philips Sonicare s sistemom na klik.
3123296,Električne zobne ščetke,Philips Sonicare,"Sonična zobna ščetka 2100, modra, 1 kos",29.95,EUR,8720689049924,dm,Navedene sestavine v spletni trgovini se lahko razlikujejo od tistih navedenih na embalaži ,Informacije o odstranjevanju odpadne električne in elektronske opreme,"Philips Consumer Lifestyle B.V. Tussendiepen 4, 9206 AD Drachten Netherlands https://is.gd/J0TCqD",,kos,1,4.8,5,Zdravje > Nega zob > Električne zobne ščetke,https://www.dm.si/p/d/3123296/philips-sonicare-sonicna-zobna-scetka-2100-modra,,"https://products.dm-static.com/images/f_auto,q_auto,c_fit,h_440,w_500/v1777881917/assets/pas/images/8681ffe3-40e5-4844-8251-44169414e82c/philips-sonicare-sonicna-zobna-scetka-2100-modra, https://products.dm-static.com/images/f_auto,q_auto,c_fit,h_440,w_500/v1777881911/assets/pas/images/fa04d015-148e-4488-95b2-2fd0fef55c5b/philips-sonicare-sonicna-zobna-scetka-2100-modra",1 kos,"Električna zobna ščetka  Prispeva k odstranjevanju do 3krat več zobnih oblog kot ročna zobna ščetka  Z dvema nastavitvama intenzivnosti za prilagojeno uporabo  Vgrajena časovnika za optimalen čas ščetkanja  Baterija zdrži do 14 dni z enim polnjenjem Električna zobna ščetka Philips Sonicare 2100 v modri barvi je opremljena z glavo ščetke InterCare, ki ima izjemno dolge ščetine. Te pomagajo pri odstranjevanju zobnih oblog med zobmi in na težje dostopnih mestih. Za prilagojeno izkušnjo čiščenja sta na voljo dve nastavitvi intenzivnosti, srednja in nizka. Vgrajena časovnika, BrushPacer in SmartTimer, vodita skozi priporočen čas ščetkanja in zagotavljata enakomerno čiščenje vseh delov ustne votline. Zobna ščetka Philips Sonicare s svojo napredno tehnologijo prispeva k učinkovitemu in varnemu čiščenju zob."
3127303,Električne zobne ščetke,Philips Sonicare,"Sonična zobna ščetka 2100, roza, 1 kos",29.95,EUR,8720689043502,dm,Navedene sestavine v spletni trgovini se lahko razlikujejo od tistih navedenih na embalaži ,Informacije o odstranjevanju odpadne električne in elektronske opreme,"Philips Consumer Lifestyle B.V. Tussendiepen 4, 9206 AD Drachten Netherlands https://is.gd/J0TCqD",,kos,1,4.86,7,Zdravje > Nega zob > Električne zobne ščetke,https://www.dm.si/p/d/3127303/philips-sonicare-sonicna-zobna-scetka-2100-roza,,"https://products.dm-static.com/images/f_auto,q_auto,c_fit,h_440,w_500/v1777881923/assets/pas/images/abd4bc65-719f-40ab-9189-fa574ec4e7f6/philips-sonicare-sonicna-zobna-scetka-2100-roza, https://products.dm-static.com/images/f_auto,q_auto,c_fit,h_440,w_500/v1777881928/assets/pas/images/65ca972d-a5e3-4e99-ad40-a4ac39fedb59/philips-sonicare-sonicna-zobna-scetka-2100-roza",1 kos,"Električna zobna ščetka za temeljito čiščenje  Prispeva k odstranitvi do 3krat več zobnih oblog kot ročna zobna ščetka  Z dvema nastavitvama intenzivnosti za prilagojeno nego  Vgrajena časovnika BrushPacer in SmartTimer  Baterija zdrži do 14 dni z enim polnjenjem Električna zobna ščetka Philips Sonicare 2100 v roza barvi omogoča temeljito in nežno čiščenje zob. Opremljena je z glavo ščetke InterCare, katere izjemno dolge ščetine prispevajo k učinkovitejšemu odstranjevanju zobnih oblog, zlasti na težje dostopnih mestih in med zobmi. Za prilagojeno izkušnjo sta na voljo dve nastavitvi intenzivnosti, srednja in nizka. Vgrajena časovnika, BrushPacer in SmartTimer, pomagata pri ohranjanju priporočenega časa ščetkanja. Ta električna zobna ščetka zagotavlja varno in nežno nego za sijoč nasmeh."
3103523,Električne zobne ščetke,Philips Sonicare,"Sonična zobna ščetka Sonicare 6100, 1 kos",81.95,EUR,8720689021777,dm,Navedene sestavine v spletni trgovini se lahko razlikujejo od tistih navedenih na embalaži ,,"Philips Consumer Lifestyle B.V. Tussendiepen 4, 9206 AD Drachten Netherlands",,kos,1,4.5,60,Zdravje > Nega zob > Električne zobne ščetke,https://www.dm.si/p/d/3103523/philips-sonicare-sonicna-zobna-scetka-sonicare-6100,,"https://products.dm-static.com/images/f_auto,q_auto,c_fit,h_440,w_500/v1773242012/assets/pas/images/e750124e-3629-4f55-b125-0f03c2cb3e5e/philips-sonicare-sonicna-zobna-scetka-sonicare-6100",1 kos,"Sonična zobna ščetka za občutljive zobe in dlesni  Dva načina delovanja in tri intenzivnosti  Vidni senzor pritiska za nežno čiščenje  Dolga življenjska doba baterije – do 21 dni  Opomnik za pravočasno zamenjavo glave ščetke Philips sonična zobna ščetka Sonicare 6100 združuje napredno tehnologijo in nežno nego za občutljive zobe ter dlesni. Sonična tehnologija nove generacije omogoča temeljito čiščenje z dvema načinoma delovanja in tremi stopnjami intenzivnosti. Vgrajen senzor pritiska vas opozori na premočan pritisk, baterija pa zagotavlja do 21 dni uporabe. Opomnik za zamenjavo glave ščetke poskrbi za optimalno higieno."
3081664,Električne zobne ščetke,Philips Sonicare,"Sonična zobna ščetka Sonicare 5300 - Optimal White, 1 kos",68.20,EUR,8720689022835,dm,Navedene sestavine v spletni trgovini se lahko razlikujejo od tistih navedenih na embalaži ,,"Philips Consumer Lifestyle B.V. Tussendiepen 4, 9206 AD Drachten Netherlands",,kos,1,4.7,94,Zdravje > Nega zob > Električne zobne ščetke,https://www.dm.si/p/d/3081664/philips-sonicare-sonicna-zobna-scetka-sonicare-5300-optimal-white,,"https://products.dm-static.com/images/f_auto,q_auto,c_fit,h_440,w_500/v1773242006/assets/pas/images/07ef5a66-1be6-4125-9a79-ea9fede25d0c/philips-sonicare-sonicna-zobna-scetka-sonicare-5300-optimal-white, https://products.dm-static.com/images/f_auto,q_auto,c_fit,h_440,w_500/v1773242000/assets/pas/images/e5488cfb-469c-42b6-9666-8b3ed62ef72f/philips-sonicare-sonicna-zobna-scetka-sonicare-5300-optimal-white",1 kos,"Sonična zobna ščetka za temeljito čiščenje  Napredna Sonicare tehnologija  Senzor pritiska in dve intenzivnosti  Dolga življenjska doba baterije – do 21 dni  Opomnik za pravočasno zamenjavo glave Philips sonična zobna ščetka Sonicare 5300 Optimal White združuje napredno tehnologijo za vrhunsko ustno higieno. Zahvaljujoč NextGeneration Sonicare tehnologiji učinkovito odstranjuje zobne obloge in zagotavlja nežno, a temeljito čiščenje. Senzor pritiska in dve intenzivnosti omogočata prilagoditev čiščenja vašim potrebam. Baterija zdrži do 21 dni, opomnik pa vas pravočasno opozori na zamenjavo glave ščetke. Začutite razliko pri vsakodnevni negi zob."
2119805,Električne zobne ščetke,Philips Sonicare,"Sonična električna zobna ščetka za otroke For Kids, 1 kos",44.95,EUR,8710103948469,dm,Navedene sestavine v spletni trgovini se lahko razlikujejo od tistih navedenih na embalaži ,Informacije o odstranjevanju odpadne električne in elektronske opreme,"Philips Consumer Lifestyle B.V. Tussendiepen 4, 9206 AD Drachten Netherlands",,kos,1,4.7,1186,Zdravje > Nega zob > Izdelki za otroke,https://www.dm.si/p/d/2119805/philips-sonicare-sonicna-elektricna-zobna-scetka-za-otroke-for-kids,"1 x sonična ščetka,  1 x standardni nastavek,  1 x mini nastavek,  1 x polnilec,  8 x nalepka","https://products.dm-static.com/images/f_auto,q_auto,c_fit,h_440,w_500/v1747531378/assets/pas/images/ca9bf653-32a2-4820-b96b-299219b12899/philips-sonicare-sonicna-elektricna-zobna-scetka-za-otroke-for-kids",1 kos,"Za 75 % učinkovitejša kot navadna zobna ščetka  Bluetooth povezava z interaktivno aplikacijo, ki otroke motivira k samostojnemu, boljšemu in daljšemu čiščenju  2 otroška načina za nežno in učinkovito čiščenje  KidTimer in KidPacer Philips Sonicare For Kids je sonična električna zobna ščetka za otroke, ki je 75 % učinkovitejša kot navadna zobna ščetka. Omogoča Bluetooth povezavo z interaktivno aplikacijo, ki ščetkanje naredi zabavnejše ter tako motivira otroke k samostojnemu, boljšemu in daljšemu čiščenju. Otroci se z rabo aplikacije zamotijo in pridobijo zdrave navade, ki jim ostanejo za celo življenje. Philips Sonicare sonična ščetka For Kids ima 2 načina čiščenja: nizka intenzivnost za otroke od 3. leta in višja za otroke od 7. leta dalje. Funkciji KidTimer in KidPacer zagotavljata pravilno, nežno in učinkovito čiščenje. Gumijasta glava ščetke ščiti mlade zobke, dinamični učinek čiščenja pa povzroči pretok tekočine v medzobne prostore. Priložene so tudi zamenljive nalepke za zobno ščetko, s katerimi lahko otroci po svoji želji kadarkoli prilagodijo videz svoje ščetke. Pakiranje Philips Sonicare For Kids vsebuje 1 sonično ščetko Sonicare for Kids z Bluetooth povezavo, 1 otroški nastavek za ščetko Standard (za starost 7 let +), 1 nastavek Mini (za starost 3 leta +), 1 polnilec, 8 nalepk."
1622598,Električne zobne ščetke,Philips Sonicare,"Otroška sonična električna zobna ščetka For Kids, 1 Set",44.95,EUR,8710103770237,dm,Navedene sestavine v spletni trgovini se lahko razlikujejo od tistih navedenih na embalaži ,Informacije o odstranjevanju odpadne električne in elektronske opreme,"Philips Consumer Lifestyle B.V. Tussendiepen 4, 9206 AD Drachten Netherlands",,kos,1,4.69,1332,Zdravje > Nega zob > Izdelki za otroke,https://www.dm.si/p/d/1622598/philips-sonicare-otroska-sonicna-elektricna-zobna-scetka-for-kids,,"https://products.dm-static.com/images/f_auto,q_auto,c_fit,h_440,w_500/v1747531737/assets/pas/images/c83eb56f-e997-4a0d-9180-8ec21a00cfd0/philips-sonicare-otroska-sonicna-elektricna-zobna-scetka-for-kids, https://products.dm-static.com/images/f_auto,q_auto,c_fit,h_440,w_500/v1747532071/assets/pas/images/fc9477f1-7af3-4a4d-a9f0-f454a59ae95b/philips-sonicare-otroska-sonicna-elektricna-zobna-scetka-for-kids, https://products.dm-static.com/images/f_auto,q_auto,c_fit,h_440,w_500/v1747531737/assets/pas/images/9b0921ba-bffd-478a-a8dc-0e3501892fdf/philips-sonicare-otroska-sonicna-elektricna-zobna-scetka-for-kids, https://products.dm-static.com/images/f_auto,q_auto,c_fit,h_440,w_500/v1747531892/assets/pas/images/6160644b-2406-4727-b6d4-41664048820a/philips-sonicare-otroska-sonicna-elektricna-zobna-scetka-for-kids",1 kos,
3123047,Nadomestne glave,Philips Sonicare,"Nadomestne glave za zobno ščetko InterCare, 4 kos",25.95,EUR,8720689052658,dm,Navedene sestavine v spletni trgovini se lahko razlikujejo od tistih navedenih na embalaži ,,"Philips Consumer Lifestyle B.V. Tussendiepen 4, 9206 AD Drachten Netherlands",,kos,1,4.76,98,Zdravje > Nega zob > Nadomestne glave,https://www.dm.si/p/d/3123047/philips-sonicare-nadomestne-glave-za-zobno-scetko-intercare,,"https://products.dm-static.com/images/f_auto,q_auto,c_fit,h_440,w_500/v1773965947/assets/pas/images/661e405d-caa2-4a2b-b46e-138d9046d1d0/philips-sonicare-nadomestne-glave-za-zobno-scetko-intercare, https://products.dm-static.com/images/f_auto,q_auto,c_fit,h_440,w_500/v1778711172/assets/pas/images/834cd302-eabf-4dc0-a527-f73dfd2bf159/philips-sonicare-nadomestne-glave-za-zobno-scetko-intercare",1 kos,"Nadomestni nastavki za električno zobno ščetko  Za temeljito čiščenje medzobnih prostorov  Z izjemno dolgimi ščetinami za težko dostopna mesta  Tehnologija Sonicare Fluid Action za globinsko čiščenje  Vsebuje 70 % plastike na biološki osnovi Nadomestne glave za zobno ščetko Philips InterCare HX9004/87 so posebej zasnovane za temeljito čiščenje medzobnih prostorov. Kot nadomestne glave za ščetke Philips Sonicare pomagajo odstraniti skrite zobne obloge. Izjemno dolge ščetine dosežejo ozke medzobne prostore in odstranijo do trikrat več oblog kot ročna zobna ščetka. Tehnologija Sonicare Fluid Action usmerja tekočino globoko med zobe za še boljše čiščenje. Glave so združljive z vsemi ročaji Sonicare in imajo funkcijo BrushSync, ki opozori na čas za menjavo. Izdelane so iz 70 % plastike na biološki osnovi, kar poudarja trajnostni vidik izdelka."
3064471,Nadomestne glave,Philips Sonicare,"Nadomestne glave za električno zobno ščetko W2..., 4 kos",33.95,EUR,8720689035064,dm,Navedene sestavine v spletni trgovini se lahko razlikujejo od tistih navedenih na embalaži ,,"Philips Consumer Lifestyle B.V. Tussendiepen 4, 9206 AD Drachten Netherlands",,kos,1,4.83,322,Zdravje > Nega zob > Nadomestne glave,https://www.dm.si/p/d/3064471/philips-sonicare-nadomestne-glave-za-elektricno-zobno-scetko-w2-optimal-white-crne,,"https://products.dm-static.com/images/f_auto,q_auto,c_fit,h_440,w_500/v1773241988/assets/pas/images/b263c9ef-6a3b-4ff3-888e-312466e5ee09/philips-sonicare-nadomestne-glave-za-elektricno-zobno-scetko-w2-optimal-white-crne, https://products.dm-static.com/images/f_auto,q_auto,c_fit,h_440,w_500/v1773241984/assets/pas/images/f4ac71d7-d82f-4b9a-9a2b-6e6d01ed2f57/philips-sonicare-nadomestne-glave-za-elektricno-zobno-scetko-w2-optimal-white-crne",1 kos,"Za do 100 % bolj bele zobe v samo enem tednu  Odstranijo do 7krat več zobnih oblog kot ročna zobna ščetka  Ščetine v obliki diamanta za učinkovito odstranjevanje madežev  Združljive z vsemi ročaji Philips Sonicare (razen Philips One)  S funkcijo BrushSync za opozarjanje na menjavo Nadomestne glave za zobno ščetko Philips Sonicare W2 Optimal White so zasnovane za učinkovito odstranjevanje zobnih oblog in površinskih madežev. Gosto posejane, visokokakovostne ščetine v obliki diamanta dokazano odstranijo do 7krat več zobnih oblog kot ročna zobna ščetka. Že v enem tednu lahko dosežete bolj bele zobe in sijoč nasmeh. Tehnologija BrushSync vas opozori, kdaj je čas za zamenjavo glave, kar zagotavlja optimalno delovanje. Združljive so z vsemi ročaji Philips Sonicare, razen z modeli Philips One."
3064479,Nadomestne glave,Philips Sonicare,"Nadomestne glave za električno zobno ščetko S2..., 4 kos",28.20,EUR,8720689036870,dm,Navedene sestavine v spletni trgovini se lahko razlikujejo od tistih navedenih na embalaži ,,"Philips Consumer Lifestyle B.V. Tussendiepen 4, 9206 AD Drachten Netherlands",,kos,1,4.51,71,Zdravje > Nega zob > Nadomestne glave,https://www.dm.si/p/d/3064479/philips-sonicare-nadomestne-glave-za-elektricno-zobno-scetko-s2-sensitive,,"https://products.dm-static.com/images/f_auto,q_auto,c_fit,h_440,w_500/v1773241996/assets/pas/images/2486a4b1-36f7-4c6d-8d3d-6c899be1df7c/philips-sonicare-nadomestne-glave-za-elektricno-zobno-scetko-s2-sensitive, https://products.dm-static.com/images/f_auto,q_auto,c_fit,h_440,w_500/v1773241993/assets/pas/images/51d3b4b3-4668-4d12-8bcf-f50afa70ef91/philips-sonicare-nadomestne-glave-za-elektricno-zobno-scetko-s2-sensitive",1 kos,"Nadomestne glave za občutljive zobe in dlesni  Izjemno mehke ščetine za nežno čiščenje  Učinkovito odstranjevanje zobnih oblog  Združljive z različnimi modeli Sonicare*  Paket vsebuje 4 nadomestne glave Philips Sonicare nadomestne glave S2 Sensitive so posebej zasnovane za nežno čiščenje občutljivih zob in dlesni. Izjemno mehke ščetine zagotavljajo nežno, a učinkovito odstranjevanje zobnih oblog, hkrati pa zmanjšujejo draženje dlesni. Glave so združljive z različnimi modeli električnih zobnih ščetk Sonicare* in so idealne za vsakodnevno nego občutljive ustne votline. Paket vsebuje štiri nadomestne glave za dolgotrajno uporabo. *Primerne so za vse ročke Philips Sonicare s clickon sistemom. Niso združljive z ročkami Philips One."
3049647,Nadomestne glave,Philips Sonicare,"Nadomestne glave za električno zobno ščetko For..., 4 kos",20.00,EUR,8720689036849,dm,Navedene sestavine v spletni trgovini se lahko razlikujejo od tistih navedenih na embalaži ,,"Philips Consumer Lifestyle B.V. Tussendiepen 4, 9206 AD Drachten Netherlands",,kos,1,4.83,72,Zdravje > Nega zob > Nadomestne glave,https://www.dm.si/p/d/3049647/philips-sonicare-nadomestne-glave-za-elektricno-zobno-scetko-for-kids-7,,"https://products.dm-static.com/images/f_auto,q_auto,c_fit,h_440,w_500/v1773241996/assets/pas/images/259563fe-17d1-4e12-b2f7-4bac9c32f5a7/philips-sonicare-nadomestne-glave-za-elektricno-zobno-scetko-for-kids-7, https://products.dm-static.com/images/f_auto,q_auto,c_fit,h_440,w_500/v1773241993/assets/pas/images/573c0b73-91cb-42d7-b0e1-78452259407c/philips-sonicare-nadomestne-glave-za-elektricno-zobno-scetko-for-kids-7",1 kos,"Nadomestne glave za otroke, starejše od 7 let  Mehke ščetine za nežno in temeljito čiščenje  Združljive z vsemi Sonicare for Kids ročkami  Prilagojene občutljivim zobem in dlesnim  Izdelane iz 70 % plastike iz bioloških virov Philips Sonicare nadomestne glave za zobno ščetko so popolna izbira za otroke od 7. leta starosti dalje. Z mehkimi ščetinami zagotavljajo nežno, a učinkovito čiščenje zob in odstranjevanje oblog. Združljive so z vsemi ročkami Sonicare for Kids in so posebej oblikovane za občutljive otroške zobe in dlesni. Poleg tega so izdelane iz 70 % plastike na osnovi bioloških virov, kar prispeva k bolj odgovorni uporabi materialov. Poskrbite za zdrav nasmeh vašega otroka z napredno nego zob."
3064505,Nadomestne glave,Philips Sonicare,"Nadomestne glave za električno zobno ščetko W2..., 4 kos",33.95,EUR,8720689036450,dm,Navedene sestavine v spletni trgovini se lahko razlikujejo od tistih navedenih na embalaži ,,"Philips Consumer Lifestyle B.V. Tussendiepen 4, 9206 AD Drachten Netherlands",,kos,1,4.84,321,Zdravje > Nega zob > Nadomestne glave,https://www.dm.si/p/d/3064505/philips-sonicare-nadomestne-glave-za-elektricno-zobno-scetko-w2-optimal-white,,"https://products.dm-static.com/images/f_auto,q_auto,c_fit,h_440,w_500/v1771457712/assets/pas/images/bf7deb64-7c27-480f-9864-f84a036a9c0e/philips-sonicare-nadomestne-glave-za-elektricno-zobno-scetko-w2-optimal-white, https://products.dm-static.com/images/f_auto,q_auto,c_fit,h_440,w_500/v1771457709/assets/pas/images/987f7484-cf07-4a2b-b1fe-161ef92127ca/philips-sonicare-nadomestne-glave-za-elektricno-zobno-scetko-w2-optimal-white",1 kos,Nadomestne glave za naravno beljenje zob  Srednje mehke ščetine za temeljito čiščenje  Učinkovito odstranjevanje zobnih oblog in madežev  Združljive z različnimi modeli Sonicare*  Paket vsebuje 4 nadomestne glave Philips Sonicare nadomestne glave W2 Optimal White so zasnovane za učinkovito odstranjevanje zobnih oblog in naravno beljenje zob. Srednje mehke ščetine z gostim vzorcem omogočajo temeljito čiščenje in pomagajo odstraniti površinske madeže za bolj bel nasmeh. Združljive so z različnimi modeli električnih zobnih ščetk Sonicare* in so idealne za vsakodnevno nego zob. Paket vsebuje štiri nadomestne glave za dolgotrajno uporabo. *Primerne so za vse ročke Philips Sonicare s clickon sistemom. Niso združljive z ročkami Philips One.
3049606,Nadomestne glave,Philips Sonicare,"Nadomestne glave za električno zobno ščetko C1..., 4 kos",26.95,EUR,8720689036771,dm,Navedene sestavine v spletni trgovini se lahko razlikujejo od tistih navedenih na embalaži ,,"Philips Consumer Lifestyle B.V. Tussendiepen 4, 9206 AD Drachten Netherlands",,kos,1,4.68,154,Zdravje > Nega zob > Nadomestne glave,https://www.dm.si/p/d/3049606/philips-sonicare-nadomestne-glave-za-elektricno-zobno-scetko-c1-proresults,,"https://products.dm-static.com/images/f_auto,q_auto,c_fit,h_440,w_500/v1773241988/assets/pas/images/3e2ecdfc-4b57-4198-b1dc-2715d1c85089/philips-sonicare-nadomestne-glave-za-elektricno-zobno-scetko-c1-proresults, https://products.dm-static.com/images/f_auto,q_auto,c_fit,h_440,w_500/v1773241985/assets/pas/images/4980da04-9c30-442f-af0f-42c15fe8c4db/philips-sonicare-nadomestne-glave-za-elektricno-zobno-scetko-c1-proresults",1 kos,"Nadomestne glave za električne ščetke Sonicare  Srednje mehke ščetine za nežno in temeljito čiščenje  Učinkovito odstranjevanje zobnih oblog  Združljive z različnimi modeli Sonicare  Paket vsebuje 4 nadomestne glave Philips Sonicare nadomestne glave C1 ProResults so zasnovane za učinkovito odstranjevanje zobnih oblog in zagotavljanje temeljite ustne higiene. Srednje mehke ščetine omogočajo nežno, a temeljito čiščenje, ki je primerno za vsakodnevno uporabo. Glave so združljive z različnimi modeli električnih zobnih ščetk Sonicare* in zagotavljajo optimalno nego zob in dlesni. Paket vsebuje štiri nadomestne glave za dolgotrajno uporabo.*Primerne so za vse ročke Philips Sonicare s clickon sistemom. Niso združljive z ročkami Philips One."
3067530,Nadomestne glave,Philips Sonicare,"Nadomestne glave za električno zobno ščetko G3..., 3 kos",25.95,EUR,8720689037013,dm,Navedene sestavine v spletni trgovini se lahko razlikujejo od tistih navedenih na embalaži ,,"Philips Consumer Lifestyle B.V. Tussendiepen 4, 9206 AD Drachten Netherlands",,kos,1,4.7,160,Zdravje > Nega zob > Nadomestne glave,https://www.dm.si/p/d/3067530/philips-sonicare-nadomestne-glave-za-elektricno-zobno-scetko-g3-premium-gum-care,,"https://products.dm-static.com/images/f_auto,q_auto,c_fit,h_440,w_500/v1773241997/assets/pas/images/b4861854-d3af-4df1-9e5b-de72fbb39a2b/philips-sonicare-nadomestne-glave-za-elektricno-zobno-scetko-g3-premium-gum-care, https://products.dm-static.com/images/f_auto,q_auto,c_fit,h_440,w_500/v1773241993/assets/pas/images/b0a60412-bd5f-4e61-bf9d-ffafc4d908fb/philips-sonicare-nadomestne-glave-za-elektricno-zobno-scetko-g3-premium-gum-care",1 kos,"Nadomestne glave za globinsko čiščenje in nego dlesni  Mehke ščetine za nežno in učinkovito čiščenje  Spodbujajo zdravje dlesni z zmanjšanjem pritiska  Združljive z različnimi modeli Sonicare*  Paket vsebuje 3 nadomestne glave (2+1 gratis) Philips Sonicare nadomestne glave G3 Premium Gum Care so posebej zasnovane za globinsko čiščenje in nežno nego dlesni. Mehke ščetine z zaobljenimi konicami učinkovito odstranjujejo zobne obloge, hkrati pa zmanjšujejo pritisk na dlesni in spodbujajo njihovo zdravje. Združljive so z različnimi modeli električnih zobnih ščetk Sonicare*, kar omogoča prilagodljivo uporabo. Paket vsebuje tri nadomestne glave (2+1 gratis) za dolgotrajno nego ustne higiene.*Primerne so za vse ročke Philips Sonicare s clickon sistemom. Niso združljive z ročkami Philips One."
3063827,Nadomestne glave,Philips Sonicare,"Nadomestne glave za električno zobno ščetko C3..., 3 kos",25.95,EUR,8720689036931,dm,Navedene sestavine v spletni trgovini se lahko razlikujejo od tistih navedenih na embalaži ,,"Philips Consumer Lifestyle B.V. Tussendiepen 4, 9206 AD Drachten Netherlands",,kos,1,4.74,250,Zdravje > Nega zob > Nadomestne glave,https://www.dm.si/p/d/3063827/philips-sonicare-nadomestne-glave-za-elektricno-zobno-scetko-c3-premium-plaque-defence,,"https://products.dm-static.com/images/f_auto,q_auto,c_fit,h_440,w_500/v1773241988/assets/pas/images/36b90adc-4c25-4d89-a172-e103f648cf5c/philips-sonicare-nadomestne-glave-za-elektricno-zobno-scetko-c3-premium-plaque-defence, https://products.dm-static.com/images/f_auto,q_auto,c_fit,h_440,w_500/v1773241984/assets/pas/images/6cb24bcd-48bf-47f1-88e4-c6641799438f/philips-sonicare-nadomestne-glave-za-elektricno-zobno-scetko-c3-premium-plaque-defence",1 kos,"Nadomestne glave za globinsko čiščenje zob  Srednje mehke ščetine za temeljito nego  Učinkovito odstranjevanje zobnih oblog  Združljive z različnimi modeli Sonicare*  Paket vsebuje 3 nadomestne glave (2+1 gratis) Philips Sonicare nadomestne glave C3 Premium Plaque Defence so zasnovane za globinsko čiščenje in učinkovito odstranjevanje zobnih oblog, tudi na težje dostopnih mestih. Srednje mehke ščetine se prilagodijo obliki zob in dlesni, kar zagotavlja temeljito nego in bolj bel nasmeh. Združljive so z različnimi modeli električnih zobnih ščetk Sonicare*. Paket vsebuje tri nadomestne glave (2+1 gratis) za dolgotrajno uporabo.*Primerne so za vse ročke Philips Sonicare s clickon sistemom. Niso združljive z ročkami Philips One."
2473164,Dojenje,PHILIPS AVENT,"Električna prsna črpalka Advanced, 1 kos",115.95,EUR,8720689021869,dm,Navedene sestavine v spletni trgovini se lahko razlikujejo od tistih navedenih na embalaži ,,"Philips Consumer Lifestyle B.V. Tussendiepen 4, 9206 AD Drachten Netherlands",,kos,1,4.67,111,Dojenček in otrok > Dojenje > Prsne črpalke in ostalo,https://www.dm.si/p/d/2473164/philips-avent-elektricna-prsna-crpalka-advanced,,"https://products.dm-static.com/images/f_auto,q_auto,c_fit,h_440,w_500/v1747534958/assets/pas/images/c34baa18-ee33-4b10-820c-f531792472b1/philips-avent-elektricna-prsna-crpalka-advanced, https://products.dm-static.com/images/f_auto,q_auto,c_fit,h_440,w_500/v1773656711/assets/pas/images/15eb3bb9-f410-4791-ba30-506ed55fe1d1/philips-avent-elektricna-prsna-crpalka-advanced, https://products.dm-static.com/images/f_auto,q_auto,c_fit,h_440,w_500/v1773656705/assets/pas/images/36013af7-fe54-444a-b8ac-803a80d6d025/philips-avent-elektricna-prsna-crpalka-advanced",1 kos,"Električna prsna črpalka  Tehnologija Natural Motion za hitrejši pretok mleka  Udobna blazinica, ki se prilagaja obliki bradavice  Funkcija pomnjenja načina črpanja  Enostavna za čiščenje in hitro sestavljiva Philips Avent električna prsna črpalka Advanced združuje udobje in učinkovitost. Tehnologija Natural Motion omogoča hitrejši pretok mleka z močnim sesanjem in stimulacijo. Mehka blazinica se prilagaja obliki bradavice, kar zagotavlja udobno izkušnjo. Funkcija pomnjenja shrani vaš najljubši način črpanja. Črpalka je enostavna za čiščenje in hitro sestavljiva."
2123295,Dojenje,PHILIPS AVENT,"Prsne blazinice Ultra comfort and confidence, 100 kos",11.95,EUR,8710103845768,dm,Navedene sestavine v spletni trgovini se lahko razlikujejo od tistih navedenih na embalaži ,,Philips Consumer Lifestyle B.V. Tussendiepen 4 9206 AD Drachten Netherlands https://www.philips.si/c-w/podpora/support-contact-page.html,,kos,1,4.83,70,Dojenček in otrok > Dojenje > Blazinice za dojenje,https://www.dm.si/p/d/2123295/philips-avent-prsne-blazinice-ultra-comfort-and-confidence,,"https://products.dm-static.com/images/f_auto,q_auto,c_fit,h_440,w_500/v1747531356/assets/pas/images/6deb9705-9432-4776-af4f-b7408ed35ef1/philips-avent-prsne-blazinice-ultra-comfort-and-confidence, https://products.dm-static.com/images/f_auto,q_auto,c_fit,h_440,w_500/v1773656753/assets/pas/images/1c6873c0-0118-4948-9e99-7b429ef86e88/philips-avent-prsne-blazinice-ultra-comfort-and-confidence",1 kos,"Preprečujejo uhajanje mleka  Tanke in diskretne  Vpojno triplastno jedro  Nepropusten in zračen zunanji sloj  Mehka vrhnja plast Philips Avent prsne blazinice Ultra comfort and confidence za enkratno uporabo so izjemno tanke in diskretne, imajo izredno vpojno triplastno jedro, nepropusten in zračen zunanji sloj ter svilnato mehko vrhnjo plast, zato so izjemno udobna in zanesljiva podpora pri dojenju, saj preprečujejo uhajanje mleka ob straneh in vam tako zagotavljajo celodnevno lahkotnost, udobje in suhost."
2278970,Dojenje,PHILIPS AVENT,"Ščitnik za bradavice, velikost M, 2 kos",11.55,EUR,8710103915089,dm,Navedene sestavine v spletni trgovini se lahko razlikujejo od tistih navedenih na embalaži ,,"Philips Consumer Lifestyle B.V. Tussendiepen 4, 9206 AD Drachten Netherlands",,kos,1,4.71,152,Dojenček in otrok > Dojenje > Nega med dojenjem,https://www.dm.si/p/d/2278970/philips-avent-scitnik-za-bradavice-velikost-m,,"https://products.dm-static.com/images/f_auto,q_auto,c_fit,h_440,w_500/v1747531931/assets/pas/images/646a4b25-1808-4ac9-ad4d-b20564f516e3/philips-avent-scitnik-za-bradavice-velikost-m, https://products.dm-static.com/images/f_auto,q_auto,c_fit,h_440,w_500/v1773656724/assets/pas/images/af781399-a054-4bb8-ab53-590178f21c0d/philips-avent-scitnik-za-bradavice-velikost-m",1 kos,"Zaščita razdraženih ali razpokanih bradavic  Brez vonja in okusa  Priročna higienska torbica za shranjevanje in potovanja  Iz izjemno tankega silikona za udoben stik z dojko  Velikost M PHILIPS AVENT ščitnik za bradavice SCF156/00 ščiti razdražene ali razpokane bradavice med dojenjem in je izdelan iz izjemno tankega, nežnega in mehkega silikona, brez vonja in okusa. Pakiranje vključuje priročno higiensko torbico za shranjevanje in potovanja."
2278969,Dojenje,PHILIPS AVENT,"Ščitnik za bradavice, velikost S, 2 kos",11.55,EUR,8710103915072,dm,Navedene sestavine v spletni trgovini se lahko razlikujejo od tistih navedenih na embalaži ,,"Philips Consumer Lifestyle B.V. Tussendiepen 4, 9206 AD Drachten Netherlands",,kos,1,4.71,151,Dojenček in otrok > Dojenje > Nega med dojenjem,https://www.dm.si/p/d/2278969/philips-avent-scitnik-za-bradavice-velikost-s,,"https://products.dm-static.com/images/f_auto,q_auto,c_fit,h_440,w_500/v1747531593/assets/pas/images/345d224f-f205-439c-bd3e-758d8f958602/philips-avent-scitnik-za-bradavice-velikost-s",1 kos,"Zaščita razdraženih ali razpokanih bradavic  Brez vonja in okusa  Priročna higienska torbica za shranjevanje in potovanja  Iz izjemno tankega silikona za udoben stik z dojko PHILIPS AVENT ščitnik za bradavice SCF156/00 ščiti razdražene ali razpokane bradavice med dojenjem in je izdelan iz izjemno tankega, nežnega in mehkega silikona, brez vonja in okusa. Pakiranje vključuje priročno higiensko torbico za shranjevanje in potovanja."
1542956,Dojenje,PHILIPS AVENT,"Prsne blazinice, 60 kos",8.95,EUR,8710103980438,dm,Navedene sestavine v spletni trgovini se lahko razlikujejo od tistih navedenih na embalaži ,,Philips Consumer Lifestyle B.V. Tussendiepen 4 9206 AD Drachten Netherlands https://www.philips.si/c-w/podpora/support-contact-page.html,,kos,1,4.62,158,Dojenček in otrok > Dojenje > Blazinice za dojenje,https://www.dm.si/p/d/1542956/philips-avent-prsne-blazinice,,"https://products.dm-static.com/images/f_auto,q_auto,c_fit,h_440,w_500/v1747532596/assets/pas/images/e2e4654e-cdec-4530-9fd9-57b638ca6879/philips-avent-prsne-blazinice, https://products.dm-static.com/images/f_auto,q_auto,c_fit,h_440,w_500/v1773656735/assets/pas/images/1665c21c-14d8-4cf5-90ed-6e6a5594878f/philips-avent-prsne-blazinice",1 kos,"Preprečujejo uhajanje mleka  Tanke in diskretne  Vpojno triplastno jedro  Nepropusten in zračen zunanji sloj  Mehka vrhnja plast Avent prsne blazinice za enkratno uporabo so izjemno tanke in diskretne, imajo izredno vpojno triplastno jedro, nepropusten in zračen zunanji sloj ter svilnato mehko vrhnjo plast, zato so izjemno udobna in zanesljiva podpora pri dojenju, saj preprečujejo uhajanje mleka ob straneh in vam tako zagotavljajo celodnevno lahkotnost, udobje in suhost."
1888446,Dojenje,PHILIPS AVENT,"Ročna prsna črpalka SCF430/10, 1 kos",45.95,EUR,8710103943969,dm,Navedene sestavine v spletni trgovini se lahko razlikujejo od tistih navedenih na embalaži ,,"Philips Consumer Lifestyle B.V. Tussendiepen 4, 9206 AD Drachten Netherlands",,kos,1,4.71,469,Dojenček in otrok > Dojenje > Prsne črpalke in ostalo,https://www.dm.si/p/d/1888446/philips-avent-rocna-prsna-crpalka-scf430-10,,"https://products.dm-static.com/images/f_auto,q_auto,c_fit,h_440,w_500/v1747532515/assets/pas/images/979ce2a8-b0ca-4d43-97df-7ffd1e87e999/philips-avent-rocna-prsna-crpalka-scf430-10, https://products.dm-static.com/images/f_auto,q_auto,c_fit,h_440,w_500/v1747532181/assets/pas/images/d9d0f559-7fc1-4f41-8035-35d313959472/philips-avent-rocna-prsna-crpalka-scf430-10, https://products.dm-static.com/images/f_auto,q_auto,c_fit,h_440,w_500/v1747532070/assets/pas/images/22c7c78d-1ca4-4ab4-8cf5-71187ba28112/philips-avent-rocna-prsna-crpalka-scf430-10, https://products.dm-static.com/images/f_auto,q_auto,c_fit,h_440,w_500/v1747532067/assets/pas/images/1659de50-427c-4d6c-a7ed-f42e27cf3cb0/philips-avent-rocna-prsna-crpalka-scf430-10, https://products.dm-static.com/images/f_auto,q_auto,c_fit,h_440,w_500/v1747532070/assets/pas/images/31ec2c45-7c60-4bb4-9dda-e411ccc3ac5b/philips-avent-rocna-prsna-crpalka-scf430-10, https://products.dm-static.com/images/f_auto,q_auto,c_fit,h_440,w_500/v1747532181/assets/pas/images/7c2ba2f7-8bf0-4480-8bc6-7a94fb23f619/philips-avent-rocna-prsna-crpalka-scf430-10",1 kos,"Hiter pretok mleka s tehnologijo naravnega gibanja  Udobno črpanje  Brez nagibanja naprej AVENT ročna prsna črpalka SCF430/10 s pomočjo tehnologije naravnega gibanja združuje nežno stiskanje in črpanje, ki stimulirata pretok mleka. Zasnovana je tako, da se vam ni potrebno nagibati naprej, zato omogoča kar se da udobno črpanje mleka. Črpalka AVENT je kompaktna in lahka, zato jo lahko enostavno vzamete s seboj kamorkoli greste. Ima malo sestavnih delov in je enostavna za čiščenje.* *Odgovarja 99,98 % velikostim bradavic (do 30 mm)."
2123295,Blazinice za dojenje,PHILIPS AVENT,"Prsne blazinice Ultra comfort and confidence, 100 kos",11.95,EUR,8710103845768,dm,Navedene sestavine v spletni trgovini se lahko razlikujejo od tistih navedenih na embalaži ,,Philips Consumer Lifestyle B.V. Tussendiepen 4 9206 AD Drachten Netherlands https://www.philips.si/c-w/podpora/support-contact-page.html,,kos,1,4.83,70,Dojenček in otrok > Dojenje > Blazinice za dojenje,https://www.dm.si/p/d/2123295/philips-avent-prsne-blazinice-ultra-comfort-and-confidence,,"https://products.dm-static.com/images/f_auto,q_auto,c_fit,h_440,w_500/v1747531356/assets/pas/images/6deb9705-9432-4776-af4f-b7408ed35ef1/philips-avent-prsne-blazinice-ultra-comfort-and-confidence, https://products.dm-static.com/images/f_auto,q_auto,c_fit,h_440,w_500/v1773656753/assets/pas/images/1c6873c0-0118-4948-9e99-7b429ef86e88/philips-avent-prsne-blazinice-ultra-comfort-and-confidence",1 kos,"Preprečujejo uhajanje mleka  Tanke in diskretne  Vpojno triplastno jedro  Nepropusten in zračen zunanji sloj  Mehka vrhnja plast Philips Avent prsne blazinice Ultra comfort and confidence za enkratno uporabo so izjemno tanke in diskretne, imajo izredno vpojno triplastno jedro, nepropusten in zračen zunanji sloj ter svilnato mehko vrhnjo plast, zato so izjemno udobna in zanesljiva podpora pri dojenju, saj preprečujejo uhajanje mleka ob straneh in vam tako zagotavljajo celodnevno lahkotnost, udobje in suhost."
1542956,Blazinice za dojenje,PHILIPS AVENT,"Prsne blazinice, 60 kos",8.95,EUR,8710103980438,dm,Navedene sestavine v spletni trgovini se lahko razlikujejo od tistih navedenih na embalaži ,,Philips Consumer Lifestyle B.V. Tussendiepen 4 9206 AD Drachten Netherlands https://www.philips.si/c-w/podpora/support-contact-page.html,,kos,1,4.62,158,Dojenček in otrok > Dojenje > Blazinice za dojenje,https://www.dm.si/p/d/1542956/philips-avent-prsne-blazinice,,"https://products.dm-static.com/images/f_auto,q_auto,c_fit,h_440,w_500/v1747532596/assets/pas/images/e2e4654e-cdec-4530-9fd9-57b638ca6879/philips-avent-prsne-blazinice, https://products.dm-static.com/images/f_auto,q_auto,c_fit,h_440,w_500/v1773656735/assets/pas/images/1665c21c-14d8-4cf5-90ed-6e6a5594878f/philips-avent-prsne-blazinice",1 kos,"Preprečujejo uhajanje mleka  Tanke in diskretne  Vpojno triplastno jedro  Nepropusten in zračen zunanji sloj  Mehka vrhnja plast Avent prsne blazinice za enkratno uporabo so izjemno tanke in diskretne, imajo izredno vpojno triplastno jedro, nepropusten in zračen zunanji sloj ter svilnato mehko vrhnjo plast, zato so izjemno udobna in zanesljiva podpora pri dojenju, saj preprečujejo uhajanje mleka ob straneh in vam tako zagotavljajo celodnevno lahkotnost, udobje in suhost."
1916523,Britvice,PHILIPS OneBlade,"Nadomestne glave za brivnik 360 blade, 1 kos",24.95,EUR,8710103997153,dm,Navedene sestavine v spletni trgovini se lahko razlikujejo od tistih navedenih na embalaži ,,"Philips Consumer Lifestyle B.V. Tussendiepen 4, 9206 AD Drachten Netherlands",,kos,1,4.56,1627,Nega in dišave > Nega za moške > Depilacija in britje,https://www.dm.si/p/d/1916523/philips-oneblade-nadomestne-glave-za-brivnik-360-blade,,"https://products.dm-static.com/images/f_auto,q_auto,c_fit,h_440,w_500/v1747532412/assets/pas/images/35d4d8f4-6d37-4fd5-9b02-f3774a6ca30c/philips-oneblade-nadomestne-glave-za-brivnik-360-blade, https://products.dm-static.com/images/f_auto,q_auto,c_fit,h_440,w_500/v1748668418/assets/pas/images/37e9cb3e-aa2c-4b58-83f8-95a59b419231/philips-oneblade-nadomestne-glave-za-brivnik-360-blade, https://products.dm-static.com/images/f_auto,q_auto,c_fit,h_440,w_500/v1747532941/assets/pas/images/ba6bed0c-cc32-4ae4-9a8c-a2786acd1503/philips-oneblade-nadomestne-glave-za-brivnik-360-blade",1 kos,"Nadomestne glave za hibridni oblikovalnik  Prirezujejo, brijejo in ustvarjajo čiste linije  Za vse dolžine dlačic  Gibljiva glava PHILIPS OneBlade je nov, revolucionaren hibridni oblikovalnik, ki prirezuje, brije in ustvarja čiste linije ter robove ne glede na dolžino dlačic. Pozabite na številne korake in pripomočke. Oblikovalnik OneBlade 360 blade poskrbi za vse."
1574418,Britvice,PHILIPS OneBlade,"Nadomestne glave za brivnik 360 blade, 3 kos",35.95,EUR,8710103997177,dm,Navedene sestavine v spletni trgovini se lahko razlikujejo od tistih navedenih na embalaži ,,"Philips Consumer Lifestyle B.V. Tussendiepen 4, 9206 AD Drachten Netherlands",,kos,1,4.58,1753,Nega in dišave > Nega za moške > Depilacija in britje,https://www.dm.si/p/d/1574418/philips-oneblade-nadomestne-glave-za-brivnik-360-blade,,"https://products.dm-static.com/images/f_auto,q_auto,c_fit,h_440,w_500/v1765962133/assets/pas/images/b55213bc-8352-4ef6-9df0-826204581e1f/philips-oneblade-nadomestne-glave-za-brivnik-360-blade, https://products.dm-static.com/images/f_auto,q_auto,c_fit,h_440,w_500/v1770731621/assets/pas/images/8d534ddc-b72b-4325-a6fc-55e032019ef7/philips-oneblade-nadomestne-glave-za-brivnik-360-blade",1 kos,"Nadomestna rezila za brivnik 360 blade  360stopinjsko rezilo za enakomeren stik s kožo  Dvostransko rezilo za natančno oblikovanje  Primerno za mokro in suho uporabo Philips OneBlade nadomestna rezila 360 so idealna za vse, ki si želijo hitro, natančno in koži prijazno oblikovanje brade. Inovativno 360stopinjsko rezilo se prilagodi obliki obraza in omogoča enostavno britje tudi na težko dostopnih mestih. Dvostransko rezilo omogoča natančno oblikovanje in popolne konture. Rezila so primerna za mokro in suho uporabo, s peno ali brez. Philips OneBlade nadomestna rezila 360 so vodoodporna in enostavna za čiščenje. Za optimalno delovanje je priporočljiva menjava na vsake štiri mesece."
2119805,Izdelki za otroke,Philips Sonicare,"Sonična električna zobna ščetka za otroke For Kids, 1 kos",44.95,EUR,8710103948469,dm,Navedene sestavine v spletni trgovini se lahko razlikujejo od tistih navedenih na embalaži ,Informacije o odstranjevanju odpadne električne in elektronske opreme,"Philips Consumer Lifestyle B.V. Tussendiepen 4, 9206 AD Drachten Netherlands",,kos,1,4.7,1186,Zdravje > Nega zob > Izdelki za otroke,https://www.dm.si/p/d/2119805/philips-sonicare-sonicna-elektricna-zobna-scetka-za-otroke-for-kids,"1 x sonična ščetka,  1 x standardni nastavek,  1 x mini nastavek,  1 x polnilec,  8 x nalepka","https://products.dm-static.com/images/f_auto,q_auto,c_fit,h_440,w_500/v1747531378/assets/pas/images/ca9bf653-32a2-4820-b96b-299219b12899/philips-sonicare-sonicna-elektricna-zobna-scetka-za-otroke-for-kids",1 kos,"Za 75 % učinkovitejša kot navadna zobna ščetka  Bluetooth povezava z interaktivno aplikacijo, ki otroke motivira k samostojnemu, boljšemu in daljšemu čiščenju  2 otroška načina za nežno in učinkovito čiščenje  KidTimer in KidPacer Philips Sonicare For Kids je sonična električna zobna ščetka za otroke, ki je 75 % učinkovitejša kot navadna zobna ščetka. Omogoča Bluetooth povezavo z interaktivno aplikacijo, ki ščetkanje naredi zabavnejše ter tako motivira otroke k samostojnemu, boljšemu in daljšemu čiščenju. Otroci se z rabo aplikacije zamotijo in pridobijo zdrave navade, ki jim ostanejo za celo življenje. Philips Sonicare sonična ščetka For Kids ima 2 načina čiščenja: nizka intenzivnost za otroke od 3. leta in višja za otroke od 7. leta dalje. Funkciji KidTimer in KidPacer zagotavljata pravilno, nežno in učinkovito čiščenje. Gumijasta glava ščetke ščiti mlade zobke, dinamični učinek čiščenja pa povzroči pretok tekočine v medzobne prostore. Priložene so tudi zamenljive nalepke za zobno ščetko, s katerimi lahko otroci po svoji želji kadarkoli prilagodijo videz svoje ščetke. Pakiranje Philips Sonicare For Kids vsebuje 1 sonično ščetko Sonicare for Kids z Bluetooth povezavo, 1 otroški nastavek za ščetko Standard (za starost 7 let +), 1 nastavek Mini (za starost 3 leta +), 1 polnilec, 8 nalepk."
1622598,Izdelki za otroke,Philips Sonicare,"Otroška sonična električna zobna ščetka For Kids, 1 Set",44.95,EUR,8710103770237,dm,Navedene sestavine v spletni trgovini se lahko razlikujejo od tistih navedenih na embalaži ,Informacije o odstranjevanju odpadne električne in elektronske opreme,"Philips Consumer Lifestyle B.V. Tussendiepen 4, 9206 AD Drachten Netherlands",,kos,1,4.69,1332,Zdravje > Nega zob > Izdelki za otroke,https://www.dm.si/p/d/1622598/philips-sonicare-otroska-sonicna-elektricna-zobna-scetka-for-kids,,"https://products.dm-static.com/images/f_auto,q_auto,c_fit,h_440,w_500/v1747531737/assets/pas/images/c83eb56f-e997-4a0d-9180-8ec21a00cfd0/philips-sonicare-otroska-sonicna-elektricna-zobna-scetka-for-kids, https://products.dm-static.com/images/f_auto,q_auto,c_fit,h_440,w_500/v1747532071/assets/pas/images/fc9477f1-7af3-4a4d-a9f0-f454a59ae95b/philips-sonicare-otroska-sonicna-elektricna-zobna-scetka-for-kids, https://products.dm-static.com/images/f_auto,q_auto,c_fit,h_440,w_500/v1747531737/assets/pas/images/9b0921ba-bffd-478a-a8dc-0e3501892fdf/philips-sonicare-otroska-sonicna-elektricna-zobna-scetka-for-kids, https://products.dm-static.com/images/f_auto,q_auto,c_fit,h_440,w_500/v1747531892/assets/pas/images/6160644b-2406-4727-b6d4-41664048820a/philips-sonicare-otroska-sonicna-elektricna-zobna-scetka-for-kids",1 kos,
2278970,Nega med dojenjem,PHILIPS AVENT,"Ščitnik za bradavice, velikost M, 2 kos",11.55,EUR,8710103915089,dm,Navedene sestavine v spletni trgovini se lahko razlikujejo od tistih navedenih na embalaži ,,"Philips Consumer Lifestyle B.V. Tussendiepen 4, 9206 AD Drachten Netherlands",,kos,1,4.71,152,Dojenček in otrok > Dojenje > Nega med dojenjem,https://www.dm.si/p/d/2278970/philips-avent-scitnik-za-bradavice-velikost-m,,"https://products.dm-static.com/images/f_auto,q_auto,c_fit,h_440,w_500/v1747531931/assets/pas/images/646a4b25-1808-4ac9-ad4d-b20564f516e3/philips-avent-scitnik-za-bradavice-velikost-m, https://products.dm-static.com/images/f_auto,q_auto,c_fit,h_440,w_500/v1773656724/assets/pas/images/af781399-a054-4bb8-ab53-590178f21c0d/philips-avent-scitnik-za-bradavice-velikost-m",1 kos,"Zaščita razdraženih ali razpokanih bradavic  Brez vonja in okusa  Priročna higienska torbica za shranjevanje in potovanja  Iz izjemno tankega silikona za udoben stik z dojko  Velikost M PHILIPS AVENT ščitnik za bradavice SCF156/00 ščiti razdražene ali razpokane bradavice med dojenjem in je izdelan iz izjemno tankega, nežnega in mehkega silikona, brez vonja in okusa. Pakiranje vključuje priročno higiensko torbico za shranjevanje in potovanja."
2278969,Nega med dojenjem,PHILIPS AVENT,"Ščitnik za bradavice, velikost S, 2 kos",11.55,EUR,8710103915072,dm,Navedene sestavine v spletni trgovini se lahko razlikujejo od tistih navedenih na embalaži ,,"Philips Consumer Lifestyle B.V. Tussendiepen 4, 9206 AD Drachten Netherlands",,kos,1,4.71,151,Dojenček in otrok > Dojenje > Nega med dojenjem,https://www.dm.si/p/d/2278969/philips-avent-scitnik-za-bradavice-velikost-s,,"https://products.dm-static.com/images/f_auto,q_auto,c_fit,h_440,w_500/v1747531593/assets/pas/images/345d224f-f205-439c-bd3e-758d8f958602/philips-avent-scitnik-za-bradavice-velikost-s",1 kos,"Zaščita razdraženih ali razpokanih bradavic  Brez vonja in okusa  Priročna higienska torbica za shranjevanje in potovanja  Iz izjemno tankega silikona za udoben stik z dojko PHILIPS AVENT ščitnik za bradavice SCF156/00 ščiti razdražene ali razpokane bradavice med dojenjem in je izdelan iz izjemno tankega, nežnega in mehkega silikona, brez vonja in okusa. Pakiranje vključuje priročno higiensko torbico za shranjevanje in potovanja."
2473164,Prsne črpalke in ostalo,PHILIPS AVENT,"Električna prsna črpalka Advanced, 1 kos",115.95,EUR,8720689021869,dm,Navedene sestavine v spletni trgovini se lahko razlikujejo od tistih navedenih na embalaži ,,"Philips Consumer Lifestyle B.V. Tussendiepen 4, 9206 AD Drachten Netherlands",,kos,1,4.67,111,Dojenček in otrok > Dojenje > Prsne črpalke in ostalo,https://www.dm.si/p/d/2473164/philips-avent-elektricna-prsna-crpalka-advanced,,"https://products.dm-static.com/images/f_auto,q_auto,c_fit,h_440,w_500/v1747534958/assets/pas/images/c34baa18-ee33-4b10-820c-f531792472b1/philips-avent-elektricna-prsna-crpalka-advanced, https://products.dm-static.com/images/f_auto,q_auto,c_fit,h_440,w_500/v1773656711/assets/pas/images/15eb3bb9-f410-4791-ba30-506ed55fe1d1/philips-avent-elektricna-prsna-crpalka-advanced, https://products.dm-static.com/images/f_auto,q_auto,c_fit,h_440,w_500/v1773656705/assets/pas/images/36013af7-fe54-444a-b8ac-803a80d6d025/philips-avent-elektricna-prsna-crpalka-advanced",1 kos,"Električna prsna črpalka  Tehnologija Natural Motion za hitrejši pretok mleka  Udobna blazinica, ki se prilagaja obliki bradavice  Funkcija pomnjenja načina črpanja  Enostavna za čiščenje in hitro sestavljiva Philips Avent električna prsna črpalka Advanced združuje udobje in učinkovitost. Tehnologija Natural Motion omogoča hitrejši pretok mleka z močnim sesanjem in stimulacijo. Mehka blazinica se prilagaja obliki bradavice, kar zagotavlja udobno izkušnjo. Funkcija pomnjenja shrani vaš najljubši način črpanja. Črpalka je enostavna za čiščenje in hitro sestavljiva."
1888446,Prsne črpalke in ostalo,PHILIPS AVENT,"Ročna prsna črpalka SCF430/10, 1 kos",45.95,EUR,8710103943969,dm,Navedene sestavine v spletni trgovini se lahko razlikujejo od tistih navedenih na embalaži ,,"Philips Consumer Lifestyle B.V. Tussendiepen 4, 9206 AD Drachten Netherlands",,kos,1,4.71,469,Dojenček in otrok > Dojenje > Prsne črpalke in ostalo,https://www.dm.si/p/d/1888446/philips-avent-rocna-prsna-crpalka-scf430-10,,"https://products.dm-static.com/images/f_auto,q_auto,c_fit,h_440,w_500/v1747532515/assets/pas/images/979ce2a8-b0ca-4d43-97df-7ffd1e87e999/philips-avent-rocna-prsna-crpalka-scf430-10, https://products.dm-static.com/images/f_auto,q_auto,c_fit,h_440,w_500/v1747532181/assets/pas/images/d9d0f559-7fc1-4f41-8035-35d313959472/philips-avent-rocna-prsna-crpalka-scf430-10, https://products.dm-static.com/images/f_auto,q_auto,c_fit,h_440,w_500/v1747532070/assets/pas/images/22c7c78d-1ca4-4ab4-8cf5-71187ba28112/philips-avent-rocna-prsna-crpalka-scf430-10, https://products.dm-static.com/images/f_auto,q_auto,c_fit,h_440,w_500/v1747532067/assets/pas/images/1659de50-427c-4d6c-a7ed-f42e27cf3cb0/philips-avent-rocna-prsna-crpalka-scf430-10, https://products.dm-static.com/images/f_auto,q_auto,c_fit,h_440,w_500/v1747532070/assets/pas/images/31ec2c45-7c60-4bb4-9dda-e411ccc3ac5b/philips-avent-rocna-prsna-crpalka-scf430-10, https://products.dm-static.com/images/f_auto,q_auto,c_fit,h_440,w_500/v1747532181/assets/pas/images/7c2ba2f7-8bf0-4480-8bc6-7a94fb23f619/philips-avent-rocna-prsna-crpalka-scf430-10",1 kos,"Hiter pretok mleka s tehnologijo naravnega gibanja  Udobno črpanje  Brez nagibanja naprej AVENT ročna prsna črpalka SCF430/10 s pomočjo tehnologije naravnega gibanja združuje nežno stiskanje in črpanje, ki stimulirata pretok mleka. Zasnovana je tako, da se vam ni potrebno nagibati naprej, zato omogoča kar se da udobno črpanje mleka. Črpalka AVENT je kompaktna in lahka, zato jo lahko enostavno vzamete s seboj kamorkoli greste. Ima malo sestavnih delov in je enostavna za čiščenje.* *Odgovarja 99,98 % velikostim bradavic (do 30 mm)."
3120065,Zobne prhe,Philips Sonicare,"Nadomestni nastavki za zobno prho Sonicare, 2 kos",16.95,EUR,8720689047029,dm,Navedene sestavine v spletni trgovini se lahko razlikujejo od tistih navedenih na embalaži ,,"Philips Romania S.R.L. Tussendiepen 4, 9206 AD Drachten Netherlands https://is.gd/J0TCqD",,kos,1,4.48,145,Zdravje > Nega zob > Zobne prhe,https://www.dm.si/p/d/3120065/philips-sonicare-nadomestni-nastavki-za-zobno-prho-sonicare,,"https://products.dm-static.com/images/f_auto,q_auto,c_fit,h_440,w_500/v1777883589/assets/pas/images/d824ac95-01ce-4518-8f38-6d85f05799cd/philips-sonicare-nadomestni-nastavki-za-zobno-prho-sonicare, https://products.dm-static.com/images/f_auto,q_auto,c_fit,h_440,w_500/v1777883583/assets/pas/images/d50a4ef3-1e4b-461e-b681-857b2a58a763/philips-sonicare-nadomestni-nastavki-za-zobno-prho-sonicare",1 kos,"Nadomestni nastavki za zobno prho  Vsebuje 1 standardno in 1 Comfort šobo  Comfort šoba z mehko konico za občutljive dlesni  Za učinkovito čiščenje medzobnih prostorov  Odstranijo lahko do 99,9 % oblog na tretiranih območjih Philips Sonicare nastavki za zobno prho omogočajo hitro in učinkovito čiščenje medzobnih prostorov. Pakiranje vsebuje dve različni šobi: standardno šobo za učinkovito čiščenje in šobo Comfort z mehko konico, ki je namenjena občutljivim dlesnim. Z redno uporabo lahko pripomorejo k boljši ustni higieni. Ti nadomestni nastavki za zobno prho lahko odstranijo do 99,9 % zobnih oblog na tretiranih območjih. Tako je zagotovljeno temeljito čiščenje."
3120015,Zobne prhe,Philips Sonicare,"Zobna prha Airfloss HX3333/24, 1 kos",59.95,EUR,8720689046831,dm,Navedene sestavine v spletni trgovini se lahko razlikujejo od tistih navedenih na embalaži ,Informacije o odstranjevanju odpadne električne in elektronske opreme,"Philips Consumer Lifestyle B.V. Tussendiepen 4, 9206 AD Drachten Netherlands https://is.gd/J0TCqD",,kos,1,,,Zdravje > Nega zob > Zobne prhe,https://www.dm.si/p/d/3120015/philips-sonicare-zobna-prha-airfloss-hx3333-24,,"https://products.dm-static.com/images/f_auto,q_auto,c_fit,h_440,w_500/v1777883599/assets/pas/images/b84ad1f0-2db6-4648-a66c-b7d3decdbf39/philips-sonicare-zobna-prha-airfloss-hx3333-24, https://products.dm-static.com/images/f_auto,q_auto,c_fit,h_440,w_500/v1777883594/assets/pas/images/c4838d7f-5355-45a3-8b7d-469841aebad6/philips-sonicare-zobna-prha-airfloss-hx3333-24",1 kos,"Kompaktna zobna prha za medzobne prostore  S tremi načini delovanja: Pulse, Clean in Sensitive  Za učinkovito čiščenje med zobmi in vzdolž dlesni  Baterija zdrži do 14 dni z enim polnjenjem  Idealna za uporabo doma in na potovanjih Zobna prha Philips Sonicare Airfloss HX3333/24 omogoča učinkovito in hitro čiščenje medzobnih prostorov. Ta inovativna zobna prha je pripravljena za uporabo kjerkoli in se s tremi načini delovanja – Pulse, Clean in Sensitive – prilagodi individualnim potrebam. Prispeva k temeljitemu odstranjevanju zobnih oblog z območij med zobmi in vzdolž roba dlesni. Z baterijo, ki zdrži do 14 dni, je zobna prha Philips Sonicare Airfloss idealna za uporabo doma ali na potovanjih ter zagotavlja občutek popolne čistoče in svežine."
2446167,Oprema za dojenčka in otroka,PHILIPS AVENT,"Popoln komplet za otroško nego, 1 kos",25.95,EUR,8720689021951,dm,Navedene sestavine v spletni trgovini se lahko razlikujejo od tistih navedenih na embalaži ,,"Philips Consumer Lifestyle B.V. Tussendiepen 4, 9206 AD Drachten Netherlands",,kos,1,4.77,71,Dojenček in otrok > Oprema za dojenčka in otroka > Z dojenčkom in otrokom na poti,https://www.dm.si/p/d/2446167/philips-avent-popoln-komplet-za-otrosko-nego,,"https://products.dm-static.com/images/f_auto,q_auto,c_fit,h_440,w_500/v1747534955/assets/pas/images/fade3b1a-0335-4974-bcb2-e07f2c922410/philips-avent-popoln-komplet-za-otrosko-nego, https://products.dm-static.com/images/f_auto,q_auto,c_fit,h_440,w_500/v1747534957/assets/pas/images/e5da880a-8bb5-44f6-8326-4d743f5c8755/philips-avent-popoln-komplet-za-otrosko-nego, https://products.dm-static.com/images/f_auto,q_auto,c_fit,h_440,w_500/v1747534920/assets/pas/images/675096c0-d981-4030-88b4-aa8fec932098/philips-avent-popoln-komplet-za-otrosko-nego",1 kos,"Komplet za nego dojenčkov od rojstva  Vsebina: aspirator za nos, prstna zobna ščetka, komplet za nohte (škarjice, ščipalec, 3 pilice) in lase (glavnik, krtača)  Praktična torbica v barvi mentola  Idealno za potovanja in organizacijo  Odlično darilo za novopečene starše PHILIPS AVENT SCH401 komplet za otroško nego je popoln set za nego vašega malčka od rojstva. Vsebuje vse potrebne pripomočke: aspirator za nos, prstno zobno ščetko, komplet za nego nohtov (ščipalec, škarjice in 3 pilice) ter komplet za nego las (krtača in glavnik). Eleganten komplet je shranjen v praktični torbici v barvi mentola, ki je idealna za potovanja in organizacijo. Poleg tega je ta komplet tudi odlično darilo za novopečene starše."
2446167,Z dojenčkom in otrokom na poti,PHILIPS AVENT,"Popoln komplet za otroško nego, 1 kos",25.95,EUR,8720689021951,dm,Navedene sestavine v spletni trgovini se lahko razlikujejo od tistih navedenih na embalaži ,,"Philips Consumer Lifestyle B.V. Tussendiepen 4, 9206 AD Drachten Netherlands",,kos,1,4.77,71,Dojenček in otrok > Oprema za dojenčka in otroka > Z dojenčkom in otrokom na poti,https://www.dm.si/p/d/2446167/philips-avent-popoln-komplet-za-otrosko-nego,,"https://products.dm-static.com/images/f_auto,q_auto,c_fit,h_440,w_500/v1747534955/assets/pas/images/fade3b1a-0335-4974-bcb2-e07f2c922410/philips-avent-popoln-komplet-za-otrosko-nego, https://products.dm-static.com/images/f_auto,q_auto,c_fit,h_440,w_500/v1747534957/assets/pas/images/e5da880a-8bb5-44f6-8326-4d743f5c8755/philips-avent-popoln-komplet-za-otrosko-nego, https://products.dm-static.com/images/f_auto,q_auto,c_fit,h_440,w_500/v1747534920/assets/pas/images/675096c0-d981-4030-88b4-aa8fec932098/philips-avent-popoln-komplet-za-otrosko-nego",1 kos,"Komplet za nego dojenčkov od rojstva  Vsebina: aspirator za nos, prstna zobna ščetka, komplet za nohte (škarjice, ščipalec, 3 pilice) in lase (glavnik, krtača)  Praktična torbica v barvi mentola  Idealno za potovanja in organizacijo  Odlično darilo za novopečene starše PHILIPS AVENT SCH401 komplet za otroško nego je popoln set za nego vašega malčka od rojstva. Vsebuje vse potrebne pripomočke: aspirator za nos, prstno zobno ščetko, komplet za nego nohtov (ščipalec, škarjice in 3 pilice) ter komplet za nego las (krtača in glavnik). Eleganten komplet je shranjen v praktični torbici v barvi mentola, ki je idealna za potovanja in organizacijo. Poleg tega je ta komplet tudi odlično darilo za novopečene starše."
