unique_id,cateogry_name,brand,product_name,Country_of_production,regular_price,diet_tags,diet_attributes,pack_size,package_type,weight,ingredients,price_per_unit,images,nutrition,manufacturersAddress,Phone_no,address,email,variety,breadcrumbs,pdp_url,describition,Unit_of_Measure,competitor_name
00-89414,"Äpfel, Birnen & Trauben",,Trauben weiß kernlos,"Ägypten, Indien",2.99,"pp-veget,pp-vegan",,500g,Packung,0.516,,5.98,https://images.cdn.europe-west1.gcp.commercetools.com/723b2575-66c7-4d92-ae49-82bf1d168d26/00-89414-1464299862-5aEkSi8x.jpg,"Energie: 71.0 kcal, Energie: 297.0 kJ, Fett: 0.3 g, davon gesättigte Fettsäuren: 0.118 g, Kohlenhydrate: 15.6 g, davon Zucker: 0.437 g, Eiweiß: 0.7 g, Salz: 0.005 g",,,,,div. kernlose Sorten,"Obst & Gemüse > Obst > Äpfel, Birnen & Trauben",https://shop.billa.at/produkte/trauben-weiss-kernlos-0089414,"diverse kernlose Sorten - Güteklasse: I Weintrauben erfreuen sich großer Beliebtheit. Die weißen kernlosen Trauben sind ein gesunder Snack oder passen zu einem herzhaften Kaseteller und spenden reichlich Vitamine. kernlos und frisch, sehr saftig, nahrstoff- und vitaminreich",kg,Billa
00-431081,"Äpfel, Birnen & Trauben",Ja! Natürlich,Ja! Natürlich Apfel Tasse rot,Österreich,3.04,"pp-veget,pp-vegan,pp-bio,homecountry","Glutenfrei - Spezifiziert als geeignet für eine glutenfreie Diät, Vegetarisch - Ohne Fleisch, Fisch oder andere tierische Produkte, Vegan - Ohne Milchprodukte und tierische Inhaltsstoffe",1kg,Tasse,1.0,,3.04,https://images.cdn.europe-west1.gcp.commercetools.com/723b2575-66c7-4d92-ae49-82bf1d168d26/00-431081-0275194093-ImRiFZkz.jpg,,"Ja! Natürlich Naturprodukte Gesellschaft m.b.H., Postfach 2000, A-2355 Wr. Neudorf",+43 2236 600 6950,"Postfach 2000, A-2355 Wr. Neudorf",info@janatuerlich.at,"div. Sorten
","Obst & Gemüse > Obst > Äpfel, Birnen & Trauben",https://shop.billa.at/produkte/ja-natuerlich-apfel-tasse-rot-00431081,"Der rote Bio-Apfel in der Tasse aus Osterreich in ausgezeichneter Bio-Qualitat von Ja! Naturlich schmeckt erntefrisch, saftig und wunderbar fruchtig. regionale Herkunft von Ja! Naturlich",kg,Billa
00-429155,"Äpfel, Birnen & Trauben",,Plattpfirsiche,Spanien,2.37,,,500g,Tasse,0.516,,4.74,https://images.cdn.europe-west1.gcp.commercetools.com/723b2575-66c7-4d92-ae49-82bf1d168d26/00-429155-903708697-FfW_iwyw.jpg,,"EUROGROUP ITALIA SRL, Via Sommacampagna 63/h, 37137 Verona Italien",,"Via Sommacampagna 63/h, 37137 Verona Italien",,weiß- und gelbfleischig,"Obst & Gemüse > Obst > Äpfel, Birnen & Trauben",https://shop.billa.at/produkte/plattpfirsiche-00429155,weiß- und gelbfleischig - Güteklasse: I,kg,Billa
00-89280,"Äpfel, Birnen & Trauben",CLEVER,Clever Apfel rot,"Italien, Ungarn, Österreich",3.32,"pp-veget,pp-vegan",,2kg,Sack,2.02,,1.66,https://images.cdn.europe-west1.gcp.commercetools.com/723b2575-66c7-4d92-ae49-82bf1d168d26/00-89280-1720891767-ZNtLPmR8.jpg,"Energie: 237.0 kJ, Energie: 56.0 kcal, Fett: 0.6 g, davon gesättigte Fettsäuren: 0.1 g, Kohlenhydrate: 11.0 g, davon Zucker: 10.0 g, Ballaststoffe: 2.0 g, Eiweiß: 0.5 g, Salz: 0.0 g, Natrium: 0.0 g","BILLA AG, Billa AG, IZ NÖ Süd, Straße 3, Objekt 16, 2355 Wr. Neudorf",0800 828 700,"Billa AG, IZ NÖ Süd, Straße 3, Objekt 16, 2355 Wr. Neudorf",kundenservice@billa.at,div. rote Sorten (exkl. Red Delicious),"Obst & Gemüse > Obst > Äpfel, Birnen & Trauben",https://shop.billa.at/produkte/clever-apfel-rot-0089280,"Klasse I Obst ist ein wichtiger Vitaminlieferant, der auch noch köstlich schmeckt! Also greifen Sie zu und gönnen Sie sich eine extra Portion Vitamine!, Süß und saftig, AMA-zertifiziert, ideal zum Kochen oder Rohverzehr",kg,Billa
00-405960,"Äpfel, Birnen & Trauben",,Blaue Trauben kernlos,"Chile, Ägypten, Südafrika, Indien",2.99,"pp-veget,pp-vegan",,500g,Packung,0.516,,5.98,https://images.cdn.europe-west1.gcp.commercetools.com/723b2575-66c7-4d92-ae49-82bf1d168d26/00-405960-0102295898-cuoFfWUs.jpg,"Energie: 71.0 kcal, Energie: 297.0 kJ, Fett: 0.3 g, davon gesättigte Fettsäuren: 0.118 g, Kohlenhydrate: 15.6 g, davon Zucker: 0.437 g, Eiweiß: 0.7 g, Salz: 0.005 g",,,,,div. kernlose Sorten,"Obst & Gemüse > Obst > Äpfel, Birnen & Trauben",https://shop.billa.at/produkte/blaue-trauben-kernlos-00405960,"diverse kernlose Sorten - Güteklasse: I Die kernlosen roten Trauben bereichern jedes Picknick, sind eine süße und gesunde Nascherei und passen hervorragend zum Kaseteller. saftig und süß, ohne Kerne, wenig Kalorien, viele Vitamine",kg,Billa
00-804413,"Äpfel, Birnen & Trauben",Wunderlinge,Wunderlinge Äpfel,Österreich,2.85,"pp-veget,pp-vegan,homecountry",,2kg,Netz,2.01,,1.43,https://images.cdn.europe-west1.gcp.commercetools.com/723b2575-66c7-4d92-ae49-82bf1d168d26/00-804413-0207556058-kOSU9dPD.jpg,"Energie: 52.0 kcal, Energie: 217.0 kJ, Fett: 0.4 g, davon gesättigte Fettsäuren: 0.094 g, Kohlenhydrate: 11.43 g, davon Zucker: 2.549 g, Eiweiß: 0.34 g, Salz: 0.008 g","Billa AG, Postfach 2000, 2355 Wiener Neudorf",,"Postfach 2000, 2355 Wiener Neudorf",,"div. Sorten
","Obst & Gemüse > Obst > Äpfel, Birnen & Trauben",https://shop.billa.at/produkte/wunderlinge-aepfel-00804413,Klasse II,kg,Billa
00-89316,"Äpfel, Birnen & Trauben",CLEVER,Clever Birnen,"Österreich, Spanien",2.37,"pp-veget,pp-vegan",,1kg,Becher,1.016,,2.37,https://images.cdn.europe-west1.gcp.commercetools.com/723b2575-66c7-4d92-ae49-82bf1d168d26/00-89316-01479017102-WH0ZB_dn.jpg,"Energie: 52.0 kcal, Energie: 219.0 kJ, Fett: 0.3 g, davon gesättigte Fettsäuren: 0.025 g, Kohlenhydrate: 12.4 g, davon Zucker: 1.81 g, Eiweiß: 0.5 g, Salz: 0.005 g","BILLA AG, Billa AG, IZ NÖ Süd, Straße 3, Objekt 16, 2355 Wr. Neudorf",0800 828 700,"Billa AG, IZ NÖ Süd, Straße 3, Objekt 16, 2355 Wr. Neudorf",kundenservice@billa.at,div. Sorten,"Obst & Gemüse > Obst > Äpfel, Birnen & Trauben",https://shop.billa.at/produkte/clever-birnen-0089316,"div. Sorten - Klasse:I Die clever Birnen sind der ideale Vitaminlieferant und schmecken köstlich süß- essen Sie sie roh, oder probieren Sie es mal mit einem köstlichen Birnenstrudel. Süß und saftig, Vitaminreich",kg,Billa
00-364527,"Äpfel, Birnen & Trauben",Da komm ich her!,Da komm ich her! 'Gala' Apfel Tasse rot,Österreich,2.85,"pp-veget,pp-vegan,homecountry",,1kg,Tasse,1.0,,2.85,https://images.cdn.europe-west1.gcp.commercetools.com/723b2575-66c7-4d92-ae49-82bf1d168d26/00-364527-95423501-KB2Df0Jy.jpg,,,,,,Gala,"Obst & Gemüse > Obst > Äpfel, Birnen & Trauben",https://shop.billa.at/produkte/da-komm-ich-her-gala-apfel-tasse-rot-00364527,Gala - Güteklasse: I,kg,Billa
00-89243,"Äpfel, Birnen & Trauben",,Apfel 'Pink Lady' Tasse,"Chile, Italien, Südafrika",3.04,"pp-veget,pp-vegan",,900g,Tasse,0.916,,3.38,https://images.cdn.europe-west1.gcp.commercetools.com/723b2575-66c7-4d92-ae49-82bf1d168d26/00-89243-1573003034-xe67tA5u.jpg,"Energie: 52.0 kcal, Energie: 217.0 kJ, Fett: 0.4 g, davon gesättigte Fettsäuren: 0.094 g, Kohlenhydrate: 11.43 g, davon Zucker: 2.549 g, Eiweiß: 0.34 g, Salz: 0.008 g",,,,,Cripps Pink,"Obst & Gemüse > Obst > Äpfel, Birnen & Trauben",https://shop.billa.at/produkte/apfel-pink-lady-tasse-0089243,Cripps Pink - Güteklasse: I,kg,Billa
00-368890,"Äpfel, Birnen & Trauben",Ja! Natürlich,Ja! Natürlich Bio Apfel 'Topaz' gelegt,Österreich,3.04,"pp-veget,pp-vegan,gs-bio,gs-gentech,pp-bio,homecountry",,1kg,Kilo,1.0,,3.04,https://images.cdn.europe-west1.gcp.commercetools.com/723b2575-66c7-4d92-ae49-82bf1d168d26/00-368890-1305402426-FKDgDzkx.jpg,,"Ja! Natürlich Naturprodukte Gesellschaft m.b.H., Postfach 2000, A-2355 Wr. Neudorf",+43 2236 600 6950,"Postfach 2000, A-2355 Wr. Neudorf",info@janatuerlich.at,Topaz,"Obst & Gemüse > Obst > Äpfel, Birnen & Trauben",https://shop.billa.at/produkte/ja-natuerlich-bio-apfel-topaz-gelegt-00368890,"Klasse II Qualität aus ökologischem Anbau: Mit dem Bio-Apfel Topaz von Ja! Natürlich entscheiden Sie sich für gesunden Genuss und unterstützen die regionale Landwirtschaft. beste Bio-Qualität, aus österreichischem Anbau, frisch und vitaminreich Der Ja! Natürlich Bio-Topaz Apfel ist eine Kreuzung aus den Sorten Rubin und Vanda. Er ist deshalb besonders knackig und saftig und schmeckt säuerlich-süß.",kg,Billa
00-89581,"Äpfel, Birnen & Trauben",Da komm ich her!,Da komm ich her! Mini Gala Apfel,Österreich,2.66,"pp-veget,pp-vegan,homecountry",,750g,Tasse,0.766,,3.55,https://images.cdn.europe-west1.gcp.commercetools.com/723b2575-66c7-4d92-ae49-82bf1d168d26/00-89581-01650169511-BXJyLrps.jpg,"Energie: 52.0 kcal, Energie: 217.0 kJ, Fett: 0.4 g, davon gesättigte Fettsäuren: 0.094 g, Kohlenhydrate: 11.43 g, davon Zucker: 2.549 g, Eiweiß: 0.34 g, Salz: 0.008 g","Billa AG, Postfach 2000, 2355 Wiener Neudorf",,"Postfach 2000, 2355 Wiener Neudorf",,Gala,"Obst & Gemüse > Obst > Äpfel, Birnen & Trauben",https://shop.billa.at/produkte/da-komm-ich-her-mini-gala-apfel-0089581,Klasse I,kg,Billa
00-401474,"Äpfel, Birnen & Trauben",Da komm ich her!,Da komm ich her! Granny Smith Apfel gelegt 'Neue Ernte',Österreich,2.66,"pp-veget,pp-vegan,homecountry",,1kg,Kilo,1.0,,2.66,https://images.cdn.europe-west1.gcp.commercetools.com/723b2575-66c7-4d92-ae49-82bf1d168d26/00-401474-1633672608-uik3uDEV.jpg,,,,,,Granny Smith,"Obst & Gemüse > Obst > Äpfel, Birnen & Trauben",https://shop.billa.at/produkte/da-komm-ich-her-granny-smith-apfel-gelegt-neue-ernte-00401474,Klasse I,kg,Billa
00-349026,"Äpfel, Birnen & Trauben",Da komm ich her!,Da komm ich her! 'Gala' Apfel gelegt,Österreich,2.66,"pp-veget,pp-vegan,homecountry",,1kg,Kilo,1.0,,2.66,https://images.cdn.europe-west1.gcp.commercetools.com/723b2575-66c7-4d92-ae49-82bf1d168d26/00-349026-0204016155-URWTA1x7.jpg,,,,,,Gala,"Obst & Gemüse > Obst > Äpfel, Birnen & Trauben",https://shop.billa.at/produkte/da-komm-ich-her-gala-apfel-gelegt-00349026,"Gala Äpfel zählen mit ihrem süßlichen Aroma zu den Dessertäpfeln. Ursprünglich aus Neuseeland, ist die Sorte inzwischen auch in Österreich heimisch. hoher Vitamin-C-Gehalt, regionale Qualität aus Österreich Klasse I",kg,Billa
00-89693,"Äpfel, Birnen & Trauben",Da komm ich her!,Da komm ich her! Apfel 'Elstar' gelegt,Österreich,2.37,"pp-veget,pp-vegan,homecountry",,1kg,Kilo,1.0,,2.37,https://images.cdn.europe-west1.gcp.commercetools.com/723b2575-66c7-4d92-ae49-82bf1d168d26/00-89693-1653735481-dzA7kLBQ.jpg,,,,,,Elstar,"Obst & Gemüse > Obst > Äpfel, Birnen & Trauben",https://shop.billa.at/produkte/da-komm-ich-her-apfel-elstar-gelegt-0089693,"Elstar Äpfel von Da komm ich her! sind mittelfest und haben einen frischen, süß-säuerlichen Geschmack. Die Sorte gehört zu den beliebtesten Speiseäpfeln. Qualität aus Österreich, eignet sich gut für Strudel oder zum Dörren Klasse I saftig, aromatisch, knackig, süß-säuerlich, perfekt für Saft, Apfelmus, Kompott, zum Backen",kg,Billa
00-89724,"Äpfel, Birnen & Trauben",Da komm ich her!,Da komm ich her! Golden Delicious Apfel,Österreich,2.37,"pp-veget,pp-vegan,homecountry",,1kg,Kilo,1.0,,2.37,https://images.cdn.europe-west1.gcp.commercetools.com/723b2575-66c7-4d92-ae49-82bf1d168d26/00-89724-227217270-nN3knvzy.jpg,"Energie: 52.0 kcal, Energie: 217.0 kJ, Fett: 0.4 g, davon gesättigte Fettsäuren: 0.094 g, Kohlenhydrate: 11.43 g, davon Zucker: 2.549 g, Eiweiß: 0.34 g, Salz: 0.008 g","Billa AG, Postfach 2000, 2355 Wiener Neudorf",,"Postfach 2000, 2355 Wiener Neudorf",,Golden Delicious,"Obst & Gemüse > Obst > Äpfel, Birnen & Trauben",https://shop.billa.at/produkte/da-komm-ich-her-golden-delicious-apfel-0089724,"Klasse I Golden Delicious sind süße und hocharomatische Tafeläpfel. Die Sorte reift spät und kann an ihrer gelbgrünen Schale gut erkannt werden. Saftiges und festes Fruchtfleisch, Wenig Säure, viel Süße, aus Österreich",kg,Billa
00-405962,"Äpfel, Birnen & Trauben",Da komm ich her!,Da komm ich her! Apfel 'Jonagold',Österreich,2.66,"pp-veget,pp-vegan,homecountry",,1kg,Kilo,1.0,,2.66,https://images.cdn.europe-west1.gcp.commercetools.com/723b2575-66c7-4d92-ae49-82bf1d168d26/00-405962-0144454757-PsMSwwun.jpg,,,,,,Jonagold,"Obst & Gemüse > Obst > Äpfel, Birnen & Trauben",https://shop.billa.at/produkte/da-komm-ich-her-apfel-jonagold-00405962,,kg,Billa
00-764110,"Äpfel, Birnen & Trauben",,Apfel 'Kanzi' Tasse,Österreich,2.85,"pp-veget,homecountry",,1kg,Tasse,1.0,,2.85,https://images.cdn.europe-west1.gcp.commercetools.com/723b2575-66c7-4d92-ae49-82bf1d168d26/00-764110-1749941995-zBU54itb.jpg,,,,,,Nicoter,"Obst & Gemüse > Obst > Äpfel, Birnen & Trauben",https://shop.billa.at/produkte/apfel-kanzi-tasse-00764110,Klasse I,kg,Billa
00-411210,"Äpfel, Birnen & Trauben",,Apfel Evelina Tasse,Österreich,2.56,"pp-veget,pp-vegan,homecountry",,1kg,Tasse,1.0,,2.56,https://images.cdn.europe-west1.gcp.commercetools.com/723b2575-66c7-4d92-ae49-82bf1d168d26/00-411210-0148587737-ZaU1sbjz.jpg,,,,,,Roho 3615 (Evelina),"Obst & Gemüse > Obst > Äpfel, Birnen & Trauben",https://shop.billa.at/produkte/apfel-evelina-tasse-00411210,"Klasse I EVELINA ist eine Apfelsorte, die aus dem aromatischen Pinova gezüchtet wurde.EVELINA kann man nicht übersehen: knallrot mit feinen gelben Sprenkeln. Die feste Schale wirkt wie eine natürliche Verpackung, sodass die sich die außergewöhnliche Konsistenz dieses Apfels länger hält - wie frisch vom Baum gepflückt. EVELINA schmeckt saftig, mit süßen, fast blumigen Aromen, zugleich ist da eine feine Säure. Und genau dieser Mix erklärt die vielfältige Verwendung der Apfelsorte: Du kannst EVELINA Äpfel in feine Desserts verarbeiten, zum Käse genießen¿ -oder einfach mit Butz und Stingl verspeisen.",kg,Billa
00-89188,"Äpfel, Birnen & Trauben",Ja! Natürlich,Ja! Natürlich Apfel Topaz,Österreich,3.04,"pp-veget,pp-vegan,pp-bio,homecountry",,1kg,Tasse,1.0,,3.04,https://images.cdn.europe-west1.gcp.commercetools.com/723b2575-66c7-4d92-ae49-82bf1d168d26/00-89188-0161984721-tDqPdkTm.jpg,,"Ja! Natürlich Naturprodukte Gesellschaft m.b.H., Postfach 2000, A-2355 Wr. Neudorf",+43 2236 600 6950,"Postfach 2000, A-2355 Wr. Neudorf",info@janatuerlich.at,Topaz,"Obst & Gemüse > Obst > Äpfel, Birnen & Trauben",https://shop.billa.at/produkte/ja-natuerlich-apfel-topaz-0089188,"Der Ja! Natürlich Bio-Topaz Apfel ist eine Kreuzung aus den Sorten Rubin und Vanda. Er ist deshalb besonders knackig und saftig. Er ist süß-sauer im Geschmack und kommt aus Anbaugebieten in der Steiermark, Nieder- und Oberösterreich sowie in Tirol.",kg,Billa
00-757907,"Äpfel, Birnen & Trauben",CLEVER,Clever Apfel Rot,Österreich,2.18,"pp-vegan,homecountry",,1kg,Tasse,1.0,,2.18,https://images.cdn.europe-west1.gcp.commercetools.com/723b2575-66c7-4d92-ae49-82bf1d168d26/00-757907-1197396195-5xkgnRun.jpg,,,,,,diverse rote Sorten (exkl. Roter Delicious),"Obst & Gemüse > Obst > Äpfel, Birnen & Trauben",https://shop.billa.at/produkte/clever-apfel-rot-00757907,diverse Sorten (exkl. Roter Delicious) - Güteklasse: I Die saftigen clever Äpfel sind ein wichtiger Vitaminlieferant für Groß & Klein. Die roten Äpfel werden in Österreich geerntet. Geerntet in Österreich,kg,Billa
00-879642,"Äpfel, Birnen & Trauben",SanLucar,SanLucar Trauben weiß kernlos,"Italien, Peru",4.99,pp-vegan,,600g,Packung,0.61,,8.32,https://images.cdn.europe-west1.gcp.commercetools.com/723b2575-66c7-4d92-ae49-82bf1d168d26/00-879642-1977381188-FI2WQQUZ.jpg,,,,,,,"Obst & Gemüse > Obst > Äpfel, Birnen & Trauben",https://shop.billa.at/produkte/sanlucar-trauben-weiss-kernlos-00879642,diverse kernlose Sorten - Güteklasse: I,kg,Billa
00-879644,"Äpfel, Birnen & Trauben",SanLucar,SanLucar Trauben rot kernlos,Ägypten,4.99,pp-vegan,,600g,Packung,0.61,,8.32,https://images.cdn.europe-west1.gcp.commercetools.com/723b2575-66c7-4d92-ae49-82bf1d168d26/00-879644-0116529506-FQV-I950.jpg,,,,,,,"Obst & Gemüse > Obst > Äpfel, Birnen & Trauben",https://shop.billa.at/produkte/sanlucar-trauben-rot-kernlos-00879644,,kg,Billa
00-89323,"Äpfel, Birnen & Trauben",,Birne 'Nashi',Volksrepublik China,3.8,pp-vegan,,1kg,Kilo,1.0,,3.8,https://images.cdn.europe-west1.gcp.commercetools.com/723b2575-66c7-4d92-ae49-82bf1d168d26/00-89323-1874587278-AAzcZ0gX.jpg,,,,,,Nashi,"Obst & Gemüse > Obst > Äpfel, Birnen & Trauben",https://shop.billa.at/produkte/birne-nashi-0089323,,kg,Billa
00-88130,Steinobst & Beeren,Da komm ich her!,Da komm ich her! Erdbeeren,Österreich,3.99,"pp-veget,homecountry",,500g,Tasse,0.516,,7.98,https://images.cdn.europe-west1.gcp.commercetools.com/723b2575-66c7-4d92-ae49-82bf1d168d26/00-88130-88891929-bio9rKyJ.jpg,"Energie: 32.0 kcal, Energie: 134.0 kJ, Fett: 0.4 g, davon gesättigte Fettsäuren: 0.023 g, Kohlenhydrate: 5.5 g, davon Zucker: 0.985 g, Eiweiß: 0.8 g, Salz: 0.008 g","Billa AG, Postfach 2000, 2355 Wiener Neudorf",,"Postfach 2000, 2355 Wiener Neudorf",,,Obst & Gemüse > Obst > Steinobst & Beeren,https://shop.billa.at/produkte/da-komm-ich-her-erdbeeren-0088130,Klasse I,kg,Billa
00-410755,Steinobst & Beeren,,Himbeeren,"Spanien, Marokko, Österreich, Polen",2.99,"pp-veget,pp-vegan",,125g,Tasse,0.141,,23.92,https://images.cdn.europe-west1.gcp.commercetools.com/723b2575-66c7-4d92-ae49-82bf1d168d26/00-410755-0506398523-h_acgSvj.jpg,"Energie: 34.0 kcal, Energie: 142.0 kJ, Fett: 0.3 g, davon gesättigte Fettsäuren: 0.012 g, Kohlenhydrate: 4.8 g, davon Zucker: 0.96 g, Eiweiß: 1.3 g, Salz: 0.003 g",,,,,,Obst & Gemüse > Obst > Steinobst & Beeren,https://shop.billa.at/produkte/himbeeren-00410755,"Güteklasse: I Himbeeren verfuhren mit ihrem sußlichen Geschmack mit leichter Saure. Sie lassen sich gleich pur genießen oder als kostliches Dessert zubereiten. frische rot-pinke Fruchte, herrliches Aroma, reich an Vitaminen und Eisen",kg,Billa
00-89380,Steinobst & Beeren,,Nektarinen aus Italien / Spanien,,2.85,pp-veget,,1kg,Korb,1.016,,2.85,https://images.cdn.europe-west1.gcp.commercetools.com/723b2575-66c7-4d92-ae49-82bf1d168d26/00-89380-220443319-dqpubsE2.jpg,"Energie: 57.0 kcal, Energie: 238.0 kJ, Fett: 0.1 g, davon gesättigte Fettsäuren: 0.009 g, Kohlenhydrate: 12.4 g, davon Zucker: 8.679 g, Eiweiß: 0.9 g, Salz: 0.023 g",,,,,weiß- und gelbfleischig ,Obst & Gemüse > Obst > Steinobst & Beeren,https://shop.billa.at/produkte/nektarinen-aus-italien-spanien-0089380,"Klasse I Frischer Genuss und fruchtige Dessert-Zutat: Ihr süßes und saftiges Fruchtfleisch macht Nektarinen zu einer beliebten Steinobstsorte. sehr süßer Geschmack, ideal für fruchtige Nachspeisen, reich an Provitamin A, Vitamin B und Vitamin C",kg,Billa
00-414440,Steinobst & Beeren,,Kirschen,Spanien,3.9,pp-veget,,500g,Tasse,0.5,,7.8,https://images.cdn.europe-west1.gcp.commercetools.com/723b2575-66c7-4d92-ae49-82bf1d168d26/00-414440-759838757-9qcLQU0L.jpg,"Energie: 63.0 kcal, Energie: 265.0 kJ, Fett: 0.3 g, davon gesättigte Fettsäuren: 0.066 g, Kohlenhydrate: 13.3 g, davon Zucker: 0.2 g, Eiweiß: 0.9 g, Salz: 0.008 g",,,,,,Obst & Gemüse > Obst > Steinobst & Beeren,https://shop.billa.at/produkte/kirschen-00414440,Klasse I,kg,Billa
00-88135,Steinobst & Beeren,,Marillen,"Italien, Spanien",3.8,pp-veget,,1kg,Korb,1.016,,3.8,https://images.cdn.europe-west1.gcp.commercetools.com/723b2575-66c7-4d92-ae49-82bf1d168d26/00-88135-01519305530-BOaYeaxs.jpg,,"EUROGROUP ITALIA SRL, Via Sommacampagna 63/h, 37137 Verona Italien",,"Via Sommacampagna 63/h, 37137 Verona Italien",,,Obst & Gemüse > Obst > Steinobst & Beeren,https://shop.billa.at/produkte/marillen-0088135,Klasse I,kg,Billa
00-89480,Steinobst & Beeren,Da komm ich her!,Da komm ich her! Erdbeeren,Österreich,2.99,"pp-veget,pp-vegan,homecountry",,250g,Packung,0.265,,11.96,https://images.cdn.europe-west1.gcp.commercetools.com/723b2575-66c7-4d92-ae49-82bf1d168d26/00-89480-0380601238-z4n0H0_9.jpg,"Energie: 32.0 kcal, Energie: 134.0 kJ, Fett: 0.4 g, davon gesättigte Fettsäuren: 0.023 g, Kohlenhydrate: 5.5 g, davon Zucker: 0.985 g, Eiweiß: 0.8 g, Salz: 0.008 g","Billa AG, Postfach 2000, 2355 Wiener Neudorf",,"Postfach 2000, 2355 Wiener Neudorf",,,Obst & Gemüse > Obst > Steinobst & Beeren,https://shop.billa.at/produkte/da-komm-ich-her-erdbeeren-0089480,Klasse I,kg,Billa
00-593312,Steinobst & Beeren,Da komm ich her!,Da komm ich her!  Heidelbeeren,Österreich,3.49,"pp-veget,homecountry",,200g,Becher,0.216,,17.45,https://images.cdn.europe-west1.gcp.commercetools.com/723b2575-66c7-4d92-ae49-82bf1d168d26/00-593312-284033727-kTLhDvet.jpg,"Energie: 42.0 kcal, Energie: 176.0 kJ, Fett: 0.6 g, davon gesättigte Fettsäuren: 0.036 g, Kohlenhydrate: 7.4 g, davon Zucker: 0.289 g, Eiweiß: 0.6 g, Salz: 0.003 g",,,,,,Obst & Gemüse > Obst > Steinobst & Beeren,https://shop.billa.at/produkte/da-komm-ich-her-heidelbeeren-00593312,Klasse I,kg,Billa
00-89382,Steinobst & Beeren,,Nektarinen gelegt,Spanien,4.75,pp-veget,,1kg,Kilo,1.0,,4.75,https://images.cdn.europe-west1.gcp.commercetools.com/723b2575-66c7-4d92-ae49-82bf1d168d26/00-89382-0373331074-_IRBnSey.jpg,"Energie: 57.0 kcal, Energie: 238.0 kJ, Fett: 0.1 g, davon gesättigte Fettsäuren: 0.009 g, Kohlenhydrate: 12.4 g, davon Zucker: 8.679 g, Eiweiß: 0.9 g, Salz: 0.023 g",,,,,gelbfleischig,Obst & Gemüse > Obst > Steinobst & Beeren,https://shop.billa.at/produkte/nektarinen-gelegt-0089382,weiß-/gelbfleischig - Güteklasse: I Klasse I,kg,Billa
00-410808,Steinobst & Beeren,SanLucar,SanLucar Plattpfirsiche gelegt,Spanien,5.23,pp-veget,,1kg,Kilo,1.0,,5.23,https://images.cdn.europe-west1.gcp.commercetools.com/723b2575-66c7-4d92-ae49-82bf1d168d26/00-410808-0145378398-0tKaOgDN.jpg,,,,,,weißfleischig,Obst & Gemüse > Obst > Steinobst & Beeren,https://shop.billa.at/produkte/sanlucar-plattpfirsiche-gelegt-00410808,Klasse I,kg,Billa
00-89518,Steinobst & Beeren,Da komm ich her!,Da komm ich her! Himbeeren,Österreich,2.99,homecountry,,125g,Tasse,0.141,,23.92,https://images.cdn.europe-west1.gcp.commercetools.com/723b2575-66c7-4d92-ae49-82bf1d168d26/00-89518-0415069198-GJl_fVsR.jpg,,,,,,,Obst & Gemüse > Obst > Steinobst & Beeren,https://shop.billa.at/produkte/da-komm-ich-her-himbeeren-0089518,,kg,Billa
00-89390,Steinobst & Beeren,,Pfirsich gelegt,Spanien,4.75,,,1kg,Kilo,1.0,,4.75,https://images.cdn.europe-west1.gcp.commercetools.com/723b2575-66c7-4d92-ae49-82bf1d168d26/00-89390-1620051669-JMap7PRh.jpg,"Energie: 41.0 kcal, Energie: 170.0 kJ, Fett: 0.1 g, davon gesättigte Fettsäuren: 0.009 g, Kohlenhydrate: 8.9 g, davon Zucker: 5.732 g, Eiweiß: 0.8 g, Salz: 0.003 g",,,,,gelbfleischig,Obst & Gemüse > Obst > Steinobst & Beeren,https://shop.billa.at/produkte/pfirsich-gelegt-0089390,weiß-/gelbfleischig - Güteklasse: I,kg,Billa
00-414705,Steinobst & Beeren,,Brombeeren,"Spanien, Marokko",2.99,"pp-veget,pp-vegan",,125g,Tasse,0.145,,23.92,https://images.cdn.europe-west1.gcp.commercetools.com/723b2575-66c7-4d92-ae49-82bf1d168d26/00-414705-0125355381-yxJRNzZN.jpg,"Energie: 30.0 kcal, Energie: 125.0 kJ, Fett: 1.0 g, davon gesättigte Fettsäuren: 0.06 g, Kohlenhydrate: 2.7 g, davon Zucker: 0.073 g, Eiweiß: 1.2 g, Salz: 0.008 g",,,,,,Obst & Gemüse > Obst > Steinobst & Beeren,https://shop.billa.at/produkte/brombeeren-00414705,"Klasse I Der Becher enthalt aromatische Brombeeren. Diese eignen sich fur fruchtige Desserts oder einfach frisch aufs Musli. enthalten viel Vitamin C sowie Vitamin E, Tipp: im Kuhlschrank aufbewahren und zugig verbrauchen",kg,Billa
00-88304,Steinobst & Beeren,Ja! Natürlich,Ja! Natürlich Pflaumen,Spanien,2.85,"pp-veget,gs-bio,gs-gentech,pp-bio","Glutenfrei - Spezifiziert als geeignet für eine glutenfreie Diät, Vegetarisch - Ohne Fleisch, Fisch oder andere tierische Produkte, Vegan - Ohne Milchprodukte und tierische Inhaltsstoffe",500g,Packung,0.516,,5.7,https://images.cdn.europe-west1.gcp.commercetools.com/723b2575-66c7-4d92-ae49-82bf1d168d26/00-88304-02123176490-6HPeAn9R.jpg,,"Ja! Natürlich Naturprodukte Gesellschaft m.b.H., Postfach 2000, A-2355 Wr. Neudorf",+43 2236 600 6950,"Postfach 2000, A-2355 Wr. Neudorf",info@janatuerlich.at,Angeleno,Obst & Gemüse > Obst > Steinobst & Beeren,https://shop.billa.at/produkte/ja-natuerlich-pflaumen-0088304,"Klasse II Die Ja! Natürlich Bio-Pflaumen werden garantiert gentechnikfrei und ohne chemisch-synthetische Pflanzenschutzmittel angebaut. Ihr saftig-süßes Fruchtfleisch schmeckt nicht nur als frischer Snack oder in Desserts, sondern passt auch wunderbar zu herzhaften Käsegerichten. Die Ja! Natürlich Bio-Pflaumen werden ohne chemisch-synthetische Pflanzenschutzmittel angebaut. Ihr saftig-süßes Fruchtfleisch schmeckt nicht nur als frischer Snack oder in Desserts, sondern passt auch wunderbar zu herzhaften Käsegerichten.",kg,Billa
00-410802,Steinobst & Beeren,Ja! Natürlich,Ja! Natürlich Himbeeren,Österreich,3.69,"pp-veget,pp-bio,homecountry","Glutenfrei - Spezifiziert als geeignet für eine glutenfreie Diät, Vegetarisch - Ohne Fleisch, Fisch oder andere tierische Produkte, Vegan - Ohne Milchprodukte und tierische Inhaltsstoffe",125g,Becher,0.141,,29.52,https://images.cdn.europe-west1.gcp.commercetools.com/723b2575-66c7-4d92-ae49-82bf1d168d26/00-410802-0196699267-YwF4SCKp.jpg,,"Ja! Natürlich Naturprodukte Gesellschaft m.b.H., Postfach 2000, A-2355 Wr. Neudorf",+43 2236 600 6950,"Postfach 2000, A-2355 Wr. Neudorf",info@janatuerlich.at,,Obst & Gemüse > Obst > Steinobst & Beeren,https://shop.billa.at/produkte/ja-natuerlich-himbeeren-00410802,"Die Ja! Natürlich Bio-Himbeeren kommen aus Niederösterreich, wo sie rein biologisch und nach den strengen Ja! Natürlich Richtlinien angebaut werden. Die zarten Himbeeren zergehen wahrlich auf der Zunge. Sie eignen sich besonders zum Naschen oder zum Verfeinern von Kuchen und Desserts",kg,Billa
00-89362,Steinobst & Beeren,,Kirschen lose,Österreich,9.52,"pp-veget,homecountry",,1kg,Kilo,1.0,,9.52,https://images.cdn.europe-west1.gcp.commercetools.com/723b2575-66c7-4d92-ae49-82bf1d168d26/00-89362-02137965420-fYO_sugO.jpg,"Energie: 63.0 kcal, Energie: 265.0 kJ, Fett: 0.3 g, davon gesättigte Fettsäuren: 0.066 g, Kohlenhydrate: 13.3 g, davon Zucker: 0.2 g, Eiweiß: 0.9 g, Salz: 0.008 g",,,,,,Obst & Gemüse > Obst > Steinobst & Beeren,https://shop.billa.at/produkte/kirschen-lose-0089362,Klasse I,kg,Billa
00-382586,Steinobst & Beeren,SanLucar,SanLucar Himbeeren / Heidelbeeren Mix,"Marokko, Polen, Spanien, Deutschland",3.99,"pp-veget,pp-vegan",,170g,Tasse,0.37,,23.47,https://images.cdn.europe-west1.gcp.commercetools.com/723b2575-66c7-4d92-ae49-82bf1d168d26/00-382586-0262507869-NBd9H36g.jpg,,,,,,,Obst & Gemüse > Obst > Steinobst & Beeren,https://shop.billa.at/produkte/sanlucar-himbeeren-heidelbeeren-mix-00382586,"Klasse I Die Mischung macht's! Für alle, die sich nicht entscheiden können, bieten wir unsere köstlichen Him- und Heidelbeeren zusammen in einer Schale an.",kg,Billa
00-89378,Steinobst & Beeren,Da komm ich her!,Da komm ich her! Marillen,Österreich,4.75,"pp-veget,homecountry",,1kg,Korb,1.015,,4.75,https://images.cdn.europe-west1.gcp.commercetools.com/723b2575-66c7-4d92-ae49-82bf1d168d26/00-89378-1942552417-t2wYaPM7.jpg,,,,,,,Obst & Gemüse > Obst > Steinobst & Beeren,https://shop.billa.at/produkte/da-komm-ich-her-marillen-0089378,Klasse I,kg,Billa
00-89363,Steinobst & Beeren,Ja! Natürlich,Ja! Natürlich Kirschen,Österreich,4.75,"pp-bio,homecountry","Glutenfrei - Spezifiziert als geeignet für eine glutenfreie Diät, Vegetarisch - Ohne Fleisch, Fisch oder andere tierische Produkte, Vegan - Ohne Milchprodukte und tierische Inhaltsstoffe",250g,Packung,0.265,,19.0,https://images.cdn.europe-west1.gcp.commercetools.com/723b2575-66c7-4d92-ae49-82bf1d168d26/00-89363-02120822736-ghVeRU0o.jpg,,"Ja! Natürlich Naturprodukte Gesellschaft m.b.H., Postfach 2000, A-2355 Wr. Neudorf",+43 2236 600 6950,"Postfach 2000, A-2355 Wr. Neudorf",info@janatuerlich.at,"Giorgia, Duroni",Obst & Gemüse > Obst > Steinobst & Beeren,https://shop.billa.at/produkte/ja-natuerlich-kirschen-0089363,"Im Sommer reifen die Ja! Natürlich Bio-Kirschen zu ihrem unverkennbaren Geschmack heran. Nützlinge unterstützen das Wachstum und halten Schädlinge fern. Zum Beginn der Kirsch-Saison kommen sie aus Italien und ab Mitte Juni, wenn es auch bei uns sommerlich heiß ist, kommen sie aus Österreich.",kg,Billa
00-487469,Steinobst & Beeren,,Trinkkokosnuss 'Easy Open',,3.49,"pp-veget,pp-vegan",,1stk,Stück,0.816,,3.49,https://images.cdn.europe-west1.gcp.commercetools.com/723b2575-66c7-4d92-ae49-82bf1d168d26/00-487469-0881901698-U3FkTPEh.jpg,,,,,,,Obst & Gemüse > Obst > Steinobst & Beeren,https://shop.billa.at/produkte/trinkkokosnuss-easy-open-00487469,,Stk,Billa
00-85141,Steinobst & Beeren,SanLucar,SanLucar Heidelbeeren,"Marokko, Spanien, Tunesien",3.49,"pp-veget,pp-vegan",,150g,Becher,0.16,,23.27,https://images.cdn.europe-west1.gcp.commercetools.com/723b2575-66c7-4d92-ae49-82bf1d168d26/00-85141-864835781-r0uKpobA.jpg,,,,,,Sekoya/Sekoya POP,Obst & Gemüse > Obst > Steinobst & Beeren,https://shop.billa.at/produkte/sanlucar-heidelbeeren-0085141,"Sekoya/Sekoya POP - Güteklasse: I Nasch mal blau! Unser wiederverschließbarer Heidelbeer-Becher ist randvoll gefüllt mit knackig-aromatischen Früchtchen zum Snacken. Heidelbeeren mögen es kühl. Einfach in den Kühlschrank mit den Süßen, dann halten sie sich länger frisch.",kg,Billa
00-89465,Steinobst & Beeren,,Himbeeren,"Polen, Marokko",3.69,pp-vegan,,200g,Tasse,0.215,,18.45,https://images.cdn.europe-west1.gcp.commercetools.com/723b2575-66c7-4d92-ae49-82bf1d168d26/00-89465-1383398255-uKRO_cPF.jpg,"Energie: 34.0 kcal, Energie: 142.0 kJ, Fett: 0.3 g, davon gesättigte Fettsäuren: 0.012 g, Kohlenhydrate: 4.8 g, davon Zucker: 0.96 g, Eiweiß: 1.3 g, Salz: 0.003 g",,,,,,Obst & Gemüse > Obst > Steinobst & Beeren,https://shop.billa.at/produkte/himbeeren-0089465,Güteklasse: I,kg,Billa
00-401506,Steinobst & Beeren,Ja! Naturlich,Ja! Natürlich Plattpfirsiche,Spanien,3.32,"pp-veget,pp-bio","Glutenfrei - Spezifiziert als geeignet für eine glutenfreie Diät, Vegetarisch - Ohne Fleisch, Fisch oder andere tierische Produkte, Vegan - Ohne Milchprodukte und tierische Inhaltsstoffe",500g,Tasse,0.516,,6.64,https://images.cdn.europe-west1.gcp.commercetools.com/723b2575-66c7-4d92-ae49-82bf1d168d26/00-401506-0197528483-aT_dW36E.jpg,,"Ja! Natürlich Naturprodukte Gesellschaft m.b.H., Postfach 2000, A-2355 Wr. Neudorf",+43 2236 600 6950,"Postfach 2000, A-2355 Wr. Neudorf",info@janatuerlich.at,,Obst & Gemüse > Obst > Steinobst & Beeren,https://shop.billa.at/produkte/ja-natuerlich-plattpfirsiche-00401506,"gelbfleischig - Güteklasse: II Bei den Ja! Natürlich Bio-Plattpfirsichen handelt es sich um Pfirsiche, die - wie der Name bereits sagt - eine flache Form aufweisen und am weißen oder hellgelben Fruchtfleisch erkennbar sind. Am besten als Snack für zwischendurch, in Süßspeisen und Salaten oder auch als Kompott und Marmelade kann man die Bio-Plattpfirsiche genießen.",kg,Billa
00-411018,Steinobst & Beeren,CLEVER,Clever Pfirsiche,"Spanien, Italien",2.66,,,1kg,Tasse,1.0,,2.66,https://images.cdn.europe-west1.gcp.commercetools.com/723b2575-66c7-4d92-ae49-82bf1d168d26/00-411018-409493550-PrSxqheC.jpg,,,,,,weiß- und gelbfleischig ,Obst & Gemüse > Obst > Steinobst & Beeren,https://shop.billa.at/produkte/clever-pfirsiche-00411018,weiß- und gelbfleischig - Güteklasse: I Sommerzeit ist Pfirsichzeit! Vorhang auf für unsere saftig-frischen Vitaminbomben.,kg,Billa
00-768912,Steinobst & Beeren,CLEVER,Clever Heidelbeeren,"Chile, Marokko, Spanien",3.29,pp-vegan,,300g,Tasse,0.308,,10.97,https://images.cdn.europe-west1.gcp.commercetools.com/723b2575-66c7-4d92-ae49-82bf1d168d26/00-768912-1053570247-OmRB-Hkg.jpg,,,,,,,Obst & Gemüse > Obst > Steinobst & Beeren,https://shop.billa.at/produkte/clever-heidelbeeren-00768912,"Kulturheidelbeeren - Güteklasse: I Perfekt als gesunder Snack für zwischendurch, als Topping im Frühstücksmüsli oder als fruchtige Note in Smoothies. Die clever Heidelbeeren sind immer eine gesunde Wahl!",kg,Billa
00-402489,Exotisches Obst,Ja! Natürlich,Ja! Natürlich Bananen,Peru,2.39,"pp-veget,gs-ft,pp-vegan,pp-bio","Glutenfrei - Spezifiziert als geeignet für eine glutenfreie Diät, Vegetarisch - Ohne Fleisch, Fisch oder andere tierische Produkte, Vegan - Ohne Milchprodukte und tierische Inhaltsstoffe",1kg,Kilo,1.0,,2.39,https://images.cdn.europe-west1.gcp.commercetools.com/723b2575-66c7-4d92-ae49-82bf1d168d26/00-402489-033261172-8PXUmX24.jpg,,"Ja! Natürlich Naturprodukte Gesellschaft m.b.H., Postfach 2000, A-2355 Wr. Neudorf",+43 2236 600 6950,"Postfach 2000, A-2355 Wr. Neudorf",info@janatuerlich.at,Cavendish,Obst & Gemüse > Obst > Exotisches Obst,https://shop.billa.at/produkte/ja-natuerlich-bananen-00402489,"Die Bananen haben den Apfel langst als beliebteste Obstsorte in Österreich abgelost. Biologisch angebaute, fair gehandelte Bananen sind die ökologisch, sozial und kulinarisch überzeugende Alternative. Bei der Ja! Natürlich Bio-Banane werden sowohl der Bio- als auch der FAIRTRADE-Gedanke in einem wohlschmeckenden Naturprodukt vereint.",kg,Billa
00-258074,Exotisches Obst,CLEVER,Clever Bananen,Kolumbien,1.79,"pp-veget,pp-vegan",,1kg,Kilo,1.0,,1.79,https://images.cdn.europe-west1.gcp.commercetools.com/723b2575-66c7-4d92-ae49-82bf1d168d26/00-258074-0127084953-YXEXBqXK.jpg,"Energie: 376.0 kJ, Energie: 89.0 kcal, Fett: 0.5 g, davon gesättigte Fettsäuren: 0.1 g, Kohlenhydrate: 19.0 g, davon Zucker: 17.0 g, Ballaststoffe: 3.4 g, Eiweiß: 1.1 g, Salz: 0.003 g, Natrium: 0.0 g","BILLA AG, Billa AG, IZ NÖ Süd, Straße 3, Objekt 16, 2355 Wr. Neudorf",0800 828 700,"Billa AG, IZ NÖ Süd, Straße 3, Objekt 16, 2355 Wr. Neudorf",kundenservice@billa.at,Cavendish,Obst & Gemüse > Obst > Exotisches Obst,https://shop.billa.at/produkte/clever-bananen-00258074,"Bananen sind nach dem Apfel das beliebteste Obst der Österreicher. Ob als süßer Snack zwischendurch oder in herzhaften Gerichten verarbeitet, ist die tropische Frucht ein echtes Multitalent und lässt sich vielfältig einsetzen. milder und süßer Geschmack, Vitaminreich, ideal zum Kochen oder Rohverzehr",kg,Billa
00-89103,Exotisches Obst,SanLucar,SanLucar Bananen,Ecuador,2.39,"pp-veget,pp-vegan",,1kg,Kilo,1.0,,2.39,https://images.cdn.europe-west1.gcp.commercetools.com/723b2575-66c7-4d92-ae49-82bf1d168d26/00-89103-079936040-tBD_Ree9.jpg,"Energie: 398.0 kJ, Energie: 95.0 kcal, Fett: 0.18 g, davon gesättigte Fettsäuren: 0.068 g, Kohlenhydrate: 21.39 g, davon Zucker: 11.016 g, Eiweiß: 1.15 g, Salz: 0.003 g",,,,,Cavendish,Obst & Gemüse > Obst > Exotisches Obst,https://shop.billa.at/produkte/sanlucar-bananen-0089103,"Klasse I Die SanLucar Bananen mit ihrem milden und süßen Geschmack sind ein traumhaft tropischer Obstgenuss und ideal als gesunder Imbiss oder im Obstsalat. extra süß, viele Vitamine und Nährstoffe",kg,Billa
00-490096,Exotisches Obst,BILLA Bio,BILLA Bio Kiwi,Neuseeland,0.99,"pp-veget,pp-bio","Glutenfrei - Spezifiziert als geeignet für eine glutenfreie Diät, Vegetarisch - Ohne Fleisch, Fisch oder andere tierische Produkte, Vegan - Ohne Milchprodukte und tierische Inhaltsstoffe",1stk,Stück,0.09,,0.99,https://images.cdn.europe-west1.gcp.commercetools.com/723b2575-66c7-4d92-ae49-82bf1d168d26/00-490096-0207186157-Otjqe0Ov.jpg,,"Billa AG, IZ NÖ Süd, Straße 3, Objekt 16, 2355 Wr. Neudorf",0800 828 700,"IZ NÖ Süd, Straße 3, Objekt 16, 2355 Wr. Neudorf",kundenservice@billa.at,Hayward,Obst & Gemüse > Obst > Exotisches Obst,https://shop.billa.at/produkte/billa-bio-kiwi-00490096,Klasse I,Stk,Billa
00-307536,Exotisches Obst,CLEVER,Clever Avocado,Peru,0.99,"pp-veget,pp-vegan",,1stk,Stück,0.2,,0.99,https://images.cdn.europe-west1.gcp.commercetools.com/723b2575-66c7-4d92-ae49-82bf1d168d26/00-307536-814934158-EX6XapeX.jpg,,"BILLA AG, Billa AG, IZ NÖ Süd, Straße 3, Objekt 16, 2355 Wr. Neudorf",0800 828 700,"Billa AG, IZ NÖ Süd, Straße 3, Objekt 16, 2355 Wr. Neudorf",kundenservice@billa.at,Hass,Obst & Gemüse > Obst > Exotisches Obst,https://shop.billa.at/produkte/clever-avocado-00307536,"Die clever Avocados zeichnen sich durch ihre zahlreichen Nährstoffe und ihren einzigartigen Geschmack aus. Besonders gut schmecken sie in Bowls, Salaten oder als Dips... Versuchen Sie es doch mal mit einer selbstgemachten Guacamole!, reich an Vitaminen, Mineralstoffen und ungesättigten Fettsäuren, leicht nussiger und milder Geschmack",Stk,Billa
00-725570,Exotisches Obst,,Riesenkiwi Gold Zespri,"Italien, Griechenland, Neuseeland",1.39,"pp-veget,pp-vegan",,1stk,Stück,0.175,,1.39,https://images.cdn.europe-west1.gcp.commercetools.com/723b2575-66c7-4d92-ae49-82bf1d168d26/00-725570-0101398823-yZVS4kML.jpg,,,,,,Sungold,Obst & Gemüse > Obst > Exotisches Obst,https://shop.billa.at/produkte/riesenkiwi-gold-zespri-00725570,Natürlich reich an Vitamin C. Lade Deine Abwehrkräfte,Stk,Billa
00-402935,Exotisches Obst,Ja! Natürlich,Ja! Natürlich Datteln,Tunesien,1.79,"pp-veget,pp-vegan,pp-bio","Glutenfrei - Spezifiziert als geeignet für eine glutenfreie Diät, Vegetarisch - Ohne Fleisch, Fisch oder andere tierische Produkte, Vegan - Ohne Milchprodukte und tierische Inhaltsstoffe",200g,Packung,0.21,"Datteln Getrocknet* 100%.

*aus biologischer Landwirtschaft",8.95,https://images.cdn.europe-west1.gcp.commercetools.com/723b2575-66c7-4d92-ae49-82bf1d168d26/00-402935-0109671702-gR8H4AoH.jpg,"Energie: 311.0 kcal, Energie: 1315.0 kJ, Fett: 0.5 g, davon gesättigte Fettsäuren: 0.1 g, Kohlenhydrate: 70.0 g, davon Zucker: 68.0 g, Eiweiß: 2.2 g, Salz: 0.02 g","Ja! Natürlich Naturprodukte Gesellschaft m.b.H., Postfach 2000, A-2355 Wr. Neudorf",+43 2236 600 6950,"Postfach 2000, A-2355 Wr. Neudorf",info@janatuerlich.at,,Obst & Gemüse > Obst > Exotisches Obst,https://shop.billa.at/produkte/ja-natuerlich-datteln-00402935,"Die Ja! Natürlich Bio-Datteln kommen aus den besten Anbaugebieten Tunesiens, wo sie von ausgesuchten Bio-Bauern nach den strengen Prinzipien der biologischen Landwirtschaft angebaut werden. Die hohen Temperaturen, die geringe Luftfeuchtigkeit und das reichlich unterirdische Wasserangebot für die Wurzeln gewährleisten optimale Bedingungen für die Dattelpalmen.",kg,Billa
00-410608,Exotisches Obst,SanLucar,SanLucar Premium Avocado Essreif,Spanien,2.79,"pp-veget,pp-vegan",,1stk,Stück,0.2,,2.79,https://images.cdn.europe-west1.gcp.commercetools.com/723b2575-66c7-4d92-ae49-82bf1d168d26/00-410608-451168727-VIktZ6Ao.jpg,,,,,,Hass,Obst & Gemüse > Obst > Exotisches Obst,https://shop.billa.at/produkte/sanlucar-premium-avocado-essreif-00410608,Unsere nussig-cremigen Energiespender* zum Dahinschmelzen. Den Reifegrad unserer Avocados erkennst du an der Banderole. * Avocados sind eine Vitamin-B6-Quelle. Vitamin B6 trägt zu einem normalen Energiestoffwechsel bei.,Stk,Billa
00-89160,Exotisches Obst,,Mango,"Peru, Brasilien, Spanien",2.19,"pp-veget,pp-vegan",,1stk,Stück,0.4,,2.19,https://images.cdn.europe-west1.gcp.commercetools.com/723b2575-66c7-4d92-ae49-82bf1d168d26/00-89160-2011537560-O5sMaeGj.jpg,"Energie: 60.0 kcal, Energie: 252.0 kJ, Fett: 0.45 g, davon gesättigte Fettsäuren: 0.107 g, Kohlenhydrate: 12.8 g, davon Zucker: 9.165 g, Eiweiß: 0.6 g, Salz: 0.013 g",,,,,"diverse Sorten, kein Tommy Atkins",Obst & Gemüse > Obst > Exotisches Obst,https://shop.billa.at/produkte/mango-0089160,"Die Mango ist eine wertvolle Vitaminspenderin, denn sie hat von allen Früchten den höchsten Provitamin-A-Gehalt, außerdem enthalt sie so viel Vitamin C wie eine Grapefruit. Da sie in fast allen tropischen und vielen subtropischen Gebieten wächst, ist sie rund um das Jahr zu bekommen. Ihr saftiges, süß-aromatisches Fruchtfleisch ist pur eine herrliche, gesunde Erfrischung. Aber auch in Desserts, zu Fleisch oder als Chutney ist Mango vorzüglich.",Stk,Billa
00-89150,Exotisches Obst,,Zespri Kiwi grün Essreif,"Italien, Griechenland, Neuseeland",2.99,"pp-veget,pp-vegan",,4stk,Tasse,0.376,,0.75,https://images.cdn.europe-west1.gcp.commercetools.com/723b2575-66c7-4d92-ae49-82bf1d168d26/00-89150-033332143-Uvn6IYrT.jpg,"Energie: 61.0 kcal, Energie: 255.0 kJ, Fett: 0.63 g, davon gesättigte Fettsäuren: 0.149 g, Kohlenhydrate: 10.77 g, davon Zucker: 1.346 g, Eiweiß: 1.0 g, Salz: 0.01 g",,,,,Hayward,Obst & Gemüse > Obst > Exotisches Obst,https://shop.billa.at/produkte/zespri-kiwi-gruen-essreif-0089150,"Klasse I Essreife Kiwis begeistern in jeder Jahreszeit als fruchtig frische Vitaminbomben - ideal im Obstsalat oder direkt zum Ausloffeln. reich an Vitaminen, ideal fur den direkten Verzehr",Stk,Billa
00-89146,Exotisches Obst,,Granatapfel,Peru,2.99,"pp-veget,pp-vegan",,1stk,Stück,0.25,,2.99,https://images.cdn.europe-west1.gcp.commercetools.com/723b2575-66c7-4d92-ae49-82bf1d168d26/00-89146-0196942306-VdDxebaA.jpg,"Energie: 78.0 kcal, Energie: 326.0 kJ, Fett: 0.6 g, davon gesättigte Fettsäuren: 0.141 g, Kohlenhydrate: 16.7 g, davon Zucker: 0.284 g, Eiweiß: 0.7 g, Salz: 0.018 g",,,,,Wonderful,Obst & Gemüse > Obst > Exotisches Obst,https://shop.billa.at/produkte/granatapfel-0089146,,Stk,Billa
00-429156,Exotisches Obst,,Passionsfrucht,,2.99,"pp-veget,pp-vegan",,4stk,Tasse,0.28,,0.75,https://images.cdn.europe-west1.gcp.commercetools.com/723b2575-66c7-4d92-ae49-82bf1d168d26/00-429156-0351496017-84sX538N.jpg,"Energie: 80.0 kcal, Energie: 335.0 kJ, Fett: 0.4 g, davon gesättigte Fettsäuren: 0.095 g, Kohlenhydrate: 13.44 g, davon Zucker: 4.341 g, Eiweiß: 2.4 g, Salz: 0.07 g",,,,,,Obst & Gemüse > Obst > Exotisches Obst,https://shop.billa.at/produkte/passionsfrucht-00429156,"Die Passionsfrucht ist die Königin unter den exotischen Früchten. Das saftige Fruchtfleisch begeistert mit seinem süß-säuerlichen Geschmack roh oder in Desserts. hoher Anteil an Vitamin C, reich an ungesättigten Fettsauren, ein Genuss zum Löffeln oder als exotische Zutat",Stk,Billa
00-385055,Exotisches Obst,,Bio Kokosnuss,Elfenbeinküste,1.99,"pp-veget,pp-vegan,pp-bio",,1stk,Stück,0.35,,1.99,https://images.cdn.europe-west1.gcp.commercetools.com/723b2575-66c7-4d92-ae49-82bf1d168d26/00-385055-73682668-OHFBu-tt.jpg,,,,,,,Obst & Gemüse > Obst > Exotisches Obst,https://shop.billa.at/produkte/bio-kokosnuss-00385055,,Stk,Billa
00-718087,Exotisches Obst,SanLucar,SanLucar Passionsfrucht,Vietnam,1.99,pp-vegan,,1stk,Stück,0.016,,1.99,https://images.cdn.europe-west1.gcp.commercetools.com/723b2575-66c7-4d92-ae49-82bf1d168d26/00-718087-167319137-kVA_R9Uf.jpg,,,,,,,Obst & Gemüse > Obst > Exotisches Obst,https://shop.billa.at/produkte/sanlucar-passionsfrucht-00718087,,Stk,Billa
00-743724,Exotisches Obst,Zespri,Zespri Riesenkiwi grün,Neuseeland,1.39,pp-vegan,,1stk,Stück,0.175,,1.39,https://images.cdn.europe-west1.gcp.commercetools.com/723b2575-66c7-4d92-ae49-82bf1d168d26/00-743724-0649751461-2ptLPXP8.jpg,,,,,,Hayward,Obst & Gemüse > Obst > Exotisches Obst,https://shop.billa.at/produkte/zespri-riesenkiwi-gruen-00743724,,Stk,Billa
00-762307,Exotisches Obst,CLEVER,Clever Datteln Deglet Nour mit Stein,Tunesien,2.99,,"Glutenfrei - Spezifiziert als geeignet für eine glutenfreie Diät, Vegetarisch - Ohne Fleisch, Fisch oder andere tierische Produkte, Vegan - Ohne Milchprodukte und tierische Inhaltsstoffe",500g,Tasse,0.214,"Zutaten: Datteln 


Ohne Zuckerzusatz ohne Konservierungsstoffe",5.98,https://images.cdn.europe-west1.gcp.commercetools.com/723b2575-66c7-4d92-ae49-82bf1d168d26/00-762307-0165953498-tgrpkqTi.jpg,"Energie: 330.0 kcal, Energie: 1398.0 kJ, Fett: 0.5 g, davon gesättigte Fettsäuren: 0.2 g, Kohlenhydrate: 75.0 g, davon Zucker: 60.0 g, Eiweiß: 2.2 g, Salz: 0.02 g","BILLA AG, Billa AG, IZ NÖ Süd, Straße 3, Objekt 16, 2355 Wr. Neudorf",0800 828 700,"Billa AG, IZ NÖ Süd, Straße 3, Objekt 16, 2355 Wr. Neudorf",kundenservice@billa.at,Deglet Nour,Obst & Gemüse > Obst > Exotisches Obst,https://shop.billa.at/produkte/clever-datteln-deglet-nour-mit-stein-00762307,,kg,Billa
00-773443,Exotisches Obst,Billa immer gut,BILLA Riesenmango,Dominikanische Rep.,3.49,pp-vegan,Glutenfrei - Spezifiziert als geeignet für eine glutenfreie Diät,1stk,Stück,0.44,,3.49,https://images.cdn.europe-west1.gcp.commercetools.com/723b2575-66c7-4d92-ae49-82bf1d168d26/00-773443-0147417225-lusiGUeU.jpg,,"BILLA AG, Billa AG, IZ NÖ Süd, Straße 3, Objekt 16, 2355 Wr. Neudorf",0800 828 700,"Billa AG, IZ NÖ Süd, Straße 3, Objekt 16, 2355 Wr. Neudorf",kundenservice@billa.at,,Obst & Gemüse > Obst > Exotisches Obst,https://shop.billa.at/produkte/billa-riesenmango-00773443,"Die süßen, faserarmen, von Hand geernteten Riesenmangos sind perfekt für exotische Salate, Smoothies oder den puren Genuss. Tipp: Um eine Mango pur zu genießen, halbieren Sie sie der Länge nach und schneiden vorsichtig um den Kern herum. Schneiden Sie dann ein Karomuster in die Mangohälfte, stülpen Sie sie um und schneiden die Mango-Würfel mit einem Messer ab.",Stk,Billa
00-775054,Exotisches Obst,BILLA Bio,BILLA Bio Zitronen,,2.79,"pp-veget,pp-bio","Glutenfrei - Spezifiziert als geeignet für eine glutenfreie Diät, Vegetarisch - Ohne Fleisch, Fisch oder andere tierische Produkte, Vegan - Ohne Milchprodukte und tierische Inhaltsstoffe",500g,Netz,0.51,,5.58,https://images.cdn.europe-west1.gcp.commercetools.com/723b2575-66c7-4d92-ae49-82bf1d168d26/00-775054-1951816585-KZt419mU.jpg,,"Billa AG, IZ NÖ Süd, Straße 3, Objekt 16, 2355 Wr. Neudorf",0800 828 700,"IZ NÖ Süd, Straße 3, Objekt 16, 2355 Wr. Neudorf",kundenservice@billa.at,,Obst & Gemüse > Obst > Exotisches Obst,https://shop.billa.at/produkte/billa-bio-zitronen-00775054,,kg,Billa
00-779830,Exotisches Obst,Zespri,Zespri Kiwi gold,"Griechenland, Italien",3.49,pp-vegan,,4stk,Tasse,0.39,,0.87,https://images.cdn.europe-west1.gcp.commercetools.com/723b2575-66c7-4d92-ae49-82bf1d168d26/00-779830-0105501400-EzAnIsLW.jpg,,,,,,Sungold,Obst & Gemüse > Obst > Exotisches Obst,https://shop.billa.at/produkte/zespri-kiwi-gold-00779830,Natürlich reich an Vitamin C. Lade Deine Abwehrkräfte.,Stk,Billa
00-883478,Exotisches Obst,Billa immer gut,BILLA immer gut Avocado essreif 2 Stk.,"Peru, Brasilien",2.99,,"Glutenfrei - Spezifiziert als geeignet für eine glutenfreie Diät, Vegetarisch - Ohne Fleisch, Fisch oder andere tierische Produkte, Vegan - Ohne Milchprodukte und tierische Inhaltsstoffe",2stk,Packung,0.416,,1.5,https://images.cdn.europe-west1.gcp.commercetools.com/723b2575-66c7-4d92-ae49-82bf1d168d26/00-883478-1177908209-3w2dLWXG.jpg,,"BILLA AG, Billa AG, IZ NÖ Süd, Straße 3, Objekt 16, 2355 Wr. Neudorf",0800 828 700,"Billa AG, IZ NÖ Süd, Straße 3, Objekt 16, 2355 Wr. Neudorf",kundenservice@billa.at,,Obst & Gemüse > Obst > Exotisches Obst,https://shop.billa.at/produkte/billa-immer-gut-avocado-essreif-2-stk-00883478,,Stk,Billa
00-883479,Exotisches Obst,BILLA Bio,BILLA Bio Avocado,Spanien,1.99,"pp-veget,gs-eubio,pp-vegan,pp-glutenfr,pp-bio","Glutenfrei - Spezifiziert als geeignet für eine glutenfreie Diät, Vegetarisch - Ohne Fleisch, Fisch oder andere tierische Produkte, Vegan - Ohne Milchprodukte und tierische Inhaltsstoffe",1stk,Stück,0.23,,1.99,https://images.cdn.europe-west1.gcp.commercetools.com/723b2575-66c7-4d92-ae49-82bf1d168d26/00-883479-0416099936-qt0ZHVzC.jpg,,"Billa AG, IZ NÖ Süd, Straße 3, Objekt 16, 2355 Wr. Neudorf",0800 828 700,"IZ NÖ Süd, Straße 3, Objekt 16, 2355 Wr. Neudorf",kundenservice@billa.at,,Obst & Gemüse > Obst > Exotisches Obst,https://shop.billa.at/produkte/billa-bio-avocado-00883479,,Stk,Billa
00-890363,Exotisches Obst,CLEVER,Clever Ananas,Honduras,1.89,pp-vegan,,1kg,Kilo,1.0,,1.89,https://images.cdn.europe-west1.gcp.commercetools.com/723b2575-66c7-4d92-ae49-82bf1d168d26/00-890363-0213948348-Uxs1Kz9a.jpg,,,,,,,Obst & Gemüse > Obst > Exotisches Obst,https://shop.billa.at/produkte/clever-ananas-00890363,Herkunft: siehe Etikette,kg,Billa
00-89118,Exotisches Obst,SanLucar,SanLucar Wassermelone kernarm,Spanien,1.79,,,1kg,Kilo,1.0,,1.79,https://images.cdn.europe-west1.gcp.commercetools.com/723b2575-66c7-4d92-ae49-82bf1d168d26/00-89118-2123636921-jfyvaWRn.jpg,"Energie: 38.0 kcal, Energie: 160.0 kJ, Fett: 0.2 g, davon gesättigte Fettsäuren: 0.047 g, Kohlenhydrate: 8.28 g, davon Zucker: 2.484 g, Eiweiß: 0.6 g, Salz: 0.003 g",,,,,"div. Sorten
",Obst & Gemüse > Obst > Exotisches Obst,https://shop.billa.at/produkte/sanlucar-wassermelone-kernarm-0089118,"Die Wassermelone ist voll an wertvollen Vitaminen. Sie hat auch einen hohen Wassergehalt und ist daher besonders im Sommer erfrischend. Der große Sommerhit. Aufgeschnitten, Spalte fur Spalte, eine kostliche Erfrischung an heißen Tagen! Die Wassermelone bildet einen selbststandigen Zweig in die großen Familie der Kurbisgewachse. Wie alle Melonen zahlt sie eigentlich zu den Gemusen, denn alle einjahrigen Pflanzen werden dazu gerechnet.",kg,Billa
00-89161,Exotisches Obst,,Riesenpapaya Formosa,Spanien,3.99,pp-vegan,,1kg,Kilo,1.0,,3.99,https://images.cdn.europe-west1.gcp.commercetools.com/723b2575-66c7-4d92-ae49-82bf1d168d26/00-89161-01286861216-oD6Lcavy.jpg,"Energie: 13.0 kcal, Energie: 54.0 kJ, Fett: 0.09 g, davon gesättigte Fettsäuren: 0.026 g, Kohlenhydrate: 2.4 g, davon Zucker: 1.032 g, Eiweiß: 0.52 g, Salz: 0.008 g",,,,,"Sweet, Intenzza Honey",Obst & Gemüse > Obst > Exotisches Obst,https://shop.billa.at/produkte/riesenpapaya-formosa-0089161,,kg,Billa
00-89083,Zitrusfrüchte,Ja! Natürlich,Ja! Natürlich Orangen,"Italien, Griechenland",3.49,"pp-veget,pp-vegan,pp-bio","Glutenfrei - Spezifiziert als geeignet für eine glutenfreie Diät, Vegetarisch - Ohne Fleisch, Fisch oder andere tierische Produkte, Vegan - Ohne Milchprodukte und tierische Inhaltsstoffe",1kg,Netz,1.01,,3.49,https://images.cdn.europe-west1.gcp.commercetools.com/723b2575-66c7-4d92-ae49-82bf1d168d26/00-89083-0301493794-nztkY2wY.jpg,,"Ja! Natürlich Naturprodukte Gesellschaft m.b.H., Postfach 2000, A-2355 Wr. Neudorf",+43 2236 600 6950,"Postfach 2000, A-2355 Wr. Neudorf",info@janatuerlich.at,"Navel, Lane Late, Valencia",Obst & Gemüse > Obst > Zitrusfrüchte,https://shop.billa.at/produkte/ja-natuerlich-orangen-0089083,"Die Ja! Natürlich Bio-Orangen sind saftig-süß im Geschmack und werden gemäß der biologischen Landwirtschaft angebaut. Auch die Schale bleibt unbehandelt und kann somit bedenkenlos verwendet werden - ob zum Verfeinern von Kuchen, Tees oder Nachspeisen.",kg,Billa
00-89012,Zitrusfrüchte,SanLucar,SanLucar Mandarinen,,3.99,pp-vegan,,750g,Netz,0.765,,5.32,https://images.cdn.europe-west1.gcp.commercetools.com/723b2575-66c7-4d92-ae49-82bf1d168d26/00-89012-530620093-mzKwZSXr.jpg,,,,,,Nova,Obst & Gemüse > Obst > Zitrusfrüchte,https://shop.billa.at/produkte/sanlucar-mandarinen-0089012,"Klasse I Dank ihres ausgewogenen Süße-Säure-Verhältnisses ist die Mandarine der Sorte Nadorcott bzw. Tango im Geschmack besonders fruchtig. Gekühlt genossen, werden die leicht schälbaren, kernarmen Früchte zu einer Erfrischung obendrein.",kg,Billa
00-415755,Zitrusfrüchte,SanLucar,SanLucar Zitronen,,0.99,"pp-veget,pp-vegan",,1stk,Stück,0.12,,0.99,https://images.cdn.europe-west1.gcp.commercetools.com/723b2575-66c7-4d92-ae49-82bf1d168d26/00-415755-984946262-R1uZ8Q4V.jpg,"Energie: 56.0 kcal, Energie: 235.0 kJ, Fett: 0.6 g, davon gesättigte Fettsäuren: 0.132 g, Kohlenhydrate: 8.08 g, davon Zucker: 1.05 g, Eiweiß: 0.7 g, Salz: 0.008 g",,,,,Eureka,Obst & Gemüse > Obst > Zitrusfrüchte,https://shop.billa.at/produkte/sanlucar-zitronen-00415755,"Klasse I Die sonnengereiften SanLucar Zitronen sind herrlich saftig und intensiv im Geschmack. Der gesunde Vitamin-C-Lieferant lässt sich vielseitig verwenden. enthält viele Mineralstoffe und Vitamine, zum Verfeinern beim Kochen und Backen",Stk,Billa
00-561102,Zitrusfrüchte,BILLA Bio,BILLA Bio Limetten,"Mexiko, Brasilien, Peru",2.49,"pp-veget,pp-vegan,pp-bio","Glutenfrei - Spezifiziert als geeignet für eine glutenfreie Diät, Vegetarisch - Ohne Fleisch, Fisch oder andere tierische Produkte, Vegan - Ohne Milchprodukte und tierische Inhaltsstoffe",300g,Netz,0.31,,8.3,https://images.cdn.europe-west1.gcp.commercetools.com/723b2575-66c7-4d92-ae49-82bf1d168d26/00-561102-1134160220-ymFRNqkG.jpg,,"Billa AG, IZ NÖ Süd, Straße 3, Objekt 16, 2355 Wr. Neudorf",0800 828 700,"IZ NÖ Süd, Straße 3, Objekt 16, 2355 Wr. Neudorf",kundenservice@billa.at,"div. Sorten
",Obst & Gemüse > Obst > Zitrusfrüchte,https://shop.billa.at/produkte/billa-bio-limetten-00561102,Klasse I,kg,Billa
00-431092,Zitrusfrüchte,SanLucar,SanLucar Orangen gelegt,Spanien,3.49,,,1kg,Kilo,1.0,,3.49,https://images.cdn.europe-west1.gcp.commercetools.com/723b2575-66c7-4d92-ae49-82bf1d168d26/00-431092-0637454455-8iL38h3P.jpg,"Energie: 47.0 kcal, Energie: 197.0 kJ, Fett: 0.2 g, davon gesättigte Fettsäuren: 0.038 g, Kohlenhydrate: 9.19 g, davon Zucker: 3.795 g, Eiweiß: 1.0 g, Salz: 0.003 g",,,,,"Powell, Midknight",Obst & Gemüse > Obst > Zitrusfrüchte,https://shop.billa.at/produkte/sanlucar-orangen-gelegt-00431092,"Klasse I Extra saftig und wunderbar süß: Die Orangen aus Südafrika von SanLucar schmecken herrlich als kleine Obstjause oder als frisch gepresster Saft. Neben dem Geschmack überzeugen die Zitrusfrüchte mit ihren gesunden Nährstoffen. intensiv im Geschmack, enthält viel Vitamin C",kg,Billa
00-89056,Zitrusfrüchte,,Grapefruit,Südafrika,1.39,,,1stk,Stück,0.25,,1.39,https://images.cdn.europe-west1.gcp.commercetools.com/723b2575-66c7-4d92-ae49-82bf1d168d26/00-89056-02110562091-PrDOgiHw.jpg,"Energie: 50.0 kcal, Energie: 209.0 kJ, Fett: 0.15 g, davon gesättigte Fettsäuren: 0.031 g, Kohlenhydrate: 8.95 g, davon Zucker: 3.544 g, Eiweiß: 0.6 g, Salz: 0.005 g",,,,,"Star Ruby, Ruby Red",Obst & Gemüse > Obst > Zitrusfrüchte,https://shop.billa.at/produkte/grapefruit-0089056,,Stk,Billa
00-863863,Zitrusfrüchte,SanLucar,SanLucar Zitronen unbehandelt,,2.49,pp-vegan,,400g,Netz,0.4,,6.23,https://images.cdn.europe-west1.gcp.commercetools.com/723b2575-66c7-4d92-ae49-82bf1d168d26/00-863863-1035137444-_MtzlbXL.jpg,,,,,,,Obst & Gemüse > Obst > Zitrusfrüchte,https://shop.billa.at/produkte/sanlucar-zitronen-unbehandelt-00863863,,kg,Billa
00-867970,Zitrusfrüchte,CLEVER,Clever Zitronen,,2.47,,,750g,Netz,0.31,,3.29,https://images.cdn.europe-west1.gcp.commercetools.com/723b2575-66c7-4d92-ae49-82bf1d168d26/00-867970-03552970-L5CJRXNz.jpg,,,,,,,Obst & Gemüse > Obst > Zitrusfrüchte,https://shop.billa.at/produkte/clever-zitronen-00867970,,kg,Billa
00-89479,Gartengemüse,Ja! Natürlich,Ja! Natürlich Maroni gegart,Italien,2.19,"pp-veget,pp-vegan,pp-bio",,100g,Packung,0.106,"Maroni*.

*aus biologischer Landwirtschaft",21.9,https://images.cdn.europe-west1.gcp.commercetools.com/723b2575-66c7-4d92-ae49-82bf1d168d26/00-89479-0505196499-dtVQikM-.jpg,"Energie: 185.0 kcal, Energie: 781.0 kJ, Fett: 0.9 g, davon gesättigte Fettsäuren: 0.2 g, Kohlenhydrate: 36.0 g, davon Zucker: 7.6 g, Eiweiß: 5.1 g, Salz: 0.01 g","Ja! Natürlich Naturprodukte Gesellschaft m.b.H., Postfach 2000, A-2355 Wr. Neudorf",+43 2236 600 6950,"Postfach 2000, A-2355 Wr. Neudorf",info@janatuerlich.at,,Obst & Gemüse > Gemüse > Gartengemüse,https://shop.billa.at/produkte/ja-natuerlich-maroni-gegart-0089479,"Klasse I Die handverlesenen Ja! Natürlich Bio-Maroni kommen aus traditionellen Anbauregionen Italiens, wo sie von ausgewählten Bio-Bauern- und Bäuerinnen nach den strengen Richtlinien der biologischen Landwirtschaft kultiviert werden. Nach der Ernte werden die Bio-Maroni per Hand selektiert und fein gegart - so konnen sie ihr einzigartiges Aroma und ihren unvergleichlichen Geschmack am besten entfalten. Eignen sich ideal als kostliche Zwischenmalzeit, verfeinern Gebäck, Süßspeisen sowie herzhafte Fleischgerichte, Sofort zum Genießen, Saftig im Geschmack, Ohne chemisch-synthetische Pflanzenschutzmittel",kg,Billa
00-402495,Gartengemüse,Ja! Natürlich,Ja! Natürlich Zucchini,Österreich,1.22,"pp-bio,homecountry,pp-vegan,pp-veget","Glutenfrei - Spezifiziert als geeignet für eine glutenfreie Diät, Vegetarisch - Ohne Fleisch, Fisch oder andere tierische Produkte, Vegan - Ohne Milchprodukte und tierische Inhaltsstoffe",1stk,Stück,0.18,,1.22,https://images.cdn.europe-west1.gcp.commercetools.com/723b2575-66c7-4d92-ae49-82bf1d168d26/00-402495-0864824494-KdAVmQ5z.jpg,,"Ja! Natürlich Naturprodukte Gesellschaft m.b.H., Postfach 2000, A-2355 Wr. Neudorf",+43 2236 600 6950,"Postfach 2000, A-2355 Wr. Neudorf",info@janatuerlich.at,,Obst & Gemüse > Gemüse > Gartengemüse,https://shop.billa.at/produkte/ja-natuerlich-zucchini-00402495,"Ja! Natürlich Bio-Zucchinis stammen aus kontrolliert biologischer Landwirtschaft: also keine chemisch-synthetischen Hilfsmittel, sondern nur Düngung mit Kompost und ein langsameres Wachstum durch die natürliche Reifezeit. Dadurch entwickeln Ja! Natürlich Bio-Zucchinis einfach mehr Geschmacks- und Aromastoffe und einen hoheren Anteil an Vitaminen, Ballast- und Mineralstoffen.In den Sommermonaten kommt die Ja! Natürlich Zucchini aus dem Österreich, in den Wintermonaten von einem langjahrigen italienischen Partnerbetrieb. Zucchinis kann man füllen, in Scheiben schneiden und schmoren, braten, überbacken oder roh Salaten beifugen. Sie passen zu allen Fischgerichten, Fleisch und Geflügel und lassen sich mit nahezu allen anderen Gemüsesorten kombinieren.",Stk,Billa
00-443875,Gartengemüse,BILLA Bio,BILLA Bio Gurken,Spanien,1.7,"pp-veget,pp-vegan,pp-bio","Glutenfrei - Spezifiziert als geeignet für eine glutenfreie Diät, Vegetarisch - Ohne Fleisch, Fisch oder andere tierische Produkte, Vegan - Ohne Milchprodukte und tierische Inhaltsstoffe",1stk,Stück,0.36,,1.7,https://images.cdn.europe-west1.gcp.commercetools.com/723b2575-66c7-4d92-ae49-82bf1d168d26/00-443875-0615312939-hWh7sPfF.jpg,,"Billa AG, IZ NÖ Süd, Straße 3, Objekt 16, 2355 Wr. Neudorf",0800 828 700,"IZ NÖ Süd, Straße 3, Objekt 16, 2355 Wr. Neudorf",kundenservice@billa.at,,Obst & Gemüse > Gemüse > Gartengemüse,https://shop.billa.at/produkte/billa-bio-gurken-00443875,Klasse II,Stk,Billa
00-408966,Gartengemüse,Da komm ich her!,Da komm ich her! Gurke,Österreich,1.32,"pp-veget,pp-vegan,homecountry",,1stk,Stück,0.4,,1.32,https://images.cdn.europe-west1.gcp.commercetools.com/723b2575-66c7-4d92-ae49-82bf1d168d26/00-408966-0733584764-13TkCeqW.jpg,"Energie: 12.0 kcal, Energie: 51.0 kJ, Fett: 0.2 g, davon gesättigte Fettsäuren: 0.066 g, Kohlenhydrate: 1.81 g, davon Zucker: 0.091 g, Eiweiß: 0.6 g, Salz: 0.02 g","Billa AG, Postfach 2000, 2355 Wiener Neudorf",,"Postfach 2000, 2355 Wiener Neudorf",,,Obst & Gemüse > Gemüse > Gartengemüse,https://shop.billa.at/produkte/da-komm-ich-her-gurke-00408966,"Klasse I Ob als Gurkensalat oder als Snack für die Jausenbox: Die Gurke aus Österreich ist gesund und erfrischend. kalorienarmer Schlankmacher, reich an Vitamin B, regionale Herkunft von Da komm' ich her!",Stk,Billa
00-89613,Gartengemüse,,Suppengrün,"Österreich, Italien",1.23,"pp-veget,pp-vegan",,1stk,Bund,0.325,"Zutaten :SELLERIE, Moehren, Wurzen, Porree, Petergruen, Pastanak",1.23,https://images.cdn.europe-west1.gcp.commercetools.com/723b2575-66c7-4d92-ae49-82bf1d168d26/00-89613-01681903141-A3pU7dhu.jpg,"Energie: 24.0 kcal, Energie: 100.0 kJ, Fett: 0.26 g, davon gesättigte Fettsäuren: 0.051 g, Kohlenhydrate: 3.64 g, davon Zucker: 1.173 g, Eiweiß: 1.505 g, Salz: 0.15 g","Fuchs, Klederingerstraße171 1100 Wien",,Klederingerstraße171 1100 Wien,,,Obst & Gemüse > Gemüse > Gartengemüse,https://shop.billa.at/produkte/suppengruen-0089613,"Beste Gemusezutaten aus der Region: Das frische Suppengrun fur kraftige Eintopfe darf in keiner Kuche fehlen. Suppengrun aus Sellerie, Karotten, Porree, Peterwurze, Petersil, Pastinake, feinste Zutaten aus regionalem Anbau, vitamin- und nahrstoffreich",Stk,Billa
00-410646,Gartengemüse,Da komm ich her!,Da komm ich her! Paprika Tricolore,Österreich,3.8,"pp-veget,pp-vegan,homecountry",,3stk,Packung,0.515,,1.27,https://images.cdn.europe-west1.gcp.commercetools.com/723b2575-66c7-4d92-ae49-82bf1d168d26/00-410646-0942881486-qH3m33PY.jpg,"Energie: 30.0 kcal, Energie: 126.0 kJ, Fett: 0.3 g, davon gesättigte Fettsäuren: 0.054 g, Kohlenhydrate: 5.3 g, davon Zucker: 0.212 g, Eiweiß: 1.2 g, Salz: 0.01 g","Billa AG, Postfach 2000, 2355 Wiener Neudorf",,"Postfach 2000, 2355 Wiener Neudorf",,,Obst & Gemüse > Gemüse > Gartengemüse,https://shop.billa.at/produkte/da-komm-ich-her-paprika-tricolore-00410646,Klasse I,Stk,Billa
00-89614,Gartengemüse,Ja! Natürlich,Ja! Natürlich Suppentasse,,2.75,"pp-veget,pp-vegan,pp-bio","Glutenfrei - Spezifiziert als geeignet für eine glutenfreie Diät, Vegetarisch - Ohne Fleisch, Fisch oder andere tierische Produkte, Vegan - Ohne Milchprodukte und tierische Inhaltsstoffe",500g,Tasse,0.525,,5.5,https://images.cdn.europe-west1.gcp.commercetools.com/723b2575-66c7-4d92-ae49-82bf1d168d26/00-89614-991929664-7cZek2S6.jpg,,"Ja! Natürlich Naturprodukte Gesellschaft m.b.H., Postfach 2000, A-2355 Wr. Neudorf",+43 2236 600 6950,"Postfach 2000, A-2355 Wr. Neudorf",info@janatuerlich.at,,Obst & Gemüse > Gemüse > Gartengemüse,https://shop.billa.at/produkte/ja-natuerlich-suppentasse-0089614,"Gemusesuppe mit naturlichen Zutaten selber kochen? Mit der Bio-Suppentasse von Ja! Naturlich bekommt der Gemuseeintopf seinen unnachahmlichen kraftigen Geschmack. Suppengemuse aus Karotten, Sellerie, Peterwurzen, gelben Ruben, Porree und Petersilie, aus Bio-Anbau, regionale Herkunft",kg,Billa
00-411113,Gartengemüse,Da komm ich her!,Da komm ich her! Paprika Rot,Österreich,1.61,"pp-veget,pp-vegan,homecountry",,1stk,Stück,0.166,,1.61,https://images.cdn.europe-west1.gcp.commercetools.com/723b2575-66c7-4d92-ae49-82bf1d168d26/00-411113-0140843969-syopbRPC.jpg,"Energie: 30.0 kcal, Energie: 126.0 kJ, Fett: 0.3 g, davon gesättigte Fettsäuren: 0.054 g, Kohlenhydrate: 5.3 g, davon Zucker: 0.212 g, Eiweiß: 1.2 g, Salz: 0.01 g","Billa AG, Postfach 2000, 2355 Wiener Neudorf",,"Postfach 2000, 2355 Wiener Neudorf",,,Obst & Gemüse > Gemüse > Gartengemüse,https://shop.billa.at/produkte/da-komm-ich-her-paprika-rot-00411113,"Klasse I Mit seinem süßlichen Geschmack und der schönen Farbe gehört der rote Paprika aus Österreich in die abwechslungsreiche Küche. enthält viel Vitamin C, knackig frisch, heimisches Gemüse von Da komm' ich her!",Stk,Billa
00-498544,Gartengemüse,Ja! Natürlich,Ja! Natürlich Feldgurke,Österreich,1.23,"pp-veget,pp-bio,homecountry","Glutenfrei - Spezifiziert als geeignet für eine glutenfreie Diät, Vegetarisch - Ohne Fleisch, Fisch oder andere tierische Produkte, Vegan - Ohne Milchprodukte und tierische Inhaltsstoffe",1stk,Stück,0.2,,1.23,https://images.cdn.europe-west1.gcp.commercetools.com/723b2575-66c7-4d92-ae49-82bf1d168d26/00-498544-0180609786-yP2UfdT5.jpg,,"Ja! Natürlich Naturprodukte Gesellschaft m.b.H., Postfach 2000, A-2355 Wr. Neudorf",+43 2236 600 6950,"Postfach 2000, A-2355 Wr. Neudorf",info@janatuerlich.at,,Obst & Gemüse > Gemüse > Gartengemüse,https://shop.billa.at/produkte/ja-natuerlich-feldgurke-00498544,"Ja! Natürlich Bio-Feldgurken sind deutlich kurzer und dicker als die bei uns überwiegenden langen und schlanken Salatgurken. Die Bio-Feldgurken schmecken sehr erfrischend und eignen sich ideal fur Gurkensuppe, im Salat oder auch für Smoothies.",Stk,Billa
00-422619,Gartengemüse,Ja! Natürlich,Ja! Natürlich Bio-Hokkaido-Kürbis,Österreich,3.32,"pp-veget,gs-bio,pp-bio,homecountry","Glutenfrei - Spezifiziert als geeignet für eine glutenfreie Diät, Vegetarisch - Ohne Fleisch, Fisch oder andere tierische Produkte, Vegan - Ohne Milchprodukte und tierische Inhaltsstoffe",1kg,Kilo,1.0,,3.32,https://images.cdn.europe-west1.gcp.commercetools.com/723b2575-66c7-4d92-ae49-82bf1d168d26/00-422619-0174742740-bpHY7d7E.jpg,,"Ja! Natürlich Naturprodukte Gesellschaft m.b.H., Postfach 2000, A-2355 Wr. Neudorf",+43 2236 600 6950,"Postfach 2000, A-2355 Wr. Neudorf",info@janatuerlich.at,Hokkaido,Obst & Gemüse > Gemüse > Gartengemüse,https://shop.billa.at/produkte/ja-natuerlich-biohokkaidokuerbis-00422619,"Der Ja! Natürlich Bio-Hokkaido überzeugt mit seinem feinen, saftigen Fruchtfleisch, welches einen leicht-nussigen Geschmack bietet. Die dünne, orangefarbene Schale des Hokkaidos kann mitgekocht und gegessen werden. Gemäß der biologischen Landwirtschaft wächst der Bio-Kürbis in Österreich heran.",kg,Billa
00-579260,Gartengemüse,Ja! Natürlich,Ja! Natürlich Bio Spitzpaprika rot,Österreich,1.7,"gs-eubio,pp-bio,homecountry,gs-bio,gs-gentech,pp-glutenfr,pp-veget","Glutenfrei - Spezifiziert als geeignet für eine glutenfreie Diät, Vegetarisch - Ohne Fleisch, Fisch oder andere tierische Produkte, Vegan - Ohne Milchprodukte und tierische Inhaltsstoffe",1stk,Stück,0.1,,1.7,https://images.cdn.europe-west1.gcp.commercetools.com/723b2575-66c7-4d92-ae49-82bf1d168d26/00-579260-0206992016-DVPZnv9O.jpg,,"Ja! Natürlich Naturprodukte Gesellschaft m.b.H., Postfach 2000, A-2355 Wr. Neudorf",+43 2236 600 6950,"Postfach 2000, A-2355 Wr. Neudorf",info@janatuerlich.at,,Obst & Gemüse > Gemüse > Gartengemüse,https://shop.billa.at/produkte/ja-natuerlich-bio-spitzpaprika-rot-00579260,"Klasse II Ja! Natürlich Bio-Spitzpaprika kommt aus Oberösterreich, wo er aufgrund von Geothermie schon ab April bis in den Oktober hinein geerntet werden kann. Das regionale Bio-Fruchtgemüse ist knackig frisch, leicht süßlich im Geschmack und bereichert Salate sowie Gemüsepfannen.",Stk,Billa
00-89717,Gartengemüse,LGV,LGV Mini Gurken,Österreich,1.89,"pp-veget,pp-vegan,homecountry",,3stk,Tasse,0.265,,0.63,https://images.cdn.europe-west1.gcp.commercetools.com/723b2575-66c7-4d92-ae49-82bf1d168d26/00-89717-1782148456-O1k6Ic--.jpg,"Energie: 12.0 kcal, Energie: 51.0 kJ, Fett: 0.2 g, davon gesättigte Fettsäuren: 0.066 g, Kohlenhydrate: 1.81 g, davon Zucker: 0.091 g, Eiweiß: 0.6 g, Salz: 0.02 g",,,,,,Obst & Gemüse > Gemüse > Gartengemüse,https://shop.billa.at/produkte/lgv-mini-gurken-0089717,Klasse I,Stk,Billa
00-805088,Gartengemüse,Da komm ich her!,Da komm ich her! Rispenparadeiser 'Resi',Österreich,3.61,"pp-veget,pp-vegan,homecountry",,500g,Tasse,0.51,,7.22,https://images.cdn.europe-west1.gcp.commercetools.com/723b2575-66c7-4d92-ae49-82bf1d168d26/00-805088-0608601135-FeaTdM-n.jpg,,"Billa AG, Postfach 2000, 2355 Wiener Neudorf",,"Postfach 2000, 2355 Wiener Neudorf",,,Obst & Gemüse > Gemüse > Gartengemüse,https://shop.billa.at/produkte/da-komm-ich-her-rispenparadeiser-resi-00805088,Klasse I,kg,Billa
00-415856,Gartengemüse,CLEVER,Clever Zucchini,"Österreich, Italien, Marokko, Spanien",1.89,"pp-veget,pp-vegan",,1kg,Netz,1.01,,1.89,https://images.cdn.europe-west1.gcp.commercetools.com/723b2575-66c7-4d92-ae49-82bf1d168d26/00-415856-6655573-VUXM3oKn.jpg,"Energie: 19.0 kcal, Energie: 80.0 kJ, Fett: 0.4 g, davon gesättigte Fettsäuren: 0.095 g, Kohlenhydrate: 2.05 g, davon Zucker: 0.328 g, Eiweiß: 1.6 g, Salz: 0.003 g","BILLA AG, Billa AG, IZ NÖ Süd, Straße 3, Objekt 16, 2355 Wr. Neudorf",0800 828 700,"Billa AG, IZ NÖ Süd, Straße 3, Objekt 16, 2355 Wr. Neudorf",kundenservice@billa.at,,Obst & Gemüse > Gemüse > Gartengemüse,https://shop.billa.at/produkte/clever-zucchini-00415856,"Klasse I Die clever Zuchini unterstützen Sie in Ihrer Küche mit einem wohlschmeckenden, aromatischen Geschmackserlebnis, das Sie z.B. gebraten oder in einer typischen Zuchini-Creme Suppe überzeugen wird.",kg,Billa
00-409241,Gartengemüse,Da komm ich her!,Da komm ich her! Kohlrabi,Österreich,1.32,"pp-veget,homecountry",,1stk,Stück,0.252,,1.32,https://images.cdn.europe-west1.gcp.commercetools.com/723b2575-66c7-4d92-ae49-82bf1d168d26/00-409241-1864070107-1x60ppSU.jpg,"Energie: 25.0 kcal, Energie: 103.0 kJ, Fett: 0.1 g, davon gesättigte Fettsäuren: 0.015 g, Kohlenhydrate: 3.7 g, davon Zucker: 1.147 g, Eiweiß: 2.0 g, Salz: 0.08 g","Billa AG, Postfach 2000, 2355 Wiener Neudorf",,"Postfach 2000, 2355 Wiener Neudorf",,,Obst & Gemüse > Gemüse > Gartengemüse,https://shop.billa.at/produkte/da-komm-ich-her-kohlrabi-00409241,"Klasse I Ein Klassiker der heimischen Küche: Kohlrabi von Da komm' ich her! schmeckt so, wie man ihn kennt. Mit seiner leicht süßlichen Note ist er beliebt als Snack. enthält Vitamine und Mineralstoffe, besonders bekömmlich, regionaler Anbau",Stk,Billa
00-444674,Gartengemüse,BILLA Bio,BILLA Bio Ingwer,"Peru, China",2.49,"pp-veget,pp-vegan,pp-bio","Glutenfrei - Spezifiziert als geeignet für eine glutenfreie Diät, Vegetarisch - Ohne Fleisch, Fisch oder andere tierische Produkte, Vegan - Ohne Milchprodukte und tierische Inhaltsstoffe",150g,Tasse,0.17,,16.6,https://images.cdn.europe-west1.gcp.commercetools.com/723b2575-66c7-4d92-ae49-82bf1d168d26/00-444674-0432639359-3QwAoZJ-.jpg,,"Billa AG, IZ NÖ Süd, Straße 3, Objekt 16, 2355 Wr. Neudorf",0800 828 700,"IZ NÖ Süd, Straße 3, Objekt 16, 2355 Wr. Neudorf",kundenservice@billa.at,,Obst & Gemüse > Gemüse > Gartengemüse,https://shop.billa.at/produkte/billa-bio-ingwer-00444674,"Ingwer oder was? Diese Bio-Knolle lässt die Herzen und Gaumen höher schlagen, wenn es um asiatische Küche geht. Und sonst auch. Gentechnikfrei, ohne Einsatz chemisch-synthetischer Pflanzenschutzmittel* *gemäß EU-Bio-Verorodnung",kg,Billa
00-321422,Gartengemüse,Ja! Natürlich,Ja! Natürlich Fenchel,Österreich,1.89,"pp-veget,pp-vegan,pp-bio,homecountry","Glutenfrei - Spezifiziert als geeignet für eine glutenfreie Diät, Vegetarisch - Ohne Fleisch, Fisch oder andere tierische Produkte, Vegan - Ohne Milchprodukte und tierische Inhaltsstoffe",1stk,Stück,0.3,,1.89,https://images.cdn.europe-west1.gcp.commercetools.com/723b2575-66c7-4d92-ae49-82bf1d168d26/00-321422-0173067225-bxfbbdPq.jpg,,"Ja! Natürlich Naturprodukte Gesellschaft m.b.H., Postfach 2000, A-2355 Wr. Neudorf",+43 2236 600 6950,"Postfach 2000, A-2355 Wr. Neudorf",info@janatuerlich.at,,Obst & Gemüse > Gemüse > Gartengemüse,https://shop.billa.at/produkte/ja-natuerlich-fenchel-00321422,"Der Ja! Natürlich Bio-Fenchel ist durch seinen anisähnlichen Geschmack unverkennbar. Er wird gemäß der biologischen Landwirtschaft und somit ohne Einsatz von chemisch-synthetischen Pflanzenschutzmitteln kultiviert. Zur Saison kommt er aus Österreich, außerhalb der Saison aus Italien.",Stk,Billa
00-89800,Gartengemüse,,Karfiol,"Spanien, Frankreich, Polen, Deutschland, Italien",2.66,"pp-veget,pp-vegan",,1stk,Stück,0.45,,2.66,https://images.cdn.europe-west1.gcp.commercetools.com/723b2575-66c7-4d92-ae49-82bf1d168d26/00-89800-0729485909--9M4y0QY.jpg,"Energie: 23.0 kcal, Energie: 95.0 kJ, Fett: 0.28 g, davon gesättigte Fettsäuren: 0.052 g, Kohlenhydrate: 2.34 g, davon Zucker: 0.187 g, Eiweiß: 2.46 g, Salz: 0.04 g",,,,,,Obst & Gemüse > Gemüse > Gartengemüse,https://shop.billa.at/produkte/karfiol-0089800,Klasse I,Stk,Billa
00-89723,Gartengemüse,Da komm ich her!,Da komm ich her! Lauch,Österreich,1.42,"pp-veget,pp-vegan,homecountry",,1stk,Stück,0.25,,1.42,https://images.cdn.europe-west1.gcp.commercetools.com/723b2575-66c7-4d92-ae49-82bf1d168d26/00-89723-0429017070-wXighg7p.jpg,"Energie: 26.0 kcal, Energie: 107.0 kJ, Fett: 0.34 g, davon gesättigte Fettsäuren: 0.057 g, Kohlenhydrate: 3.21 g, davon Zucker: 0.53 g, Eiweiß: 2.24 g, Salz: 0.013 g","Billa AG, Postfach 2000, 2355 Wiener Neudorf",,"Postfach 2000, 2355 Wiener Neudorf",,,Obst & Gemüse > Gemüse > Gartengemüse,https://shop.billa.at/produkte/da-komm-ich-her-lauch-0089723,"Klasse I Aufgrund seines Vitamin-C-Gehalts ist Lauch ein beliebtes Gemüse. Ob in Salaten oder Suppen - Lauch von Da komm' ich her! ist ganzjährig erhältlich. reich an Mineralstoffen, hoher Gehalt an Vitamin C, K und Folsäure, regionale österreichische Qualität",Stk,Billa
00-403137,Gartengemüse,Da komm ich her!,Da komm ich her! Paprika Gelb,Österreich,1.61,"pp-veget,pp-vegan,homecountry",,1stk,Stück,0.166,,1.61,https://images.cdn.europe-west1.gcp.commercetools.com/723b2575-66c7-4d92-ae49-82bf1d168d26/00-403137-0203014640-6LclAGJx.jpg,"Energie: 30.0 kcal, Energie: 126.0 kJ, Fett: 0.3 g, davon gesättigte Fettsäuren: 0.054 g, Kohlenhydrate: 5.3 g, davon Zucker: 0.212 g, Eiweiß: 1.2 g, Salz: 0.01 g","Billa AG, Postfach 2000, 2355 Wiener Neudorf",,"Postfach 2000, 2355 Wiener Neudorf",,,Obst & Gemüse > Gemüse > Gartengemüse,https://shop.billa.at/produkte/da-komm-ich-her-paprika-gelb-00403137,"Klasse I Der gelbe Paprika von Da komm' ich her! schmeckt gegrillt, gedünstet und roh im Salat. Ein Genuss sind gefüllte Paprika mit Reis und Faschiertem. aus Österreich, Vitamin-C-Lieferant, süßlich-mild im Geschmack",Stk,Billa
00-579257,Gartengemüse,Ja! Natürlich,Ja! Natürlich Mini-Gurken,Österreich,2.85,"pp-vegan,pp-bio,homecountry","Glutenfrei - Spezifiziert als geeignet für eine glutenfreie Diät, Vegetarisch - Ohne Fleisch, Fisch oder andere tierische Produkte, Vegan - Ohne Milchprodukte und tierische Inhaltsstoffe",3stk,Tasse,0.416,,0.95,https://images.cdn.europe-west1.gcp.commercetools.com/723b2575-66c7-4d92-ae49-82bf1d168d26/00-579257-0807516608-S09kGq3k.jpg,,"Ja! Natürlich Naturprodukte Gesellschaft m.b.H., Postfach 2000, A-2355 Wr. Neudorf",+43 2236 600 6950,"Postfach 2000, A-2355 Wr. Neudorf",info@janatuerlich.at,,Obst & Gemüse > Gemüse > Gartengemüse,https://shop.billa.at/produkte/ja-natuerlich-minigurken-00579257,Die Ja! Natürlich Mini-Gurken reifen im oberösterreichischen Geinberg heran. Durch die Wärme der vorhandenen Thermalquelle sind die knackigen Mini-Gurken aus Österreich schon ab März und bis in den späten Herbst in kontrolliert biologischer Qualtität verfügbar. Ungeschält und roh eignen sich die Bio-Mini-Gurken besonders zum Snacken oder für Salate.,Stk,Billa
00-443874,Gartengemüse,BILLA Bio,BILLA Bio Paprika,Spanien,2.66,"pp-veget,pp-vegan,pp-bio","Glutenfrei - Spezifiziert als geeignet für eine glutenfreie Diät, Vegetarisch - Ohne Fleisch, Fisch oder andere tierische Produkte, Vegan - Ohne Milchprodukte und tierische Inhaltsstoffe",2stk,Packung,0.33,,1.33,https://images.cdn.europe-west1.gcp.commercetools.com/723b2575-66c7-4d92-ae49-82bf1d168d26/00-443874-1229727461-pGFydsg8.jpg,,"Billa AG, IZ NÖ Süd, Straße 3, Objekt 16, 2355 Wr. Neudorf",0800 828 700,"IZ NÖ Süd, Straße 3, Objekt 16, 2355 Wr. Neudorf",kundenservice@billa.at,,Obst & Gemüse > Gemüse > Gartengemüse,https://shop.billa.at/produkte/billa-bio-paprika-00443874,Klasse II,Stk,Billa
00-89847,Gartengemüse,LGV,LGV Mini San Marzano Tomaten,Österreich,3.32,"pp-veget,pp-vegan,homecountry",,300g,Tasse,0.31,,11.07,https://images.cdn.europe-west1.gcp.commercetools.com/723b2575-66c7-4d92-ae49-82bf1d168d26/00-89847-0176520788-OThP-ac4.jpg,,,,,,,Obst & Gemüse > Gemüse > Gartengemüse,https://shop.billa.at/produkte/lgv-mini-san-marzano-tomaten-0089847,Klasse I Klasse I,kg,Billa
00-89508,Gartengemüse,Da komm ich her!,Da komm ich her! Radieschen Bund,Österreich,1.32,"pp-veget,homecountry",,1,Bund,0.252,,1.32,https://images.cdn.europe-west1.gcp.commercetools.com/723b2575-66c7-4d92-ae49-82bf1d168d26/00-89508-1599298293-Vij7nEfa.jpg,"Energie: 15.0 kcal, Energie: 61.0 kJ, Fett: 0.14 g, davon gesättigte Fettsäuren: 0.037 g, Kohlenhydrate: 2.13 g, davon Zucker: 0.107 g, Eiweiß: 1.05 g, Salz: 0.043 g","Billa AG, Postfach 2000, 2355 Wiener Neudorf",,"Postfach 2000, 2355 Wiener Neudorf",,,Obst & Gemüse > Gemüse > Gartengemüse,https://shop.billa.at/produkte/da-komm-ich-her-radieschen-bund-0089508,"Klasse I Frisch, knackig und gesund: Radieschen von Da komm' ich her! sorgen für die nötige Würze im Salat und auf dem Brot und sind auch als Snack für zwischendurch unwiderstehlich. frische Qualität aus Österreich, mit viel Vitamin C",Bund,Billa
00-804464,Gartengemüse,Wunderlinge,Wunderlinge Karotten,Österreich,2.56,"pp-veget,homecountry",,2kg,Sack,2.01,,1.28,https://images.cdn.europe-west1.gcp.commercetools.com/723b2575-66c7-4d92-ae49-82bf1d168d26/00-804464-0527047636-4p3O1eS-.jpg,,,,,,,Obst & Gemüse > Gemüse > Gartengemüse,https://shop.billa.at/produkte/wunderlinge-karotten-00804464,"Klasse II Die erntefrischen Wunderlinge Karotten kommen in natürlich bunter Formenvielfalt. Diese knackigen Karotten haben einen kräftigen Geschmack. österreichische Herkunft, reich an Karotin, wenig Kalorien, Wunderlinge Produkt: abwechslungsreiches Aussehen und einwandfreie Qualität",kg,Billa
00-579303,Gartengemüse,Ja! Natürlich,Ja! Natürlich Bio-Premium Kirschtomaten,Österreich,3.32,"pp-veget,pp-vegan,pp-bio,homecountry","Glutenfrei - Spezifiziert als geeignet für eine glutenfreie Diät, Vegetarisch - Ohne Fleisch, Fisch oder andere tierische Produkte, Vegan - Ohne Milchprodukte und tierische Inhaltsstoffe",200g,Tasse,0.21,,16.6,https://images.cdn.europe-west1.gcp.commercetools.com/723b2575-66c7-4d92-ae49-82bf1d168d26/00-579303-0186815179-94ePKqaX.jpg,,"Ja! Natürlich Naturprodukte Gesellschaft m.b.H., Postfach 2000, A-2355 Wr. Neudorf",+43 2236 600 6950,"Postfach 2000, A-2355 Wr. Neudorf",info@janatuerlich.at,,Obst & Gemüse > Gemüse > Gartengemüse,https://shop.billa.at/produkte/ja-natuerlich-biopremium-kirschtomaten-00579303,"Die Ja! Natürlich Premium Bio-Kirschtomaten kommen vom oberösterreichischen Biohof Geinberg. Durch die Erdwärme in Geinberg haben die Bio-Kirschtomaten schon ab April Saison. Diese seltene Sorte schmeckt besonders aromatisch. Aufgrund der kurzen Transportwege kann das Fruchtgemüse lange an der Rispe heranwachsen, was der hervorragenden Qualität zugutekommt.",kg,Billa
00-89793,Gartengemüse,Da komm ich her!,Da komm ich her! Weißkraut,Österreich,1.42,"pp-veget,pp-vegan,homecountry",,1kg,Kilo,1.0,,1.42,https://images.cdn.europe-west1.gcp.commercetools.com/723b2575-66c7-4d92-ae49-82bf1d168d26/00-89793-0386990084-gQFOiOVs.jpg,"Energie: 20.0 kcal, Energie: 83.0 kJ, Fett: 0.187 g, davon gesättigte Fettsäuren: 0.037 g, Kohlenhydrate: 3.019 g, davon Zucker: 0.242 g, Eiweiß: 1.278 g, Salz: 0.023 g","Billa AG, Postfach 2000, 2355 Wiener Neudorf",,"Postfach 2000, 2355 Wiener Neudorf",,,Obst & Gemüse > Gemüse > Gartengemüse,https://shop.billa.at/produkte/da-komm-ich-her-weisskraut-0089793,"Das Da komm' ich her! Weißkraut schmeckt mild und weist eine leicht süßliche Geschmacksnote auf. Da komm' ich her! steht für Qualität und Frische von heimischen Bauern aus Österreichs Bundesländern. Steht Da komm' ich her! drauf können Sie darauf vertrauen, dass die Produkte direkt in den nächstgelegenen Regionen Österreichs wachsen und mit viel Liebe geerntet und sorgfältig verpackt werden.",kg,Billa
00-443876,Gartengemüse,BILLA Bio,BILLA Bio Mini Paprika,Spanien,2.37,"pp-veget,pp-vegan,pp-bio","Glutenfrei - Spezifiziert als geeignet für eine glutenfreie Diät, Vegetarisch - Ohne Fleisch, Fisch oder andere tierische Produkte, Vegan - Ohne Milchprodukte und tierische Inhaltsstoffe",150g,Packung,0.15,,15.8,https://images.cdn.europe-west1.gcp.commercetools.com/723b2575-66c7-4d92-ae49-82bf1d168d26/00-443876-1201838211-5MRGc5lE.jpg,,"Billa AG, IZ NÖ Süd, Straße 3, Objekt 16, 2355 Wr. Neudorf",0800 828 700,"IZ NÖ Süd, Straße 3, Objekt 16, 2355 Wr. Neudorf",kundenservice@billa.at,,Obst & Gemüse > Gemüse > Gartengemüse,https://shop.billa.at/produkte/billa-bio-mini-paprika-00443876,"Klasse II So klein und schon ein Bio-Paprika! Diese Aroma-Wunder packen jede Menge Geschmack auf wenig Raum. Gentechnikfrei, ohne Einsatz chemisch-synthetischer Pflanzenschutzmittel* *gemäß EU-Bio-Verorodnung Klasse II So klein und schon ein Bio-Paprika! Diese Aroma-Wunder packen jede Menge Geschmack auf wenig Raum. Gentechnikfrei, ohne Einsatz chemisch-synthetischer Pflanzenschutzmittel* *gemäß EU-Bio-Verorodnung",kg,Billa
00-407971,Gartengemüse,,Knollenknoblauch,Volksrepublik China,2.85,"pp-veget,pp-vegan",,250g,Korb,0.26,,11.4,https://images.cdn.europe-west1.gcp.commercetools.com/723b2575-66c7-4d92-ae49-82bf1d168d26/00-407971-608616039-i87QWqtS.jpg,,"Herr Tesch Hermann, Herr Andreas Dorfinger, Laxenburgerstraße 365, Halle C12, 1230 Wien",,"Laxenburgerstraße 365, Halle C12, 1230 Wien",,,Obst & Gemüse > Gemüse > Gartengemüse,https://shop.billa.at/produkte/knollenknoblauch-00407971,"Klasse I Ein absoluter Klassiker der wurzigen Küche: Mit seinem intensiven Geschmack verfeinert der Knollenknoblauch verschiedenste Speisen. runde Knollen ohne einzelne Zehen, vielseitig verwendbar in Kuche und Haushalt",kg,Billa
00-89009,Gartengemüse,CLEVER,Clever Knoblauch,"Spanien, Ägypten, Italien, China",2.18,"pp-veget,pp-vegan",,400g,Netz,0.42,,5.45,https://images.cdn.europe-west1.gcp.commercetools.com/723b2575-66c7-4d92-ae49-82bf1d168d26/00-89009-1914314238-X9jly2Vq.jpg,,"BILLA AG, Billa AG, IZ NÖ Süd, Straße 3, Objekt 16, 2355 Wr. Neudorf",0800 828 700,"Billa AG, IZ NÖ Süd, Straße 3, Objekt 16, 2355 Wr. Neudorf",kundenservice@billa.at,,Obst & Gemüse > Gemüse > Gartengemüse,https://shop.billa.at/produkte/clever-knoblauch-0089009,Güteklasse: I,kg,Billa
00-865034,Gartengemüse,Ja! Natürlich,Ja! Natürlich Sellerie,Österreich,2.56,"pp-veget,pp-vegan,pp-bio,homecountry","Glutenfrei - Spezifiziert als geeignet für eine glutenfreie Diät, Vegetarisch - Ohne Fleisch, Fisch oder andere tierische Produkte, Vegan - Ohne Milchprodukte und tierische Inhaltsstoffe",1kg,Kilo,1.0,,2.56,https://images.cdn.europe-west1.gcp.commercetools.com/723b2575-66c7-4d92-ae49-82bf1d168d26/00-865034-111494294-5pbfqTOW.jpg,,"Ja! Natürlich Naturprodukte Gesellschaft m.b.H., Postfach 2000, A-2355 Wr. Neudorf",+43 2236 600 6950,"Postfach 2000, A-2355 Wr. Neudorf",info@janatuerlich.at,,Obst & Gemüse > Gemüse > Gartengemüse,https://shop.billa.at/produkte/ja-natuerlich-sellerie-00865034,"Unser Bio-Sellerie zeichnet sich durch große Knollen sowie einen herb-würzigen Geschmack aus. Oft wird er auch Zeller oder Suppenkraut genannt. Gemäß der biologischen Landwirtschaft wird er in Niederösterreich und dem Burgenland angebaut, wo er ohne den Einsatz von chemisch-synthetischen Pflanzenschutzmitteln* heranwächst. 100% Bio, aus Österreich, 100% Gentechnikfrei",kg,Billa
00-89104,Gartengemüse,Da komm ich her!,Da komm ich her! Paprika Grün,Österreich,1.42,"pp-veget,homecountry",,1stk,Stück,0.166,,1.42,https://images.cdn.europe-west1.gcp.commercetools.com/723b2575-66c7-4d92-ae49-82bf1d168d26/00-89104-536384472-ISfffQtu.jpg,"Energie: 30.0 kcal, Energie: 126.0 kJ, Fett: 0.3 g, davon gesättigte Fettsäuren: 0.054 g, Kohlenhydrate: 5.3 g, davon Zucker: 0.212 g, Eiweiß: 1.2 g, Salz: 0.01 g","Billa AG, Postfach 2000, 2355 Wiener Neudorf",,"Postfach 2000, 2355 Wiener Neudorf",,,Obst & Gemüse > Gemüse > Gartengemüse,https://shop.billa.at/produkte/da-komm-ich-her-paprika-gruen-0089104,"Klasse I Der grüne Paprika von Da komm ich her! garantiert knackige Frische aus der Region. Mit seinem verführerischen Geschmack bereichert er Salate und Gemüsepfannen. beste Qualität aus Österreich, besonders frisch, reich an Vitaminen und Nährstoffen",Stk,Billa
00-401263,Gartengemüse,Ja! Natürlich,Ja! Natürlich Lauch,Österreich,2.85,"pp-veget,pp-vegan,pp-bio,homecountry","Glutenfrei - Spezifiziert als geeignet für eine glutenfreie Diät, Vegetarisch - Ohne Fleisch, Fisch oder andere tierische Produkte, Vegan - Ohne Milchprodukte und tierische Inhaltsstoffe",350g,Tasse,0.35,,8.14,https://images.cdn.europe-west1.gcp.commercetools.com/723b2575-66c7-4d92-ae49-82bf1d168d26/00-401263-1204369366-SVIjNzrj.jpg,,"Ja! Natürlich Naturprodukte Gesellschaft m.b.H., Postfach 2000, A-2355 Wr. Neudorf",+43 2236 600 6950,"Postfach 2000, A-2355 Wr. Neudorf",info@janatuerlich.at,,Obst & Gemüse > Gemüse > Gartengemüse,https://shop.billa.at/produkte/ja-natuerlich-lauch-00401263,Ja! Naturlich Lauch wird in Österreich gezogen und stammt aus biologischer Landwirtschaft. Gegart eignet sich frischer Lauch fur Eintöpfe oder Erdäpfelgerichte. Bio-Qualität aus Österreich,kg,Billa
00-576940,Gartengemüse,Da komm ich her!,Da komm ich her! Stangensellerie,Österreich,2.37,"pp-veget,homecountry",,1stk,Stück,0.405,,2.37,https://images.cdn.europe-west1.gcp.commercetools.com/723b2575-66c7-4d92-ae49-82bf1d168d26/00-576940-097007195-GGoFEZoL.jpg,"Energie: 17.0 kcal, Energie: 70.0 kJ, Fett: 0.2 g, davon gesättigte Fettsäuren: 0.035 g, Kohlenhydrate: 2.18 g, davon Zucker: 0.567 g, Eiweiß: 1.2 g, Salz: 0.33 g",,,,,,Obst & Gemüse > Gemüse > Gartengemüse,https://shop.billa.at/produkte/da-komm-ich-her-stangensellerie-00576940,Klasse I,Stk,Billa
00-409484,Gartengemüse,Ja! Natürlich,Ja! Natürlich Karotten Mix,Österreich,1.89,"pp-veget,pp-vegan,pp-bio,homecountry","Glutenfrei - Spezifiziert als geeignet für eine glutenfreie Diät, Vegetarisch - Ohne Fleisch, Fisch oder andere tierische Produkte, Vegan - Ohne Milchprodukte und tierische Inhaltsstoffe",500g,Tasse,0.51,,3.78,https://images.cdn.europe-west1.gcp.commercetools.com/723b2575-66c7-4d92-ae49-82bf1d168d26/00-409484-780552042-mOtBR9wG.jpg,,"Ja! Natürlich Naturprodukte Gesellschaft m.b.H., Postfach 2000, A-2355 Wr. Neudorf",+43 2236 600 6950,"Postfach 2000, A-2355 Wr. Neudorf",info@janatuerlich.at,,Obst & Gemüse > Gemüse > Gartengemüse,https://shop.billa.at/produkte/ja-natuerlich-karotten-mix-00409484,Der bunte Ja! Natürlich Bio-Karotten Mix besticht mit österreichischer Bio-Qualität aus dem Marchfeld - das garantieren die langfristigen Partnerschaften von Ja! Natürlich mit seinen Bio-Bauern. Am Hof der Bio-Bauern wird vorwiegend mit Kompost aus eigener Herstellung gedüngt.,kg,Billa
00-410693,Gartengemüse,Da komm ich her!,Da komm ich her! Chicoree,Österreich,2.85,"pp-veget,pp-vegan,homecountry",,500g,Tasse,0.51,,5.7,https://images.cdn.europe-west1.gcp.commercetools.com/723b2575-66c7-4d92-ae49-82bf1d168d26/00-410693-0762441015-nIkzn0_C.jpg,"Energie: 17.0 kcal, Energie: 72.0 kJ, Fett: 0.18 g, davon gesättigte Fettsäuren: 0.037 g, Kohlenhydrate: 2.34 g, davon Zucker: 0.187 g, Eiweiß: 1.3 g, Salz: 0.01 g","Billa AG, Postfach 2000, 2355 Wiener Neudorf",,"Postfach 2000, 2355 Wiener Neudorf",,,Obst & Gemüse > Salate > Salate,https://shop.billa.at/produkte/da-komm-ich-her-chicoree-00410693,Klasse I,kg,Billa
00-410232,Gartengemüse,Da komm ich her!,Da komm ich her! Snack Radieschen,Österreich,1.7,"pp-veget,homecountry",,300g,Beutel,0.31,,5.67,https://images.cdn.europe-west1.gcp.commercetools.com/723b2575-66c7-4d92-ae49-82bf1d168d26/00-410232-0709413272-KstXsFDH.jpg,"Energie: 15.0 kcal, Energie: 61.0 kJ, Fett: 0.14 g, davon gesättigte Fettsäuren: 0.037 g, Kohlenhydrate: 2.13 g, davon Zucker: 0.107 g, Eiweiß: 1.05 g, Salz: 0.043 g","Billa AG, Postfach 2000, 2355 Wiener Neudorf",,"Postfach 2000, 2355 Wiener Neudorf",,,Obst & Gemüse > Gemüse > Gartengemüse,https://shop.billa.at/produkte/da-komm-ich-her-snack-radieschen-00410232,"Gesund naschen: Mit den Snack Radieschen von Da komm` ich her! verfeinern Sie Salate. Auch für die Frühstücksbox sind die scharfen Knollen ideal geeignet. hoher Anteil an Vitaminen und Senfölen, super Snackgröße, aus regionaler Herkunft Klasse I",kg,Billa
00-435519,Gartengemüse,Ja! Natürlich,Ja! Natürlich Rucola,,2.37,"pp-veget,pp-vegan,pp-bio","Glutenfrei - Spezifiziert als geeignet für eine glutenfreie Diät, Vegetarisch - Ohne Fleisch, Fisch oder andere tierische Produkte, Vegan - Ohne Milchprodukte und tierische Inhaltsstoffe",100g,Becher,0.116,,23.7,https://images.cdn.europe-west1.gcp.commercetools.com/723b2575-66c7-4d92-ae49-82bf1d168d26/00-435519-204124455-Zlpj_a2E.jpg,,"Ja! Natürlich Naturprodukte Gesellschaft m.b.H., Postfach 2000, A-2355 Wr. Neudorf",+43 2236 600 6950,"Postfach 2000, A-2355 Wr. Neudorf",info@janatuerlich.at,,Obst & Gemüse > Salate > Salate,https://shop.billa.at/produkte/ja-natuerlich-rucola-00435519,"Der Ja! Natürlich Bio-Rucola hat einen würzig-intensiven Geschmack und wird gemäß der biologischen Landwirtschaft kultiviert. In den Sommermonaten kommt der Ja! Natürlich Bio-Rucola aus Österreich, in den Wintermonaten von einem langjährigen italienischen Partnerbetrieb.",kg,Billa
00-514852,Gartengemüse,Ja! Natürlich,Ja! Natürlich Snackkarotten,Österreich,1.42,"pp-veget,pp-vegan,gs-gentech,pp-bio,homecountry","Glutenfrei - Spezifiziert als geeignet für eine glutenfreie Diät, Vegetarisch - Ohne Fleisch, Fisch oder andere tierische Produkte, Vegan - Ohne Milchprodukte und tierische Inhaltsstoffe",200g,Packung,0.21,,7.1,https://images.cdn.europe-west1.gcp.commercetools.com/723b2575-66c7-4d92-ae49-82bf1d168d26/00-514852-741160454-0KXV7Ykk.jpg,,"Ja! Natürlich Naturprodukte Gesellschaft m.b.H., Postfach 2000, A-2355 Wr. Neudorf",+43 2236 600 6950,"Postfach 2000, A-2355 Wr. Neudorf",info@janatuerlich.at,,Obst & Gemüse > Gemüse > Gartengemüse,https://shop.billa.at/produkte/ja-natuerlich-snackkarotten-00514852,Klasse I,kg,Billa
00-410633,Gartengemüse,Da komm ich her!,Da komm ich her! Melanzani,Österreich,1.7,"pp-veget,gs-amaguete,pp-vegan,homecountry",,1stk,Stück,0.28,,1.7,https://images.cdn.europe-west1.gcp.commercetools.com/723b2575-66c7-4d92-ae49-82bf1d168d26/00-410633-0178663895-Pun5Bi9w.jpg,"Energie: 17.0 kcal, Energie: 72.0 kJ, Fett: 0.18 g, davon gesättigte Fettsäuren: 0.039 g, Kohlenhydrate: 2.49 g, davon Zucker: 0.125 g, Eiweiß: 1.24 g, Salz: 0.008 g","Billa AG, Postfach 2000, 2355 Wiener Neudorf",,"Postfach 2000, 2355 Wiener Neudorf",,,Obst & Gemüse > Gemüse > Gartengemüse,https://shop.billa.at/produkte/da-komm-ich-her-melanzani-00410633,"Klasse I Die Melanzani aus Österreich von Da komm' ich her! liefert mit ihrer erntefrischen Qualität eine mediterrane Gemüsebeilage, die der ganzen Familie schmeckt. kalorienarm, lässt sich grillen, dünsten, braten und schmoren, regionaler Anbau Klasse I Die Melanzani aus Österreich von Da komm' ich her! liefert mit ihrer erntefrischen Qualität eine mediterrane Gemüsebeilage, die der ganzen Familie schmeckt. kalorienarm, lässt sich grillen, dünsten, braten und schmoren, regionaler Anbau",Stk,Billa
00-405669,Gartengemüse,Ja! Natürlich,Ja! Natürlich Pastinaken,Österreich,2.37,"pp-veget,pp-vegan,pp-bio,homecountry","Glutenfrei - Spezifiziert als geeignet für eine glutenfreie Diät, Vegetarisch - Ohne Fleisch, Fisch oder andere tierische Produkte, Vegan - Ohne Milchprodukte und tierische Inhaltsstoffe",300g,Tasse,0.325,,7.9,https://images.cdn.europe-west1.gcp.commercetools.com/723b2575-66c7-4d92-ae49-82bf1d168d26/00-405669-0295431376-LAUBQ9RX.jpg,,"Ja! Natürlich Naturprodukte Gesellschaft m.b.H., Postfach 2000, A-2355 Wr. Neudorf",+43 2236 600 6950,"Postfach 2000, A-2355 Wr. Neudorf",info@janatuerlich.at,,Obst & Gemüse > Gemüse > Gartengemüse,https://shop.billa.at/produkte/ja-natuerlich-pastinaken-00405669,Die süß-nussigen Pastinaken von Ja! Natürlich überzeugen mit Bio-Qualitat. Das Gemuse schmeckt wunderbar aromatisch in Suppen und Auflaufen oder als Puree. Bio-Gemuse aus Osterreich,kg,Billa
00-400795,Gartengemüse,Da komm ich her!,Da komm ich her! Spitzpaprika,Österreich,3.32,"homecountry,gs-amaguete,pp-veget",,3stk,Packung,0.264,,1.11,"https://images.cdn.europe-west1.gcp.commercetools.com/723b2575-66c7-4d92-ae49-82bf1d168d26/00-400795-0928697115-SaiEIImR.jpg, https://images.cdn.europe-west1.gcp.commercetools.com/723b2575-66c7-4d92-ae49-82bf1d168d26/00-400795-1515511952-8vIVPuzk.jpg",,,,,,,Obst & Gemüse > Gemüse > Gartengemüse,https://shop.billa.at/produkte/da-komm-ich-her-spitzpaprika-00400795,Klasse I,Stk,Billa
00-409240,Gartengemüse,Da komm ich her!,Da komm ich her! Paprika orange,Österreich,1.61,"pp-veget,pp-vegan,homecountry",,1stk,Stück,0.166,,1.61,https://images.cdn.europe-west1.gcp.commercetools.com/723b2575-66c7-4d92-ae49-82bf1d168d26/00-409240-1229465211-mLEFqgft.jpg,,"Billa AG, Postfach 2000, 2355 Wiener Neudorf",,"Postfach 2000, 2355 Wiener Neudorf",,,Obst & Gemüse > Gemüse > Gartengemüse,https://shop.billa.at/produkte/da-komm-ich-her-paprika-orange-00409240,Klasse I,Stk,Billa
00-405006,Gartengemüse,Ja! Natürlich,Ja! Natürlich Mini Paprika,Österreich,2.79,"pp-veget,gs-bio,pp-bio,homecountry","Glutenfrei - Spezifiziert als geeignet für eine glutenfreie Diät, Vegetarisch - Ohne Fleisch, Fisch oder andere tierische Produkte, Vegan - Ohne Milchprodukte und tierische Inhaltsstoffe",150g,Tasse,0.155,,18.6,https://images.cdn.europe-west1.gcp.commercetools.com/723b2575-66c7-4d92-ae49-82bf1d168d26/00-405006-986745669-m5q5BVYx.jpg,,"Ja! Natürlich Naturprodukte Gesellschaft m.b.H., Postfach 2000, A-2355 Wr. Neudorf",+43 2236 600 6950,"Postfach 2000, A-2355 Wr. Neudorf",info@janatuerlich.at,,Obst & Gemüse > Gemüse > Gartengemüse,https://shop.billa.at/produkte/ja-natuerlich-mini-paprika-00405006,"Mini Paprika schmecken angenehm süßlich und aromatisch. Der Mini Paprika Mix von Ja! Natürlich ist durch seine Snackgröße perfekt für die Jause. regionales Gemüse, nach strengen biologischen Richtlinien angebaut und ohne Gentechnik kultiviert, gelbe, orange und rote Mini Paprika Klasse I Die Ja! Natürlich Bio-Mini-Paprika kommen aus dem Seewinkel. Dort werden sie gemäß der EU-Bio-Verordnung ohne Einsatz von Pestiziden und garantiert gentechnikfrei kultiviert. Durch die kleine, mundgerechte Form und ihre rote, gelbe oder orange Farbe sind die Bio-Mini-Paprika ein perfekter Snack für Groß und Klein, nachhaltig verpackt im Karton im Ja! Natürlich Kinderdesign.",kg,Billa
00-682119,Gartengemüse,Da komm ich her!,Da komm ich her! Weisskraut geteilt,Österreich,1.61,"kuehlung,pp-vegan,homecountry",,1kg,Kilo,1.0,,1.61,https://images.cdn.europe-west1.gcp.commercetools.com/723b2575-66c7-4d92-ae49-82bf1d168d26/00-682119-1051476770-3qaCd4oG.jpg,,"Billa AG, Postfach 2000, 2355 Wiener Neudorf",,"Postfach 2000, 2355 Wiener Neudorf",,,Obst & Gemüse > Gemüse > Gartengemüse,https://shop.billa.at/produkte/da-komm-ich-her-weisskraut-geteilt-00682119,,kg,Billa
00-917691,Gartengemüse,Ja! Natürlich,Ja! Natürlich Peterwurzen,Österreich,2.37,"pp-veget,pp-vegan,pp-bio,homecountry","Glutenfrei - Spezifiziert als geeignet für eine glutenfreie Diät, Vegetarisch - Ohne Fleisch, Fisch oder andere tierische Produkte, Vegan - Ohne Milchprodukte und tierische Inhaltsstoffe",300g,Tasse,0.32,,7.9,https://images.cdn.europe-west1.gcp.commercetools.com/723b2575-66c7-4d92-ae49-82bf1d168d26/00-917691-1838002098-lf4uak9H.jpg,,"Ja! Natürlich Naturprodukte Gesellschaft m.b.H., Postfach 2000, A-2355 Wr. Neudorf",+43 2236 600 6950,"Postfach 2000, A-2355 Wr. Neudorf",info@janatuerlich.at,,Obst & Gemüse > Gemüse > Gartengemüse,https://shop.billa.at/produkte/ja-natuerlich-peterwurzen-00917691,"Die Ja! Natürlich Bio-Petersilienwurzel sieht der Bio-Pastinake ähnlich, schmeckt jedoch etwas intensiver. Der leicht süßliche Geschmack bleibt beim Kochen erhalten. Als Bestandteil von Suppengemüse, ist die Bio-Peterwurzen zum Würzen von Suppen und Eintöpfen geeignet.",kg,Billa
00-89802,Gartengemüse,,Kohl,Österreich,1.89,"homecountry,pp-vegan,pp-veget",,1stk,Stück,0.9,,1.89,https://images.cdn.europe-west1.gcp.commercetools.com/723b2575-66c7-4d92-ae49-82bf1d168d26/00-89802-018307720-d22D2OcH.jpg,"Energie: 22.0 kcal, Energie: 91.0 kJ, Fett: 0.365 g, davon gesättigte Fettsäuren: 0.056 g, Kohlenhydrate: 1.712 g, davon Zucker: 0.428 g, Eiweiß: 2.74 g, Salz: 0.018 g",,,,,,Obst & Gemüse > Gemüse > Gartengemüse,https://shop.billa.at/produkte/kohl-0089802,,Stk,Billa
00-298684,Gartengemüse,Die Grillerei,Die Grillerei Grillmais,Österreich,2.29,"pp-veget,pp-lakto,pp-vegan,pp-glutenfr,homecountry","Glutenfrei - Spezifiziert als geeignet für eine glutenfreie Diät, Vegetarisch - Ohne Fleisch, Fisch oder andere tierische Produkte, Vegan - Ohne Milchprodukte und tierische Inhaltsstoffe",450g,Packung,0.45,"Zutaten: Maiskolben.
",5.09,https://images.cdn.europe-west1.gcp.commercetools.com/723b2575-66c7-4d92-ae49-82bf1d168d26/00-298684-0168408300-0QND9bbq.jpg,"Energie: 101.0 kcal, Energie: 424.0 kJ, Fett: 1.9 g, davon gesättigte Fettsäuren: 0.2 g, Kohlenhydrate: 16.4 g, davon Zucker: 1.4 g, Eiweiß: 3.1 g, Salz: 0.0 g",,,,,,Obst & Gemüse > Gemüse > Gartengemüse,https://shop.billa.at/produkte/die-grillerei-grillmais-00298684,"Unser Grillmais ist gegart und zu 100% aus Österreich, die ideale Beilage für Ihre Grillplatte.",kg,Billa
00-89692,Gartengemüse,,Knoblauch,Spanien,2.46,"pp-veget,pp-vegan",,200g,Netz,0.21,,12.3,https://images.cdn.europe-west1.gcp.commercetools.com/723b2575-66c7-4d92-ae49-82bf1d168d26/00-89692-131428477--bWn8zVX.jpg,"Energie: 142.0 kcal, Energie: 593.0 kJ, Fett: 0.12 g, davon gesättigte Fettsäuren: 0.024 g, Kohlenhydrate: 28.41 g, davon Zucker: 5.682 g, Eiweiß: 6.05 g, Salz: 0.048 g",,,,,,Obst & Gemüse > Gemüse > Gartengemüse,https://shop.billa.at/produkte/knoblauch-0089692,"Wo mediterran gekocht wird, darf Knoblauch nicht fehlen. Die Knollen enthalten atherische Öle, die nicht nur schmackhaft sind, sondern auch gesundheitsfördernd. Knoblauch wirkt gefäßschützend und antiviral",kg,Billa
00-729496,Gartengemüse,Da komm ich her!,Da komm ich her! Ochsenherzparadeiser,Österreich,4.75,homecountry,,1kg,Kilo,1.0,,4.75,https://images.cdn.europe-west1.gcp.commercetools.com/723b2575-66c7-4d92-ae49-82bf1d168d26/00-729496-1385981272-30NgbwoN.jpg,,,,,,,Obst & Gemüse > Gemüse > Gartengemüse,https://shop.billa.at/produkte/da-komm-ich-her-ochsenherzparadeiser-00729496,Klasse I,kg,Billa
00-429102,Gartengemüse,CLEVER,Clever Spitzpaprika weiß,Marokko,1.89,"pp-veget,pp-vegan",,500g,Packung,0.51,,3.78,https://images.cdn.europe-west1.gcp.commercetools.com/723b2575-66c7-4d92-ae49-82bf1d168d26/00-429102-808190129-h7EA4_OO.jpg,,"BILLA AG, Billa AG, IZ NÖ Süd, Straße 3, Objekt 16, 2355 Wr. Neudorf",0800 828 700,"Billa AG, IZ NÖ Süd, Straße 3, Objekt 16, 2355 Wr. Neudorf",kundenservice@billa.at,,Obst & Gemüse > Gemüse > Gartengemüse,https://shop.billa.at/produkte/clever-spitzpaprika-weiss-00429102,"Der knackige clever Spitzpaprika ist vielseitig einsetzbar, ob als Rohkost zur Jause oder gefüllt und im Ofen überbacken. Knackig frisch, Reich an Vitamin C, Ideal zum Kochen oder Rohverzehr als Snack",kg,Billa
00-414102,Gartengemüse,Da komm ich her!,Da komm ich her! Bierrettich,Österreich,1.89,"pp-veget,homecountry",,1stk,Stück,0.3,,1.89,https://images.cdn.europe-west1.gcp.commercetools.com/723b2575-66c7-4d92-ae49-82bf1d168d26/00-414102-9579902--0YRRtYa.jpg,"Energie: 14.0 kcal, Energie: 57.0 kJ, Fett: 0.15 g, davon gesättigte Fettsäuren: 0.033 g, Kohlenhydrate: 1.89 g, davon Zucker: 0.095 g, Eiweiß: 1.05 g, Salz: 0.045 g","Billa AG, Postfach 2000, 2355 Wiener Neudorf",,"Postfach 2000, 2355 Wiener Neudorf",,,Obst & Gemüse > Gemüse > Gartengemüse,https://shop.billa.at/produkte/da-komm-ich-her-bierrettich-00414102,"Klasse I Herzhaft im Geschmack, ergänzt der knackig frische Bierrettich aus Österreich das Butterbrot oder die gesunde Jause. angenehme Schärfe, enthält viele Vitamine und Mineralstoffe, heimische Qualität von Da komm` ich her!",Stk,Billa
00-750771,Gartengemüse,Da komm ich her!,Da komm ich her! Frühkraut,Österreich,1.89,homecountry,,1kg,Kilo,1.0,,1.89,https://images.cdn.europe-west1.gcp.commercetools.com/723b2575-66c7-4d92-ae49-82bf1d168d26/00-750771-0345991932-q-GzIeyI.jpg,"Energie: 25.0 kcal, Energie: 104.0 kJ, Fett: 0.2 g, davon gesättigte Fettsäuren: 0.039 g, Kohlenhydrate: 4.16 g, davon Zucker: 0.333 g, Eiweiß: 1.37 g, Salz: 0.03 g",,,,,,Obst & Gemüse > Gemüse > Gartengemüse,https://shop.billa.at/produkte/da-komm-ich-her-fruehkraut-00750771,Klasse I,kg,Billa
00-392509,Gartengemüse,Da komm ich her!,Da komm ich her! Chicoree rot,Österreich,3.32,"pp-vegan,homecountry",,300g,Stück,0.31,,11.07,https://images.cdn.europe-west1.gcp.commercetools.com/723b2575-66c7-4d92-ae49-82bf1d168d26/00-392509-0851014384-8WRHu_dn.jpg,,,,,,,Obst & Gemüse > Gemüse > Gartengemüse,https://shop.billa.at/produkte/da-komm-ich-her-chicoree-rot-00392509,Güteklasse: I,kg,Billa
00-352561,Gartengemüse,Ja! Natürlich,Ja! Natürlich Spitzpaprika rot,Österreich,3.32,"pp-veget,pp-bio,homecountry","Glutenfrei - Spezifiziert als geeignet für eine glutenfreie Diät, Vegetarisch - Ohne Fleisch, Fisch oder andere tierische Produkte, Vegan - Ohne Milchprodukte und tierische Inhaltsstoffe",3stk,Packung,0.21,,1.11,https://images.cdn.europe-west1.gcp.commercetools.com/723b2575-66c7-4d92-ae49-82bf1d168d26/00-352561-301747769-eylQ5bXx.jpg,,"Ja! Natürlich Naturprodukte Gesellschaft m.b.H., Postfach 2000, A-2355 Wr. Neudorf",+43 2236 600 6950,"Postfach 2000, A-2355 Wr. Neudorf",info@janatuerlich.at,,Obst & Gemüse > Gemüse > Gartengemüse,https://shop.billa.at/produkte/ja-natuerlich-spitzpaprika-rot-00352561,"Spitzpaprika unterscheidet sich vom Gemüseparika vor allem durch ihr mildes Aroma und ihren süßen Geschmack. Dadurch eignen sich die Ja! Natürlich Bio-Spitzpaprika besonders fur herzhafte Füllungen mit Ziegenkase, Speck und Kräutern.",Stk,Billa
00-407681,Gartengemüse,Ja! Natürlich,Ja! Natürlich Karotten,Österreich,2.37,"pp-vegan,pp-bio,homecountry","Glutenfrei - Spezifiziert als geeignet für eine glutenfreie Diät, Vegetarisch - Ohne Fleisch, Fisch oder andere tierische Produkte, Vegan - Ohne Milchprodukte und tierische Inhaltsstoffe",1kg,Sack,1.01,,2.37,https://images.cdn.europe-west1.gcp.commercetools.com/723b2575-66c7-4d92-ae49-82bf1d168d26/00-407681-0115135446-PayZynZ3.jpg,,"Ja! Natürlich Naturprodukte Gesellschaft m.b.H., Postfach 2000, A-2355 Wr. Neudorf",+43 2236 600 6950,"Postfach 2000, A-2355 Wr. Neudorf",info@janatuerlich.at,,Obst & Gemüse > Gemüse > Gartengemüse,https://shop.billa.at/produkte/ja-natuerlich-karotten-00407681,"Wer Ja! Natürlich Bio-Karotten kauft, kann auf beste österreichische Bio-Qualität aus dem Marchfeld zählen. Die saftig-süßen Karotten werden von ausgesuchten Bio-Bauern gemäß der biologischen Landwirtschaft angebaut.",kg,Billa
00-339602,Gartengemüse,Ja! Natürlich,Ja! Natürlich Bio Spitzpaprika bunt,,3.8,"pp-vegan,pp-bio","Glutenfrei - Spezifiziert als geeignet für eine glutenfreie Diät, Vegetarisch - Ohne Fleisch, Fisch oder andere tierische Produkte, Vegan - Ohne Milchprodukte und tierische Inhaltsstoffe",250g,Packung,0.26,,15.2,https://images.cdn.europe-west1.gcp.commercetools.com/723b2575-66c7-4d92-ae49-82bf1d168d26/00-339602-0162842779-I58PW1-s.jpg,,"Ja! Natürlich Naturprodukte Gesellschaft m.b.H., Postfach 2000, A-2355 Wr. Neudorf",+43 2236 600 6950,"Postfach 2000, A-2355 Wr. Neudorf",info@janatuerlich.at,,Obst & Gemüse > Gemüse > Gartengemüse,https://shop.billa.at/produkte/ja-natuerlich-bio-spitzpaprika-bunt-00339602,,kg,Billa
00-500504,Gartengemüse,Da komm ich her!,Da komm ich her! Kren,Österreich,9.52,"pp-veget,pp-vegan,homecountry",,1kg,Kilo,1.0,,9.52,https://images.cdn.europe-west1.gcp.commercetools.com/723b2575-66c7-4d92-ae49-82bf1d168d26/00-500504-238428109-3CEmcrAT.jpg,,,,,,,Obst & Gemüse > Gemüse > Gartengemüse,https://shop.billa.at/produkte/da-komm-ich-her-kren-00500504,"Klasse I Der Kren aus Österreich ist eine traditionelle Spezialität der heimischen Küche. Er zeichnet sich durch seinen würzigen Geschmack und seine Schärfe aus. erntefrisch von Da komm' ich her!, reich an Vitamin C",kg,Billa
00-575199,Gartengemüse,Ja! Natürlich,Ja! Natürlich Bio Zuckermais Vorgegart,Österreich,2.99,"pp-veget,kuehlung,pp-vegan,pp-bio,homecountry","Glutenfrei - Spezifiziert als geeignet für eine glutenfreie Diät, Vegetarisch - Ohne Fleisch, Fisch oder andere tierische Produkte, Vegan - Ohne Milchprodukte und tierische Inhaltsstoffe",400g,Beutel,0.41,"Zuckermais* 100%.

*aus biologischer Landwirtschaft",7.48,https://images.cdn.europe-west1.gcp.commercetools.com/723b2575-66c7-4d92-ae49-82bf1d168d26/00-575199-1230854516-KH1eIHuY.jpg,"Energie: 94.0 kcal, Energie: 395.0 kJ, Fett: 1.2 g, davon gesättigte Fettsäuren: 0.2 g, Kohlenhydrate: 16.0 g, davon Zucker: 3.2 g, Eiweiß: 3.3 g, Salz: 0.0 g","Ja! Natürlich Naturprodukte Gesellschaft m.b.H., Postfach 2000, A-2355 Wr. Neudorf",+43 2236 600 6950,"Postfach 2000, A-2355 Wr. Neudorf",info@janatuerlich.at,,Obst & Gemüse > Gemüse > Gartengemüse,https://shop.billa.at/produkte/ja-natuerlich-bio-zuckermais-vorgegart-00575199,"Der Ja! Natürlich Bio-Zuckermais wird in Oberösterreich und dem Burgenland angebaut und nach der Ernte schonend gekocht. Essfertig vorgegart ist er der ideale Begleiter für jedes Grillfest. Der Bio-Zuckermais kann einfach am Grill oder in der Pfanne angebraten werden, die einzelnen Körner können aber auch herausgelöst und als Topping für Salate und Bowls verwendet werden. Aus Oberösterreich und dem Burgenland, Essfertig vorgegart, Ohne Pestizide* *gemäß EU-Bio-Verordnung",kg,Billa
00-705790,Gartengemüse,CLEVER,Clever Champignons,Polen,1.89,"pp-veget,pp-vegan",,500g,Packung,0.525,,3.78,https://images.cdn.europe-west1.gcp.commercetools.com/723b2575-66c7-4d92-ae49-82bf1d168d26/00-705790-0255432211-hmaOZLXA.jpg,,,,,,,Obst & Gemüse > Gemüse > Gartengemüse,https://shop.billa.at/produkte/clever-champignons-00705790,"Klasse I Die clever Champignons sind sehr vielseitig einsetzbar und mit ihrem nussigen Geschmack lassen sie sich auf unterschiedliche Weisen zubereiten: Egal ob gebacken, gebraten oder roh - sie sind immer ein Genuss. Leicht nussiger Geschmack, reich an Eiweiß & kalorienarm, Ideal für cremige Soßen, gebraten oder roh als Zutat im Salat",kg,Billa
00-404427,Gartengemüse,,Kohl 1/2,Österreich,1.23,"kuehlung,homecountry,pp-vegan",,1stk,Stück,0.46,,1.23,https://images.cdn.europe-west1.gcp.commercetools.com/723b2575-66c7-4d92-ae49-82bf1d168d26/00-404427-1715222890-DTVHU2IF.jpg,,,,,,,Obst & Gemüse > Gemüse > Gartengemüse,https://shop.billa.at/produkte/kohl-12-00404427,,Stk,Billa
00-407047,Gartengemüse,,Spinat,Italien,2.85,pp-vegan,,500g,Beutel,0.511,,5.7,https://images.cdn.europe-west1.gcp.commercetools.com/723b2575-66c7-4d92-ae49-82bf1d168d26/00-407047-695354986-55ZEIuvI.jpg,,,,,,,Obst & Gemüse > Gemüse > Gartengemüse,https://shop.billa.at/produkte/spinat-00407047,,kg,Billa
00-408297,Gartengemüse,,Knollensellerie geschnitten,Österreich,2.75,"kuehlung,pp-vegan,homecountry","Glutenfrei - Spezifiziert als geeignet für eine glutenfreie Diät, Vegetarisch - Ohne Fleisch, Fisch oder andere tierische Produkte, Vegan - Ohne Milchprodukte und tierische Inhaltsstoffe",1kg,Kilo,1.0,,2.75,https://images.cdn.europe-west1.gcp.commercetools.com/723b2575-66c7-4d92-ae49-82bf1d168d26/00-408297-1312408180-i3ERm6Np.jpg,,"Ja! Natürlich Naturprodukte Gesellschaft m.b.H., Postfach 2000, A-2355 Wr. Neudorf",+43 2236 600 6950,"Postfach 2000, A-2355 Wr. Neudorf",info@janatuerlich.at,,Obst & Gemüse > Gemüse > Gartengemüse,https://shop.billa.at/produkte/knollensellerie-geschnitten-00408297,,kg,Billa
00-488019,Gartengemüse,Ja! Natürlich,Ja! Natürlich Gelbe Rüben,Österreich,1.61,"pp-bio,pp-vegan,homecountry","Glutenfrei - Spezifiziert als geeignet für eine glutenfreie Diät, Vegetarisch - Ohne Fleisch, Fisch oder andere tierische Produkte, Vegan - Ohne Milchprodukte und tierische Inhaltsstoffe",400g,Packung,0.41,,4.03,https://images.cdn.europe-west1.gcp.commercetools.com/723b2575-66c7-4d92-ae49-82bf1d168d26/00-488019-1871785321-C4b7eWCZ.jpg,,"Ja! Natürlich Naturprodukte Gesellschaft m.b.H., Postfach 2000, A-2355 Wr. Neudorf",+43 2236 600 6950,"Postfach 2000, A-2355 Wr. Neudorf",info@janatuerlich.at,,Obst & Gemüse > Gemüse > Gartengemüse,https://shop.billa.at/produkte/ja-natuerlich-gelbe-rueben-00488019,,kg,Billa
00-737606,Gartengemüse,CLEVER,Clever Suppengemüse,,1.89,pp-vegan,,600g,Tasse,0.625,,3.15,https://images.cdn.europe-west1.gcp.commercetools.com/723b2575-66c7-4d92-ae49-82bf1d168d26/00-737606-0134921635-bLZlhYFp.jpg,,,,,,,Obst & Gemüse > Gemüse > Gartengemüse,https://shop.billa.at/produkte/clever-suppengemuese-00737606,,kg,Billa
00-737608,Gartengemüse,,Suppengemüse,,1.42,pp-vegan,,400g,Tasse,0.425,,3.55,https://images.cdn.europe-west1.gcp.commercetools.com/723b2575-66c7-4d92-ae49-82bf1d168d26/00-737608-0161756615-n8_NnNBR.jpg,,,,,,,Obst & Gemüse > Gemüse > Gartengemüse,https://shop.billa.at/produkte/suppengemuese-00737608,,kg,Billa
00-749472,Gartengemüse,Zeiler,Zeiler Cherrytomaten 'Frieda',Österreich,3.8,"pp-veget,pp-vegan,homecountry",,350g,Tasse,0.26,,10.86,https://images.cdn.europe-west1.gcp.commercetools.com/723b2575-66c7-4d92-ae49-82bf1d168d26/00-749472-0599672380-qOCLmNki.jpg,,,,,,,Obst & Gemüse > Gemüse > Gartengemüse,https://shop.billa.at/produkte/zeiler-cherrytomaten-frieda-00749472,,kg,Billa
00-761022,Gartengemüse,Billa immer gut,BILLA Brokkoli,,2.37,pp-vegan,"Glutenfrei - Spezifiziert als geeignet für eine glutenfreie Diät, Vegetarisch - Ohne Fleisch, Fisch oder andere tierische Produkte, Vegan - Ohne Milchprodukte und tierische Inhaltsstoffe",500g,Stück,0.5,,4.74,https://images.cdn.europe-west1.gcp.commercetools.com/723b2575-66c7-4d92-ae49-82bf1d168d26/00-761022-0879274644-T_4pnENj.jpg,,"BILLA AG, Billa AG, IZ NÖ Süd, Straße 3, Objekt 16, 2355 Wr. Neudorf",0800 828 700,"Billa AG, IZ NÖ Süd, Straße 3, Objekt 16, 2355 Wr. Neudorf",kundenservice@billa.at,,Obst & Gemüse > Gemüse > Gartengemüse,https://shop.billa.at/produkte/billa-brokkoli-00761022,,kg,Billa
00-777498,Gartengemüse,Ja! Natürlich,Ja! Natürlich Spitzkraut,Österreich,2.37,"pp-veget,pp-vegan,pp-bio,homecountry","Glutenfrei - Spezifiziert als geeignet für eine glutenfreie Diät, Vegetarisch - Ohne Fleisch, Fisch oder andere tierische Produkte, Vegan - Ohne Milchprodukte und tierische Inhaltsstoffe",1kg,Kilo,1.0,,2.37,https://images.cdn.europe-west1.gcp.commercetools.com/723b2575-66c7-4d92-ae49-82bf1d168d26/00-777498-1515464956-Ldn4oKRc.jpg,,"Ja! Natürlich Naturprodukte Gesellschaft m.b.H., Postfach 2000, A-2355 Wr. Neudorf",+43 2236 600 6950,"Postfach 2000, A-2355 Wr. Neudorf",info@janatuerlich.at,,Obst & Gemüse > Gemüse > Gartengemüse,https://shop.billa.at/produkte/ja-natuerlich-spitzkraut-00777498,"Das österreichische Ja! Natürlich Bio-Spitzkraut ist dem Weißkohl sehr ähnlich, besitzt jedoch einen wesentlich milderen Geschmack. Die zarten Blätter des Bio-Spitzkrauts schmecken wunderbar im Salat oder in Viertel geschnitten als Ofengemüse. Klassisch als Sauerkraut verarbeitet punktet das Bio-Spitzkraut durch sein milderes Aroma.",kg,Billa
00-779823,Gartengemüse,Da komm ich her!,Da komm ich her! Champignons braun,Österreich,2.66,"pp-vegan,homecountry",,300g,Packung,0.3,,8.87,https://images.cdn.europe-west1.gcp.commercetools.com/723b2575-66c7-4d92-ae49-82bf1d168d26/00-779823-0163534584-AlN9gO4I.jpg,,,,,,,Obst & Gemüse > Gemüse > Gartengemüse,https://shop.billa.at/produkte/da-komm-ich-her-champignons-braun-00779823,,kg,Billa
00-830021,Gartengemüse,CLEVER,Clever Karotten,,1.61,"pp-veget,pp-vegan",,1kg,Netz,1.015,,1.61,https://images.cdn.europe-west1.gcp.commercetools.com/723b2575-66c7-4d92-ae49-82bf1d168d26/00-830021-0525747167-oVul1war.jpg,,,,,,,Obst & Gemüse > Gemüse > Gartengemüse,https://shop.billa.at/produkte/clever-karotten-00830021,,kg,Billa
00-868202,Gartengemüse,Da komm ich her!,Da komm ich her! Karotten,Österreich,0.94,"pp-vegan,homecountry",,500g,Packung,0.51,,1.88,https://images.cdn.europe-west1.gcp.commercetools.com/723b2575-66c7-4d92-ae49-82bf1d168d26/00-868202-0165514233-jWxHuJ4e.jpg,,,,,,,Obst & Gemüse > Gemüse > Gartengemüse,https://shop.billa.at/produkte/da-komm-ich-her-karotten-00868202,,kg,Billa
00-870262,Gartengemüse,Billa immer gut,BILLA Frisèe Salat,Spanien,2.66,pp-vegan,"Glutenfrei - Spezifiziert als geeignet für eine glutenfreie Diät, Vegetarisch - Ohne Fleisch, Fisch oder andere tierische Produkte, Vegan - Ohne Milchprodukte und tierische Inhaltsstoffe",1stk,Stück,0.5,,2.66,https://images.cdn.europe-west1.gcp.commercetools.com/723b2575-66c7-4d92-ae49-82bf1d168d26/00-870262-1450561885-usEwmUC2.jpg,,"BILLA AG, Billa AG, IZ NÖ Süd, Straße 3, Objekt 16, 2355 Wr. Neudorf",0800 828 700,"Billa AG, IZ NÖ Süd, Straße 3, Objekt 16, 2355 Wr. Neudorf",kundenservice@billa.at,,Obst & Gemüse > Gemüse > Gartengemüse,https://shop.billa.at/produkte/billa-frisee-salat-00870262,,Stk,Billa
00-89815,Gartengemüse,,Spitzpaprika Rot,"Griechenland, Spanien, Marokko, Ungarn, Türkei",2.85,pp-vegan,,500g,Packung,0.5,,5.7,https://images.cdn.europe-west1.gcp.commercetools.com/723b2575-66c7-4d92-ae49-82bf1d168d26/00-89815-01094145210-caji6wGi.jpg,"Energie: 37.0 kcal, Energie: 154.0 kJ, Fett: 0.5 g, davon gesättigte Fettsäuren: 0.091 g, Kohlenhydrate: 6.4 g, davon Zucker: 0.064 g, Eiweiß: 1.3 g, Salz: 0.013 g",,,,,,Obst & Gemüse > Gemüse > Gartengemüse,https://shop.billa.at/produkte/spitzpaprika-rot-0089815,Güteklasse: I,kg,Billa
00-89532,Kartoffeln,Da komm ich her!,Da komm ich her! Erdäpfel speckig,Österreich,1.51,"pp-veget,pp-vegan,homecountry",,1kg,Netz,1.01,,1.51,https://images.cdn.europe-west1.gcp.commercetools.com/723b2575-66c7-4d92-ae49-82bf1d168d26/00-89532-1406593910-8oOZpy6M.jpg,,"Billa AG, Postfach 2000, 2355 Wiener Neudorf",,"Postfach 2000, 2355 Wiener Neudorf",,"div. Sorten
",Obst & Gemüse > Gemüse > Kartoffeln,https://shop.billa.at/produkte/da-komm-ich-her-erdaepfel-speckig-0089532,"diverse Sorten - Güteklasse: I Heimisches Gemüse aus österreichischem Anbau: Die speckigen Erdäpfel von Da komm` ich her! lassen sich wunderbar zu Salat und köstlichen Beilagen verarbeiten. aus der Region, reich an Vitaminen und Mineralstoffen",kg,Billa
00-407972,Kartoffeln,Da komm ich her!,Da komm ich her! Jungzwiebel,Österreich,1.51,"pp-veget,pp-vegan,homecountry",,1,Bund,0.225,,1.51,https://images.cdn.europe-west1.gcp.commercetools.com/723b2575-66c7-4d92-ae49-82bf1d168d26/00-407972-241014006-NcPtGyal.jpg,"Energie: 42.0 kcal, Energie: 174.0 kJ, Fett: 0.3 g, davon gesättigte Fettsäuren: 0.071 g, Kohlenhydrate: 8.5 g, davon Zucker: 1.7 g, Eiweiß: 0.9 g, Salz: 0.033 g","Billa AG, Postfach 2000, 2355 Wiener Neudorf",,"Postfach 2000, 2355 Wiener Neudorf",,,Obst & Gemüse > Gemüse > Kartoffeln,https://shop.billa.at/produkte/da-komm-ich-her-jungzwiebel-00407972,"Beliebt ist der Jungzwiebel als Zutat in vielen Gerichten. Mit seinem knackig frischen Grün und dem würzigen Weiß macht das Gemüse Freude und Gusto beim Kochen. reich an Vitaminen, Ballaststoffen und Mineralien, roh oder gekocht genießen, regionales Produkt von Da komm` ich her!",Bund,Billa
00-89521,Kartoffeln,Ja! Natürlich,Ja! Natürlich Salaterdäpfel festkochend,Österreich,1.7,"pp-veget,pp-vegan,pp-bio,homecountry","Glutenfrei - Spezifiziert als geeignet für eine glutenfreie Diät, Vegetarisch - Ohne Fleisch, Fisch oder andere tierische Produkte, Vegan - Ohne Milchprodukte und tierische Inhaltsstoffe",1kg,Netz,1.0,,1.7,https://images.cdn.europe-west1.gcp.commercetools.com/723b2575-66c7-4d92-ae49-82bf1d168d26/00-89521-0890984937-2sPZJghr.jpg,,"Ja! Natürlich Naturprodukte Gesellschaft m.b.H., Postfach 2000, A-2355 Wr. Neudorf",+43 2236 600 6950,"Postfach 2000, A-2355 Wr. Neudorf",info@janatuerlich.at,verschiedene,Obst & Gemüse > Gemüse > Kartoffeln,https://shop.billa.at/produkte/ja-natuerlich-salaterdaepfel-festkochend-0089521,"festkochend - Klasse: I Die speckigen Bio-Salaterdäpfel von Ja! Natürlich sind sehr aromatisch und für die Zubereitung von traditionellen österreichischen Erdäpfelgerichten bestens geeignet. Bio-Qualität, aus österreichischem Anbau",kg,Billa
00-804458,Kartoffeln,Wunderlinge,Wunderlinge Erdäpfel,Österreich,1.89,"pp-veget,pp-vegan,homecountry",,2.5kg,Sack,2.52,,0.76,https://images.cdn.europe-west1.gcp.commercetools.com/723b2575-66c7-4d92-ae49-82bf1d168d26/00-804458-0167401145-tXrbsh2I.jpg,,,,,,verschiedene,Obst & Gemüse > Gemüse > Kartoffeln,https://shop.billa.at/produkte/wunderlinge-erdaepfel-00804458,Klasse II Wunderlinge Erdäpfel sind vollmundig im Geschmack und lassen sich vielseitig verarbeiten. In der Schale aus dem Ofen sind sie eine heiße Gaumenfreude. geerntet in Österreich,kg,Billa
00-429158,Kartoffeln,Da komm ich her!,Da komm ich her! Heurige Erdäpfel vorwiegend festkochend,Österreich,2.66,"pp-veget,homecountry",,2kg,Netz,2.015,,1.33,https://images.cdn.europe-west1.gcp.commercetools.com/723b2575-66c7-4d92-ae49-82bf1d168d26/00-429158-0187295164-xMM5P7w8.jpg,,,,,,verschiedene,Obst & Gemüse > Gemüse > Kartoffeln,https://shop.billa.at/produkte/da-komm-ich-her-heurige-erdaepfel-vorwiegend-festkochend-00429158,Klasse I,kg,Billa
00-490089,Kartoffeln,BILLA Bio,BILLA Bio Süsskartoffeln lose,Niederlande,4.99,"pp-veget,pp-vegan,pp-bio","Glutenfrei - Spezifiziert als geeignet für eine glutenfreie Diät, Vegetarisch - Ohne Fleisch, Fisch oder andere tierische Produkte, Vegan - Ohne Milchprodukte und tierische Inhaltsstoffe",1kg,Kilo,1.0,,4.99,https://images.cdn.europe-west1.gcp.commercetools.com/723b2575-66c7-4d92-ae49-82bf1d168d26/00-490089-1984743039-qIaIIeZa.jpg,,"Billa AG, IZ NÖ Süd, Straße 3, Objekt 16, 2355 Wr. Neudorf",0800 828 700,"IZ NÖ Süd, Straße 3, Objekt 16, 2355 Wr. Neudorf",kundenservice@billa.at,verschiedene,Obst & Gemüse > Gemüse > Kartoffeln,https://shop.billa.at/produkte/billa-bio-suesskartoffeln-lose-00490089,,kg,Billa
00-481676,Kartoffeln,Die Grillerei,Die Grillerei Ofen- & Grillerdäpfel,Österreich,2.37,"pp-veget,pp-vegan,homecountry",,1.5kg,Netz,1.506,,1.58,https://images.cdn.europe-west1.gcp.commercetools.com/723b2575-66c7-4d92-ae49-82bf1d168d26/00-481676-0183090035-wl3mPn40.jpg,,,,,,"div. Sorten
",Obst & Gemüse > Gemüse > Kartoffeln,https://shop.billa.at/produkte/die-grillerei-ofen-und-grillerdaepfel-00481676,"Unsere Grill- und Ofenerdäpfel sind zu 100% aus Österreich. Sie eignen sich besonders gut für Grill-, Ofen- und Folienerdäpfel, aber auch für Pommes Frites.",kg,Billa
00-729360,Kartoffeln,Ja! Natürlich,Ja! Natürlich Heurige vofe,Österreich,2.18,"pp-veget,pp-bio,homecountry","Glutenfrei - Spezifiziert als geeignet für eine glutenfreie Diät, Vegetarisch - Ohne Fleisch, Fisch oder andere tierische Produkte, Vegan - Ohne Milchprodukte und tierische Inhaltsstoffe",1kg,Netz,1.015,,2.18,https://images.cdn.europe-west1.gcp.commercetools.com/723b2575-66c7-4d92-ae49-82bf1d168d26/00-729360-688830871-K8qhAt1X.jpg,,"Ja! Natürlich Naturprodukte Gesellschaft m.b.H., Postfach 2000, A-2355 Wr. Neudorf",+43 2236 600 6950,"Postfach 2000, A-2355 Wr. Neudorf",info@janatuerlich.at,verschiedene,Obst & Gemüse > Gemüse > Kartoffeln,https://shop.billa.at/produkte/ja-natuerlich-heurige-vofe-00729360,Bio-Heurige Erdäpfel vorwiegend festkochend,kg,Billa
00-89574,Kartoffeln,Pfanni,Pfanni Erdäpfel Speckig,Österreich,3.8,"pp-veget,pp-vegan,homecountry",,2kg,Sack,2.025,Zutaten: Speisekartoffeln.,1.9,https://images.cdn.europe-west1.gcp.commercetools.com/723b2575-66c7-4d92-ae49-82bf1d168d26/00-89574-486639115-DeBXNXbu.jpg,"Energie: 289.0 kJ, Energie: 69.0 kcal, Fett: 0.5 g, davon gesättigte Fettsäuren: 0.1 g, Kohlenhydrate: 15.0 g, davon Zucker: 0.7 g, Ballaststoffe: 2.3 g, Eiweiß: 2.0 g, Salz: 0.03 g","Unilever Austria, Postfach 10, 1023 Wien",,"Postfach 10, 1023 Wien",,"div. Sorten
",Obst & Gemüse > Gemüse > Kartoffeln,https://shop.billa.at/produkte/pfanni-erdaepfel-speckig-0089574,"Klasse I Kartoffeln schmecken einfach gut und sind vielseitig. Wer isst nicht gern Kartoffelsalat, Petersilkartoffeln oder Bratkartoffeln? Mit Pfanni Beste Ernte sind der Phantasie keine Grenzen gesetzt. Und deshalb hat sich Pfanni um die besten Kartoffeln aus dem Waldviertel bemüht und erntefrisch in Sackerl abgefüllt - damit sie genauso frisch und gut auf Ihrem Tisch landen!",kg,Billa
00-758868,Kartoffeln,Gut Hardegg,Gut Hardegg Speisekartoffeln festkochend,Österreich,2.85,"pp-vegan,homecountry",,1.5kg,Packung,1.515,,1.9,https://images.cdn.europe-west1.gcp.commercetools.com/723b2575-66c7-4d92-ae49-82bf1d168d26/00-758868-0186786306-nvlms2-U.jpg,,,,,,Juke,Obst & Gemüse > Gemüse > Kartoffeln,https://shop.billa.at/produkte/gut-hardegg-speisekartoffeln-festkochend-00758868,"Unsere köstlichen GUT-HARDEGG-Kartoffeln der Sorten Goldmarie und Jule - selbstverständlich von unseren eigenen Feldern, eignen sich perfekt für Salate, Gratins und Aufläufe, Petersilkartoffeln und vieles mehr.",kg,Billa
00-750424,Kartoffeln,Ja! Natürlich,Ja! Natürlich Heurige mehlig,Österreich,2.18,"pp-veget,pp-bio,homecountry",,1kg,Netz,1.015,,2.18,https://images.cdn.europe-west1.gcp.commercetools.com/723b2575-66c7-4d92-ae49-82bf1d168d26/00-750424-0714805802-msMA-B5v.jpg,,,,,,verschiedene,Obst & Gemüse > Gemüse > Kartoffeln,https://shop.billa.at/produkte/ja-natuerlich-heurige-mehlig-00750424,,kg,Billa
00-429100,Zwiebeln & Knoblauch,Da komm ich her!,Da komm ich her! Zwiebel Gelb,Österreich,1.23,"pp-veget,pp-vegan,homecountry",,1kg,Netz,1.03,,1.23,https://images.cdn.europe-west1.gcp.commercetools.com/723b2575-66c7-4d92-ae49-82bf1d168d26/00-429100-738130977-FUHlenoI.jpg,"Energie: 28.0 kcal, Energie: 117.0 kJ, Fett: 25.0 g, davon gesättigte Fettsäuren: 0.059 g, Kohlenhydrate: 4.91 g, davon Zucker: 0.982 g, Eiweiß: 1.25 g, Salz: 0.023 g","Billa AG, Postfach 2000, 2355 Wiener Neudorf",,"Postfach 2000, 2355 Wiener Neudorf",,,Obst & Gemüse > Gemüse > Zwiebeln & Knoblauch,https://shop.billa.at/produkte/da-komm-ich-her-zwiebel-gelb-00429100,Klasse I Der gelbe Zwiebel aus Österreich ist kräftig im Geschmack und lässt sich vielseitig verwenden. Er bietet scharfe Würze für Fleischgerichte und deftige Rezepte. regional geerntet von Da komm' ich her!,kg,Billa
00-407973,Zwiebeln & Knoblauch,Ja! Natürlich,Ja! Natürlich Zwiebel rot,Österreich,1.7,"pp-veget,pp-vegan,pp-bio,homecountry","Glutenfrei - Spezifiziert als geeignet für eine glutenfreie Diät, Vegetarisch - Ohne Fleisch, Fisch oder andere tierische Produkte, Vegan - Ohne Milchprodukte und tierische Inhaltsstoffe",500g,Netz,0.515,,3.4,https://images.cdn.europe-west1.gcp.commercetools.com/723b2575-66c7-4d92-ae49-82bf1d168d26/00-407973-0212641410-DhCD8Jov.jpg,,"Ja! Natürlich Naturprodukte Gesellschaft m.b.H., Postfach 2000, A-2355 Wr. Neudorf",+43 2236 600 6950,"Postfach 2000, A-2355 Wr. Neudorf",info@janatuerlich.at,,Obst & Gemüse > Gemüse > Zwiebeln & Knoblauch,https://shop.billa.at/produkte/ja-natuerlich-zwiebel-rot-00407973,"Wer den stechend-scharfen Geschmack der normalen Gemusezwiebel nicht so gerne hat, fur den ist die mild-würzige rote Ja! Natürlich Zwiebel genau das Richtige.Sie schmecken leicht süßlich und haben eine milde angenehme Schärfe. Die in Österreich und Italien gezuchteten roten Artgenossen der Ja! Natürlich Zwiebel erweitern unser Bio-Sortiment.",kg,Billa
00-413813,Zwiebeln & Knoblauch,Da komm ich her!,Da komm ich her! Zwiebel Rot,Österreich,1.61,"pp-veget,pp-vegan,homecountry",,1kg,Netz,1.03,,1.61,https://images.cdn.europe-west1.gcp.commercetools.com/723b2575-66c7-4d92-ae49-82bf1d168d26/00-413813-1974520372-4karVyft.jpg,"Energie: 28.0 kcal, Energie: 117.0 kJ, Fett: 0.25 g, davon gesättigte Fettsäuren: 0.059 g, Kohlenhydrate: 4.91 g, davon Zucker: 0.982 g, Eiweiß: 1.25 g, Salz: 0.023 g","Billa AG, Postfach 2000, 2355 Wiener Neudorf",,"Postfach 2000, 2355 Wiener Neudorf",,,Obst & Gemüse > Gemüse > Zwiebeln & Knoblauch,https://shop.billa.at/produkte/da-komm-ich-her-zwiebel-rot-00413813,"Klasse I Kaum ein anderes Gemüse ist so vielseitig: Die roten Zwiebeln aus Österreich von Da komm' ich her! geben dem Essen einen hervorragend würzigen Geschmack. hoher Gehalt an Antioxidantien, Frische aus der Region, leicht süßlich mit milder Schärfe",kg,Billa
00-410615,Zwiebeln & Knoblauch,Ja! Natürlich,Ja! Natürlich Zwiebel gelb,Österreich,1.7,"pp-vegan,homecountry,pp-bio","Glutenfrei - Spezifiziert als geeignet für eine glutenfreie Diät, Vegetarisch - Ohne Fleisch, Fisch oder andere tierische Produkte, Vegan - Ohne Milchprodukte und tierische Inhaltsstoffe",750g,Netz,0.765,,2.27,https://images.cdn.europe-west1.gcp.commercetools.com/723b2575-66c7-4d92-ae49-82bf1d168d26/00-410615-0110097754-PRYJAny9.jpg,,"Ja! Natürlich Naturprodukte Gesellschaft m.b.H., Postfach 2000, A-2355 Wr. Neudorf",+43 2236 600 6950,"Postfach 2000, A-2355 Wr. Neudorf",info@janatuerlich.at,,Obst & Gemüse > Gemüse > Zwiebeln & Knoblauch,https://shop.billa.at/produkte/ja-natuerlich-zwiebel-gelb-00410615,Unsere gelben Bio-Zwiebeln werden traditionell im Waldviertel und Weinviertel nach den Prinzipien der biologischen Landwirtschaft angebaut. Sie sind als aromatisch scharf zu kategorisieren und sorgen für ein kräftiges Aroma in Fleisch- und Gemüsegerichten sowie deftigen Speisen.,kg,Billa
00-346427,Zwiebeln & Knoblauch,CLEVER,Clever Zwiebel Gelb,"Österreich, Griechenland",1.7,"pp-veget,pp-vegan",,3kg,Sack,3.015,,0.57,https://images.cdn.europe-west1.gcp.commercetools.com/723b2575-66c7-4d92-ae49-82bf1d168d26/00-346427-0179015586-k4ZlIiyg.jpg,,"BILLA AG, Billa AG, IZ NÖ Süd, Straße 3, Objekt 16, 2355 Wr. Neudorf",0800 828 700,"Billa AG, IZ NÖ Süd, Straße 3, Objekt 16, 2355 Wr. Neudorf",kundenservice@billa.at,,Obst & Gemüse > Gemüse > Zwiebeln & Knoblauch,https://shop.billa.at/produkte/clever-zwiebel-gelb-00346427,"Klasse I Die clever gelben Zwiebeln haben einen kräftigen Geschmack und verleihen vielen Gerichte eine angenehme Würze. aus Österreich, kräftiger Geschmack, reich an Vitalstoffen",kg,Billa
00-410627,Zwiebeln & Knoblauch,BILLA Bio,BILLA Bio Knoblauch,Spanien,2.85,pp-bio,"Glutenfrei - Spezifiziert als geeignet für eine glutenfreie Diät, Vegetarisch - Ohne Fleisch, Fisch oder andere tierische Produkte, Vegan - Ohne Milchprodukte und tierische Inhaltsstoffe",150g,Netz,0.168,,19.0,https://images.cdn.europe-west1.gcp.commercetools.com/723b2575-66c7-4d92-ae49-82bf1d168d26/00-410627-695957452-M8JD8H9m.jpg,,"Billa AG, IZ NÖ Süd, Straße 3, Objekt 16, 2355 Wr. Neudorf",0800 828 700,"IZ NÖ Süd, Straße 3, Objekt 16, 2355 Wr. Neudorf",kundenservice@billa.at,,Obst & Gemüse > Gemüse > Zwiebeln & Knoblauch,https://shop.billa.at/produkte/billa-bio-knoblauch-00410627,,kg,Billa
00-410234,Zwiebeln & Knoblauch,,Zwiebel Tricolore,,1.89,pp-vegan,,280g,Netz,0.28,,6.75,https://images.cdn.europe-west1.gcp.commercetools.com/723b2575-66c7-4d92-ae49-82bf1d168d26/00-410234-0165368373-F31Gyy23.jpg,,"Herr Tesch Hermann, Herr Andreas Dorfinger, Laxenburgerstraße 365, Halle C12, 1230 Wien",,"Laxenburgerstraße 365, Halle C12, 1230 Wien",,,Obst & Gemüse > Gemüse > Zwiebeln & Knoblauch,https://shop.billa.at/produkte/zwiebel-tricolore-00410234,,kg,Billa
00-444016,Zwiebeln & Knoblauch,Da komm ich her!,Da komm ich her! Zwiebel Rot,Österreich,1.7,"pp-vegan,homecountry",,380g,Netz,0.391,,4.47,https://images.cdn.europe-west1.gcp.commercetools.com/723b2575-66c7-4d92-ae49-82bf1d168d26/00-444016-2095376361-wATVbRmW.jpg,,,,,,,Obst & Gemüse > Gemüse > Zwiebeln & Knoblauch,https://shop.billa.at/produkte/da-komm-ich-her-zwiebel-rot-00444016,,kg,Billa
00-882815,Zwiebeln & Knoblauch,Ja! Natürlich,Ja! Natürlich Zwiebelzopf rot,Österreich,1.7,"pp-bio,pp-vegan,homecountry","Glutenfrei - Spezifiziert als geeignet für eine glutenfreie Diät, Vegetarisch - Ohne Fleisch, Fisch oder andere tierische Produkte, Vegan - Ohne Milchprodukte und tierische Inhaltsstoffe",280g,Netz,0.391,,6.07,https://images.cdn.europe-west1.gcp.commercetools.com/723b2575-66c7-4d92-ae49-82bf1d168d26/00-882815-0368608976-Fx3eJkNp.jpg,,"Ja! Natürlich Naturprodukte Gesellschaft m.b.H., Postfach 2000, A-2355 Wr. Neudorf",+43 2236 600 6950,"Postfach 2000, A-2355 Wr. Neudorf",info@janatuerlich.at,,Obst & Gemüse > Gemüse > Zwiebeln & Knoblauch,https://shop.billa.at/produkte/ja-natuerlich-zwiebelzopf-rot-00882815,,kg,Billa
00-882816,Zwiebeln & Knoblauch,Ja! Natürlich,Ja! Natürlich Zwiebelzopf gelb,Österreich,1.51,"pp-bio,pp-vegan,homecountry","Glutenfrei - Spezifiziert als geeignet für eine glutenfreie Diät, Vegetarisch - Ohne Fleisch, Fisch oder andere tierische Produkte, Vegan - Ohne Milchprodukte und tierische Inhaltsstoffe",280g,Netz,0.39,,5.39,https://images.cdn.europe-west1.gcp.commercetools.com/723b2575-66c7-4d92-ae49-82bf1d168d26/00-882816-290437271-Huz3kdSM.jpg,,"Ja! Natürlich Naturprodukte Gesellschaft m.b.H., Postfach 2000, A-2355 Wr. Neudorf",+43 2236 600 6950,"Postfach 2000, A-2355 Wr. Neudorf",info@janatuerlich.at,,Obst & Gemüse > Gemüse > Zwiebeln & Knoblauch,https://shop.billa.at/produkte/ja-natuerlich-zwiebelzopf-gelb-00882816,,kg,Billa
00-401924,Tomaten,Ja! Natürlich,Ja! Natürlich Snacktomaten,Österreich,2.85,"pp-veget,pp-vegan,homecountry,pp-bio","Glutenfrei - Spezifiziert als geeignet für eine glutenfreie Diät, Vegetarisch - Ohne Fleisch, Fisch oder andere tierische Produkte, Vegan - Ohne Milchprodukte und tierische Inhaltsstoffe",250g,Becher,0.26,,11.4,https://images.cdn.europe-west1.gcp.commercetools.com/723b2575-66c7-4d92-ae49-82bf1d168d26/00-401924-815313161-5O8XzkBG.jpg,,"Ja! Natürlich Naturprodukte Gesellschaft m.b.H., Postfach 2000, A-2355 Wr. Neudorf",+43 2236 600 6950,"Postfach 2000, A-2355 Wr. Neudorf",info@janatuerlich.at,,Obst & Gemüse > Gemüse > Tomaten,https://shop.billa.at/produkte/ja-natuerlich-snacktomaten-00401924,"Wer auf österreichische Bio-Snacktomaten von Ja! Natürlich auch außerhalb der wärmeren Sommermonate nicht verzichten will, findet ab April Bio-Snacktomaten aus Oberösterreich im Regal. Die vorhandene Geothermie in Geinberg ermöglicht den Anbau von Bio-Fruchtgemüse auch außerhalb der herkömmlichen Saison. 100% Bio, Aus Österrreich, 100% Gentechnikfrei",kg,Billa
00-410026,Tomaten,CLEVER,Clever Cherrytomaten,"Österreich, Italien, Deutschland, Marokko",2.37,"pp-veget,pp-vegan",,500g,Becher,0.51,,4.74,https://images.cdn.europe-west1.gcp.commercetools.com/723b2575-66c7-4d92-ae49-82bf1d168d26/00-410026-1334996135-VUr_mRhW.jpg,"Energie: 17.0 kcal, Energie: 73.0 kJ, Fett: 0.21 g, davon gesättigte Fettsäuren: 0.037 g, Kohlenhydrate: 2.6 g, davon Zucker: 0.104 g, Eiweiß: 0.95 g, Salz: 0.015 g","BILLA AG, Billa AG, IZ NÖ Süd, Straße 3, Objekt 16, 2355 Wr. Neudorf",0800 828 700,"Billa AG, IZ NÖ Süd, Straße 3, Objekt 16, 2355 Wr. Neudorf",kundenservice@billa.at,,Obst & Gemüse > Gemüse > Tomaten,https://shop.billa.at/produkte/clever-cherrytomaten-00410026,"Klasse I Süß im Geschmack, vielseitig in der Küche: Die Clever Cherrytomaten sind super zum Naschen und verfeinern mit ihrem intensiven Geschmack verschiedenste Speisen. aromatisch mit dem Extra an Süße, reich an Vitaminen, Eisen und Folsäure, gut geeignet für Salate und Soßen",kg,Billa
00-89942,Tomaten,,Datteltomaten,Italien,1.7,"pp-veget,pp-vegan",,250g,Packung,0.25,,6.8,https://images.cdn.europe-west1.gcp.commercetools.com/723b2575-66c7-4d92-ae49-82bf1d168d26/00-89942-0531579439-es_TVMeY.jpg,,,,,,,Obst & Gemüse > Gemüse > Tomaten,https://shop.billa.at/produkte/datteltomaten-0089942,Klasse I,kg,Billa
00-402113,Tomaten,CLEVER,Clever Tomaten,"Österreich, Marokko",2.37,"pp-veget,pp-vegan",,1kg,Becher,1.15,,2.37,https://images.cdn.europe-west1.gcp.commercetools.com/723b2575-66c7-4d92-ae49-82bf1d168d26/00-402113-072275442-uJ36XorT.jpg,"Energie: 17.0 kcal, Energie: 73.0 kJ, Fett: 0.21 g, davon gesättigte Fettsäuren: 0.037 g, Kohlenhydrate: 2.6 g, davon Zucker: 0.104 g, Eiweiß: 0.95 g, Salz: 0.015 g","BILLA AG, Billa AG, IZ NÖ Süd, Straße 3, Objekt 16, 2355 Wr. Neudorf",0800 828 700,"Billa AG, IZ NÖ Süd, Straße 3, Objekt 16, 2355 Wr. Neudorf",kundenservice@billa.at,,Obst & Gemüse > Gemüse > Tomaten,https://shop.billa.at/produkte/clever-tomaten-00402113,"Klasse I Die clever Tomaten sind ein ausgezeichneter Vitaminlieferant, denn sie enthalten unter anderem Vitamin A, B, C und E. Versuchen Sie es doch mal mit einem selbstgemachten Sugo!, saftig und aromatisch, ideal zum Kochen oder Rohverzehr",kg,Billa
00-89033,Tomaten,Da komm ich her!,Da komm ich her! Cherrytomaten 'Süße Sophie',Österreich,2.85,"homecountry,gs-amaguete,pp-veget",,250g,Becher,0.41,,11.4,https://images.cdn.europe-west1.gcp.commercetools.com/723b2575-66c7-4d92-ae49-82bf1d168d26/00-89033-613970966-pKtldCVT.jpg,"Energie: 17.0 kcal, Energie: 73.0 kJ, Fett: 0.21 g, davon gesättigte Fettsäuren: 0.037 g, Kohlenhydrate: 2.6 g, davon Zucker: 0.104 g, Eiweiß: 0.95 g, Salz: 0.015 g","Billa AG, Postfach 2000, 2355 Wiener Neudorf",,"Postfach 2000, 2355 Wiener Neudorf",,,Obst & Gemüse > Gemüse > Tomaten,https://shop.billa.at/produkte/da-komm-ich-her-cherrytomaten-suesse-sophie-0089033,Klasse I,kg,Billa
00-322663,Tomaten,Ja! Natürlich,Ja! Natürlich Bio Raritäten Paradeiser,Österreich,4.56,"pp-bio,homecountry,pp-glutenfr,pp-veget","Glutenfrei - Spezifiziert als geeignet für eine glutenfreie Diät, Vegetarisch - Ohne Fleisch, Fisch oder andere tierische Produkte, Vegan - Ohne Milchprodukte und tierische Inhaltsstoffe",650g,Tasse,0.66,,7.02,"https://images.cdn.europe-west1.gcp.commercetools.com/723b2575-66c7-4d92-ae49-82bf1d168d26/00-322663-338558191-gbaf_E2t.jpg, https://images.cdn.europe-west1.gcp.commercetools.com/723b2575-66c7-4d92-ae49-82bf1d168d26/00-322663-0151615115-LfyXq1c3.jpg",,"Ja! Natürlich Naturprodukte Gesellschaft m.b.H., Postfach 2000, A-2355 Wr. Neudorf",+43 2236 600 6950,"Postfach 2000, A-2355 Wr. Neudorf",info@janatuerlich.at,div. Sorten,Obst & Gemüse > Gemüse > Tomaten,https://shop.billa.at/produkte/ja-natuerlich-bio-raritaeten-paradeiser-00322663,"Seit 1994, also von Beginn an, ist der Familienbetrieb Binder aus St. Andrä im Seewinkel ein Partner von Ja! Natürlich. Hier werden neben Ochsenherz, Striped Roman, Citrina, Mirimiri, Green Zebra, Black Cherry und Paul Robson noch viele weitere seltene Sorten für den Ja! Natürlich Bio-Paradeiser-Raritäten Mix angebaut. Vom burgenländischen Familienbetrieb Binder, Aus der Nationalpark-Region Neusiedlersee-Seewinkel, Ohne Pestizide gemäß EU-Bio Verordnung, Mix aus verschiedenen, seltenen Bio-Paradeiser-Sorten",kg,Billa
00-729131,Tomaten,BILLA Genusswelt,BILLA Genusswelt Dattelcherrytomaten,Spanien,3.32,pp-vegan,,200g,Packung,0.21,,16.6,https://images.cdn.europe-west1.gcp.commercetools.com/723b2575-66c7-4d92-ae49-82bf1d168d26/00-729131-1122393963-dFvpo2Rk.jpg,,,,,,,Obst & Gemüse > Gemüse > Tomaten,https://shop.billa.at/produkte/billa-genusswelt-dattelcherrytomaten-00729131,,kg,Billa
00-778921,Tomaten,Da komm ich her!,Da komm ich her! Wiener Cherry Paradeiser Mix,Österreich,3.32,"pp-vegan,homecountry",,270g,Tasse,0.27,,12.3,https://images.cdn.europe-west1.gcp.commercetools.com/723b2575-66c7-4d92-ae49-82bf1d168d26/00-778921-1426951176-Fk38QJE0.jpg,,,,,,,Obst & Gemüse > Gemüse > Tomaten,https://shop.billa.at/produkte/da-komm-ich-her-wiener-cherry-paradeiser-mix-00778921,"Der Da komm' ich her! Wiener Cherry Paradeiser Mix vereint eine bunte Auswahl an aromatischen Kirschtomaten, die jedem Gericht eine besondere Note verleihen. Ob als frische Zutat in Salaten, als Snack für zwischendurch oder als geschmackvolle Ergänzung zur Lieblingsspeise - die süßen, saftigen Paradeiser überzeugen mit ihrem intensiven Aroma. Sie schmecken roh ebenso köstlich wie in Aufläufen, auf Pizza oder Pasta. Ursprung: Österreich",kg,Billa
00-400428,Salate,Da komm ich her!,Da komm ich her! Eissalat,Österreich,1.7,"pp-veget,homecountry",,1stk,Stück,0.414,,1.7,https://images.cdn.europe-west1.gcp.commercetools.com/723b2575-66c7-4d92-ae49-82bf1d168d26/00-400428-0781989066-5kqCKane.jpg,"Energie: 13.0 kcal, Energie: 55.0 kJ, Fett: 0.2 g, davon gesättigte Fettsäuren: 0.031 g, Kohlenhydrate: 1.57 g, davon Zucker: 0.298 g, Eiweiß: 1.0 g, Salz: 0.03 g","Billa AG, Postfach 2000, 2355 Wiener Neudorf",,"Postfach 2000, 2355 Wiener Neudorf",,,Obst & Gemüse > Salate > Salate,https://shop.billa.at/produkte/da-komm-ich-her-eissalat-00400428,"Klasse I Eissalat hat einen fest geschlossenen Kopf und knackige Blätter. Er wird meist roh verzehrt, kann aber auch gekocht werden. frisch und gesund, enthält Magnesium, Kalzium und Phosphor, Qualität aus Österreich",Stk,Billa
00-410636,Salate,Da komm ich her!,Da komm ich her! Häuptelsalat,Österreich,1.42,"pp-veget,gs-amaguete,pp-vegan,homecountry",,1stk,Stück,0.357,,1.42,https://images.cdn.europe-west1.gcp.commercetools.com/723b2575-66c7-4d92-ae49-82bf1d168d26/00-410636-1538830253-NTDrJVB0.jpg,"Energie: 16.0 kcal, Energie: 67.0 kJ, Fett: 0.2 g, davon gesättigte Fettsäuren: 0.029 g, Kohlenhydrate: 1.7 g, davon Zucker: 0.323 g, Eiweiß: 1.6 g, Salz: 0.02 g","Billa AG, Postfach 2000, 2355 Wiener Neudorf",,"Postfach 2000, 2355 Wiener Neudorf",,,Obst & Gemüse > Salate > Salate,https://shop.billa.at/produkte/da-komm-ich-her-haeuptelsalat-00410636,"Klasse I Der saftig-grüne Häuptelsalat ist mit seinen großen Blättern ideal als frische Beilage. Das regional angebaute Gemüse schmeckt auch gut im Weckerl. gesund und kalorienarm, heimische Qualität von Da komm` ich her!, Klassiker für den gemischten Salat Klasse I Der saftig-grüne Häuptelsalat ist mit seinen großen Blättern ideal als frische Beilage. Das regional angebaute Gemüse schmeckt auch gut im Weckerl. gesund und kalorienarm, heimische Qualität von Da komm' ich her!, Klassiker für den gemischten Salat",Stk,Billa
00-410867,Salate,Ja! Natürlich,Ja! Natürlich Batavia Salat,"Österreich, Italien",2.18,"pp-veget,pp-vegan,pp-bio","Glutenfrei - Spezifiziert als geeignet für eine glutenfreie Diät, Vegetarisch - Ohne Fleisch, Fisch oder andere tierische Produkte, Vegan - Ohne Milchprodukte und tierische Inhaltsstoffe",1stk,Stück,0.23,,2.18,https://images.cdn.europe-west1.gcp.commercetools.com/723b2575-66c7-4d92-ae49-82bf1d168d26/00-410867-1805423234-Q_wbJdNB.jpg,,"Ja! Natürlich Naturprodukte Gesellschaft m.b.H., Postfach 2000, A-2355 Wr. Neudorf",+43 2236 600 6950,"Postfach 2000, A-2355 Wr. Neudorf",info@janatuerlich.at,,Obst & Gemüse > Salate > Salate,https://shop.billa.at/produkte/ja-natuerlich-batavia-salat-00410867,"Der Batavia stammt ursprunglich aus Frankreich und ist eine neue Sorte des Eis-Salates. Geschmacklich vereint er die Vorzuge von Kopfsalat und Eisbergsalat mit einem herzhaften Geschmack. In Marinaden bleibt er langer knackig. Wenn die Temperaturen in Osterreich die Salatproduktion zulassen, dann wird er von Bio-Bauer Erwin Binder im Burgenland angebaut, ansonsten kommt er aus Italien von einem langjahrigen Ja! Naturlich Partner.Ob im Ausland oder Osterreich - der Batavia wird immer nach den strengen Grundsatzen der biologischen Landwirtschaft kultiviert und kontrolliert.",Stk,Billa
00-401305,Salate,Ja! Natürlich,Ja! Natürlich Bio Salatherzen,Österreich,2.85,"gs-eubio,pp-bio,homecountry,gs-bio,pp-veget","Glutenfrei - Spezifiziert als geeignet für eine glutenfreie Diät, Vegetarisch - Ohne Fleisch, Fisch oder andere tierische Produkte, Vegan - Ohne Milchprodukte und tierische Inhaltsstoffe",2stk,Stück,0.253,,1.43,https://images.cdn.europe-west1.gcp.commercetools.com/723b2575-66c7-4d92-ae49-82bf1d168d26/00-401305-0160176415-eqieSmnk.jpg,,"Ja! Natürlich Naturprodukte Gesellschaft m.b.H., Postfach 2000, A-2355 Wr. Neudorf",+43 2236 600 6950,"Postfach 2000, A-2355 Wr. Neudorf",info@janatuerlich.at,,Obst & Gemüse > Salate > Salate,https://shop.billa.at/produkte/ja-natuerlich-bio-salatherzen-00401305,Die Ja! Natürlich Bio-Salatherzen schmecken besonders knackig und kommen aus der Nationalparkregion Neusiedler See-Seewinkel sowie aus Tirol. Hier werden sie liebevoll gemäß der biologischen Landwirtschaft aufgezogen und geerntet.,Stk,Billa
00-429154,Salate,Da komm ich her!,Da komm ich her! Grazer Krauthäuptelsalat,Österreich,1.89,homecountry,,1stk,Stück,0.29,,1.89,https://images.cdn.europe-west1.gcp.commercetools.com/723b2575-66c7-4d92-ae49-82bf1d168d26/00-429154-37767346-wCSNCPfr.jpg,"Energie: 12.0 kcal, Energie: 49.0 kJ, Fett: 0.22 g, davon gesättigte Fettsäuren: 0.034 g, Kohlenhydrate: 1.06 g, davon Zucker: 0.095 g, Eiweiß: 1.25 g, Salz: 0.025 g","Billa AG, Postfach 2000, 2355 Wiener Neudorf",,"Postfach 2000, 2355 Wiener Neudorf",,,Obst & Gemüse > Salate > Salate,https://shop.billa.at/produkte/da-komm-ich-her-grazer-krauthaeuptelsalat-00429154,,Stk,Billa
00-617783,Salate,Ja! Natürlich,Ja! Natürlich Bio Spezialsalat,Österreich,2.18,"pp-veget,pp-vegan,pp-bio,homecountry","Glutenfrei - Spezifiziert als geeignet für eine glutenfreie Diät, Vegetarisch - Ohne Fleisch, Fisch oder andere tierische Produkte, Vegan - Ohne Milchprodukte und tierische Inhaltsstoffe",1stk,Stück,0.26,,2.18,https://images.cdn.europe-west1.gcp.commercetools.com/723b2575-66c7-4d92-ae49-82bf1d168d26/00-617783-0862319884-00pocLkQ.jpg,,"Ja! Natürlich Naturprodukte Gesellschaft m.b.H., Postfach 2000, A-2355 Wr. Neudorf",+43 2236 600 6950,"Postfach 2000, A-2355 Wr. Neudorf",info@janatuerlich.at,,Obst & Gemüse > Salate > Salate,https://shop.billa.at/produkte/ja-natuerlich-bio-spezialsalat-00617783,,Stk,Billa
00-426468,Salate,Ja! Natürlich,Ja! Natürlich Babyleaf Mixsalat,Österreich,2.37,"pp-veget,pp-vegan,pp-bio,homecountry","Glutenfrei - Spezifiziert als geeignet für eine glutenfreie Diät, Vegetarisch - Ohne Fleisch, Fisch oder andere tierische Produkte, Vegan - Ohne Milchprodukte und tierische Inhaltsstoffe",100g,Packung,0.11,,23.7,https://images.cdn.europe-west1.gcp.commercetools.com/723b2575-66c7-4d92-ae49-82bf1d168d26/00-426468-0550230639-jx5hm04V.jpg,,"Ja! Natürlich Naturprodukte Gesellschaft m.b.H., Postfach 2000, A-2355 Wr. Neudorf",+43 2236 600 6950,"Postfach 2000, A-2355 Wr. Neudorf",info@janatuerlich.at,,Obst & Gemüse > Salate > Salate,https://shop.billa.at/produkte/ja-natuerlich-babyleaf-mixsalat-00426468,"Der knackig-frische Ja! Natürlich Bio-Mixsalat wird gemäß der biologischen Landwirtschaft kultiviert und beinhaltet viele Salatsorten: Bio-Babyspinat, Bio-Eissalat, Bio-Lollo bionda bis hin zu Salatspezialitäten wie Bio-Stridolo, Bio-Winterpostelein, Bio-Blutampfer und viele mehr.",kg,Billa
00-705315,Salate verpackt,BILLA Genusswelt,BILLA Genusswelt Salatherzen,Spanien,2.85,"pp-veget,pp-vegan",,3stk,Packung,0.216,,0.95,https://images.cdn.europe-west1.gcp.commercetools.com/723b2575-66c7-4d92-ae49-82bf1d168d26/00-705315-360871401-nSDmg0E2.jpg,"Energie: 12.0 kcal, Energie: 49.0 kJ, Fett: 0.22 g, davon gesättigte Fettsäuren: 0.034 g, Kohlenhydrate: 1.06 g, davon Zucker: 0.095 g, Eiweiß: 1.25 g, Salz: 0.025 g","BILLA AG, IZ NÖ Süd, Straße 3, Objekt 16, 2355 Wr. Neudorf",0800 828 700,"IZ NÖ Süd, Straße 3, Objekt 16, 2355 Wr. Neudorf",kundenservice@billa.at,,Obst & Gemüse > Salate > Salate verpackt,https://shop.billa.at/produkte/billa-genusswelt-salatherzen-00705315,Klasse I,Stk,Billa
00-723236,Salate verpackt,CLEVER,Clever Mischsalat,,0.94,"pp-veget,kuehlung,pp-vegan","Glutenfrei - Spezifiziert als geeignet für eine glutenfreie Diät, Vegetarisch - Ohne Fleisch, Fisch oder andere tierische Produkte, Vegan - Ohne Milchprodukte und tierische Inhaltsstoffe",200g,Beutel,0.206,"Zutaten: Salatmischung in veränderlichen Gewichtsanteilen (Zuckerhut, Radicchio, Frisée, Romanasalat).
Unter Schutzatmosphäre verpackt.",4.7,https://images.cdn.europe-west1.gcp.commercetools.com/723b2575-66c7-4d92-ae49-82bf1d168d26/00-723236-1725562306-OIcoWD0c.jpg,"Energie: 16.0 kcal, Energie: 67.0 kJ, Fett: 0.5 g, davon gesättigte Fettsäuren: 0.1 g, Kohlenhydrate: 1.4 g, davon Zucker: 1.4 g, Eiweiß: 1.5 g, Salz: 0.07 g","BILLA AG, Billa AG, IZ NÖ Süd, Straße 3, Objekt 16, 2355 Wr. Neudorf",0800 828 700,"Billa AG, IZ NÖ Süd, Straße 3, Objekt 16, 2355 Wr. Neudorf",kundenservice@billa.at,,Obst & Gemüse > Salate > Salate verpackt,https://shop.billa.at/produkte/clever-mischsalat-00723236,"Der praktische clever Blattsalat Mix besteht aus einer knackigen Salatmischung von Endivie, Frisée, Zuckerhut und rotem Radicchio. Er ist bereits gewaschen und essfertig und kann somit direkt aus der Verpackung mariniert und angerichtet werden. Der clever Blattsalat Mix ist im Regal bei den gekühlten Salatbeuteln zu finden. gewaschen & essfertig",kg,Billa
00-435520,Salate verpackt,Ja! Natürlich,Ja! Natürlich Vogerlsalat,"Österreich, Italien",2.27,"pp-veget,pp-vegan,pp-bio","Glutenfrei - Spezifiziert als geeignet für eine glutenfreie Diät, Vegetarisch - Ohne Fleisch, Fisch oder andere tierische Produkte, Vegan - Ohne Milchprodukte und tierische Inhaltsstoffe",100g,Becher,0.113,,22.7,https://images.cdn.europe-west1.gcp.commercetools.com/723b2575-66c7-4d92-ae49-82bf1d168d26/00-435520-2036620576-PfOboyal.jpg,,"Ja! Natürlich Naturprodukte Gesellschaft m.b.H., Postfach 2000, A-2355 Wr. Neudorf",+43 2236 600 6950,"Postfach 2000, A-2355 Wr. Neudorf",info@janatuerlich.at,,Obst & Gemüse > Salate > Salate verpackt,https://shop.billa.at/produkte/ja-natuerlich-vogerlsalat-00435520,Der Ja! Natürlich Bio-Vogerlsalat wird gemäß der biologischen Landwirtschaft angebaut. Auf Österreichs Tellern ist er besonders beliebt und überzeugt mit seinem leicht-würzigen sowie nussigen Geschmack.,kg,Billa
00-511704,Salate verpackt,BILLA Bio,BILLA Bio Mungobohnensprossen,,1.89,"pp-veget,kuehlung,pp-vegan,pp-bio",,200g,Tasse,0.214,"Mungobohnensprossen*.  

*aus biologischer Landwirtschaft",9.45,https://images.cdn.europe-west1.gcp.commercetools.com/723b2575-66c7-4d92-ae49-82bf1d168d26/00-511704-1211197029-bmbv8U0z.jpg,"Energie: 28.0 kcal, Energie: 116.0 kJ, Fett: 0.5 g, davon gesättigte Fettsäuren: 0.1 g, Kohlenhydrate: 3.2 g, davon Zucker: 3.0 g, Eiweiß: 3.0 g, Salz: 0.0 g","BILLA AG, Billa AG, IZ NÖ Süd, Straße 3, Objekt 16, 2355 Wr. Neudorf",0800 828 700,"Billa AG, IZ NÖ Süd, Straße 3, Objekt 16, 2355 Wr. Neudorf",kundenservice@billa.at,,Obst & Gemüse > Salate > Salate verpackt,https://shop.billa.at/produkte/billa-bio-mungobohnensprossen-00511704,"Österreich ist stolz auf all seine Bio-Sprösslinge! Mit ihnen zaubert man im Handumdrehen asiatische Gerichte aus der Pfanne. In Österreich gesprossen, Gentechnikfrei, Reich an Eiweiß, Verfeinern asiatische Gerichte",kg,Billa
00-475740,Salate verpackt,Ja! Natürlich,Ja! Natürlich Bio Vogerlsalat,Italien,1.7,"pp-veget,kuehlung,pp-vegan,pp-bio","Vegan - Ohne Milchprodukte und tierische Inhaltsstoffe, Vegetarisch - Ohne Fleisch, Fisch oder andere tierische Produkte",80g,Beutel,0.086,"Vogerlsalat* 100%.

*aus biologischer Landwirtschaft",21.25,https://images.cdn.europe-west1.gcp.commercetools.com/723b2575-66c7-4d92-ae49-82bf1d168d26/00-475740-1721957956-47XZ6LrL.jpg,"Energie: 26.0 kcal, Energie: 110.0 kJ, Fett: 0.5 g, davon gesättigte Fettsäuren: 0.1 g, Kohlenhydrate: 3.6 g, davon Zucker: 3.6 g, Eiweiß: 2.0 g, Salz: 0.01 g","Ja! Natürlich Naturprodukte Gesellschaft m.b.H., Postfach 2000, A-2355 Wr. Neudorf",+43 2236 600 6950,"Postfach 2000, A-2355 Wr. Neudorf",info@janatuerlich.at,,Obst & Gemüse > Salate > Salate verpackt,https://shop.billa.at/produkte/ja-natuerlich-bio-vogerlsalat-00475740,"Der Ja! Natürlich Bio-Vogerlsalat wird nach der Ernte sorgfaltig gewaschen und kann somit direkt aus dem Beutel verarbeitet werden. Mit seinem nussigen Aroma ist er der perfekte Beilagensalat fur herzhafte Gerichte, etwa als Klassiker mit Kartoffelsalat zu Backhendl - besonders gut schmeckt er mit etwas Ja! Natürlich Bio- Kürbiskernöl. sorgfaltig gewaschen und essfertig, besonders frisch und aromatisch",kg,Billa
00-714038,Salate verpackt,Ja! Natürlich,Ja! Natürlich Bio Jungspinat,Italien,1.89,"pp-veget,pp-vegan,pp-bio",,100g,Beutel,0.106,"Blattspinat* 100%.

*aus biologischer Landwirtschaft",18.9,https://images.cdn.europe-west1.gcp.commercetools.com/723b2575-66c7-4d92-ae49-82bf1d168d26/00-714038-2034995493-7DllfMQ_.jpg,"Energie: 26.0 kcal, Energie: 111.0 kJ, Fett: 0.6 g, davon gesättigte Fettsäuren: 0.0 g, Kohlenhydrate: 1.6 g, davon Zucker: 0.0 g, Eiweiß: 2.9 g, Salz: 0.22 g","Ja! Natürlich Naturprodukte Gesellschaft m.b.H., Postfach 2000, A-2355 Wr. Neudorf",+43 2236 600 6950,"Postfach 2000, A-2355 Wr. Neudorf",info@janatuerlich.at,,Obst & Gemüse > Salate > Salate verpackt,https://shop.billa.at/produkte/ja-natuerlich-bio-jungspinat-00714038,"Klasse I Der Ja! Natürlich Bio-Jungspinat wird nach der Ernte sorgfältig gewaschen und ist somit essfertig. Mit seinem milden Aroma eignet sich Jungspinat als feiner Salat und als Zutat in grünen Smoothies. Er verfeinert aber auch diverse warme Gerichte wie Pasta, Bowls und Currys. Besonders frisch und aromatisch, Sorgfältig gewaschen und essfertig, Ohne Einsatz von chemisch-synthetischen Pflanzenschutzmitteln",kg,Billa
00-718332,Salate verpackt,Ja! Natürlich,Ja! Natürlich Rucola,Italien,1.89,"pp-veget,pp-vegan,pp-bio",,100g,Beutel,0.106,"Rucola* 100%.

*aus biologischer Landwirtschaft",18.9,https://images.cdn.europe-west1.gcp.commercetools.com/723b2575-66c7-4d92-ae49-82bf1d168d26/00-718332-630198454-tlwWZl2W.jpg,"Energie: 31.0 kcal, Energie: 129.0 kJ, Fett: 0.5 g, davon gesättigte Fettsäuren: 0.1 g, Kohlenhydrate: 3.9 g, davon Zucker: 3.9 g, Eiweiß: 2.6 g, Salz: 0.07 g","Ja! Natürlich Naturprodukte Gesellschaft m.b.H., Postfach 2000, A-2355 Wr. Neudorf",+43 2236 600 6950,"Postfach 2000, A-2355 Wr. Neudorf",info@janatuerlich.at,,Obst & Gemüse > Salate > Salate verpackt,https://shop.billa.at/produkte/ja-natuerlich-rucola-00718332,"Klasse I Der Ja! Natürlich Bio-Rucola wird nach der Ernte sorgfältig gewaschen und kann somit direkt aus dem Beutel verarbeitet werden. Mit seinem pfeffrig-aromatischen Geschmack verfeinert Rucola verschiedenste Salatkreationen und eignet sich auch wunderbar als Topping, zum Beispiel für Pasta-Gerichte, Pizza und Flammkuchen. 100% Bio, 100% Gentechnikfrei",kg,Billa
00-310265,Salate verpackt,,Beerenmix,,21.9,kuehlung,,1000g,Becher,1.0,,21.9,https://images.cdn.europe-west1.gcp.commercetools.com/723b2575-66c7-4d92-ae49-82bf1d168d26/00-310265-0132353786-hOpZKtQa.jpg,,,,,,,Obst & Gemüse > Salate > Salate verpackt,https://shop.billa.at/produkte/beerenmix-00310265,,kg,Billa
00-778923,Salate verpackt,Die Grillerei,Die Grillerei Burger Salat,,1.7,pp-veget,"Glutenfrei - Spezifiziert als geeignet für eine glutenfreie Diät, Vegetarisch - Ohne Fleisch, Fisch oder andere tierische Produkte, Vegan - Ohne Milchprodukte und tierische Inhaltsstoffe",100g,Beutel,0.11,Zutaten: Blattsalat grün,17.0,https://images.cdn.europe-west1.gcp.commercetools.com/723b2575-66c7-4d92-ae49-82bf1d168d26/00-778923-015506795-ndHzh-hZ.jpg,"Energie: 21.0 kcal, Energie: 89.0 kJ, Fett: 0.0 g, davon gesättigte Fettsäuren: 0.0 g, Kohlenhydrate: 2.8 g, davon Zucker: 0.8 g, Eiweiß: 1.8 g, Salz: 0.03 g",,,,,,Obst & Gemüse > Salate > Salate verpackt,https://shop.billa.at/produkte/die-grillerei-burger-salat-00778923,,kg,Billa
00-817739,Salate verpackt,,Ananas geschnitten,,13.9,kuehlung,,1000g,Kilo,1.0,,13.9,https://images.cdn.europe-west1.gcp.commercetools.com/723b2575-66c7-4d92-ae49-82bf1d168d26/00-817739-0103618078-h6nBe-AQ.jpg,"Energie: 246.0 kJ, Energie: 59.0 kcal, Fett: 0.0 g, davon gesättigte Fettsäuren: 0.0 g, Kohlenhydrate: 13.0 g, davon Zucker: 8.3 g, Eiweiß: 0.0 g, Salz: 0.0 g","BILLA AG, Billa AG, IZ NÖ Süd, Straße 3, Objekt 16, 2355 Wr. Neudorf",0800 828 700,"Billa AG, IZ NÖ Süd, Straße 3, Objekt 16, 2355 Wr. Neudorf",kundenservice@billa.at,,Obst & Gemüse > Salate > Salate verpackt,https://shop.billa.at/produkte/ananas-geschnitten-00817739,,kg,Billa
00-883321,Salate verpackt,Simply Good,Simply Good Wassermelonen Würfel,Brasilien,3.19,"pp-veget,kuehlung,pp-vegan,pp-glutenfr,eg-neu","Glutenfrei - Spezifiziert als geeignet für eine glutenfreie Diät, Vegetarisch - Ohne Fleisch, Fisch oder andere tierische Produkte, Vegan - Ohne Milchprodukte und tierische Inhaltsstoffe",290g,Becher,0.31,nicht erforderlich,11.0,"https://images.cdn.europe-west1.gcp.commercetools.com/723b2575-66c7-4d92-ae49-82bf1d168d26/00-883321-405339828-vhPaE3Ex.jpg, https://images.cdn.europe-west1.gcp.commercetools.com/723b2575-66c7-4d92-ae49-82bf1d168d26/00-883321-0143123031-GP57Zdpe.jpg",,"BILLA AG, Billa AG, IZ NÖ Süd, Straße 3, Objekt 16, 2355 Wr. Neudorf",0800 828 700,"Billa AG, IZ NÖ Süd, Straße 3, Objekt 16, 2355 Wr. Neudorf",kundenservice@billa.at,,Obst & Gemüse > Salate > Salate verpackt,https://shop.billa.at/produkte/simply-good-wassermelonen-wuerfel-00883321,,kg,Billa
00-883323,Salate verpackt,Simply Good,Simply Good Ananas Würfel,Costa Rica,3.19,"pp-veget,kuehlung,pp-vegan,pp-glutenfr,eg-neu","Glutenfrei - Spezifiziert als geeignet für eine glutenfreie Diät, Vegetarisch - Ohne Fleisch, Fisch oder andere tierische Produkte, Vegan - Ohne Milchprodukte und tierische Inhaltsstoffe",300g,Becher,0.32,nicht erforderlich,10.63,"https://images.cdn.europe-west1.gcp.commercetools.com/723b2575-66c7-4d92-ae49-82bf1d168d26/00-883323-1982619820-gLqWNMaT.jpg, https://images.cdn.europe-west1.gcp.commercetools.com/723b2575-66c7-4d92-ae49-82bf1d168d26/00-883323-0139892449-Da06YxmL.jpg",,"BILLA AG, Billa AG, IZ NÖ Süd, Straße 3, Objekt 16, 2355 Wr. Neudorf",0800 828 700,"Billa AG, IZ NÖ Süd, Straße 3, Objekt 16, 2355 Wr. Neudorf",kundenservice@billa.at,,Obst & Gemüse > Salate > Salate verpackt,https://shop.billa.at/produkte/simply-good-ananas-wuerfel-00883323,,kg,Billa
00-883325,Salate verpackt,Simply Good,Simply Good Granatapfel Kerne,Indien,3.19,"pp-veget,kuehlung,pp-vegan,pp-glutenfr,eg-neu","Glutenfrei - Spezifiziert als geeignet für eine glutenfreie Diät, Vegetarisch - Ohne Fleisch, Fisch oder andere tierische Produkte, Vegan - Ohne Milchprodukte und tierische Inhaltsstoffe",90g,Becher,0.107,nicht erforderlich,35.44,"https://images.cdn.europe-west1.gcp.commercetools.com/723b2575-66c7-4d92-ae49-82bf1d168d26/00-883325-0165332249-gVXpdPG9.jpg, https://images.cdn.europe-west1.gcp.commercetools.com/723b2575-66c7-4d92-ae49-82bf1d168d26/00-883325-0851519352-8aqbL2Va.jpg",,"BILLA AG, Billa AG, IZ NÖ Süd, Straße 3, Objekt 16, 2355 Wr. Neudorf",0800 828 700,"Billa AG, IZ NÖ Süd, Straße 3, Objekt 16, 2355 Wr. Neudorf",kundenservice@billa.at,,Obst & Gemüse > Salate > Salate verpackt,https://shop.billa.at/produkte/simply-good-granatapfel-kerne-00883325,,kg,Billa
00-883326,Salate verpackt,Simply Good,Simply Good Tropical Mix,,3.19,"pp-veget,kuehlung,pp-vegan,pp-glutenfr,eg-neu","Glutenfrei - Spezifiziert als geeignet für eine glutenfreie Diät, Vegetarisch - Ohne Fleisch, Fisch oder andere tierische Produkte, Vegan - Ohne Milchprodukte und tierische Inhaltsstoffe",200g,Becher,0.217,"Zutaten: Cantaloupemelonenstücke, Ananasstücke, Wassermelonenstücke, Mangostücke.",15.95,"https://images.cdn.europe-west1.gcp.commercetools.com/723b2575-66c7-4d92-ae49-82bf1d168d26/00-883326-0193564149-paPq3Pt4.jpg, https://images.cdn.europe-west1.gcp.commercetools.com/723b2575-66c7-4d92-ae49-82bf1d168d26/00-883326-0206055961-AaomuXIJ.jpg",,"BILLA AG, Billa AG, IZ NÖ Süd, Straße 3, Objekt 16, 2355 Wr. Neudorf",0800 828 700,"Billa AG, IZ NÖ Süd, Straße 3, Objekt 16, 2355 Wr. Neudorf",kundenservice@billa.at,,Obst & Gemüse > Salate > Salate verpackt,https://shop.billa.at/produkte/simply-good-tropical-mix-00883326,,kg,Billa
00-883329,Salate verpackt,Simply Good,Simply Good Mango,Brasilien,3.19,"pp-veget,kuehlung,pp-vegan,pp-glutenfr,eg-neu","Glutenfrei - Spezifiziert als geeignet für eine glutenfreie Diät, Vegetarisch - Ohne Fleisch, Fisch oder andere tierische Produkte, Vegan - Ohne Milchprodukte und tierische Inhaltsstoffe",120g,Becher,0.137,nicht erforderlich,26.58,"https://images.cdn.europe-west1.gcp.commercetools.com/723b2575-66c7-4d92-ae49-82bf1d168d26/00-883329-256704803-a_cUQZ5L.jpg, https://images.cdn.europe-west1.gcp.commercetools.com/723b2575-66c7-4d92-ae49-82bf1d168d26/00-883329-0803436596-2NCCU-5L.jpg",,"BILLA AG, Billa AG, IZ NÖ Süd, Straße 3, Objekt 16, 2355 Wr. Neudorf",0800 828 700,"Billa AG, IZ NÖ Süd, Straße 3, Objekt 16, 2355 Wr. Neudorf",kundenservice@billa.at,,Obst & Gemüse > Salate > Salate verpackt,https://shop.billa.at/produkte/simply-good-mango-00883329,,kg,Billa
00-884716,Salate verpackt,Die Grillerei,Die Grillerei XXL Salat Schale,,3.49,"pp-veget,kuehlung,pp-glutenfr,eg-neu","Glutenfrei - Spezifiziert als geeignet für eine glutenfreie Diät, Vegetarisch - Ohne Fleisch, Fisch oder andere tierische Produkte",500g,Stück,0.551,"Zutaten: Gemüse in veränderlichen Gewichtsanteilen (Lollo Bionda, Romana, Radicchio), Gemüsemais (Mais, Wasser, Speisesalz), Karotten, Weißkraut, Tomaten, Paprika, Radieschen.",6.98,https://images.cdn.europe-west1.gcp.commercetools.com/723b2575-66c7-4d92-ae49-82bf1d168d26/00-884716-1075694372-E-wyzhvK.jpg,"Energie: 31.0 kcal, Energie: 129.0 kJ, Fett: 0.5 g, davon gesättigte Fettsäuren: 0.1 g, Kohlenhydrate: 4.4 g, davon Zucker: 2.7 g, Eiweiß: 1.3 g, Salz: 0.1 g",,,,,,Obst & Gemüse > Salate > Salate verpackt,https://shop.billa.at/produkte/die-grillerei-xxl-salat-schale-00884716,"Frisch, knackig und sofort servierbereit: unsere XXL-Salatschale mit praktisch geschnittenem und gewaschenem Salat und Gemüse ist der ideale Begleiter für jedes Grillfest. Die ausgewogene Mischung überzeugt mit knackiger Vielfalt: zarte gemischte Blattsalate dazu saftiger Mais, Karotten, Tomaten, Paprika und Radieschen. Frisch zusammengestellt, bunt im Look und perfekt abgestimmt als Beilage zu Fleisch, Fisch, vegetarischen oder rein pflanzlichen Grillspezialitäten. Einfach kurz vor dem Servieren beliebiges Dressing untermischen, auf den Tisch stellen – fertig! So bleibt mehr Zeit für das Wesentliche: Grillen, genießen und gemeinsam beisammen sein. Ob Würstel, Steaks oder rein pflanzliche Köstlichkeiten – dieser Salat passt immer und reicht locker für die ganze Familie.",kg,Billa
00-888428,Salate verpackt,Billa immer gut,BILLA Crispy Salat,Deutschland,1.7,"kuehlung,eg-neu,gs-vegan,pp-glutenfr,pp-vegan,pp-veget","Glutenfrei - Spezifiziert als geeignet für eine glutenfreie Diät, Vegetarisch - Ohne Fleisch, Fisch oder andere tierische Produkte, Vegan - Ohne Milchprodukte und tierische Inhaltsstoffe",125g,Packung,0.138,,13.6,https://images.cdn.europe-west1.gcp.commercetools.com/723b2575-66c7-4d92-ae49-82bf1d168d26/00-888428-458621136-LiAioJXL.jpg,,"BILLA AG, Billa AG, IZ NÖ Süd, Straße 3, Objekt 16, 2355 Wr. Neudorf",0800 828 700,"Billa AG, IZ NÖ Süd, Straße 3, Objekt 16, 2355 Wr. Neudorf",kundenservice@billa.at,,Obst & Gemüse > Salate > Salate verpackt,https://shop.billa.at/produkte/billa-crispy-salat-00888428,,kg,Billa
00-888432,Salate verpackt,Billa immer gut,BILLA Mediterraner Salat,Deutschland,1.7,"kuehlung,eg-neu,gs-vegan,pp-glutenfr,pp-vegan,pp-veget","Glutenfrei - Spezifiziert als geeignet für eine glutenfreie Diät, Vegetarisch - Ohne Fleisch, Fisch oder andere tierische Produkte, Vegan - Ohne Milchprodukte und tierische Inhaltsstoffe",125g,Packung,0.138,,13.6,https://images.cdn.europe-west1.gcp.commercetools.com/723b2575-66c7-4d92-ae49-82bf1d168d26/00-888432-736876334-Qfbk6rD_.jpg,,"BILLA AG, Billa AG, IZ NÖ Süd, Straße 3, Objekt 16, 2355 Wr. Neudorf",0800 828 700,"Billa AG, IZ NÖ Süd, Straße 3, Objekt 16, 2355 Wr. Neudorf",kundenservice@billa.at,,Obst & Gemüse > Salate > Salate verpackt,https://shop.billa.at/produkte/billa-mediterraner-salat-00888432,,kg,Billa
00-888433,Salate verpackt,Billa immer gut,BILLA Wildkräutersalat,Deutschland,1.7,"kuehlung,eg-neu,gs-vegan,pp-glutenfr,pp-vegan,pp-veget","Glutenfrei - Spezifiziert als geeignet für eine glutenfreie Diät, Vegetarisch - Ohne Fleisch, Fisch oder andere tierische Produkte, Vegan - Ohne Milchprodukte und tierische Inhaltsstoffe",125g,Packung,0.135,,13.6,https://images.cdn.europe-west1.gcp.commercetools.com/723b2575-66c7-4d92-ae49-82bf1d168d26/00-888433-0174122837-cnv4tSD4.jpg,,"BILLA AG, Billa AG, IZ NÖ Süd, Straße 3, Objekt 16, 2355 Wr. Neudorf",0800 828 700,"Billa AG, IZ NÖ Süd, Straße 3, Objekt 16, 2355 Wr. Neudorf",kundenservice@billa.at,,Obst & Gemüse > Salate > Salate verpackt,https://shop.billa.at/produkte/billa-wildkraeutersalat-00888433,,kg,Billa
00-890105,Salate verpackt,Simply Good,Simply Good Eisbergsalat geschnitten,,1.7,"pp-veget,kuehlung,pp-vegan,pp-glutenfr,eg-neu","Glutenfrei - Spezifiziert als geeignet für eine glutenfreie Diät, Vegetarisch - Ohne Fleisch, Fisch oder andere tierische Produkte, Vegan - Ohne Milchprodukte und tierische Inhaltsstoffe",200g,Beutel,0.212,Zutaten: Eisberg.,8.5,https://images.cdn.europe-west1.gcp.commercetools.com/723b2575-66c7-4d92-ae49-82bf1d168d26/00-890105-485263471-N-lZ_3_u.jpg,"Energie: 12.0 kcal, Energie: 52.0 kJ, Fett: 0.5 g, davon gesättigte Fettsäuren: 0.0 g, Kohlenhydrate: 1.6 g, davon Zucker: 1.6 g, Eiweiß: 1.0 g, Salz: 0.0 g","BILLA AG, Billa AG, IZ NÖ Süd, Straße 3, Objekt 16, 2355 Wr. Neudorf",0800 828 700,"Billa AG, IZ NÖ Süd, Straße 3, Objekt 16, 2355 Wr. Neudorf",kundenservice@billa.at,,Obst & Gemüse > Salate > Salate verpackt,https://shop.billa.at/produkte/simply-good-eisbergsalat-geschnitten-00890105,,kg,Billa
00-890108,Salate verpackt,Simply Good,Simply Good Jungspinat,,1.89,"pp-veget,gs-vegan,kuehlung,pp-vegan,pp-glutenfr,eg-neu","Glutenfrei - Spezifiziert als geeignet für eine glutenfreie Diät, Vegetarisch - Ohne Fleisch, Fisch oder andere tierische Produkte, Vegan - Ohne Milchprodukte und tierische Inhaltsstoffe",125g,Packung,0.131,Zutaten: Jungspinat.,15.12,https://images.cdn.europe-west1.gcp.commercetools.com/723b2575-66c7-4d92-ae49-82bf1d168d26/00-890108-975539115-OSQj6jPW.jpg,"Energie: 18.0 kcal, Energie: 76.0 kJ, Fett: 0.5 g, davon gesättigte Fettsäuren: 0.1 g, Kohlenhydrate: 0.6 g, davon Zucker: 0.5 g, Eiweiß: 2.8 g, Salz: 0.2 g","BILLA AG, Billa AG, IZ NÖ Süd, Straße 3, Objekt 16, 2355 Wr. Neudorf",0800 828 700,"Billa AG, IZ NÖ Süd, Straße 3, Objekt 16, 2355 Wr. Neudorf",kundenservice@billa.at,,Obst & Gemüse > Salate > Salate verpackt,https://shop.billa.at/produkte/simply-good-jungspinat-00890108,,kg,Billa
00-890112,Salate verpackt,Simply Good,Simply Good Kopfsalat mit Kräutern,,1.89,"kuehlung,eg-neu","Glutenfrei - Spezifiziert als geeignet für eine glutenfreie Diät, Vegetarisch - Ohne Fleisch, Fisch oder andere tierische Produkte, Vegan - Ohne Milchprodukte und tierische Inhaltsstoffe",175g,Beutel,0.179,"Zutaten: 98% Kopfsalat, 2% Kräuter (Schnittlauch, Petersilie in veränderlichen Gewichtsanteilen).",10.8,https://images.cdn.europe-west1.gcp.commercetools.com/723b2575-66c7-4d92-ae49-82bf1d168d26/00-890112-639336289-I85-ds2k.jpg,"Energie: 15.0 kcal, Energie: 62.0 kJ, Fett: 0.5 g, davon gesättigte Fettsäuren: 0.1 g, Kohlenhydrate: 1.1 g, davon Zucker: 1.0 g, Eiweiß: 1.3 g, Salz: 0.02 g","BILLA AG, Billa AG, IZ NÖ Süd, Straße 3, Objekt 16, 2355 Wr. Neudorf",0800 828 700,"Billa AG, IZ NÖ Süd, Straße 3, Objekt 16, 2355 Wr. Neudorf",kundenservice@billa.at,,Obst & Gemüse > Salate > Salate verpackt,https://shop.billa.at/produkte/simply-good-kopfsalat-mit-kraeutern-00890112,,kg,Billa
00-890114,Salate verpackt,Simply Good,Simply Good Rucola Salat,,1.7,"pp-veget,kuehlung,pp-vegan,pp-glutenfr,eg-neu","Glutenfrei - Spezifiziert als geeignet für eine glutenfreie Diät, Vegetarisch - Ohne Fleisch, Fisch oder andere tierische Produkte, Vegan - Ohne Milchprodukte und tierische Inhaltsstoffe",125g,Beutel,0.13,Zutaten: Rucola.,13.6,https://images.cdn.europe-west1.gcp.commercetools.com/723b2575-66c7-4d92-ae49-82bf1d168d26/00-890114-1586619786-i_eFs_PA.jpg,"Energie: 28.0 kcal, Energie: 119.0 kJ, Fett: 0.7 g, davon gesättigte Fettsäuren: 0.0 g, Kohlenhydrate: 2.1 g, davon Zucker: 2.1 g, Eiweiß: 2.6 g, Salz: 0.08 g","BILLA AG, Billa AG, IZ NÖ Süd, Straße 3, Objekt 16, 2355 Wr. Neudorf",0800 828 700,"Billa AG, IZ NÖ Süd, Straße 3, Objekt 16, 2355 Wr. Neudorf",kundenservice@billa.at,,Obst & Gemüse > Salate > Salate verpackt,https://shop.billa.at/produkte/simply-good-rucola-salat-00890114,,kg,Billa
00-890115,Salate verpackt,Simply Good,Simply Good Venezia Salat,,1.89,"pp-veget,kuehlung,pp-vegan,pp-glutenfr,eg-neu","Glutenfrei - Spezifiziert als geeignet für eine glutenfreie Diät, Vegetarisch - Ohne Fleisch, Fisch oder andere tierische Produkte, Vegan - Ohne Milchprodukte und tierische Inhaltsstoffe",100g,Beutel,0.11,"Zutaten: Vogerlsalat, Babyspinat, Rucola, Blattsalat rot, Blattsalat grün.",18.9,https://images.cdn.europe-west1.gcp.commercetools.com/723b2575-66c7-4d92-ae49-82bf1d168d26/00-890115-598797138-spovMV64.jpg,"Energie: 48.0 kJ, Energie: 12.0 kcal, Fett: 0.5 g, Kohlenhydrate: 1.1 g, davon Zucker: 0.6 g, Eiweiß: 1.0 g, Salz: 0.05 g","BILLA AG, Billa AG, IZ NÖ Süd, Straße 3, Objekt 16, 2355 Wr. Neudorf",0800 828 700,"Billa AG, IZ NÖ Süd, Straße 3, Objekt 16, 2355 Wr. Neudorf",kundenservice@billa.at,,Obst & Gemüse > Salate > Salate verpackt,https://shop.billa.at/produkte/simply-good-venezia-salat-00890115,,kg,Billa
00-890116,Salate verpackt,Simply Good,Simply Good Vogerl Salat,,2.37,"pp-veget,kuehlung,pp-vegan,pp-glutenfr,eg-neu","Glutenfrei - Spezifiziert als geeignet für eine glutenfreie Diät, Vegetarisch - Ohne Fleisch, Fisch oder andere tierische Produkte, Vegan - Ohne Milchprodukte und tierische Inhaltsstoffe",150g,Beutel,0.155,Zutaten: Vogerlsalat.,15.8,https://images.cdn.europe-west1.gcp.commercetools.com/723b2575-66c7-4d92-ae49-82bf1d168d26/00-890116-0166492905-Rw6kFly9.jpg,"Energie: 17.0 kcal, Energie: 71.0 kJ, Fett: 0.5 g, davon gesättigte Fettsäuren: 0.0 g, Kohlenhydrate: 0.8 g, davon Zucker: 0.8 g, Eiweiß: 1.8 g, Salz: 0.01 g","BILLA AG, Billa AG, IZ NÖ Süd, Straße 3, Objekt 16, 2355 Wr. Neudorf",0800 828 700,"Billa AG, IZ NÖ Süd, Straße 3, Objekt 16, 2355 Wr. Neudorf",kundenservice@billa.at,,Obst & Gemüse > Salate > Salate verpackt,https://shop.billa.at/produkte/simply-good-vogerl-salat-00890116,,kg,Billa
00-891266,Salate verpackt,Die Grillerei,Die Grillerei Barbecue Salat Mix,,1.89,"pp-veget,kuehlung,pp-glutenfr,eg-neu","Glutenfrei - Spezifiziert als geeignet für eine glutenfreie Diät, Vegetarisch - Ohne Fleisch, Fisch oder andere tierische Produkte, Vegan - Ohne Milchprodukte und tierische Inhaltsstoffe",200g,Beutel,0.5,"Zutaten: Endivie, Radicchio, Karotte, Zuckermais, Paprika.",9.45,https://images.cdn.europe-west1.gcp.commercetools.com/723b2575-66c7-4d92-ae49-82bf1d168d26/00-891266-97330924-jpg5cQ6v.jpg,"Energie: 36.0 kcal, Energie: 150.0 kJ, Fett: 0.5 g, davon gesättigte Fettsäuren: 0.1 g, Kohlenhydrate: 4.8 g, davon Zucker: 2.2 g, Eiweiß: 1.9 g, Salz: 0.2 g",,,,,,Obst & Gemüse > Salate > Salate verpackt,https://shop.billa.at/produkte/die-grillerei-barbecue-salat-mix-00891266,,kg,Billa
00-318080,Kräuter,Da komm ich her!,Da komm ich her! Petersilie,Österreich,1.32,"pp-veget,pp-vegan,homecountry",,40g,Stück,0.045,,1.32,https://images.cdn.europe-west1.gcp.commercetools.com/723b2575-66c7-4d92-ae49-82bf1d168d26/00-318080-1715949495-nF1rDwwf.jpg,"Energie: 53.0 kcal, Energie: 220.0 kJ, Fett: 0.4 g, davon gesättigte Fettsäuren: 0.051 g, Kohlenhydrate: 7.38 g, davon Zucker: 0.0 g, Eiweiß: 4.43 g, Salz: 0.083 g","Billa AG, Postfach 2000, 2355 Wiener Neudorf",,"Postfach 2000, 2355 Wiener Neudorf",,,Obst & Gemüse > Kräuter,https://shop.billa.at/produkte/da-komm-ich-her-petersilie-00318080,Die Petersilie von Da komm' ich her! eignet sich perfekt zum Verfeinern allerlei Speisen und ist ein absoluter Must-have für alle Feinschmecker und Genießer.,kg,Billa
00-89709,Kräuter,Ja! Natürlich,Ja! Natürlich Kresse,Österreich,0.84,"pp-veget,pp-lakto,pp-vegan,pp-glutenfr,pp-bio,homecountry","Glutenfrei - Spezifiziert als geeignet für eine glutenfreie Diät, Vegetarisch - Ohne Fleisch, Fisch oder andere tierische Produkte, Vegan - Ohne Milchprodukte und tierische Inhaltsstoffe",1stk,Becher,0.085,,0.84,https://images.cdn.europe-west1.gcp.commercetools.com/723b2575-66c7-4d92-ae49-82bf1d168d26/00-89709-940416218-U6bHit8X.jpg,,"Ja! Natürlich Naturprodukte Gesellschaft m.b.H., Postfach 2000, A-2355 Wr. Neudorf",+43 2236 600 6950,"Postfach 2000, A-2355 Wr. Neudorf",info@janatuerlich.at,,Obst & Gemüse > Kräuter,https://shop.billa.at/produkte/ja-natuerlich-kresse-0089709,"Die frische Bio-Gartenkresse von Ja! Natürlich wird auf unbehandeltem gentechnikfreien Flachsvlies gezogen. Das Saatgut stammt von österreichischen Bio-Bauern. Frei von chemischen Dungern und Pflanzenschutzmitteln kann die Ja! Natürlich Gartenkresse optimal ihren hohen Anteil an Vitaminen und Mineralsalzen entwickeln. Sie eignet sich durch ihren würzigen Geschmack hervorragend fur Rohkost und frische Aufstriche. Die Verpackung besteht aus umweltfreundlichen Ressourcen und ist zu 100% recyclebar. Verpackung und Flachsvlies nach Verwendung ganz einfach im Kompost oder in der Bio-Tonne entsorgen! Ja! Natürlich-Tipp: Mit der Ja! Natürlich Gartenkresse können Suppen, Soßen, Salate und belegte Brote kostlich garniert werden. Dafür die Kresse immer frisch abschneiden: so bleiben Vitamine und Mineralstoffe ganzlich erhalten. Gartenkresse kühl und das Flachsvlies feucht halten, damit Frische erhalten bleibt.",Stk,Billa
00-953164,Kräuter,Da komm ich her!,Da komm ich her! Schnittlauch,Österreich,1.51,"pp-veget,pp-vegan,homecountry",,25g,Stück,0.034,,1.51,https://images.cdn.europe-west1.gcp.commercetools.com/723b2575-66c7-4d92-ae49-82bf1d168d26/00-953164-0211339195-78H7-7k3.jpg,,,,,,,Obst & Gemüse > Kräuter,https://shop.billa.at/produkte/da-komm-ich-her-schnittlauch-00953164,"Feinschmecker aufgepasst: Schnittlauch verfeinert verschiedenste Gerichte und macht sie zu etwas ganz besonderem. Egal ob in Salaten, Omeletts, Suppen, Saucen und vielem mehr, der Da komm' ich her Schnittlauch kann mit seinem würzig guten Geschmack überzeugen.",kg,Billa
00-414059,Kräuter,Ja! Natürlich,Ja! Natürlich Kräutertopf Basilikum,Österreich,2.49,"pp-veget,pp-vegan,pp-bio,homecountry","Glutenfrei - Spezifiziert als geeignet für eine glutenfreie Diät, Vegetarisch - Ohne Fleisch, Fisch oder andere tierische Produkte, Vegan - Ohne Milchprodukte und tierische Inhaltsstoffe",1stk,Stück,0.45,,2.49,https://images.cdn.europe-west1.gcp.commercetools.com/723b2575-66c7-4d92-ae49-82bf1d168d26/00-414059-0160166572-UaD_z0-d.jpg,,"Ja! Natürlich Naturprodukte Gesellschaft m.b.H., Postfach 2000, A-2355 Wr. Neudorf",+43 2236 600 6950,"Postfach 2000, A-2355 Wr. Neudorf",info@janatuerlich.at,,Obst & Gemüse > Kräuter,https://shop.billa.at/produkte/ja-natuerlich-kraeutertopf-basilikum-00414059,"Basilikum ist vielseitig verwendbar - ob fur Salate, Tomatengerichte, Pasta, Pesto, Pizzen oder Krauterole! Man sollte ihn unbedingt erst den fertigen Speisen zufugen, sonst geht das frische Aroma verloren. Die Ja! Naturlich Bio-Krauter kommen ganzjahrig vom Gemusebauern Erwin Binder aus der Nationalpark-Region Neusiedlersee-Seewinkel.",Stk,Billa
00-755984,Kräuter,Billa immer gut,BILLA Koriander,,2.66,"pp-veget,pp-vegan,pp-glutenfr","Glutenfrei - Spezifiziert als geeignet für eine glutenfreie Diät, Vegetarisch - Ohne Fleisch, Fisch oder andere tierische Produkte, Vegan - Ohne Milchprodukte und tierische Inhaltsstoffe",25g,Tasse,0.029,,2.66,https://images.cdn.europe-west1.gcp.commercetools.com/723b2575-66c7-4d92-ae49-82bf1d168d26/00-755984-0110093275-ovR5Y1Lw.jpg,,"BILLA AG, Billa AG, IZ NÖ Süd, Straße 3, Objekt 16, 2355 Wr. Neudorf",0800 828 700,"Billa AG, IZ NÖ Süd, Straße 3, Objekt 16, 2355 Wr. Neudorf",kundenservice@billa.at,,Obst & Gemüse > Kräuter,https://shop.billa.at/produkte/billa-koriander-00755984,"Der BILLA immer gut Koriander wird frisch per Hand geerntet und in der wiederverschließbaren Schale verpackt. Passt gut in orientalische Currys, zu Fisch und Meeresfrüchten oder auf mexikanischen Tacos.",kg,Billa
00-432843,Kräuter,Ja! Natürlich,Ja! Natürlich Petersilie im Topf,Österreich,2.37,"pp-veget,pp-vegan,pp-bio,homecountry","Glutenfrei - Spezifiziert als geeignet für eine glutenfreie Diät, Vegetarisch - Ohne Fleisch, Fisch oder andere tierische Produkte, Vegan - Ohne Milchprodukte und tierische Inhaltsstoffe",1stk,Stück,0.45,,2.37,https://images.cdn.europe-west1.gcp.commercetools.com/723b2575-66c7-4d92-ae49-82bf1d168d26/00-432843-368798351-ZsbWB5PZ.jpg,,"Ja! Natürlich Naturprodukte Gesellschaft m.b.H., Postfach 2000, A-2355 Wr. Neudorf",+43 2236 600 6950,"Postfach 2000, A-2355 Wr. Neudorf",info@janatuerlich.at,,Obst & Gemüse > Kräuter,https://shop.billa.at/produkte/ja-natuerlich-petersilie-im-topf-00432843,"Die Ja! Natürlich Bio-Petersilie wird im burgenländischen Seewinkel vom langjährigen Bio-Betrieb Binder angebaut. Petersilie wird nach dem Garen in Gemüse- oder Fleischspeisen und Suppen hinzugegeben. Das Kraut verleiht den würzigen Pepp auch in Kräutersuppen, -saucen oder Eintöpfen.",Stk,Billa
00-432827,Kräuter,Ja! Natürlich,Ja! Natürlich Bio Schnittlauch im Topf,Österreich,2.37,"pp-veget,pp-vegan,pp-bio,homecountry","Glutenfrei - Spezifiziert als geeignet für eine glutenfreie Diät, Vegetarisch - Ohne Fleisch, Fisch oder andere tierische Produkte, Vegan - Ohne Milchprodukte und tierische Inhaltsstoffe",1stk,Stück,0.45,,2.37,https://images.cdn.europe-west1.gcp.commercetools.com/723b2575-66c7-4d92-ae49-82bf1d168d26/00-432827-1696736810-Gt6HBWcv.jpg,,"Ja! Natürlich Naturprodukte Gesellschaft m.b.H., Postfach 2000, A-2355 Wr. Neudorf",+43 2236 600 6950,"Postfach 2000, A-2355 Wr. Neudorf",info@janatuerlich.at,,Obst & Gemüse > Kräuter,https://shop.billa.at/produkte/ja-natuerlich-bio-schnittlauch-im-topf-00432827,Der Ja! Natürlich Bio-Schnittlauch zählt zu den beliebtesten österreichischen Küchenkräutern und überzeugt mit seinem mild-feinen Lauchgeschmack. Die Ja! Natürlich Bio-Kräuter werden im burgenländischen Seewinkel vom langjährigen Bio-Partnerbetrieb Binder angebaut.,Stk,Billa
00-961723,Kräuter,Da komm ich her!,Da komm ich her! Dille,Österreich,1.51,"pp-veget,homecountry",,30g,Stück,0.034,,1.51,https://images.cdn.europe-west1.gcp.commercetools.com/723b2575-66c7-4d92-ae49-82bf1d168d26/00-961723-134251941-9o4aFBLd.jpg,"Energie: 55.0 kcal, Energie: 232.0 kJ, Fett: 0.8 g, davon gesättigte Fettsäuren: 0.147 g, Kohlenhydrate: 8.0 g, davon Zucker: 1.52 g, Eiweiß: 3.7 g, Salz: 0.068 g","Billa AG, Postfach 2000, 2355 Wiener Neudorf",,"Postfach 2000, 2355 Wiener Neudorf",,,Obst & Gemüse > Kräuter,https://shop.billa.at/produkte/da-komm-ich-her-dille-00961723,ausgelistet,kg,Billa
00-502292,Kräuter,Ja! Natürlich,Ja! Natürlich Bio Minze im Topf,Österreich,2.49,"pp-veget,pp-vegan,pp-bio,homecountry","Glutenfrei - Spezifiziert als geeignet für eine glutenfreie Diät, Vegetarisch - Ohne Fleisch, Fisch oder andere tierische Produkte, Vegan - Ohne Milchprodukte und tierische Inhaltsstoffe",1stk,Stück,0.45,,2.49,https://images.cdn.europe-west1.gcp.commercetools.com/723b2575-66c7-4d92-ae49-82bf1d168d26/00-502292-0112599798-qz7LvX8u.jpg,,"Ja! Natürlich Naturprodukte Gesellschaft m.b.H., Postfach 2000, A-2355 Wr. Neudorf",+43 2236 600 6950,"Postfach 2000, A-2355 Wr. Neudorf",info@janatuerlich.at,,Obst & Gemüse > Kräuter,https://shop.billa.at/produkte/ja-natuerlich-bio-minze-im-topf-00502292,"Die Ja! Natürlich Bio-Minze kommt aus dem Burgenland und eignet sich für erfrischende Wassergetränke mit Zitrone und Gurke, aber auch für Cocktails oder Tees. Pfefferminze wird auch für Suppen, Pesto und Salate verwendet.",Stk,Billa
00-755980,Kräuter,Billa immer gut,BILLA Basilikum,,2.79,"pp-veget,pp-vegan","Glutenfrei - Spezifiziert als geeignet für eine glutenfreie Diät, Vegetarisch - Ohne Fleisch, Fisch oder andere tierische Produkte, Vegan - Ohne Milchprodukte und tierische Inhaltsstoffe",25g,Tasse,0.029,,2.79,https://images.cdn.europe-west1.gcp.commercetools.com/723b2575-66c7-4d92-ae49-82bf1d168d26/00-755980-136741685-XSItvn6k.jpg,,"BILLA AG, Billa AG, IZ NÖ Süd, Straße 3, Objekt 16, 2355 Wr. Neudorf",0800 828 700,"Billa AG, IZ NÖ Süd, Straße 3, Objekt 16, 2355 Wr. Neudorf",kundenservice@billa.at,,Obst & Gemüse > Kräuter,https://shop.billa.at/produkte/billa-basilikum-00755980,"Der BILLA immer gut Basilikum wird frisch per Hand geerntet und in die wiederverschließbare Schale verpackt. Passt gut zu Tomatengerichten, Salaten, Pasta & Pizza.",kg,Billa
00-755987,Kräuter,Billa immer gut,BILLA Rosmarin,,2.79,"pp-veget,pp-vegan,pp-glutenfr","Glutenfrei - Spezifiziert als geeignet für eine glutenfreie Diät, Vegetarisch - Ohne Fleisch, Fisch oder andere tierische Produkte, Vegan - Ohne Milchprodukte und tierische Inhaltsstoffe",25g,Tasse,0.029,,2.79,https://images.cdn.europe-west1.gcp.commercetools.com/723b2575-66c7-4d92-ae49-82bf1d168d26/00-755987-0207061653-YAoCsKMi.jpg,,"BILLA AG, Billa AG, IZ NÖ Süd, Straße 3, Objekt 16, 2355 Wr. Neudorf",0800 828 700,"Billa AG, IZ NÖ Süd, Straße 3, Objekt 16, 2355 Wr. Neudorf",kundenservice@billa.at,,Obst & Gemüse > Kräuter,https://shop.billa.at/produkte/billa-rosmarin-00755987,"Der BILLA immer gut Rosmarin wird frisch per Hand geerntet und in der wiederverschließbaren Schale verpackt. Passt gut zu Erdäpfeln, Ratatouille und rotem Fleisch.",kg,Billa
00-755990,Kräuter,Billa immer gut,BILLA Thymian,,2.79,"pp-veget,pp-vegan","Glutenfrei - Spezifiziert als geeignet für eine glutenfreie Diät, Vegetarisch - Ohne Fleisch, Fisch oder andere tierische Produkte, Vegan - Ohne Milchprodukte und tierische Inhaltsstoffe",25g,Tasse,0.029,,2.79,https://images.cdn.europe-west1.gcp.commercetools.com/723b2575-66c7-4d92-ae49-82bf1d168d26/00-755990-868863110-0kG7Kc5F.jpg,,"BILLA AG, Billa AG, IZ NÖ Süd, Straße 3, Objekt 16, 2355 Wr. Neudorf",0800 828 700,"Billa AG, IZ NÖ Süd, Straße 3, Objekt 16, 2355 Wr. Neudorf",kundenservice@billa.at,,Obst & Gemüse > Kräuter,https://shop.billa.at/produkte/billa-thymian-00755990,"Der BILLA immer gut Thymian wird frisch per Hand geerntet und in die wiederverschließbare Schale verpackt. Passt gut zu Fleisch, Saucen und Eintöpfen.",kg,Billa
00-755988,Kräuter,Billa immer gut,BILLA Salbei,,2.79,"pp-veget,pp-vegan,pp-glutenfr","Glutenfrei - Spezifiziert als geeignet für eine glutenfreie Diät, Vegetarisch - Ohne Fleisch, Fisch oder andere tierische Produkte, Vegan - Ohne Milchprodukte und tierische Inhaltsstoffe",25g,Tasse,0.029,,2.79,https://images.cdn.europe-west1.gcp.commercetools.com/723b2575-66c7-4d92-ae49-82bf1d168d26/00-755988-1081191006-4wgsGvp4.jpg,,"BILLA AG, Billa AG, IZ NÖ Süd, Straße 3, Objekt 16, 2355 Wr. Neudorf",0800 828 700,"Billa AG, IZ NÖ Süd, Straße 3, Objekt 16, 2355 Wr. Neudorf",kundenservice@billa.at,,Obst & Gemüse > Kräuter,https://shop.billa.at/produkte/billa-salbei-00755988,Der BILLA immer gut Salbei wird per Hand frisch geerntet und in der wiederverschließbaren Schale verpackt. Passt gut mit Butter zur Pasta und Gnocchi oder im Tee.,kg,Billa
00-755986,Kräuter,Billa immer gut,BILLA Liebstöckel,,2.66,"pp-veget,pp-vegan","Glutenfrei - Spezifiziert als geeignet für eine glutenfreie Diät, Vegetarisch - Ohne Fleisch, Fisch oder andere tierische Produkte, Vegan - Ohne Milchprodukte und tierische Inhaltsstoffe",25g,Tasse,0.029,,2.66,https://images.cdn.europe-west1.gcp.commercetools.com/723b2575-66c7-4d92-ae49-82bf1d168d26/00-755986-2000539483-ozwfxROw.jpg,,"BILLA AG, Billa AG, IZ NÖ Süd, Straße 3, Objekt 16, 2355 Wr. Neudorf",0800 828 700,"Billa AG, IZ NÖ Süd, Straße 3, Objekt 16, 2355 Wr. Neudorf",kundenservice@billa.at,,Obst & Gemüse > Kräuter,https://shop.billa.at/produkte/billa-liebstoeckel-00755986,"Das BILLA immer gut Liebstöckel wird frisch per Hand geerntet und in der wiederverschließbaren Schale verpackt. Ideal zum Verfeinern von Suppen, Eintöpfen und Pilzgerichten.",kg,Billa
00-755989,Kräuter,Billa immer gut,BILLA Oregano,,2.79,"pp-veget,pp-vegan","Glutenfrei - Spezifiziert als geeignet für eine glutenfreie Diät, Vegetarisch - Ohne Fleisch, Fisch oder andere tierische Produkte, Vegan - Ohne Milchprodukte und tierische Inhaltsstoffe",25g,Tasse,0.029,,2.79,https://images.cdn.europe-west1.gcp.commercetools.com/723b2575-66c7-4d92-ae49-82bf1d168d26/00-755989-0169489394-mBFd2FyX.jpg,,"BILLA AG, Billa AG, IZ NÖ Süd, Straße 3, Objekt 16, 2355 Wr. Neudorf",0800 828 700,"Billa AG, IZ NÖ Süd, Straße 3, Objekt 16, 2355 Wr. Neudorf",kundenservice@billa.at,,Obst & Gemüse > Kräuter,https://shop.billa.at/produkte/billa-oregano-00755989,"Der BILLA immer gut Oregano wird frisch per Hand geerntet und in der wiederverschließbaren Schale verpackt. Passt gut in die mediterrane Küche, zu Fisch und Fleisch.",kg,Billa
00-755991,Kräuter,Billa immer gut,BILLA Pfefferminze,,2.79,"pp-veget,pp-vegan","Glutenfrei - Spezifiziert als geeignet für eine glutenfreie Diät, Vegetarisch - Ohne Fleisch, Fisch oder andere tierische Produkte, Vegan - Ohne Milchprodukte und tierische Inhaltsstoffe",25g,Tasse,0.029,,2.79,https://images.cdn.europe-west1.gcp.commercetools.com/723b2575-66c7-4d92-ae49-82bf1d168d26/00-755991-0446855752-RHg6_gQ0.jpg,,"BILLA AG, Billa AG, IZ NÖ Süd, Straße 3, Objekt 16, 2355 Wr. Neudorf",0800 828 700,"Billa AG, IZ NÖ Süd, Straße 3, Objekt 16, 2355 Wr. Neudorf",kundenservice@billa.at,,Obst & Gemüse > Kräuter,https://shop.billa.at/produkte/billa-pfefferminze-00755991,Die BILLA immer gut Pfefferminze wird frisch per Hand geerntet und in einer wiederverschließbaren Schale verpackt. Passt gut in wohltuende Tees.,kg,Billa
00-301221,Kräuter,,Petersilie Bund Glatt,"Marokko, Spanien, Italien",2.37,pp-vegan,,200g,Bund,0.215,,2.37,https://images.cdn.europe-west1.gcp.commercetools.com/723b2575-66c7-4d92-ae49-82bf1d168d26/00-301221-0275209113-Tjb8UfnZ.jpg,"Energie: 53.0 kcal, Energie: 220.0 kJ, Fett: 0.4 g, davon gesättigte Fettsäuren: 0.051 g, Kohlenhydrate: 7.38 g, davon Zucker: 0.0 g, Eiweiß: 4.43 g, Salz: 0.083 g",,,,,,Obst & Gemüse > Kräuter,https://shop.billa.at/produkte/petersilie-bund-glatt-00301221,,kg,Billa
00-410116,Pilze,Ja! Natürlich,Ja! Natürlich Champignon,Österreich,2.85,"pp-veget,pp-bio,homecountry","Glutenfrei - Spezifiziert als geeignet für eine glutenfreie Diät, Vegetarisch - Ohne Fleisch, Fisch oder andere tierische Produkte, Vegan - Ohne Milchprodukte und tierische Inhaltsstoffe",200g,Packung,0.22,,14.25,https://images.cdn.europe-west1.gcp.commercetools.com/723b2575-66c7-4d92-ae49-82bf1d168d26/00-410116-1012722855-hx4FNigk.jpg,,"Ja! Natürlich Naturprodukte Gesellschaft m.b.H., Postfach 2000, A-2355 Wr. Neudorf",+43 2236 600 6950,"Postfach 2000, A-2355 Wr. Neudorf",info@janatuerlich.at,,Obst & Gemüse > Pilze,https://shop.billa.at/produkte/ja-natuerlich-champignon-00410116,"Die Bio-Champignons von Ja! Naturlich werden mit viel Liebe und Handarbeit in Tirol kultiviert. Sie wachsen das ganze Jahr uber in geschutzten Gewachshausern auf hochwertigem Nahrboden. Bodenschonend in vertikalen Beeten angebaut, werden die Bio-Pilze taglich frisch per Hand geerntet und sofort verpackt. Die unverwechselbaren Qualitatsmerkmale der Bio-Champignons entstehen durch optimales Klima, klare Bergluft und frisches Tiroler Quellwasser.",kg,Billa
00-411185,Pilze,Ja! Natürlich,Ja! Natürlich Kräuterseitlinge,Österreich,3.32,"pp-veget,pp-lakto,pp-vegan,pp-glutenfr,pp-bio,homecountry","Glutenfrei - Spezifiziert als geeignet für eine glutenfreie Diät, Vegetarisch - Ohne Fleisch, Fisch oder andere tierische Produkte, Vegan - Ohne Milchprodukte und tierische Inhaltsstoffe",150g,Tasse,0.155,,22.13,https://images.cdn.europe-west1.gcp.commercetools.com/723b2575-66c7-4d92-ae49-82bf1d168d26/00-411185-0551115576-exD9qpoW.jpg,,"Ja! Natürlich Naturprodukte Gesellschaft m.b.H., Postfach 2000, A-2355 Wr. Neudorf",+43 2236 600 6950,"Postfach 2000, A-2355 Wr. Neudorf",info@janatuerlich.at,,Obst & Gemüse > Pilze,https://shop.billa.at/produkte/ja-natuerlich-kraeuterseitlinge-00411185,"Ja! Natürlich Bio-Kräuterseitlinge haben eine feste Konsistenz und müssen nicht gehäutet oder gewaschen werden. Oftmals werden sie als Fleischersatz verwendet. Kräuterseitlinge werden vielfältig zubereitet z.B. roh in Salaten, gebacken als 'Schnitzel' oder in dicke Scheiben geschnitten zum Grillen.",kg,Billa
00-565920,Pilze,Erzberg,Erzberg Bio Kräuterseitlinge,Österreich,3.61,"pp-veget,pp-vegan,pp-bio,homecountry",,180g,Tasse,0.19,,20.06,"https://images.cdn.europe-west1.gcp.commercetools.com/723b2575-66c7-4d92-ae49-82bf1d168d26/00-565920-554547486-cc9L2jXP.jpg, https://images.cdn.europe-west1.gcp.commercetools.com/723b2575-66c7-4d92-ae49-82bf1d168d26/00-565920-402716365-9nqKKUHM.jpg",,,,,,,Obst & Gemüse > Pilze,https://shop.billa.at/produkte/erzberg-bio-kraeuterseitlinge-00565920,"Ein heimischer Genuss, nach höchsten Standards produziert. Besonders knackig und gschmackig. Der Erzberg-Stollen bietet optimale Voraussetzungen für unsere Kräuterseitlinge:, natürlich geschützter Anbau, reinste Bergluft und Quellwasser vom Berg, mineralhaltige Umgebung, energieschonendes Wachstum",kg,Billa
00-410667,Pilze,Ja! Natürlich,Ja! Natürlich Bio Austernpilze,Österreich,3.8,"pp-vegan,pp-bio,homecountry",,200g,Becher,0.21,,19.0,https://images.cdn.europe-west1.gcp.commercetools.com/723b2575-66c7-4d92-ae49-82bf1d168d26/00-410667-1781056228-Map5Xa05.jpg,,,,,,,Obst & Gemüse > Pilze,https://shop.billa.at/produkte/ja-natuerlich-bio-austernpilze-00410667,"Die Ja! Natürlich Austernpilze werden in der Traube geerntet und sind dadurch länger haltbar. Ihr Geschmack ist mild-nussig, sie eigenen sich perfekt zum Braten, Marinieren und Grillen und sind ein beliebter Fleischersatz. Gemäß EU-Bio-Verordnung ohne Einsatz von chemisch-synthetischen Spritzmitteln und garantiert gentechnikfrei kommen sie ganzjährig aus Österreich. Aus österreichischer Bio-Landwirtschaft, Mild-nussiger umami Geschmack, Perfekt zum Braten, Marinieren und Grillen, Ohne Einsatz von chemisch-synthetischen Spritzmitteln*, Garantiert gentechnikfrei* Die Ja! Natürlich Austernpilze werden in der Traube geerntet und sind dadurch länger haltbar. Ihr Geschmack ist mild-nussig, sie eigenen sich perfekt zum Braten, Marinieren und Grillen und sind ein beliebter Fleischersatz. Gemäß EU-Bio-Verordnung ohne Einsatz von chemisch-synthetischen Spritzmitteln und garantiert gentechnikfrei kommen sie ganzjährig aus Österreich. Aus österreichischer Bio-Landwirtschaft, Mild-nussiger umami Geschmack, Perfekt zum Braten, Marinieren und Grillen, Ohne Einsatz von chemisch-synthetischen Spritzmitteln*, Garantiert gentechnikfrei* *gemäß EU-Bio-Verordnung",kg,Billa
00-88020,Trockenfrüchte & Nüsse,Ja! Natürlich,Ja! Natürlich Erdnüsse,Ägypten,1.49,"pp-veget,pp-vegan,pp-bio","Glutenfrei - Spezifiziert als geeignet für eine glutenfreie Diät, Vegetarisch - Ohne Fleisch, Fisch oder andere tierische Produkte, Vegan - Ohne Milchprodukte und tierische Inhaltsstoffe",150g,Beutel,0.155,"ERDNÜSSE MIT SCHALE* 100%.

*aus biologischer Landwirtschaft",9.93,https://images.cdn.europe-west1.gcp.commercetools.com/723b2575-66c7-4d92-ae49-82bf1d168d26/00-88020-0467735461-Ri-v63fl.jpg,"Energie: 612.0 kcal, Energie: 2535.0 kJ, Fett: 50.0 g, davon gesättigte Fettsäuren: 6.9 g, Kohlenhydrate: 14.0 g, davon Zucker: 4.2 g, Eiweiß: 24.0 g, Salz: 0.02 g","Ja! Natürlich Naturprodukte Gesellschaft m.b.H., Postfach 2000, A-2355 Wr. Neudorf",+43 2236 600 6950,"Postfach 2000, A-2355 Wr. Neudorf",info@janatuerlich.at,,Obst & Gemüse > Trockenfrüchte & Nüsse,https://shop.billa.at/produkte/ja-natuerlich-erdnuesse-0088020,"Die Erdnüsse von Ja! Natürlich stammen aus den besten Anbaugebieten Ägyptens wo sie von ausgesuchten Bio-Bauern nach den strengen Richtlinien der biologischen Landwirtschaft angebaut werden. Die knackig in der Schale gerösteten Erdnüsse eignen sich ideal zum Knabbern zwischendurch, konnen aber auch in der asiatischen Küche als kostliche Zutat verwendet werden.",kg,Billa
00-89501,Trockenfrüchte & Nüsse,Ja! Natürlich,Ja! Natürlich Medjoul Datteln,Israel,3.99,"pp-veget,pp-vegan,pp-bio","Glutenfrei - Spezifiziert als geeignet für eine glutenfreie Diät, Vegetarisch - Ohne Fleisch, Fisch oder andere tierische Produkte, Vegan - Ohne Milchprodukte und tierische Inhaltsstoffe",200g,Packung,0.216,"Datteln Medjoul Getrocknet* 100%.

*aus biologischer Landwirtschaft",19.95,https://images.cdn.europe-west1.gcp.commercetools.com/723b2575-66c7-4d92-ae49-82bf1d168d26/00-89501-01557330607-0Mgg7E-S.jpg,"Energie: 290.0 kcal, Energie: 1227.0 kJ, Fett: 0.5 g, davon gesättigte Fettsäuren: 0.0 g, Kohlenhydrate: 65.0 g, davon Zucker: 64.0 g, Eiweiß: 1.9 g, Salz: 0.09 g","Ja! Natürlich Naturprodukte Gesellschaft m.b.H., Postfach 2000, A-2355 Wr. Neudorf",+43 2236 600 6950,"Postfach 2000, A-2355 Wr. Neudorf",info@janatuerlich.at,,Obst & Gemüse > Trockenfrüchte & Nüsse,https://shop.billa.at/produkte/ja-natuerlich-medjoul-datteln-0089501,"Genießen wie ein Konig: Die Medjoul Datteln von Ja! Natürlich versprechen sowohl als Rohkost als auch in zahlreichen Kochrezepten einen furstlichen Hochgenuss. extragroße Früchte, getrocknet, echte Bio-Qualität",kg,Billa
00-483128,Trockenfrüchte & Nüsse,BILLA Bio,BILLA Bio Walnusskerne,,3.49,"pp-vegan,pp-bio","Glutenfrei - Spezifiziert als geeignet für eine glutenfreie Diät, Vegetarisch - Ohne Fleisch, Fisch oder andere tierische Produkte, Vegan - Ohne Milchprodukte und tierische Inhaltsstoffe",150g,Beutel,0.16,"Bio-WALNÜSSE* 100%.

*aus kontrolliert biologischer Landwirtschaft",23.27,https://images.cdn.europe-west1.gcp.commercetools.com/723b2575-66c7-4d92-ae49-82bf1d168d26/00-483128-1589606341-crxhu43g.jpg,"Energie: 685.0 kcal, Energie: 2831.0 kJ, Fett: 63.0 g, davon gesättigte Fettsäuren: 6.8 g, davon einfach ungesättigte Fettsäuren: 11.0 g, davon mehrfach ungesättigte Fettsäuren: 42.0 g, Kohlenhydrate: 11.0 g, davon Zucker: 7.0 g, davon mehrwertige Alkohole: 0.0 g, Eiweiß: 17.0 g, Salz: 0.01 g","Billa AG, IZ NÖ Süd, Straße 3, Objekt 16, 2355 Wr. Neudorf",0800 828 700,"IZ NÖ Süd, Straße 3, Objekt 16, 2355 Wr. Neudorf",kundenservice@billa.at,,Obst & Gemüse > Trockenfrüchte & Nüsse,https://shop.billa.at/produkte/billa-bio-walnusskerne-00483128,"Was diese Bio-Walnüsse mit einem Wal zu tun haben? Wahrscheinlich nichts. Umso mehr aber mit Snacken, Backen und Genießen. Da bleibt dem Feinschmecker keine Wahl. Von Natur aus reich an einfach ungesättigten Fettsäuren. Unterwegs ein Snack? Check!, Das hört man Kern: Frei von chemisch-synthetischen Pflanzenschutzmitteln gemäß EU-Bio-Verordnung. Salate, Käseplatten, Müsli - eine Nuss, so viele Möglichkeiten!",kg,Billa
00-336636,Trockenfrüchte & Nüsse,Billa immer gut,BILLA Pinienkerne,Volksrepublik China,3.49,"pp-veget,pp-vegan","Glutenfrei - Spezifiziert als geeignet für eine glutenfreie Diät, Vegetarisch - Ohne Fleisch, Fisch oder andere tierische Produkte, Vegan - Ohne Milchprodukte und tierische Inhaltsstoffe",100g,Beutel,0.102,,34.9,https://images.cdn.europe-west1.gcp.commercetools.com/723b2575-66c7-4d92-ae49-82bf1d168d26/00-336636-0499664248-KzUAMM3e.jpg,"Energie: 702.0 kcal, Energie: 2902.0 kJ, Fett: 64.0 g, davon gesättigte Fettsäuren: 6.6 g, Kohlenhydrate: 11.0 g, davon Zucker: 4.4 g, Eiweiß: 18.0 g, Salz: 0.03 g","BILLA AG, Billa AG, IZ NÖ Süd, Straße 3, Objekt 16, 2355 Wr. Neudorf",0800 828 700,"Billa AG, IZ NÖ Süd, Straße 3, Objekt 16, 2355 Wr. Neudorf",kundenservice@billa.at,,Obst & Gemüse > Trockenfrüchte & Nüsse,https://shop.billa.at/produkte/billa-pinienkerne-00336636,"Die BILLA immer gut Pinienkerne schmecken süß und mandelartig. Sie passen gut in Fruchtsalate und Kuchen. Aber auch in warmen Reisgerichten entfalten sie hervorragend ihr Aroma, da so ihr feinharziger und nussiger Geschmack noch besser zur Geltung kommt. süß und mandelartig, feinharzig und nussig",kg,Billa
00-664915,Trockenfrüchte & Nüsse,Ja! Natürlich,Ja! Natürlich Marillen,,5.79,"pp-veget,pp-vegan,pp-bio",,200g,Packung,0.205,Bio-Marillen Getrocknet und Entsteint,28.95,https://images.cdn.europe-west1.gcp.commercetools.com/723b2575-66c7-4d92-ae49-82bf1d168d26/00-664915-0191852732-Ft1vWVx6.jpg,"Energie: 255.0 kcal, Energie: 1076.0 kJ, Fett: 0.5 g, davon gesättigte Fettsäuren: 0.1 g, davon einfach ungesättigte Fettsäuren: 0.2 g, davon mehrfach ungesättigte Fettsäuren: 0.2 g, Kohlenhydrate: 48.0 g, davon Zucker: 48.0 g, Ballaststoffe: 18.0 g, Eiweiß: 5.0 g, Salz: 0.03 g, Organische Säuren: 1.3 g","Ja! Natürlich Naturprodukte Gesellschaft m.b.H., Postfach 2000, A-2355 Wr. Neudorf",+43 2236 600 6950,"Postfach 2000, A-2355 Wr. Neudorf",info@janatuerlich.at,,Obst & Gemüse > Trockenfrüchte & Nüsse,https://shop.billa.at/produkte/ja-natuerlich-marillen-00664915,"Ja! Naturlich Marillen werden besonders schonend getrocknet. So bleibt der süße, fruchtige Geschmack der Ja! Naturlich Marillen zur Ganze erhalten. Durch den Trocknungsvorgang wird den Marillen Wasser entzogen. Dies bewirkt nicht nur eine langere Haltbarkeit sondern vor allem eine hohere Konzentration an Ballaststoffen, Vitaminen und Mineralstoffen als in Frischobst. Das regt die Verdauung an und fordert das Wohlbefinden.Die Ja! Natürlich Marillen schmecken pur genossen und sind ein idealer Energiespender fur Zwischendurch. Sie eignen sich aber auch zum Verfeinern von Müslis, Joghurt, Mehl- und Süßspeisen.Unsere Bio-Marillen sind im Gegensatz zu konventionellen Marillen nicht geschwefelt, weswegen sie eine dunkle Farbe haben. Zusätzlich hängt die Färbung der getrockneten Marille noch von der Größe ab. Kleinere Marillen mit weniger Fruchtfleisch liegen genauso lange nach der Ernte in der Sonne zum Trocknen wie große. So kann bei den kleineren eine dünklere Farbe entstehen. Da es sich hierbei um ein Naturprodukt handelt, kann es zu diesen natürlichen Schwankungen kommen.",kg,Billa
00-506702,Trockenfrüchte & Nüsse,BILLA Bio,BILLA Bio Rosinen,Südafrika,4.99,"pp-veget,pp-vegan,pp-bio",,500g,Beutel,0.5,"Bio-Rosinen 99.5%, Bio-Sonnenblumenöl .5%",9.98,https://images.cdn.europe-west1.gcp.commercetools.com/723b2575-66c7-4d92-ae49-82bf1d168d26/00-506702-0207719987-acaEN9pg.jpg,"Energie: 1262.0 kJ, Energie: 298.0 kcal, Fett: 0.6 g, davon gesättigte Fettsäuren: 0.2 g, Kohlenhydrate: 68.0 g, davon Zucker: 67.0 g, Ballaststoffe: 5.2 g, Eiweiß: 2.5 g, Salz: 0.05 g",,,,,,Obst & Gemüse > Trockenfrüchte & Nüsse,https://shop.billa.at/produkte/billa-bio-rosinen-00506702,"Wer sich die besten Bio-Rosinen aus dem Regal picken will ist hier richtig. Unsere kleinen Früchtchen haben ihr Aroma ins Trockene gebracht und versüßen damit gerne das Leben. Schon genusst? Gentechnikfrei und ungeschwefelt, Frei von chemisch-synthetischen Pflanzenschutzmitteln - pure Bio-Freude!, Bringen orientalische Süße in den Couscous, Sinken die Rosinen im Teig ab? Einfach mit ein bisschen Mehl bestreuen!",kg,Billa
00-492004,Trockenfrüchte & Nüsse,BILLA Bio,BILLA Bio Haselnusskerne Ganz,Türkei,4.99,"pp-veget,pp-vegan,pp-bio","Glutenfrei - Spezifiziert als geeignet für eine glutenfreie Diät, Vegetarisch - Ohne Fleisch, Fisch oder andere tierische Produkte, Vegan - Ohne Milchprodukte und tierische Inhaltsstoffe",200g,Beutel,0.203,"Bio - HASELNUSSKERNE 

",24.95,https://images.cdn.europe-west1.gcp.commercetools.com/723b2575-66c7-4d92-ae49-82bf1d168d26/00-492004-0117139419-n-R41qeC.jpg,"Energie: 670.0 kcal, Energie: 2768.0 kJ, Fett: 58.0 g, davon gesättigte Fettsäuren: 4.5 g, davon einfach ungesättigte Fettsäuren: 46.0 g, davon mehrfach ungesättigte Fettsäuren: 7.9 g, Kohlenhydrate: 17.0 g, davon Zucker: 4.3 g, Eiweiß: 15.0 g, Salz: 0.0 g","Billa AG, IZ NÖ Süd, Straße 3, Objekt 16, 2355 Wr. Neudorf",0800 828 700,"IZ NÖ Süd, Straße 3, Objekt 16, 2355 Wr. Neudorf",kundenservice@billa.at,,Rein Pflanzlich > Vorratsschrank > Rund ums Backen,https://shop.billa.at/produkte/billa-bio-haselnusskerne-ganz-00492004,"Millionen von Hamstern können nicht irren: Bio-Haselnüsse sind einfach köstlich! Zum Snacken und Backen gleichermaßen geeignet. Und dank mehrfach ungesättigter Fettsäuren ein echter Fitmacher. Reich an mehrfach ungesättigten Fettsäuren, Eine Handvoll am Tag? Mit Handkuss! Sagt die ausgewogene Ernährung, Auch bei pikanten Gerichten bekannt, Das hört man Kern: Frei von chemisch-synthetischen Pflanzenschutzmitteln, Schon genusst? Gentechnikfrei, Unterwegs ein Snack? Check!",kg,Billa
00-356524,Trockenfrüchte & Nüsse,Billa immer gut,BILLA Mango getrocknet,Ghana,2.29,"pp-veget,pp-vegan","Glutenfrei - Spezifiziert als geeignet für eine glutenfreie Diät, Vegetarisch - Ohne Fleisch, Fisch oder andere tierische Produkte, Vegan - Ohne Milchprodukte und tierische Inhaltsstoffe",90g,Packung,0.097,"Zutaten: Mango, Konservierungsstoff: SCHWEFELDIOXID.",25.44,https://images.cdn.europe-west1.gcp.commercetools.com/723b2575-66c7-4d92-ae49-82bf1d168d26/00-356524-0169495675-a4wodbir.jpg,"Energie: 299.0 kcal, Energie: 1267.0 kJ, Fett: 1.2 g, davon gesättigte Fettsäuren: 0.4 g, Kohlenhydrate: 66.0 g, davon Zucker: 61.0 g, Eiweiß: 2.6 g, Salz: 0.22 g","BILLA AG, Billa AG, IZ NÖ Süd, Straße 3, Objekt 16, 2355 Wr. Neudorf",0800 828 700,"Billa AG, IZ NÖ Süd, Straße 3, Objekt 16, 2355 Wr. Neudorf",kundenservice@billa.at,,Obst & Gemüse > Trockenfrüchte & Nüsse,https://shop.billa.at/produkte/billa-mango-getrocknet-00356524,"100% getrocknete Frucht ohne Zuckerzusatz: Intensiv fruchtig und süß im Geschmack eignen sich die getrockneten Mangos von BILLA hervorragend als exotisches Topping für Salat, Müsli oder Porridge oder als vitaminreicher Snack zwischendurch!",kg,Billa
00-418036,Trockenfrüchte & Nüsse,Seeberger,Seeberger Walnusskerne Extra,,5.49,"pp-veget,pp-vegan,pp-glutenfr",,150g,Beutel,0.15,,36.6,https://images.cdn.europe-west1.gcp.commercetools.com/723b2575-66c7-4d92-ae49-82bf1d168d26/00-418036-1355534520-OMil0HW9.jpg,"Energie: 717.0 kcal, Energie: 2957.0 kJ, Fett: 69.0 g, davon gesättigte Fettsäuren: 6.4 g, Kohlenhydrate: 6.0 g, davon Zucker: 2.6 g, Eiweiß: 16.0 g, Salz: 0.01 g, Vitamin E: 25.0 mg, Omega-3-Fettsäuren: 9.8 g","Seeberger GmbH, D-89025 Ulm, Deutschland",,"D-89025 Ulm, Deutschland",,,Vorratsschrank > Süßes & Salziges > Trockenfrüchte,https://shop.billa.at/produkte/seeberger-walnusskerne-extra-00418036,"Leicht süßlich und wunderbar aromatisch: Die Walnusskerne Extra von Seeberger sind köstlich als Snack und eine beliebte Zutat fürs Kochen und Backen. essfertige Walnusskerne, enthalten Vitamin E und Omega-3-Fettsäuren",kg,Billa
00-317495,Trockenfrüchte & Nüsse,Alnatura,Alnatura Feigen,Deutschland,5.49,"pp-veget,pp-vegan,pp-bio",,250g,Beutel,0.254,"Zutaten: Feigen* *aus biologischer Landwirtschaft. Kann Spuren von Erdnuss, Mandel und Nüssen enthalten.",21.96,https://images.cdn.europe-west1.gcp.commercetools.com/723b2575-66c7-4d92-ae49-82bf1d168d26/00-317495-230373786-skuE-qSx.jpg,"Energie: 275.0 kcal, Energie: 1161.0 kJ, Fett: 1.3 g, davon gesättigte Fettsäuren: 0.2 g, davon einfach ungesättigte Fettsäuren: 0.3 g, davon mehrfach ungesättigte Fettsäuren: 0.6 g, Kohlenhydrate: 55.0 g, davon Zucker: 55.0 g, Ballaststoffe: 13.0 g, Eiweiß: 3.5 g, Salz: 0.1 g","Alnatura GmbH, Mahatma-Gandhi-Straße 7, 64295 Darmstadt",,"Mahatma-Gandhi-Straße 7, 64295 Darmstadt",,,Obst & Gemüse > Trockenfrüchte & Nüsse,https://shop.billa.at/produkte/alnatura-feigen-00317495,"Die Alnatura Feigen besitzen eine weiche Fruchthaut und viel zartes Fruchtmark. Sie zeichnen sich durch ein ausgeprägtes Aroma sowie einen fruchtig-intensiven Geschmack aus. Feigen schmecken als Müslizutat, im Obstsalat, in Desserts, Brot und Backwaren oder zu pikanten Gerichten mit Wild und Lamm. Die Alnatura Feigen stammen aus biologischer Landwirtschaft.",kg,Billa
00-497795,Trockenfrüchte & Nüsse,CLEVER,Clever Datteln,Italien,1.89,"pp-veget,pp-vegan","Glutenfrei - Spezifiziert als geeignet für eine glutenfreie Diät, Vegetarisch - Ohne Fleisch, Fisch oder andere tierische Produkte, Vegan - Ohne Milchprodukte und tierische Inhaltsstoffe",200g,Beutel,0.207,"Zutaten: Getrocknete Datteln 98%, Wasser.",9.45,https://images.cdn.europe-west1.gcp.commercetools.com/723b2575-66c7-4d92-ae49-82bf1d168d26/00-497795-370805003-5qGnMSMM.jpg,"Energie: 263.0 kcal, Energie: 1113.0 kJ, Fett: 0.0 g, davon gesättigte Fettsäuren: 0.0 g, Kohlenhydrate: 60.0 g, davon Zucker: 50.0 g, Eiweiß: 1.0 g, Salz: 0.0 g","BILLA AG, Billa AG, IZ NÖ Süd, Straße 3, Objekt 16, 2355 Wr. Neudorf",0800 828 700,"Billa AG, IZ NÖ Süd, Straße 3, Objekt 16, 2355 Wr. Neudorf",kundenservice@billa.at,,Obst & Gemüse > Trockenfrüchte & Nüsse,https://shop.billa.at/produkte/clever-datteln-00497795,"Die getrockneten clever Datteln sind der gesunde Snack gegen den Heißhunger. Wer auf Süßes verzichten will, liegt mit den clever Datteln super im Trend. Auch beim Backen können die bereits entkernten clever Datteln als Zuckerersatz verwendet werden. auch zum Süßen geeignet, bereits entkernt",kg,Billa
00-317489,Trockenfrüchte & Nüsse,Alnatura,Alnatura Apfel Chips,Deutschland,2.49,"pp-veget,pp-vegan,pp-bio",,70g,Beutel,0.076,"Zutaten: Apfel* *aus biologischer Landwirtschaft. Kann Spuren von Erdnuss, Mandel und Nüssen enthalten.",35.57,https://images.cdn.europe-west1.gcp.commercetools.com/723b2575-66c7-4d92-ae49-82bf1d168d26/00-317489-0497441369-mxC6YQr9.jpg,"Energie: 348.0 kcal, Energie: 1469.0 kJ, Fett: 0.8 g, davon gesättigte Fettsäuren: 0.2 g, davon einfach ungesättigte Fettsäuren: 0.1 g, davon mehrfach ungesättigte Fettsäuren: 0.4 g, Kohlenhydrate: 74.0 g, davon Zucker: 67.0 g, Ballaststoffe: 15.0 g, Eiweiß: 2.7 g, Salz: 0.01 g","Alnatura GmbH, Mahatma-Gandhi-Straße 7, 64295 Darmstadt",,"Mahatma-Gandhi-Straße 7, 64295 Darmstadt",,,Obst & Gemüse > Trockenfrüchte & Nüsse,https://shop.billa.at/produkte/alnatura-apfel-chips-00317489,Die Alnatura Apfelchips sind eine knusprig leichte Leckerei aus schonend getrockneten Apfelscheiben. Alle Früchte stammen aus ökologischer Landwirtschaft.,kg,Billa
00-446246,Trockenfrüchte & Nüsse,Ja! Natürlich,Ja! Natürlich Kürbiskerne Natur geröstet & gesalzen,Österreich,3.29,"pp-veget,pp-lakto,pp-vegan,pp-bio,homecountry",,200g,Beutel,0.204,"Bio-Kürbiskerne 99%, Salz 1%",16.45,https://images.cdn.europe-west1.gcp.commercetools.com/723b2575-66c7-4d92-ae49-82bf1d168d26/00-446246-0238037491-JbM2JzMj.jpg,"Energie: 2413.0 kJ, Energie: 582.0 kcal, Fett: 46.0 g, davon gesättigte Fettsäuren: 9.4 g, Kohlenhydrate: 2.0 g, davon Zucker: 1.4 g, Ballaststoffe: 6.0 g, Eiweiß: 37.0 g, Salz: 1.3 g","Ja! Natürlich Naturprodukte Gesellschaft m.b.H., Postfach 2000, A-2355 Wr. Neudorf",+43 2236 600 6950,"Postfach 2000, A-2355 Wr. Neudorf",info@janatuerlich.at,,Obst & Gemüse > Trockenfrüchte & Nüsse,https://shop.billa.at/produkte/ja-natuerlich-kuerbiskerne-natur-geroestet-und-gesalzen-00446246,"Die Ja! Natürlich Bio-Kurbiskerne werden nach hochsten biologischen Standards in Niederosterreich und dem Burgenland angebaut. Nach der Ernte werden sie gerostet und mit Salz verfeinert, wodurch ihr aromatisch-nussiger Geschmack noch besser zur Geltung kommt. So werden sie zum perfekten Snack fur zwischendurch.Unsere Ja! Natürlich Bio-Kürbiskerne geröstet & gesalzen eignen sich hervorragend zum Garnieren von Salaten oder Suppen und geben Brot und Gebäck eine würzige Note.",kg,Billa
00-889818,Trockenfrüchte & Nüsse,Billa immer gut,BILLA Trockenpflaumen,Chile,3.99,"pp-veget,pp-vegan","Glutenfrei - Spezifiziert als geeignet für eine glutenfreie Diät, Vegetarisch - Ohne Fleisch, Fisch oder andere tierische Produkte, Vegan - Ohne Milchprodukte und tierische Inhaltsstoffe",500g,Becher,0.53,"Zutaten: Trockenpflaumen, Konservierungsstoff: Kaliumsorbat.",7.98,https://images.cdn.europe-west1.gcp.commercetools.com/723b2575-66c7-4d92-ae49-82bf1d168d26/00-889818-0884229085-Nd-BOhwL.jpg,"Energie: 233.0 kcal, Energie: 988.0 kJ, Fett: 0.5 g, davon gesättigte Fettsäuren: 0.1 g, Kohlenhydrate: 55.0 g, davon Zucker: 34.0 g, Eiweiß: 2.0 g, Salz: 0.05 g","BILLA AG, Billa AG, IZ NÖ Süd, Straße 3, Objekt 16, 2355 Wr. Neudorf",0800 828 700,"Billa AG, IZ NÖ Süd, Straße 3, Objekt 16, 2355 Wr. Neudorf",kundenservice@billa.at,,Obst & Gemüse > Trockenfrüchte & Nüsse,https://shop.billa.at/produkte/billa-trockenpflaumen-00889818,"Dunkle Trockenpflaumen von BILLA sind eine saftige und süße Versuchung. Der gesunde Snack in der praktischen Becherverpackung stillt schnell den Heißhunger. entsteint und mundgerecht, ungeschwefelte, saftige Dörrzwetschken",kg,Billa
00-397238,Trockenfrüchte & Nüsse,Billa immer gut,BILLA Sonnenblumenkerne,Bulgarien,1.89,"pp-veget,pp-vegan","Glutenfrei - Spezifiziert als geeignet für eine glutenfreie Diät, Vegetarisch - Ohne Fleisch, Fisch oder andere tierische Produkte, Vegan - Ohne Milchprodukte und tierische Inhaltsstoffe",500g,Beutel,0.505,,3.78,https://images.cdn.europe-west1.gcp.commercetools.com/723b2575-66c7-4d92-ae49-82bf1d168d26/00-397238-0142107420-7ufvalnK.jpg,"Energie: 670.0 kcal, Energie: 2768.0 kJ, Fett: 62.0 g, davon gesättigte Fettsäuren: 7.3 g, Kohlenhydrate: 6.8 g, davon Zucker: 2.5 g, Eiweiß: 19.0 g, Salz: 0.0 g","BILLA AG, Billa AG, IZ NÖ Süd, Straße 3, Objekt 16, 2355 Wr. Neudorf",0800 828 700,"Billa AG, IZ NÖ Süd, Straße 3, Objekt 16, 2355 Wr. Neudorf",kundenservice@billa.at,,Obst & Gemüse > Trockenfrüchte & Nüsse,https://shop.billa.at/produkte/billa-sonnenblumenkerne-00397238,"Die BILLA immer gut Sonnenblumenkerne eignen sich hervorragend zum Garnieren von Salaten und geben Brot und Gebäck eine raffinierte Note. Auch in Müsli-Mischungen werden sie gerne gemischt oder einfach nur als Snack für zwischendurch geknabbert. Wie Nüsse sind sie ein idealer Energiespender und fordern geistige Leistungsfähigkeit. zum Garnieren von Salaten oder Brot und Gebäck, als Snack für Zwischendurch",kg,Billa
00-436514,Trockenfrüchte & Nüsse,Ja! Natürlich,Ja! Natürlich Bio Sultaninen,Türkei,2.39,"pp-veget,pp-vegan,pp-bio",,200g,Beutel,0.21,"Bio-Sultaninen, Bio-Sonnenblumenöl",11.95,https://images.cdn.europe-west1.gcp.commercetools.com/723b2575-66c7-4d92-ae49-82bf1d168d26/00-436514-1365078240-RttDT0I-.jpg,"Energie: 1405.0 kJ, Energie: 331.0 kcal, Fett: 0.5 g, davon gesättigte Fettsäuren: 0.1 g, Kohlenhydrate: 77.0 g, davon Zucker: 60.0 g, Ballaststoffe: 3.8 g, Eiweiß: 3.1 g, Salz: 0.03 g","Ja! Natürlich Naturprodukte Gesellschaft m.b.H., Postfach 2000, A-2355 Wr. Neudorf",+43 2236 600 6950,"Postfach 2000, A-2355 Wr. Neudorf",info@janatuerlich.at,,Obst & Gemüse > Trockenfrüchte & Nüsse,https://shop.billa.at/produkte/ja-natuerlich-bio-sultaninen-00436514,"Durch sorgfältige Ernte und schonende Trocknung unserer Bio-Sultaninen bleibt ihr intensiv-fruchtige Geschmack bestens erhalten. Während des Trocknungsvorgangs wird den Früchten Wasser entzogen und somit sind sie länger haltbar. ungeschwefelt, sonnnengetrocknet, perfekt zum Backen oder in Nussmischungen & Müslis",kg,Billa
00-348371,Trockenfrüchte & Nüsse,Lorenz,Lorenz Studentenfutter Original,Deutschland,3.69,"pp-veget,pp-vegan",,175g,Packung,0.18,"Zutaten: Rosinen, ERDNUSSKERNE, blanchierte MANDELN , HASELNUSSKERNE, geröstete CASHEWKERNE , Sonnenblumenöl, ERDNUSSÖL. Kann auch andere SCHALENFRÜCHTE enthalten.",21.09,https://images.cdn.europe-west1.gcp.commercetools.com/723b2575-66c7-4d92-ae49-82bf1d168d26/00-348371-0125427151-PJWyzsio.jpg,"Energie: 1988.0 kJ, Energie: 478.0 kcal, Fett: 30.0 g, davon gesättigte Fettsäuren: 4.5 g, Kohlenhydrate: 34.0 g, davon Zucker: 29.0 g, Ballaststoffe: 7.8 g, Eiweiß: 14.0 g, Salz: 0.06 g","The Lorenz Bahlsen Snack-World GmbH & Co KG Germany, Rathenaustr. 54, D-63263 Neu-Isenburg",,"Rathenaustr. 54, D-63263 Neu-Isenburg",,,Obst & Gemüse > Trockenfrüchte & Nüsse,https://shop.billa.at/produkte/lorenz-studentenfutter-original-00348371,"Zur Herstellung von Lorenz Studentenfutter Original verwenden wir Rohwaren aus Spitzenanbaugebieten der Welt, die wir unter ständiger Kontrolle schonend verarbeiten, mischen und unter Schutzatmosphäre verpacken.",kg,Billa
00-634152,Trockenfrüchte & Nüsse,Ja! Natürlich,Ja! Natürlich Mangos,,2.49,"pp-veget,pp-vegan,pp-bio","Vegan - Ohne Milchprodukte und tierische Inhaltsstoffe, Vegetarisch - Ohne Fleisch, Fisch oder andere tierische Produkte",100g,Beutel,0.11,"Mango*.

*aus biologischer Landwirtschaft",24.9,https://images.cdn.europe-west1.gcp.commercetools.com/723b2575-66c7-4d92-ae49-82bf1d168d26/00-634152-178707944-iVm8q24s.jpg,"Energie: 327.0 kcal, Energie: 1381.0 kJ, Fett: 2.0 g, davon gesättigte Fettsäuren: 0.6 g, Kohlenhydrate: 70.0 g, davon Zucker: 63.0 g, Eiweiß: 2.5 g, Salz: 0.01 g","Ja! Natürlich Naturprodukte Gesellschaft m.b.H., Postfach 2000, A-2355 Wr. Neudorf",+43 2236 600 6950,"Postfach 2000, A-2355 Wr. Neudorf",info@janatuerlich.at,,Obst & Gemüse > Trockenfrüchte & Nüsse,https://shop.billa.at/produkte/ja-natuerlich-mangos-00634152,"Nach der Banane ist die Mango eine der beliebtesten Tropenfrüchte und zählt zu den ältesten Früchten der Welt. Ob sie reif ist, erkennt man, wenn man auf die Schale drückt und diese leicht nachgibt. Die Mango enthält wichtige Inhaltsstoffe, die gegen Infektionen und Erkältungen helfen können. Das Fruchtfleisch ist süß und saftig und erinnert geschmacklich an Ananas und Pfirsich.",kg,Billa
00-356525,Trockenfrüchte & Nüsse,Billa immer gut,BILLA Ananas getrocknet,Costa Rica,2.29,"pp-veget,pp-vegan","Glutenfrei - Spezifiziert als geeignet für eine glutenfreie Diät, Vegetarisch - Ohne Fleisch, Fisch oder andere tierische Produkte, Vegan - Ohne Milchprodukte und tierische Inhaltsstoffe",70g,Packung,0.077,Zutaten: Ananas.,32.71,https://images.cdn.europe-west1.gcp.commercetools.com/723b2575-66c7-4d92-ae49-82bf1d168d26/00-356525-588736358-kTuUxSwo.jpg,"Energie: 302.0 kcal, Energie: 1279.0 kJ, Fett: 0.5 g, davon gesättigte Fettsäuren: 0.1 g, Kohlenhydrate: 68.0 g, davon Zucker: 67.0 g, Eiweiß: 2.9 g, Salz: 0.01 g","BILLA AG, Billa AG, IZ NÖ Süd, Straße 3, Objekt 16, 2355 Wr. Neudorf",0800 828 700,"Billa AG, IZ NÖ Süd, Straße 3, Objekt 16, 2355 Wr. Neudorf",kundenservice@billa.at,,Obst & Gemüse > Trockenfrüchte & Nüsse,https://shop.billa.at/produkte/billa-ananas-getrocknet-00356525,Naschen ohne Extrazucker: Das intensive Geschmackserlebnis der getrockneten Ananas von BILLA kommt zu 100% aus der Frucht. Die süßen Stückchen passen als perfekte fruchtige Akzente zu vielen Rezepten!,kg,Billa
00-447511,Trockenfrüchte & Nüsse,Ja! Natürlich,Ja! Natürlich Bio Feigen getrocknet,Türkei,3.99,"pp-veget,pp-vegan,pp-bio","Glutenfrei - Spezifiziert als geeignet für eine glutenfreie Diät, Vegetarisch - Ohne Fleisch, Fisch oder andere tierische Produkte, Vegan - Ohne Milchprodukte und tierische Inhaltsstoffe",200g,Packung,0.207,"Feigen* getrocknet 100%.

*aus biologischer Landwirtschaft",19.95,https://images.cdn.europe-west1.gcp.commercetools.com/723b2575-66c7-4d92-ae49-82bf1d168d26/00-447511-0104377082-KAHJrnvo.jpg,"Energie: 1264.0 kJ, Energie: 299.0 kcal, Fett: 2.6 g, davon gesättigte Fettsäuren: 0.3 g, Kohlenhydrate: 61.0 g, davon Zucker: 58.0 g, Eiweiß: 3.2 g, Salz: 0.33 g, Organische Säuren: 0.6 g","Ja! Natürlich Naturprodukte Gesellschaft m.b.H., Postfach 2000, A-2355 Wr. Neudorf",+43 2236 600 6950,"Postfach 2000, A-2355 Wr. Neudorf",info@janatuerlich.at,,Obst & Gemüse > Trockenfrüchte & Nüsse,https://shop.billa.at/produkte/ja-natuerlich-bio-feigen-getrocknet-00447511,"Unsere Bio-Feigen werden in der Türkei angebaut, wo sie vollständig am Baum reifen. So können sie in der Sonne ihren angenehm süßen Geschmack und ihr frisches Aroma entwickeln. Sollten die Feigen von einer weißen Schicht überzogen sein, so sind sie ausgezuckert. Dies passiert vor allem bei Früchten, die besonders süß sind, was wiederum ein Qualitätskriterium ist.Unsere getrockneten Bio-Feigen sind pur ein idealer Energiespender für Zwischendurch. Sie eignen sich aber auch zum Verfeinern von Müslis, Joghurt, Mehl- und Süßspeisen. Mit unserem Landspeck umwickelt und kurz angebraten, sind sie eine raffinierte Vorspeisen-Idee",kg,Billa
00-89487,Trockenfrüchte & Nüsse,,Walnüsse,"Chile, USA",3.99,"pp-veget,pp-vegan",,400g,Beutel,0.41,,9.98,https://images.cdn.europe-west1.gcp.commercetools.com/723b2575-66c7-4d92-ae49-82bf1d168d26/00-89487-1943407632-ChAlCvZ7.jpg,,,,,,,Obst & Gemüse > Trockenfrüchte & Nüsse,https://shop.billa.at/produkte/walnuesse-0089487,"Klasse I Walnüsse begeistern mit ihrem herzhaften Geschmack. Dank ihrer Reichhaltigkeit an Vitaminen sind sie ein gesunder Knabber-Snack. knackige, helle Kerne, reich an Vitamin B6 und Vitamin E",kg,Billa
00-348959,Trockenfrüchte & Nüsse,Lorenz,Lorenz Studentenfutter Spezial,Deutschland,3.69,,,175g,Packung,0.18,"Zutaten: Rosinen, ERDNUSSKERNE geröstet, WEIZENPOPS in JOGHURTCREME (WEIZENPOPS [gepuffter WEIZEN, Zucker, Glukosesirup, Honig, Sonnenblumenöl], Zucker, Kakaobutter, MOLKENERZEUGNIS, MAGERMILCHJOGHURTPULVER, MILCHZUCKER, Glukosesirup, Verdickungsmittel: Gummi arabicum, Säuerungsmittel: Citronensäure, Emulgator: SOJALECITHINE, Aroma), MANDELN, HASELNUSSKERNE, pflanzliche Öle (ERDNUSS, Sonnenblume). Kann SCHALENFRÜCHTE enthalten.",21.09,https://images.cdn.europe-west1.gcp.commercetools.com/723b2575-66c7-4d92-ae49-82bf1d168d26/00-348959-0214065423--Os3nCSR.jpg,"Energie: 502.0 kcal, Energie: 2092.0 kJ, Fett: 31.0 g, davon gesättigte Fettsäuren: 6.4 g, Kohlenhydrate: 39.0 g, davon Zucker: 34.0 g, Ballaststoffe: 5.5 g, Eiweiß: 14.0 g, Salz: 0.05 g, Magnesium: 96.2 mg, Phosphor: 221.0 mg, Vitamin E: 7.9 mg","The Lorenz Bahlsen Snack-World GmbH & Co KG Germany, Rathenaustr. 54, D-63263 Neu-Isenburg",,"Rathenaustr. 54, D-63263 Neu-Isenburg",,,Obst & Gemüse > Trockenfrüchte & Nüsse,https://shop.billa.at/produkte/lorenz-studentenfutter-spezial-00348959,"Aromatische Mandeln, köstliche Haselnüsse, knackige Erdnusskerne, fruchtig-süße Rosinen, verfeinert mit den beliebten Joghurt-Pops!",kg,Billa
00-348938,Trockenfrüchte & Nüsse,Lorenz,Lorenz Studentenfutter Extra,Deutschland,3.69,,,175g,Packung,0.18,"Zutaten: Rosinen, ERDNUSSKERNE geröstet, CASHEWKERNE geröstet, Cornflakes mit VOLLMILCHSCHOKOLADE und Überzug (VOLLMILCHSCHOKOLADE [Zucker, Kakaobutter*, VOLLMILCHPULVER, Kakaomasse*, MILCHZUCKER, Emulgator: SOJALECITHINE, SÜßMOLKENPULVER], Cornflakes gezuckert [Mais, Zucker, Speisesalz, GERSTENMALZ, Emulgator: Lecithine], Überzug [Glukosesirup, Verdickungsmittel: Gummiarabicum, modifizierte Stärke, Kokosnussöl, Säureregulator: Citronensäure, Aroma]) MANDELN, pflanzliche Öle (Sonnenblume, ERDNUSS). Kann SCHALENFRÜCHTE enthalten.",21.09,https://images.cdn.europe-west1.gcp.commercetools.com/723b2575-66c7-4d92-ae49-82bf1d168d26/00-348938-1644658562-yKoSQVYU.jpg,"Energie: 510.0 kcal, Energie: 2124.0 kJ, Fett: 31.0 g, davon gesättigte Fettsäuren: 6.4 g, Kohlenhydrate: 40.0 g, davon Zucker: 29.0 g, Ballaststoffe: 5.3 g, Eiweiß: 15.0 g, Salz: 0.03 g, Magnesium: 122.0 mg, Phosphor: 253.0 mg, Vitamin E: 5.4 mg","The Lorenz Bahlsen Snack-World GmbH & Co KG Germany, Rathenaustr. 54, D-63263 Neu-Isenburg",,"Rathenaustr. 54, D-63263 Neu-Isenburg",,,Obst & Gemüse > Trockenfrüchte & Nüsse,https://shop.billa.at/produkte/lorenz-studentenfutter-extra-00348938,"Mit aromatischen Mandeln, edlen Cashewkernen, knackigen Erdnusskernen, fruchtig-süßen Rosinen, kombiniert mit knusprig-zarten Schoko-Pops!",kg,Billa
00-940498,Trockenfrüchte & Nüsse,Ja! Natürlich,Ja! Natürlich Cranberries,,3.59,"pp-veget,pp-vegan,pp-bio","Vegan - Ohne Milchprodukte und tierische Inhaltsstoffe, Vegetarisch - Ohne Fleisch, Fisch oder andere tierische Produkte",150g,Packung,0.158,"Cranberries Gezuckert* 100% (Cranberry* 60%, Rohrzucker* 39%, Sonnenblumenöl* < 1%).

*aus biologischer Landwirtschaft",23.93,https://images.cdn.europe-west1.gcp.commercetools.com/723b2575-66c7-4d92-ae49-82bf1d168d26/00-940498-0228267108-c2RaG4DJ.jpg,"Energie: 1475.0 kJ, Energie: 348.0 kcal, Fett: 0.5 g, davon gesättigte Fettsäuren: 0.0 g, Kohlenhydrate: 82.0 g, davon Zucker: 71.0 g, Eiweiß: 0.5 g, Salz: 0.01 g, Organische Säuren: 2.0 g","Ja! Natürlich Naturprodukte Gesellschaft m.b.H., Postfach 2000, A-2355 Wr. Neudorf",+43 2236 600 6950,"Postfach 2000, A-2355 Wr. Neudorf",info@janatuerlich.at,,Obst & Gemüse > Trockenfrüchte & Nüsse,https://shop.billa.at/produkte/ja-natuerlich-cranberries-00940498,"Bio-Cranberries von Ja! Naturlich versüßen Frühstucksflocken und Backwaren. Getrocknet und gezuckert bieten sie sich auch als fruchtiger Snack an. Bio-Cranberries mit Bio-Rohrzucker und Bio-Sonnenblumenol verarbeitet, vegan",kg,Billa
00-317500,Trockenfrüchte & Nüsse,Alnatura,Alnatura Bananen Chips,Deutschland,1.69,"pp-veget,pp-bio",,150g,Beutel,0.154,"Zutaten: Bananen* 68%, Kokosöl*, Rohrohrzucker*, Honig* 1% *aus biologischer Landwirtschaft. Kann Spuren von Erdnuss, Mandel, Nüssen und Sesam enthalten.",11.27,https://images.cdn.europe-west1.gcp.commercetools.com/723b2575-66c7-4d92-ae49-82bf1d168d26/00-317500-1782291208-kbwpVmqW.jpg,"Energie: 531.0 kcal, Energie: 2214.0 kJ, Fett: 31.0 g, davon gesättigte Fettsäuren: 28.0 g, davon einfach ungesättigte Fettsäuren: 2.5 g, davon mehrfach ungesättigte Fettsäuren: 0.7 g, Kohlenhydrate: 59.0 g, davon Zucker: 15.0 g, Ballaststoffe: 4.0 g, Eiweiß: 1.9 g, Salz: 0.02 g","Alnatura GmbH, Mahatma-Gandhi-Straße 7, 64295 Darmstadt",,"Mahatma-Gandhi-Straße 7, 64295 Darmstadt",,,Obst & Gemüse > Trockenfrüchte & Nüsse,https://shop.billa.at/produkte/alnatura-bananen-chips-00317500,"Die Alnatura Bananenchips sind ideal als Müslizutat, Dekoration für Desserts oder einfach zum Knabbern zwischendurch. Alle Zutaten stammen aus ökologischer Landwirtschaft. Tipp: Alnatura Bananenchips in warme Schokoladensauce tauchen und genießen.",kg,Billa
00-923796,Trockenfrüchte & Nüsse,Ja! Natürlich,Ja! Natürlich Datteln mit Stein,Tunesien,2.19,"pp-veget,pp-vegan,pp-bio","Glutenfrei - Spezifiziert als geeignet für eine glutenfreie Diät, Vegetarisch - Ohne Fleisch, Fisch oder andere tierische Produkte, Vegan - Ohne Milchprodukte und tierische Inhaltsstoffe",200g,Beutel,0.205,"Datteln* mit Stein, getrocknet.

*aus biologischer Landwirtschaft",10.95,https://images.cdn.europe-west1.gcp.commercetools.com/723b2575-66c7-4d92-ae49-82bf1d168d26/00-923796-717400711-lV-BN-bN.jpg,"Energie: 294.0 kcal, Energie: 1244.0 kJ, Fett: 0.5 g, davon gesättigte Fettsäuren: 0.1 g, davon einfach ungesättigte Fettsäuren: 0.1 g, davon mehrfach ungesättigte Fettsäuren: 0.1 g, Kohlenhydrate: 65.0 g, davon Zucker: 65.0 g, Eiweiß: 1.9 g, Salz: 0.09 g, Organische Säuren: 1.3 g","Ja! Natürlich Naturprodukte Gesellschaft m.b.H., Postfach 2000, A-2355 Wr. Neudorf",+43 2236 600 6950,"Postfach 2000, A-2355 Wr. Neudorf",info@janatuerlich.at,,Obst & Gemüse > Trockenfrüchte & Nüsse,https://shop.billa.at/produkte/ja-natuerlich-datteln-mit-stein-00923796,"Unsere Bio-Datteln kommen aus den besten Anbaugebieten Tunesiens, wo sie von wenigen, ausgesuchten Bio-Bauern exklusiv für uns nach den strengen Prinzipien der biologischen Landwirtschaft angebaut werden. Die hohen Temperaturen, die geringe Luftfeuchtigkeit und das reichlich unterirdische Wasserangebot für die Wurzeln gewährleisten optimale Bedingungen für die Dattelpalmen. Getrocknet, Mit Stein, Ohne Zuckerzusatz",kg,Billa
00-317719,Trockenfrüchte & Nüsse,Alnatura,Alnatura Salatkerne Mix,Deutschland,2.69,"pp-veget,pp-vegan,homecountry,pp-bio",,100g,Beutel,0.11,"Zutaten: Sonnenblumenkerne* 50 %, Kürbiskerne* 20 %, SOJAKERNE* geröstet 13 %, CASHEWSTÜCKE* 12 %, Pinienkerne* 5 %, Meersalz *aus biologischer Landwirtschaft. Kann Spuren von Gluten, Erdnuss und anderen Nüssen enthalten.",26.9,https://images.cdn.europe-west1.gcp.commercetools.com/723b2575-66c7-4d92-ae49-82bf1d168d26/00-317719-0201657925-XIIHYlw2.jpg,"Energie: 2417.0 kJ, Energie: 583.0 kcal, Fett: 45.0 g, davon gesättigte Fettsäuren: 6.5 g, Kohlenhydrate: 12.0 g, davon Zucker: 1.9 g, Ballaststoffe: 6.9 g, Eiweiß: 29.0 g, Salz: 0.57 g","Alnatura GmbH, Mahatma-Gandhi-Straße 7, 64295 Darmstadt",,"Mahatma-Gandhi-Straße 7, 64295 Darmstadt",,,Obst & Gemüse > Trockenfrüchte & Nüsse,https://shop.billa.at/produkte/alnatura-salatkerne-mix-00317719,"Eine Bereicherung für jede Küche: der Alnatura Bio-Salatkerne-Mix aus Sonnenblumen- und Kürbiskernen, gerösteten Sojakernen, Cashew- sowie Pinienkernen. Ideal als Salatzutat: entweder direkt darübergestreut oder vorher kurz in der Pfanne angeröstet - ein aromatisches Geschmackserlebnis. Der Salatkerne-Mix verfeinert auch Suppen und Ofengerichten und ist pur geknabbert ein nussiger Snack. Praktisch: Der Beutel ist wiederverschließbar.",kg,Billa
00-89499,Trockenfrüchte & Nüsse,SanLucar,SanLucar Erdnüsse,,1.99,"pp-veget,pp-vegan,homecountry",,200g,Packung,0.3,"Zutaten: Erdnüsse, geröstet, kann Spuren von Schalenfrüchten enthalten",9.95,https://images.cdn.europe-west1.gcp.commercetools.com/723b2575-66c7-4d92-ae49-82bf1d168d26/00-89499-01191029526-OKuFuz-0.jpg,"Energie: 612.0 kcal, Energie: 2535.0 kJ, Fett: 49.7 g, davon gesättigte Fettsäuren: 6.9 g, Kohlenhydrate: 13.5 g, davon Zucker: 4.2 g, Eiweiß: 23.7 g, Salz: 0.02 g","EuroCompany s.r.l., VIA Faentina 280, I- 48010 Godo",,"VIA Faentina 280, I- 48010 Godo",,,Obst & Gemüse > Trockenfrüchte & Nüsse,https://shop.billa.at/produkte/sanlucar-erdnuesse-0089499,"Ob als knackige Knabberei, Salatzutat, in warmen Gerichten oder Gebäck: SanLucar Erdnüsse bilden einen wertvollen Bestandteil für eine ausgewogene Ernährung. geröstete Erdnüsse mit Schale, ideal als nahrhafter Snack oder Zutat in warmen und kalten Speisen, reich an Eiweiß, Mineralien und Vitaminen",kg,Billa
00-504060,Trockenfrüchte & Nüsse,Pesendorfer,Pesendorfer Cranberry,,4.89,"pp-veget,pp-vegan",,200g,Packung,0.203,"Zutaten: Cranberries (54%), Zucker, Sonnenblumenöl.",24.45,https://images.cdn.europe-west1.gcp.commercetools.com/723b2575-66c7-4d92-ae49-82bf1d168d26/00-504060-0120753525-0hx_PZ1b.jpg,"Energie: 348.0 kcal, Energie: 1477.0 kJ, Fett: 0.4 g, davon gesättigte Fettsäuren: 0.05 g, Kohlenhydrate: 84.0 g, davon Zucker: 69.0 g, Eiweiß: 0.0 g, Salz: 0.02 g","GM Pesendorfer GmbH, 4810 Gmunden - PF100 - AUSTRIA",,4810 Gmunden - PF100 - AUSTRIA,,,Obst & Gemüse > Trockenfrüchte & Nüsse,https://shop.billa.at/produkte/pesendorfer-cranberry-00504060,"Pesendorfer Cranberry eignet sich prima zum Backen und für das Müsli oder den Salat. Mit ihrem säuerlichen Aroma ist die Frucht ein wahrer Geschmacksgenuss. getrocknete und gesüßte Beeren, essfertig",kg,Billa
00-406831,Trockenfrüchte & Nüsse,SanLucar,SanLucar Datteln,Tunesien,2.49,"pp-veget,pp-vegan",,200g,Packung,0.214,,12.45,https://images.cdn.europe-west1.gcp.commercetools.com/723b2575-66c7-4d92-ae49-82bf1d168d26/00-406831-0213375588-SQYKXwgm.jpg,,,,,,Deglet Nour,Obst & Gemüse > Trockenfrüchte & Nüsse,https://shop.billa.at/produkte/sanlucar-datteln-00406831,"Klasse I Unsere ungezuckerten, entsteinten Karamell-Datteln schmecken fein-cremig und stecken voller Sonnensüße - eine erlesene Köstlichkeit.",kg,Billa
00-299678,Trockenfrüchte & Nüsse,Landgarten,Landgarten Bio Knabbermix original,,2.49,"pp-veget,pp-vegan,pp-glutenfr,homecountry,pp-bio",,50g,Beutel,0.054,"Zutaten. SOJABOHNEN* 61,5%, Kürbiskerne* 19%, Sonnenblumenkerne* 19%, Meersalz. *aus kontrolliert biologischem Anbau Kann Spuren von Schalenfrüchten enthalten.",49.8,https://images.cdn.europe-west1.gcp.commercetools.com/723b2575-66c7-4d92-ae49-82bf1d168d26/00-299678-0953875869-RGn-UMmj.jpg,"Energie: 2144.0 kJ, Energie: 516.0 kcal, Fett: 34.0 g, davon gesättigte Fettsäuren: 5.2 g, Kohlenhydrate: 9.1 g, davon Zucker: 2.5 g, Ballaststoffe: 12.0 g, Eiweiß: 38.0 g, Salz: 1.3 g","Landgarten GmbH & Co. KG, Alte Wiener Straße 25, 2460 Bruck/Leitha Österreich",0043 2162-64504,"Alte Wiener Straße 25, 2460 Bruck/Leitha Österreich",,,Vorratsschrank > Süßes & Salziges > Chips & Knabberein > Nüsse,https://shop.billa.at/produkte/landgarten-bio-knabbermix-original-00299678,", Bio Snack aus Österreich, Vegan, Glutenfrei, Sojabohnen, Sonnenblumenkerne und Kürbiskerne aus Österreich",kg,Billa
00-503457,Trockenfrüchte & Nüsse,Pesendorfer,Pesendorfer Pecan Nusskerne,,7.59,"pp-veget,pp-vegan",,200g,Paket,0.203,Zutaten: PECANNUSS (100%),37.95,https://images.cdn.europe-west1.gcp.commercetools.com/723b2575-66c7-4d92-ae49-82bf1d168d26/00-503457-0991392028-I8jomOpi.jpg,"Energie: 691.0 kcal, Energie: 2889.0 kJ, Fett: 72.0 g, davon gesättigte Fettsäuren: 6.0 g, Kohlenhydrate: 13.8 g, davon Zucker: 3.9 g, Eiweiß: 9.2 g, Salz: 0.0 g","GM Pesendorfer GmbH, 4810 Gmunden - PF100 - Austria",,4810 Gmunden - PF100 - Austria,,,Vorratsschrank > Süßes & Salziges > Trockenfrüchte,https://shop.billa.at/produkte/pesendorfer-pecan-nusskerne-00503457,"Mit ihrem süßen Geschmack sind die Pecan Nusskerne von Pesendorfer eine beliebte Backzutat - damit erhalten der Gugelhupf und die Nussschnitten eine feine Note. Premiumkerne mit zartem Biss, verzehrfertige Nusskerne ohne Zusatzstoffe",kg,Billa
00-317491,Trockenfrüchte & Nüsse,Alnatura,Alnatura Mango Stücke,Deutschland,2.49,"pp-veget,pp-vegan,pp-bio",,100g,Beutel,0.103,"Zutaten: Mango* *aus biologischer Landwirtschaft. Kann Spuren von Erdnuss, Mandel und Nüssen enthalten.",24.9,https://images.cdn.europe-west1.gcp.commercetools.com/723b2575-66c7-4d92-ae49-82bf1d168d26/00-317491-358865341-v3SpTuH0.jpg,"Energie: 337.0 kcal, Energie: 1425.0 kJ, Fett: 1.2 g, davon gesättigte Fettsäuren: 0.3 g, davon einfach ungesättigte Fettsäuren: 0.6 g, davon mehrfach ungesättigte Fettsäuren: 0.1 g, Kohlenhydrate: 70.0 g, davon Zucker: 56.0 g, Ballaststoffe: 9.3 g, Eiweiß: 3.4 g, Salz: 0.01 g","Alnatura GmbH, Mahatma-Gandhi-Straße 7, 64295 Darmstadt",,"Mahatma-Gandhi-Straße 7, 64295 Darmstadt",,,Obst & Gemüse > Trockenfrüchte & Nüsse,https://shop.billa.at/produkte/alnatura-mango-stuecke-00317491,", Besonders aromatisch, Erfrischend-intensiver Geschmack, Nur durch Trocknen haltbar gemacht, Schnitt in 'mundgerechte' Stücke",kg,Billa
00-774966,Trockenfrüchte & Nüsse,Alnatura,Alnatura Kokos Chips Geröstet,Deutschland,1.99,"pp-veget,pp-vegan,pp-bio",,100g,Beutel,0.103,"Zutaten Kokos* *aus biologischer Landwirtschaft. Kann Spuren von Erdnuss, Mandel und Nüssen enthalten.",19.9,https://images.cdn.europe-west1.gcp.commercetools.com/723b2575-66c7-4d92-ae49-82bf1d168d26/00-774966-720772511-Ky_4lpQC.jpg,"Energie: 649.0 kcal, Energie: 2674.0 kJ, Fett: 62.0 g, davon gesättigte Fettsäuren: 58.0 g, davon einfach ungesättigte Fettsäuren: 3.3 g, davon mehrfach ungesättigte Fettsäuren: 0.6 g, Kohlenhydrate: 7.5 g, davon Zucker: 6.6 g, Ballaststoffe: 15.0 g, Eiweiß: 7.8 g, Salz: 0.09 g","Alnatura GmbH, Mahatma-Gandhi-Straße 7, 64295 Darmstadt",,"Mahatma-Gandhi-Straße 7, 64295 Darmstadt",,,Obst & Gemüse > Trockenfrüchte & Nüsse,https://shop.billa.at/produkte/alnatura-kokos-chips-geroestet-00774966,"Die knusprig gerösteten Kokos Chips von Alnatura sind mit ihrem exotischen Geschmack einfach köstlich als Zutat im Müsli oder beim Backen. beste Bio-Qualität aus biologischer Landwirtschaft, ohne weitere Zusatzstoffe",kg,Billa
00-497803,Trockenfrüchte & Nüsse,CLEVER,Clever Feigen,Italien,1.88,"pp-veget,pp-vegan","Glutenfrei - Spezifiziert als geeignet für eine glutenfreie Diät, Vegetarisch - Ohne Fleisch, Fisch oder andere tierische Produkte, Vegan - Ohne Milchprodukte und tierische Inhaltsstoffe",200g,Beutel,0.207,"Zutaten: Getrocknete Feigen 94%, Wasser.",9.4,https://images.cdn.europe-west1.gcp.commercetools.com/723b2575-66c7-4d92-ae49-82bf1d168d26/00-497803-0269601381-tVVvfgh5.jpg,"Energie: 243.0 kcal, Energie: 1024.0 kJ, Fett: 0.9 g, davon gesättigte Fettsäuren: 0.4 g, Kohlenhydrate: 51.0 g, davon Zucker: 49.0 g, Eiweiß: 2.1 g, Salz: 0.04 g","BILLA AG, Billa AG, IZ NÖ Süd, Straße 3, Objekt 16, 2355 Wr. Neudorf",0800 828 700,"Billa AG, IZ NÖ Süd, Straße 3, Objekt 16, 2355 Wr. Neudorf",kundenservice@billa.at,,Obst & Gemüse > Trockenfrüchte & Nüsse,https://shop.billa.at/produkte/clever-feigen-00497803,"Die getrockneten clever Feigen sind optimal zum Verfeinern von Müslis oder als fruchtiger Snack für zwischendurch. Auch beim Backen sind die clever Feigen in der 250g Packung eine tolle Alternative - einfach mal probieren. ganze Feigen, zum Verfeinern von Müslis, saftig-soft",kg,Billa
00-437696,Trockenfrüchte & Nüsse,Seeberger,Seeberger Pflaumen entsteint,,9.49,"pp-veget,pp-vegan,pp-glutenfr",,500g,Packung,0.509,"Zutaten: Pflaumen, Konservierungsstoff: Kaliumsorbat.",18.98,https://images.cdn.europe-west1.gcp.commercetools.com/723b2575-66c7-4d92-ae49-82bf1d168d26/00-437696-1176395196-rwU9Ps27.jpg,"Fett: 0.6 g, davon gesättigte Fettsäuren: 0.1 g, Kohlenhydrate: 55.0 g, davon Zucker: 30.0 g, Eiweiß: 3.0 g, Salz: 0.02 g","Seeberger GmbH, D-89025 Ulm, Deutschland",,"D-89025 Ulm, Deutschland",,,Obst & Gemüse > Trockenfrüchte & Nüsse,https://shop.billa.at/produkte/seeberger-pflaumen-entsteint-00437696,"Sie ist das wohl leckerste Superfood aus Omas Garten: Ein Biss verwöhnt direkt den ganzen Körper. Gibt's bei uns nicht nur im Herbst, sondern das ganze Jahr. Was 'ne Pflaume!, Für den reichhaltig-süßen Snackhunger, Pur oder als edle Zutat, Ohne Zuckerzusatz, Besonders beliebte Ballaststoffquelle",kg,Billa
00-821772,Trockenfrüchte & Nüsse,Seeberger,Seeberger Nusskernmischung,,11.99,"pp-veget,pp-vegan",,400g,Beutel,0.409,"Zutaten: NUSSKERNMISCHUNG in veränderlichen Gewichtsanteilen 
(HASELNUSSKERNE, blanchierte MANDELN, CASHEWKERNE), WALNUSKERNE (10 %).
Kann Spuren von Erdnüssen, Macadamianüssen, Paranüssen, Pekannüssen und Pistazien enthalten.",29.98,https://images.cdn.europe-west1.gcp.commercetools.com/723b2575-66c7-4d92-ae49-82bf1d168d26/00-821772-1629798849-ecIpiLYV.jpg,"Fett: 56.0 g, davon gesättigte Fettsäuren: 6.4 g, davon einfach ungesättigte Fettsäuren: 36.0 g, davon mehrfach ungesättigte Fettsäuren: 13.0 g, Kohlenhydrate: 11.0 g, davon Zucker: 5.3 g, Eiweiß: 21.0 g, Salz: 0.02 g, Vitamin E: 18.0 mg","Seeberger GmbH, Hans-Lorenser-Str. 36, 89079 Ulm,, Deutschland / Germany / Allemagne",,"Hans-Lorenser-Str. 36, 89079 Ulm, 
Deutschland / Germany / Allemagne",,,Vorratsschrank > Süßes & Salziges > Trockenfrüchte,https://shop.billa.at/produkte/seeberger-nusskernmischung-00821772,"Hier haben wir die Rosinen rausgepickt! Unsere Nusskernmischung ist der Brainfood-Klassiker für alle, die beim Studentenfutter am liebsten die Nüsse snacken. Das Seeberger-Studentenfutter ohne Sultaninen, Mit Haselnüssen, blanchierten Mandeln und Cashews, Omega-3-Quelle durch Walnüsse, Ausgewogenes Mischungsverhältnis, Erhältlich als Vorratspack und handliche Portion",kg,Billa
00-406642,Trockenfrüchte & Nüsse,Pesendorfer,Pesendorfer Marille Getrocknet,,6.99,"pp-veget,pp-vegan",,250g,Beutel,0.253,"Zutaten: Aprikosen, Antioxidationsmittel SCHWEFELDIOXID",27.96,https://images.cdn.europe-west1.gcp.commercetools.com/723b2575-66c7-4d92-ae49-82bf1d168d26/00-406642-804388083-lVJCIDpw.jpg,"Energie: 285.0 kcal, Energie: 1204.0 kJ, Fett: 0.0 g, davon gesättigte Fettsäuren: 0.0 g, Kohlenhydrate: 59.0 g, davon Zucker: 56.0 g, Eiweiß: 5.0 g, Salz: 0.06 g","GM Pesendorfer GmbH, 4810 Gmunden - PF100 Austria",,4810 Gmunden - PF100 Austria,,,Obst & Gemüse > Trockenfrüchte & Nüsse,https://shop.billa.at/produkte/pesendorfer-marille-getrocknet-00406642,"Die getrocknete Marille von Pesendorfer ist essfertig und eine optimale Zwischendurch-Mahlzeit. Die helle Frucht ist süß und bekömmlich. getrocknete und geschwefelte Marillen, 100 % Frucht, versorgt mit Vitaminen und Mineralstoffen",kg,Billa
00-352569,Trockenfrüchte & Nüsse,Pesendorfer,Pesendorfer Erdbeer Chips,,4.89,"pp-veget,pp-vegan",,30g,Beutel,0.033,Zutaten: 100% Erdbeere getrocknet,163.0,https://images.cdn.europe-west1.gcp.commercetools.com/723b2575-66c7-4d92-ae49-82bf1d168d26/00-352569-857649184-dcobQl4K.jpg,"Energie: 323.0 kcal, Energie: 1359.0 kJ, Fett: 1.0 g, davon gesättigte Fettsäuren: 0.1 g, Kohlenhydrate: 61.0 g, davon Zucker: 44.0 g, Eiweiß: 5.8 g, Salz: 0.01 g","GM Pesendorfer GmbH, 4810 Gmunden - PF100",,4810 Gmunden - PF100,,,Obst & Gemüse > Trockenfrüchte & Nüsse,https://shop.billa.at/produkte/pesendorfer-erdbeer-chips-00352569,"Die Erdbeeren werden gefriergetrocknet - dadurch bleibt die Form und die Farbe der Früchte erhalten. Die Erdbeeren sind ohne jegliche Zusatzstoffe. Geben Sie die leckeren roten Früchte in ein Müsli, Joghurt oder einfach ein paar davon in ihr Gläschen Sekt, das schmeckt nicht zu lecker sondern ist auch ein Hingucker für Ihre Gäste!",kg,Billa
00-841090,Trockenfrüchte & Nüsse,Pesendorfer,Pesendorfer Cranberries in Schokolade,,7.39,,,250g,Packung,0.253,"Zutaten: Zucker, Cranberries (19,6%), Kakaobutter, Kakaomasse, VOLLMILCHPULVER, MOLKEPULVER, Sonnenblumenöl, Emulgatoren: SOJALECITHIN, nat. Vanille Aroma; Überzugsmittel: Gummi arabicum, Schellack, Glukosesirup. Kann Spuren von anderen Schalenfrüchten u. Erdnuss enthalten.",29.56,https://images.cdn.europe-west1.gcp.commercetools.com/723b2575-66c7-4d92-ae49-82bf1d168d26/00-841090-1920587211-W9X4qgHg.jpg,"Energie: 456.41 kcal, Energie: 1915.0 kJ, Fett: 18.27 g, davon gesättigte Fettsäuren: 10.62 g, Kohlenhydrate: 65.5 g, davon Zucker: 64.73 g, Eiweiß: 3.79 g, Salz: 0.07 g","GM Pesendorfer GmbH, 4810 Gmunden - PF100 Austria",,4810 Gmunden - PF100 Austria,,,Obst & Gemüse > Trockenfrüchte & Nüsse,https://shop.billa.at/produkte/pesendorfer-cranberries-in-schokolade-00841090,"Pesendorfer Cranberries sind umhüllt von Vollmilch-, Zartbitter- sowie weißer Schokolade und sorgen so für fruchtig-süße Abwechslung. eine hochwertige Delikatesse, saftige rote Beeren, umhüllt von süßer Schokolade in unterschiedlichen Geschmacksrichtungen, zartschmelzende Schokospezialität",kg,Billa
00-323646,Trockenfrüchte & Nüsse,Kotányi,Kotányi Apfel-Zimt Chips,Österreich,2.19,"pp-veget,pp-vegan,homecountry",,40g,Beutel,0.047,"Zutaten: Apfelstücke getrocknet, Zimt gemahlen (3 %), Apfelsaftkonzentrat. Kann Spuren von glutenhältigem Getreide, Ei, Soja, Sellerie, Sesam, Milch (Laktose) und Senf enthalten.",54.75,https://images.cdn.europe-west1.gcp.commercetools.com/723b2575-66c7-4d92-ae49-82bf1d168d26/00-323646-0168787908-urAD0Mf-.jpg,"Energie: 262.0 kcal, Energie: 1113.0 kJ, Fett: 1.7 g, davon gesättigte Fettsäuren: 0.6 g, Kohlenhydrate: 55.0 g, davon Zucker: 50.0 g, Eiweiß: 1.4 g, Salz: 0.02 g","Kotányi GmbH, A-2120 Wolkersdorf, Postfach 66",,"A-2120 Wolkersdorf, Postfach 66",info@kotanyi.com,,Obst & Gemüse > Trockenfrüchte & Nüsse,https://shop.billa.at/produkte/kotanyi-apfelzimt-chips-00323646,"Bei den knusprigen Apfel-Zimt Chips von Kotányi verbindet sich das umwerfend würzige Aroma von Zimt mit der natürlichen Süße von österreichischen Äpfeln. Diese Geschmacks-Kombination verführt zu einem knusprig leichten Genuss - zum Frühstück im Müsli, nach dem Sport oder unterwegs.",kg,Billa
00-577742,Trockenfrüchte & Nüsse,Landgarten,Landgarten Bio Veggie Mix,,2.49,"pp-veget,pp-vegan,pp-glutenfr,homecountry,pp-bio",,40g,Beutel,0.044,"Zutaten: SOJABOHNEN* 66%, Kürbiskerne* 15%, Tomatenflocken* 7%, Zucchiniwürfel* 6%, Tomatenpulver* 1,4%, Meersalz, Gewürze*, Knoblauchzubereitung* (Knoblauch*, Meersalz), Gewürzextrakte*, Dextrose*. *aus kontrolliert biologischem Anbau Kann Spuren von Schalenfrüchten enthalten.",6.23,https://images.cdn.europe-west1.gcp.commercetools.com/723b2575-66c7-4d92-ae49-82bf1d168d26/00-577742-0173508082-X9LzU1Nu.jpg,"Energie: 1915.0 kJ, Energie: 443.0 kcal, Fett: 24.0 g, davon gesättigte Fettsäuren: 4.0 g, Kohlenhydrate: 16.0 g, davon Zucker: 7.1 g, Ballaststoffe: 15.0 g, Eiweiß: 38.0 g, Salz: 1.5 g","Landgarten GmbH & Co. KG, Alte Wiener Straße 25, 2460 Bruck/Leitha Österreich",0043 2162-64504,"Alte Wiener Straße 25, 2460 Bruck/Leitha Österreich",,,Vorratsschrank > Süßes & Salziges > Trockenfrüchte,https://shop.billa.at/produkte/landgarten-bio-veggie-mix-00577742,"Eine Snack Mischung die zum Experimentieren einlädt: Ob zum Knabbern oder als Topping für Salate und Cremesuppen. Der Bio Protein Mix Veggie aus gerösteten und gesalzenen Sojabohnen und Kürbiskernen aus Österreich, mit getrockneten Tomatenflocken und Zucchiniwürfeln ist der perfekte Snack für den innovativen und kreativen Gemüse(-Snack)liebhaber.",g,Billa
00-244089,Trockenfrüchte & Nüsse,Fink,Fink Apfelchips 90g,Österreich,3.19,"pp-veget,pp-vegan,homecountry,pp-bio",,90g,Beutel,0.099,100% Bio Äpfel,35.44,https://images.cdn.europe-west1.gcp.commercetools.com/723b2575-66c7-4d92-ae49-82bf1d168d26/00-244089-143051050-6ZwlUg2m.jpg,"Energie: 331.0 kcal, Energie: 1402.0 kJ, Fett: 0.85 g, davon gesättigte Fettsäuren: 0.01 g, Kohlenhydrate: 68.8 g, davon Zucker: 64.0 g, Eiweiß: 3.27 g, Salz: 0.01 g","Fink Jutta, 8283 Grafendorf, Lechen 23",,"8283 Grafendorf, Lechen 23",,,Obst & Gemüse > Trockenfrüchte & Nüsse,https://shop.billa.at/produkte/fink-apfelchips-90g-00244089,"Die knackigen Apfelchips von Fink sättigen und sind ein gesunder Snack. Getrocknete Äpfel versorgen den Körper mit Fruchtzucker, Vitaminen und Mineralien. fruchtig-süßer Knusperspaß, beste Bio-Qualität, laktosefrei",kg,Billa
00-502027,Trockenfrüchte & Nüsse,Pesendorfer,Pesendorfer Saurer Apfel,,5.09,"pp-veget,pp-vegan",,200g,Packung,0.203,"Zutaten: Äpfel, Zucker, Antioxidationsmittel SCHWEFELDIOXID, Säuerungsmittel: Zitronensäure.",25.45,https://images.cdn.europe-west1.gcp.commercetools.com/723b2575-66c7-4d92-ae49-82bf1d168d26/00-502027-1051949566-dN_UlQzK.jpg,"Energie: 342.0 kcal, Energie: 150.0 kJ, Fett: 0.0 g, davon gesättigte Fettsäuren: 0.0 g, Kohlenhydrate: 82.0 g, davon Zucker: 74.0 g, Eiweiß: 0.8 g, Salz: 0.01 g","GM Pesendorfer GmbH, 4810 Gmunden - PF100",,4810 Gmunden - PF100,,,Obst & Gemüse > Trockenfrüchte & Nüsse,https://shop.billa.at/produkte/pesendorfer-saurer-apfel-00502027,"Sauer macht lustig: Pesendorfer Saurer Apfel ist ein frecher Snack für alle Naschkatzen. Das getrocknete Obst ist herrlich sauer und leicht gezuckert. fruchtig-saurer Snack aus Trockenobst, ausgezeichnete Qualität",kg,Billa
00-387511,Trockenfrüchte & Nüsse,Kotányi,Kotányi Apfel Chips,Österreich,2.19,"pp-veget,pp-vegan,homecountry",,40g,Beutel,0.047,"Zutaten: Apfelstücke getrocknet. Kann Spuren von glutenhältigem Getreide, Ei, Soja, Sellerie, Sesam, Milch (Laktose) und Senf enthalten.",54.75,https://images.cdn.europe-west1.gcp.commercetools.com/723b2575-66c7-4d92-ae49-82bf1d168d26/00-387511-1038764146-5LmpswSB.jpg,"Energie: 262.0 kcal, Energie: 1106.0 kJ, Fett: 1.6 g, davon gesättigte Fettsäuren: 0.7 g, Kohlenhydrate: 55.0 g, davon Zucker: 50.0 g, Eiweiß: 1.4 g, Salz: 0.03 g","Kotányi GmbH, A-2120 Wolkersdorf, Postfach 66",,"A-2120 Wolkersdorf, Postfach 66",info@kotanyi.com,,Obst & Gemüse > Trockenfrüchte & Nüsse,https://shop.billa.at/produkte/kotanyi-apfel-chips-00387511,"Die knusprigen Apfel Chips von Kotányi sind der natürliche Snack für jede Gelegenheit: für die Schule, nach dem Sport oder zu Hause. Sie schmecken köstlich fruchtig und verleihen auch Müsli und Desserts eine natürliche Süße mit Crunch.",kg,Billa
00-418042,Trockenfrüchte & Nüsse,Seeberger,Seeberger Soft Pflaumen,Türkei,4.79,"pp-veget,pp-vegan,pp-glutenfr",,200g,Beutel,0.207,,23.95,https://images.cdn.europe-west1.gcp.commercetools.com/723b2575-66c7-4d92-ae49-82bf1d168d26/00-418042-0190211919-U4N92RaP.jpg,"Fett: 0.5 g, davon gesättigte Fettsäuren: 0.1 g, Kohlenhydrate: 52.0 g, davon Zucker: 28.0 g, Eiweiß: 2.8 g, Salz: 0.02 g","Seeberger GmbH, D-89025 Ulm, Deutschland",,"D-89025 Ulm, Deutschland",,,Obst & Gemüse > Trockenfrüchte & Nüsse,https://shop.billa.at/produkte/seeberger-soft-pflaumen-00418042,"Die Soft Pflaumen von Seeberger mit ihrer natürlichen Fruchtsüße sind ein Genuss als Snack oder als fruchtige Zutat beim Kochen und Backen. entsteint und essfertig, frei von Konservierungsstoffen",kg,Billa
00-504230,Trockenfrüchte & Nüsse,Pesendorfer,Pesendorfer Cashew Caramel,,6.99,pp-veget,,200g,Beutel,0.203,"Zutaten: CASHEW 71%, Zucker, Glukose Sirup, Sonnenblumenöl, Emulgator: Gummi Arabicum, Sonnenblumen Lecithin, Honig. Kann Spuren von anderen Schalenfrüchten u.Erdnuss enthalten.",34.95,https://images.cdn.europe-west1.gcp.commercetools.com/723b2575-66c7-4d92-ae49-82bf1d168d26/00-504230-479528770-_ydaA-_7.jpg,"Energie: 574.0 kcal, Energie: 2388.0 kJ, Fett: 39.0 g, davon gesättigte Fettsäuren: 7.0 g, Kohlenhydrate: 37.0 g, davon Zucker: 24.0 g, Eiweiß: 17.0 g, Salz: 0.02 g","GM Pesendorfer GmbH, 4810 Gmunden - PF100, Austria",,"4810 Gmunden - PF100, Austria",,,Obst & Gemüse > Trockenfrüchte & Nüsse,https://shop.billa.at/produkte/pesendorfer-cashew-caramel-00504230,Cashew Nüsse mit einem Cramelmantel veredelt.,kg,Billa
00-503460,Trockenfrüchte & Nüsse,Pesendorfer,Pesendorfer Para Supernuss,,6.99,"pp-veget,pp-vegan",,200g,Paket,0.203,,34.95,https://images.cdn.europe-west1.gcp.commercetools.com/723b2575-66c7-4d92-ae49-82bf1d168d26/00-503460-1601617832-tSprq6Zi.jpg,"Energie: 692.0 kcal, Energie: 2853.0 kJ, Fett: 67.0 g, davon gesättigte Fettsäuren: 17.0 g, Kohlenhydrate: 5.0 g, davon Zucker: 2.0 g, Eiweiß: 15.0 g, Salz: 0.03 g","GM Pesendorfer GmbH, 4810 Gmunden - PF100",,4810 Gmunden - PF100,,,Obst & Gemüse > Trockenfrüchte & Nüsse,https://shop.billa.at/produkte/pesendorfer-para-supernuss-00503460,"Wie die meisten anderen Nüsse enthalten auch Paranüsse große Mengen an wertvollem Protein. Vor allem aber rühmen Experten die Paranuss als den größten natürlichen Lieferant für Selen. Das Spurenelement Selen ist Bestandteil wichtiger Enzyme und hilft den Körperzellen bei der Abwehr von zellschädigenden freien Radikalen, außerdem kann es auch die Abwehrkräfte des Immunsystems stärken. Verstärkt wird der Effekt bei Paranüssen noch durch bestimmte Aminosäuren, die dem Körper die Selen-Aufnahme zusätzlich erleichtern.",kg,Billa
00-651936,Trockenfrüchte & Nüsse,Seeberger,Seeberger Mango getrocknet,,3.99,"pp-veget,pp-vegan,pp-glutenfr",,100g,Packung,0.106,"Zutaten: Mangostreifen, Kartoffelstärke, Antioxidationsmittel: NATRIUMMETABISULFIT.
.",39.9,https://images.cdn.europe-west1.gcp.commercetools.com/723b2575-66c7-4d92-ae49-82bf1d168d26/00-651936-503634199-kuV3N2AX.jpg,"Energie: 326.0 kcal, Energie: 1380.0 kJ, Fett: 0.9 g, davon gesättigte Fettsäuren: 0.4 g, Kohlenhydrate: 71.0 g, davon Zucker: 54.0 g, Eiweiß: 2.8 g, Salz: 0.14 g","Seeberger GmbH, D-89025 Ulm, Deutschland",,"D-89025 Ulm, Deutschland",,,Obst & Gemüse > Trockenfrüchte & Nüsse,https://shop.billa.at/produkte/seeberger-mango-getrocknet-00651936,"Die leuchtend-orangenen Früchte von Seeberger stammen aus Westafrika, Südafrika und Südamerika, sind herrlich groß und einmalig fruchtig. Ohne Zuckerzusatz, Fruchtiger Geschmack, Große Mangostreifen",kg,Billa
00-433762,Trockenfrüchte & Nüsse,Seeberger,Seeberger Cranberries,Kanada,2.99,"pp-veget,pp-vegan,pp-glutenfr",,125g,Beutel,0.129,"Zutaten: Cranberries (60 %), Zucker, Sonnenblumenöl.",23.92,https://images.cdn.europe-west1.gcp.commercetools.com/723b2575-66c7-4d92-ae49-82bf1d168d26/00-433762-0857744648-1P9GrHS1.jpg,"Fett: 1.3 g, davon gesättigte Fettsäuren: 0.4 g, Kohlenhydrate: 78.0 g, davon Zucker: 63.0 g, Eiweiß: 0.3 g, Salz: 0.03 g","Seeberger GmbH, D-89025 Ulm, Deutschland",,"D-89025 Ulm, Deutschland",,,Obst & Gemüse > Trockenfrüchte & Nüsse,https://shop.billa.at/produkte/seeberger-cranberries-00433762,"Die Seeberger Cranberries geben dem Müsli und anderen Speisen eine fruchtige Note. Die halbierten Früchte sind getrocknet und angenehm gesüßt. gut geeignet als Snack zwischendurch, perfekte Zutat für Muffins und andere Desserts",kg,Billa
00-641749,Trockenfrüchte & Nüsse,Pesendorfer,Pesendorfer Feigen getrocknet,,5.49,"pp-veget,pp-vegan",,250g,Packung,0.253,,21.96,https://images.cdn.europe-west1.gcp.commercetools.com/723b2575-66c7-4d92-ae49-82bf1d168d26/00-641749-558164728-7t9hfY0Y.jpg,"Energie: 257.0 kcal, Energie: 1088.0 kJ, Fett: 0.9 g, davon gesättigte Fettsäuren: 0.1 g, Kohlenhydrate: 54.0 g, davon Zucker: 48.0 g, Eiweiß: 3.3 g, Salz: 0.03 g","GM Pesendorfer GmbH, 4810 Gmunden - PF100",,4810 Gmunden - PF100,,,Obst & Gemüse > Trockenfrüchte & Nüsse,https://shop.billa.at/produkte/pesendorfer-feigen-getrocknet-00641749,"Beliebt als Nascherei und als natürlicher Zuckerzusatz beim Backen sind die getrockneten Feigen von Pesendorfer. Sie schmecken herrlich süß und aromatisch. köstliches Trockenobst, von Natur aus besonders süß",kg,Billa
00-406385,Trockenfrüchte & Nüsse,Pesendorfer,Pesendorfer Plaumen Getrocknet,,5.19,"pp-veget,pp-vegan",,250g,Beutel,0.253,"Zutaten: Pflaumen, Konservierungsstoff: Sorbinsäure. Auszuckerung ist arttypisch.",20.76,https://images.cdn.europe-west1.gcp.commercetools.com/723b2575-66c7-4d92-ae49-82bf1d168d26/00-406385-0163872878-O86dOTy8.jpg,"Energie: 931.0 kJ, Energie: 221.0 kcal, Fett: 0.1 g, davon gesättigte Fettsäuren: 0.0 g, Kohlenhydrate: 45.0 g, davon Zucker: 45.0 g, Eiweiß: 2.0 g, Salz: 0.03 g","GM Pesendorfer GmbH, 4810 Gmunden - PF100",,4810 Gmunden - PF100,,,Obst & Gemüse > Trockenfrüchte & Nüsse,https://shop.billa.at/produkte/pesendorfer-plaumen-getrocknet-00406385,"Getrocknete Pesendorfer Pflaumen verführen Stück für Stück zum Naschen. Sie munden als gesunder Snack oder als Zusatz im Müsli oder Joghurt. entsteinte und getrocknete Pflaumen, ohne Zuckerzusatz",kg,Billa
00-352570,Trockenfrüchte & Nüsse,Pesendorfer,Pesendorfer Himbeeren ganze Frucht,,5.39,"pp-veget,pp-vegan",,30g,Beutel,0.033,Zutaten: 100% Himbeere getrocknet,179.67,https://images.cdn.europe-west1.gcp.commercetools.com/723b2575-66c7-4d92-ae49-82bf1d168d26/00-352570-0102991621-ng2WKRTJ.jpg,"Energie: 295.0 kcal, Energie: 1236.0 kJ, Fett: 1.5 g, davon gesättigte Fettsäuren: 0.1 g, Kohlenhydrate: 47.0 g, davon Zucker: 30.0 g, Eiweiß: 7.4 g, Salz: 0.01 g","GM Pesendorfer GmbH, 4810 Gmunden - PF100- AUSTRIA",,4810 Gmunden - PF100- AUSTRIA,,,Obst & Gemüse > Trockenfrüchte & Nüsse,https://shop.billa.at/produkte/pesendorfer-himbeeren-ganze-frucht-00352570,", Knusprige Früchte",kg,Billa
00-445078,Trockenfrüchte & Nüsse,Pesendorfer,Pesendorfer Mango Spezial,,5.39,"pp-veget,pp-vegan",,150g,Packung,0.153,"Zutaten: Mango, Antioxidationsmittel: E223 NATRIUMDISULFIT. Enthält von Natur aus Zucker.",35.93,https://images.cdn.europe-west1.gcp.commercetools.com/723b2575-66c7-4d92-ae49-82bf1d168d26/00-445078-0651908152-HsdWUfdn.jpg,"Energie: 323.0 kcal, Energie: 1373.0 kJ, Fett: 0.5 g, davon gesättigte Fettsäuren: 0.5 g, Kohlenhydrate: 77.0 g, davon Zucker: 74.0 g, Eiweiß: 2.0 g, Salz: 0.03 g","GM Pesendorfer GmbH, 4810 Gmunden - PF100",,4810 Gmunden - PF100,,,Obst & Gemüse > Trockenfrüchte & Nüsse,https://shop.billa.at/produkte/pesendorfer-mango-spezial-00445078,"Intensiv fruchtig und natürlich süß - die Mango Spezial von Pesendorfer besteht aus 100 % getrockneter Frucht ohne Zuckerzusatz und sonstige Zusatzstoffe. getrocknete Mango, schmackhaft als gesunder Snack",kg,Billa
00-693186,Trockenfrüchte & Nüsse,Seeberger,Seeberger Beeren Nuss Mix,,6.49,"pp-veget,pp-vegan,pp-glutenfr",,150g,Packung,0.155,"Zutaten: Obst in veränderlichen Gewichtsanteilen (PARANUSSKERNE, Physalis,  CASHEWKERNE, Cranberries, blanchierte MANDELN), Zucker, Himbeeren, Sonnenblumenöl, Stabilisator: Calciumchlorid. 
Kann Spuren von Erdnüssen, Haselnüssen, Macadamianüssen, Pekannüssen, Pistazien und Walnüssen enthalten.",43.27,https://images.cdn.europe-west1.gcp.commercetools.com/723b2575-66c7-4d92-ae49-82bf1d168d26/00-693186-0921420934-jWu3UUbz.jpg,"Fett: 30.0 g, davon gesättigte Fettsäuren: 5.6 g, davon einfach ungesättigte Fettsäuren: 14.0 g, Kohlenhydrate: 35.0 g, davon Zucker: 29.0 g, Eiweiß: 12.0 g, Salz: 0.02 g","Seeberger GmbH, D-89025 Ulm, Deutschland",,"D-89025 Ulm, Deutschland",,,Obst & Gemüse > Trockenfrüchte & Nüsse,https://shop.billa.at/produkte/seeberger-beeren-nuss-mix-00693186,"Säuerlich-herb und nussig: Der bunte Seeberger Beeren Nuss Mix ist ein fruchtiger Knabberspaß für die ganze Familie. enthält getrocknetes Obst und Nusskerne, hoher Anteil an gesättigten Fettsäuren und Ballaststoffen, auch geeignet für die vegetarische und vegane Ernährung",kg,Billa
00-757994,Trockenfrüchte & Nüsse,BILLA Bio,BILLA Bio Mangoscheiben,Bulgarien,5.99,"pp-bio,pp-glutenfr,pp-vegan,pp-veget","Glutenfrei - Spezifiziert als geeignet für eine glutenfreie Diät, Vegetarisch - Ohne Fleisch, Fisch oder andere tierische Produkte, Vegan - Ohne Milchprodukte und tierische Inhaltsstoffe",200g,Beutel,0.207,"Mangoscheiben* getrocknet.
*aus biologischer Landwirtschaft",29.95,https://images.cdn.europe-west1.gcp.commercetools.com/723b2575-66c7-4d92-ae49-82bf1d168d26/00-757994-470967193-pWRFD4qg.jpg,"Energie: 1250.0 kJ, Energie: 296.0 kcal, Fett: 2.2 g, davon gesättigte Fettsäuren: 0.5 g, Kohlenhydrate: 62.0 g, davon Zucker: 60.0 g, Eiweiß: 2.9 g, Salz: 0.01 g, Ballaststoffe: 8.2 g","Billa AG, IZ NÖ Süd, Straße 3, Objekt 16, 2355 Wr. Neudorf",0800 828 700,"IZ NÖ Süd, Straße 3, Objekt 16, 2355 Wr. Neudorf",kundenservice@billa.at,,Obst & Gemüse > Trockenfrüchte & Nüsse,https://shop.billa.at/produkte/billa-bio-mangoscheiben-00757994,,kg,Billa
00-777583,Trockenfrüchte & Nüsse,BILLA Bio,BILLA Bio Pflaumen,Bulgarien,2.99,pp-bio,"Vegetarisch - Ohne Fleisch, Fisch oder andere tierische Produkte, Vegan - Ohne Milchprodukte und tierische Inhaltsstoffe",200g,Beutel,0.204,,14.95,https://images.cdn.europe-west1.gcp.commercetools.com/723b2575-66c7-4d92-ae49-82bf1d168d26/00-777583-0172509093-r_t7xnxO.jpg,,,,,,,Obst & Gemüse > Trockenfrüchte & Nüsse,https://shop.billa.at/produkte/billa-bio-pflaumen-00777583,"Fruchtig, ballaststoffreich und vielseitig – getrocknete Pflaumen sind der perfekte Snack für zwischendurch. Ideal zum Verfeinern von Müsli, zum Backen oder in einem Kompott. getrocknet und entsteint, Ballaststoffquelle, ungeschwefelt* *gemäß EU-Bio-Verordnung",kg,Billa
00-876548,Trockenfrüchte & Nüsse,BILLA Bio,BILLA Bio Gojibeeren,Volksrepublik China,3.49,pp-bio,"Glutenfrei - Spezifiziert als geeignet für eine glutenfreie Diät, Vegetarisch - Ohne Fleisch, Fisch oder andere tierische Produkte, Vegan - Ohne Milchprodukte und tierische Inhaltsstoffe",100g,Beutel,0.103,"Zutaten: Gojibeeren getrocknet* 100%.

*aus biologischer Landwirtschaft",34.9,https://images.cdn.europe-west1.gcp.commercetools.com/723b2575-66c7-4d92-ae49-82bf1d168d26/00-876548-065314587-leLLqimm.jpg,"Energie: 1334.0 kJ, Energie: 316.0 kcal, Fett: 2.8 g, davon gesättigte Fettsäuren: 0.9 g, davon einfach ungesättigte Fettsäuren: 0.6 g, davon mehrfach ungesättigte Fettsäuren: 1.3 g, Kohlenhydrate: 54.0 g, davon Zucker: 54.0 g, Eiweiß: 11.0 g, Salz: 0.73 g, Ballaststoffe: 13.0 g, Organische Säuren: 2.3 g","Billa AG, IZ NÖ Süd, Straße 3, Objekt 16, 2355 Wr. Neudorf",0800 828 700,"IZ NÖ Süd, Straße 3, Objekt 16, 2355 Wr. Neudorf",kundenservice@billa.at,,Obst & Gemüse > Trockenfrüchte & Nüsse,https://shop.billa.at/produkte/billa-bio-gojibeeren-00876548,"Klein, Rot, Bio - aber keine Hagebutte. Die kleinen Powerfrüchte, die jedem Snack und jedem Gericht herb-säuerlichen Geschmack verleihen. Ballaststoffreich, Herb-fruchtiger Superfood, Perfektes Topping für Müslis oder Porridge",kg,Billa
