name,url
Commercial Gas Ranges,https://www.webstaurantstore.com/25887/commercial-gas-ranges.html
Countertop Gas Ranges,https://www.webstaurantstore.com/15045/countertop-gas-ranges.html
Countertop Induction Burners and Induction Cookers,https://www.webstaurantstore.com/15055/countertop-induction-ranges-and-induction-cookers.html
Single Burner,https://www.webstaurantstore.com/15055/countertop-induction-ranges-and-induction-cookers.html?filter=number-of-burners:single
Double Burner,https://www.webstaurantstore.com/15055/countertop-induction-ranges-and-induction-cookers.html?filter=number-of-burners:double
Drop-In,https://www.webstaurantstore.com/15055/countertop-induction-ranges-and-induction-cookers.html?filter=installation-type:drop-in
Induction Wok Ranges,https://www.webstaurantstore.com/15055/countertop-induction-ranges-and-induction-cookers.html?filter=type:induction-wok-ranges
Commercial Electric Ranges,https://www.webstaurantstore.com/25875/commercial-electric-ranges.html
Stock Pot Ranges and Burners,https://www.webstaurantstore.com/54155/stock-pot-ranges.html
Wok Burners and Wok Ranges,https://www.webstaurantstore.com/15057/wok-ranges.html
Electric Burners and Hot Plates,https://www.webstaurantstore.com/15043/countertop-electric-ranges.html
Gas Griddles,https://www.webstaurantstore.com/24057/gas-countertop-griddles.html
Propane Gas Griddles,https://www.webstaurantstore.com/24057/gas-countertop-griddles.html?filter=power-type:liquid-propane
Electric Griddles,https://www.webstaurantstore.com/24059/electric-countertop-griddles.html
Standard Duty Electric Griddles,https://www.webstaurantstore.com/24059/electric-countertop-griddles.html?filter=usage:standard-duty
Outdoor Griddles,https://www.webstaurantstore.com/59243/outdoor-griddles.html
Teppanyaki Griddles,https://www.webstaurantstore.com/14555/teppanyaki-griddles.html
Charbroilers,https://www.webstaurantstore.com/50437/charbroilers.html
Freestanding Charbroilers,https://www.webstaurantstore.com/50437/charbroilers.html?filter=installation-type:freestanding
Electric Charbroilers,https://www.webstaurantstore.com/50437/charbroilers.html?filter=power-type:electric
Modular Charbroilers,https://www.webstaurantstore.com/50437/charbroilers.html?filter=installation-type:modular
Drop-in Charbroilers,https://www.webstaurantstore.com/50437/charbroilers.html?filter=installation-type:drop-in
Outdoor Grills,https://www.webstaurantstore.com/14717/commercial-outdoor-grills.html
Built-In Outdoor Grills,https://www.webstaurantstore.com/14717/commercial-outdoor-grills.html?filter=usage:built-in-outdoor-grills
Charcoal Outdoor Grills,https://www.webstaurantstore.com/14717/commercial-outdoor-grills.html?filter=power-type:charcoal
Griddles,https://www.webstaurantstore.com/14717/commercial-outdoor-grills.html?filter=type:griddles
Panini Grills,https://www.webstaurantstore.com/14613/commercial-panini-grills.html
Cast Iron Plates,https://www.webstaurantstore.com/14613/commercial-panini-grills.html?filter=plate-material:cast-iron
Smooth Top & Bottom Plates,https://www.webstaurantstore.com/14613/commercial-panini-grills.html?filter=plate-configuration:smooth-top-bottom
Commercial Gas Fryers,https://www.webstaurantstore.com/14399/gas-fryers.html
Gas Countertop Fryers,https://www.webstaurantstore.com/14399/gas-fryers.html?filter=type:gas-countertop-fryers
Liquid Propane Gas Fryers,https://www.webstaurantstore.com/14399/gas-fryers.html?filter=power-type:liquid-propane
Commercial Electric Fryers,https://www.webstaurantstore.com/14389/electric-fryers.html
Electric Countertop Fryers,https://www.webstaurantstore.com/14389/electric-fryers.html?filter=type:electric-countertop-fryers
Electric Floor Fryers with Built-In Filtration,https://www.webstaurantstore.com/14389/electric-fryers.html?filter=features:built-in-filtration-system
Electric Drop-In Fryers,https://www.webstaurantstore.com/14389/electric-fryers.html?filter=type:drop-in-fryers
Fryer Oil Filtration Machines,https://www.webstaurantstore.com/25921/fryer-oil-filtration-machines.html
Fryer Oil Filtration Accessories,https://www.webstaurantstore.com/14423/fryer-oil-filtration-accessories.html
Fryer Oil Transporters,https://www.webstaurantstore.com/50151/fryer-oil-transporters.html
Fryer Oil Stabilizer and Fryer Filter Powder,https://www.webstaurantstore.com/14429/fryer-oil-stabilizer-and-fryer-filter-powder.html
Fryer Parts and Accessories,https://www.webstaurantstore.com/14431/fryer-parts-and-accessories.html
Filter System Parts,https://www.webstaurantstore.com/14431/fryer-parts-and-accessories.html?filter=type:filter-system-parts
Fryer Covers,https://www.webstaurantstore.com/14431/fryer-parts-and-accessories.html?filter=type:fryer-covers
Ventless Countertop Fryers,https://www.webstaurantstore.com/14393/ventless-countertop-fryers.html
"Funnel Cake, Donut, and Specialty Fryers",https://www.webstaurantstore.com/14411/funnel-cake-donut-and-specialty-fryers.html
Commercial Convection Ovens,https://www.webstaurantstore.com/14181/commercial-convection-ovens.html
Electric Ovens,https://www.webstaurantstore.com/14181/commercial-convection-ovens.html?filter=power-type:electric
Natural Gas Ovens,https://www.webstaurantstore.com/14181/commercial-convection-ovens.html?filter=power-type:natural-gas
Liquid Propane Ovens,https://www.webstaurantstore.com/14181/commercial-convection-ovens.html?filter=power-type:liquid-propane
Countertop Convection Ovens,https://www.webstaurantstore.com/14183/countertop-convection-ovens.html
Combination Ovens,https://www.webstaurantstore.com/14625/combination-ovens.html
Electric Ovens,https://www.webstaurantstore.com/14625/combination-ovens.html?filter=power-type:electric
Natural Gas Ovens,https://www.webstaurantstore.com/14625/combination-ovens.html?filter=power-type:natural-gas
Liquid Propane Ovens,https://www.webstaurantstore.com/14625/combination-ovens.html?filter=power-type:liquid-propane
Ventless Ovens,https://www.webstaurantstore.com/14625/combination-ovens.html?filter=features:ventless
Rapid Cook / High Speed Hybrid Ovens,https://www.webstaurantstore.com/22267/rapid-cook-high-speed-hybrid-ovens.html
Conveyor Ovens and Impinger Ovens,https://www.webstaurantstore.com/14185/conveyor-ovens-and-impinger-ovens.html
Countertop Pizza Ovens,https://www.webstaurantstore.com/14193/countertop-pizza-ovens.html
Pizza Deck Ovens,https://www.webstaurantstore.com/14189/pizza-deck-ovens.html
Commercial Outdoor Pizza Ovens,https://www.webstaurantstore.com/57361/commercial-outdoor-pizza-ovens.html
Wood-Fired Pizza Ovens,https://www.webstaurantstore.com/57361/commercial-outdoor-pizza-ovens.html?filter=fuel-type:wood-burning
Countertop Pizza Oven Parts and Accessories,https://www.webstaurantstore.com/47021/countertop-pizza-oven-parts-and-accessories.html
Deck Oven and Pizza Oven Parts and Accessories,https://www.webstaurantstore.com/46505/deck-oven-and-pizza-oven-parts-and-accessories.html
Cook and Hold Ovens / Cabinets,https://www.webstaurantstore.com/14107/cook-and-hold-ovens-cabinets.html
Commercial Microwaves,https://www.webstaurantstore.com/14351/commercial-microwaves.html
Light-Duty,https://www.webstaurantstore.com/14351/commercial-microwaves.html?filter=microwave-usage-level:light-duty
Medium-Duty,https://www.webstaurantstore.com/14351/commercial-microwaves.html?filter=microwave-usage-level:medium-duty
Heavy-Duty,https://www.webstaurantstore.com/14351/commercial-microwaves.html?filter=microwave-usage-level:heavy-duty
Microwave Steamers,https://www.webstaurantstore.com/14629/commercial-steamers.html?filter=type:steamer-microwaves
Commercial Charcoal Ovens,https://www.webstaurantstore.com/67317/commercial-charcoal-ovens.html
Commercial Toasters,https://www.webstaurantstore.com/14603/commercial-conveyor-toasters.html
Pop-Up Toasters,https://www.webstaurantstore.com/14603/commercial-conveyor-toasters.html?filter=type:pop-up-toasters
Bun Toasters,https://www.webstaurantstore.com/14603/commercial-conveyor-toasters.html?filter=type:contact-toasters
Commercial Steamers,https://www.webstaurantstore.com/14629/commercial-steamers.html
Countertop Steamers,https://www.webstaurantstore.com/14629/commercial-steamers.html?filter=style:countertop
Convection Steamers,https://www.webstaurantstore.com/14629/commercial-steamers.html?filter=type:convection-steamers
Steam Kettles,https://www.webstaurantstore.com/14635/steam-kettles.html
Electric Steam Kettles,https://www.webstaurantstore.com/14635/steam-kettles.html?filter=power-type:electric
Natural Gas Steam Kettles,https://www.webstaurantstore.com/14635/steam-kettles.html?filter=power-type:natural-gas
Steam Powered Steam Kettles,https://www.webstaurantstore.com/14635/steam-kettles.html?filter=power-type:steam
Tilt Skillets / Braising Pans,https://www.webstaurantstore.com/14637/tilt-skillets-braising-pans.html
Commercial Waffle Makers,https://www.webstaurantstore.com/36731/commercial-waffle-makers.html
Belgian Waffle Irons,https://www.webstaurantstore.com/36731/commercial-waffle-makers.html?filter=type:belgian-waffle-irons
"Condiment, Topping & Sauce Warmers",https://www.webstaurantstore.com/17113/condiment-topping-sauce-warmers.html
Nacho Cheese Dispensers,https://www.webstaurantstore.com/17113/condiment-topping-sauce-warmers.html?filter=application:nacho-cheese
Hot Fudge Warmers,https://www.webstaurantstore.com/17113/condiment-topping-sauce-warmers.html?filter=application:hot-fudge
Popcorn Butter Dispensers,https://www.webstaurantstore.com/17113/condiment-topping-sauce-warmers.html?filter=application:buttery-topping
Popcorn Poppers,https://www.webstaurantstore.com/13365/popcorn-poppers.html
Hot Air Poppers,https://www.webstaurantstore.com/13365/popcorn-poppers.html?filter=type:hot-air-poppers
Popcorn Machines Made in USA,https://www.webstaurantstore.com/13365/popcorn-poppers.html?filter=features:made-in-america
Stainless Steel Popcorn Machines,https://www.webstaurantstore.com/13365/popcorn-poppers.html?filter=kettle-material:stainless-steel
Aluminum Popcorn Machines,https://www.webstaurantstore.com/13365/popcorn-poppers.html?filter=kettle-material:aluminum
Popcorn Carts and Display Stands,https://www.webstaurantstore.com/31977/popcorn-carts-and-display-stands.html
Popcorn Merchandisers,https://www.webstaurantstore.com/13367/popcorn-merchandisers.html
Popcorn Caramelizers,https://www.webstaurantstore.com/64063/popcorn-caramelizers.html
Cotton Candy Machines,https://www.webstaurantstore.com/13369/cotton-candy-machines.html
Snow Cone Machines and Commercial Ice Shavers,https://www.webstaurantstore.com/13371/snow-cone-machines-and-commercial-ice-shavers.html
Commercial Hot Dog Rollers,https://www.webstaurantstore.com/25645/commercial-hot-dog-rollers.html
Hot Dog Steamers and Bun Steamers,https://www.webstaurantstore.com/13385/hot-dog-steamers-and-bun-steamers.html
Hot Dog Roller Grill Bun Boxes and Bun Warmers,https://www.webstaurantstore.com/13357/hot-dog-roller-grill-bun-boxes-and-bun-warmers.html
Hot Dog Carts,https://www.webstaurantstore.com/13355/hot-dog-merchandisers-and-hot-dog-hawkers.html
Hot Dog Roller Grill Sneeze Guards,https://www.webstaurantstore.com/13359/hot-dog-roller-grill-sneeze-guards.html
Hot Dog Equipment Parts and Accessories,https://www.webstaurantstore.com/41555/hot-dog-equipment-parts-and-accessories.html
Crepe Makers,https://www.webstaurantstore.com/36727/crepe-makers.html
Electric Crepe Makers,https://www.webstaurantstore.com/36727/crepe-makers.html?filter=power-type:electric
Propane Crepe Makers,https://www.webstaurantstore.com/36727/crepe-makers.html?filter=power-type:liquid-propane
Natural Gas Crepe Makers,https://www.webstaurantstore.com/36727/crepe-makers.html?filter=power-type:natural-gas
Cast Iron Crepe Makers,https://www.webstaurantstore.com/36727/crepe-makers.html?filter=cooking-surface-material:cast-iron
Commercial Kitchen Hoods,https://www.webstaurantstore.com/57495/commercial-kitchen-hoods.html
Restaurant Hood Systems,https://www.webstaurantstore.com/57489/restaurant-hood-systems.html
Ventless Hood Systems,https://www.webstaurantstore.com/56229/ventless-hood-systems.html
Pig Roasters,https://www.webstaurantstore.com/14717/commercial-outdoor-grills.html?filter=type:pig-roasters
Argentinian Grills,https://www.webstaurantstore.com/14717/commercial-outdoor-grills.html?filter=type:argentinian-grill
Outdoor Gas Stoves,https://www.webstaurantstore.com/14721/outdoor-gas-stoves-and-burners.html
Built-In Grills & Storage,https://www.webstaurantstore.com/63815/built-in-grills.html
Outdoor Hand Sinks,https://www.webstaurantstore.com/14943/hand-sinks-and-accessories.html?filter=usage:outdoor
Outdoor Smokehouses,https://www.webstaurantstore.com/14757/outdoor-smokehouses.html
Vertical Smokers,https://www.webstaurantstore.com/14757/outdoor-smokehouses.html?filter=type:vertical-smokers
Charcoal Smokers,https://www.webstaurantstore.com/14757/outdoor-smokehouses.html?filter=power-type:charcoal
"Outdoor Fryers, Boilers, and Steamers",https://www.webstaurantstore.com/14727/outdoor-steamers-and-outdoor-fryers.html
Turkey Fryers,https://www.webstaurantstore.com/56119/turkey-fryers.html
Gas Connectors and Gas Hoses,https://www.webstaurantstore.com/14821/gas-connectors-and-gas-hoses.html
Exhaust Hood Filters and Accessories,https://www.webstaurantstore.com/14823/exhaust-hood-filters-and-accessories.html
Range Parts and Accessories,https://www.webstaurantstore.com/15053/range-parts-and-accessories.html
Reach-In Refrigerators,https://www.webstaurantstore.com/52705/reach-in-refrigerators.html
Solid Door Reach-In Refrigerators,https://www.webstaurantstore.com/52705/reach-in-refrigerators.html?filter=door-type:solid
Glass Door Reach-In Refrigerators,https://www.webstaurantstore.com/52705/reach-in-refrigerators.html?filter=door-type:glass
Reach-In Freezers,https://www.webstaurantstore.com/52711/reach-in-freezers.html
Solid Door Reach-In Freezers,https://www.webstaurantstore.com/52711/reach-in-freezers.html?filter=door-type:solid
Glass Door Reach-In Freezers,https://www.webstaurantstore.com/52711/reach-in-freezers.html?filter=door-type:glass
Combination Reach-In Refrigerators and Freezers,https://www.webstaurantstore.com/13447/commercial-combination-refrigerators-freezers.html
Solid Door Combination Refrigerators / Freezers,https://www.webstaurantstore.com/13447/commercial-combination-refrigerators-freezers.html?filter=door-type:solid
Glass Door Combination Refrigerators / Freezers,https://www.webstaurantstore.com/13447/commercial-combination-refrigerators-freezers.html?filter=door-type:glass
VersaHub Smart Refrigerators,https://www.webstaurantstore.com/52705/reach-in-refrigerators.html?filter=features:versahub-compatible
Merchandising Reach-In Refrigerators,https://www.webstaurantstore.com/21387/merchandising-glass-door-refrigerators-coolers.html
Sliding Door Merchandising Refrigerators,https://www.webstaurantstore.com/21387/merchandising-glass-door-refrigerators-coolers.html?filter=door-style:sliding
Swinging Door Merchandising Refrigerators,https://www.webstaurantstore.com/21387/merchandising-glass-door-refrigerators-coolers.html?filter=door-style:swing
Air Curtain Merchandisers,https://www.webstaurantstore.com/54811/horizontal-vertical-air-curtain-merchandisers.html
Horizontal Air Curtain Merchandisers,https://www.webstaurantstore.com/54811/horizontal-vertical-air-curtain-merchandisers.html?filter=style:horizontal
Vertical Air Curtain Merchandisers,https://www.webstaurantstore.com/54811/horizontal-vertical-air-curtain-merchandisers.html?filter=style:vertical
Air Curtain Merchandiser Parts and Accessories,https://www.webstaurantstore.com/22205/air-curtain-merchandiser-parts-and-accessories.html
Merchandising Reach-In Freezers,https://www.webstaurantstore.com/21389/merchandising-glass-door-freezers.html
Combination Refrigerator/Freezer Merchandisers,https://www.webstaurantstore.com/20463/combination-refrigerator-freezer-merchandisers.html
Countertop Merchandising Refrigerators and Freezers,https://www.webstaurantstore.com/13393/countertop-glass-door-refrigerators-and-freezers.html
Countertop Refrigerators,https://www.webstaurantstore.com/13393/countertop-glass-door-refrigerators-and-freezers.html?filter=type:countertop-refrigerators
Countertop Freezers,https://www.webstaurantstore.com/13393/countertop-glass-door-refrigerators-and-freezers.html?filter=type:countertop-freezers
Countertop Bakery Cases,https://www.webstaurantstore.com/13393/countertop-glass-door-refrigerators-and-freezers.html?filter=type:countertop-bakery-cases
Dry and Refrigerated Bakery Cases,https://www.webstaurantstore.com/13469/refrigerated-bakery-cases-and-dry-bakery-display-cases.html
Dry Cases,https://www.webstaurantstore.com/13469/refrigerated-bakery-cases-and-dry-bakery-display-cases.html?filter=display-case-type:dry-unrefrigerated
Meat and Deli Cases,https://www.webstaurantstore.com/21423/refrigerated-deli-cases.html
Single Duty Cases,https://www.webstaurantstore.com/21423/refrigerated-deli-cases.html?filter=display-case-type:single-duty
Double Duty Cases,https://www.webstaurantstore.com/21423/refrigerated-deli-cases.html?filter=display-case-type:double-duty
Glass Top Display Freezers,https://www.webstaurantstore.com/42389/glass-top-display-freezers.html
General Usage,https://www.webstaurantstore.com/42389/glass-top-display-freezers.html?filter=usage:general
Ice Cream Usage,https://www.webstaurantstore.com/42389/glass-top-display-freezers.html?filter=usage:ice-cream
Ice Merchandisers,https://www.webstaurantstore.com/47503/ice-merchandisers.html
Commercial Sandwich and Salad Preparation Refrigerators,https://www.webstaurantstore.com/13415/commercial-sandwich-salad-preparation-refrigerators.html
Commercial Pizza Preparation Refrigerators,https://www.webstaurantstore.com/13623/commercial-pizza-preparation-refrigerators.html
Undercounter Refrigerators,https://www.webstaurantstore.com/26885/undercounter-refrigerators.html
Back Bar Coolers,https://www.webstaurantstore.com/42397/back-bar-coolers.html
Beer Dispensers,https://www.webstaurantstore.com/42399/beer-dispensers.html
Bottle Coolers,https://www.webstaurantstore.com/13501/bottle-coolers.html
Glass Chillers & Frosters,https://www.webstaurantstore.com/13503/glass-chillers-and-frosters.html
Commercial Wine Coolers,https://www.webstaurantstore.com/42401/commercial-wine-coolers.html
Custom Beverage Coolers and Merchandisers,https://www.webstaurantstore.com/69829/custom-beverage-coolers-and-merchandisers.html
Low Profile Refrigerators,https://www.webstaurantstore.com/26885/undercounter-refrigerators.html?filter=style:low-profile
Shallow Depth Refrigerators,https://www.webstaurantstore.com/26885/undercounter-refrigerators.html?filter=features:shallow-depth
Ice Machines,https://www.webstaurantstore.com/47499/ice-machines.html
Air Cooled Ice Machines,https://www.webstaurantstore.com/13241/air-cooled-ice-machines.html
Water Cooled Ice Machines,https://www.webstaurantstore.com/13253/water-cooled-ice-machines.html
Undercounter Ice Machines,https://www.webstaurantstore.com/13283/undercounter-ice-machines.html
Combination Ice and Water Dispensers and Machines,https://www.webstaurantstore.com/13291/combination-ice-and-water-dispensers-machines.html
Ice Dispensers,https://www.webstaurantstore.com/13293/ice-dispensers.html
Ice Cream Dipping Cabinets,https://www.webstaurantstore.com/42387/ice-cream-dipping-cabinets.html
Hard & Soft Serve Machines,https://www.webstaurantstore.com/47343/soft-serve-machines.html
Gelato Dipping Cabinets,https://www.webstaurantstore.com/48971/gelato-dipping-cabinets.html
Walk-In Coolers and Refrigerators,https://www.webstaurantstore.com/13703/walk-in-coolers-refrigerators.html
Indoor,https://www.webstaurantstore.com/13703/walk-in-coolers-refrigerators.html?filter=usage:indoor
Outdoor,https://www.webstaurantstore.com/13703/walk-in-coolers-refrigerators.html?filter=usage:outdoor
Walk-In Freezers,https://www.webstaurantstore.com/13411/walk-in-freezers.html
Outdoor,https://www.webstaurantstore.com/13411/walk-in-freezers.html?filter=usage:outdoor
Walk-in Refrigeration Parts and Accessories,https://www.webstaurantstore.com/13697/walk-in-refrigeration-parts-and-accessories.html
Walk-In Cooler Freezer Combos,https://www.webstaurantstore.com/65719/walk-in-cooler-freezer-combos.html
Commercial Blast Chillers,https://www.webstaurantstore.com/13657/commercial-blast-chillers.html
Refrigerated Beverage Dispensers,https://www.webstaurantstore.com/14055/refrigerated-beverage-dispensers.html
Granita / Slushy Machines,https://www.webstaurantstore.com/14061/granita-slushy-machines.html
Double Bowls,https://www.webstaurantstore.com/14061/granita-slushy-machines.html?filter=number-of-bowls:double
Cocktail Machines,https://www.webstaurantstore.com/14061/granita-slushy-machines.html?filter=type:cocktail-machines
Worktop Refrigerators,https://www.webstaurantstore.com/26671/worktop-refrigerators.html
Stainless Steel Work Tables with Undershelves,https://www.webstaurantstore.com/13729/stainless-steel-work-tables-with-undershelf.html
Adjustable,https://www.webstaurantstore.com/13729/stainless-steel-work-tables-with-undershelf.html?filter=adjustable-height:adjustable
Heavy Duty,https://www.webstaurantstore.com/13729/stainless-steel-work-tables-with-undershelf.html?filter=usage:heavy-duty
Stainless Steel Enclosed Base Work Tables,https://www.webstaurantstore.com/43755/stainless-steel-enclosed-base-commercial-work-tables.html
Open Base Work Tables,https://www.webstaurantstore.com/13733/stainless-steel-open-base-work-tables.html
Equipment Stands & Mixer Tables,https://www.webstaurantstore.com/14451/equipment-stands.html
Wood Top Work Tables,https://www.webstaurantstore.com/13737/wood-top-work-tables.html
Work Tables with Drawers,https://www.webstaurantstore.com/13737/wood-top-work-tables.html?filter=table-style:with-drawers
Work Table Preparation Stations,https://www.webstaurantstore.com/41653/work-table-preparation-stations.html
Portable Work Tables,https://www.webstaurantstore.com/32507/portable-work-tables.html
Filler Tables,https://www.webstaurantstore.com/65891/filler-tables.html
Meat Choppers and Meat Grinders,https://www.webstaurantstore.com/36675/meat-choppers-and-meat-grinders.html
Manual Meat Choppers and Grinders,https://www.webstaurantstore.com/36675/meat-choppers-and-meat-grinders.html?filter=power-type:manual
Heavy Duty Meat Choppers and Grinders,https://www.webstaurantstore.com/36675/meat-choppers-and-meat-grinders.html?filter=usage:heavy-duty
Meat Slicers,https://www.webstaurantstore.com/14199/meat-slicers.html
Meat and Bone Saws,https://www.webstaurantstore.com/36673/meat-and-bone-saws.html
Manual Meat and Bone Saws,https://www.webstaurantstore.com/36673/meat-and-bone-saws.html?filter=power-type:manual
Electric Meat and Bone Saws,https://www.webstaurantstore.com/36673/meat-and-bone-saws.html?filter=power-type:electric
Food Dehydrators,https://www.webstaurantstore.com/13129/commercial-food-dehydrators.html
Sausage Stuffers and Casings,https://www.webstaurantstore.com/36669/commercial-sausage-stuffers-and-jerky-shooters.html
Electric Sausage Stuffers and Jerky Shooters,https://www.webstaurantstore.com/36669/commercial-sausage-stuffers-and-jerky-shooters.html?filter=power-type:electric
Vertical Sausage Stuffers,https://www.webstaurantstore.com/36669/commercial-sausage-stuffers-and-jerky-shooters.html?filter=type:vertical-sausage-stuffers
Jerky Shooters,https://www.webstaurantstore.com/36669/commercial-sausage-stuffers-and-jerky-shooters.html?filter=type:jerky-shooters
Manual Sausage Stuffers and Jerky Shooters,https://www.webstaurantstore.com/36669/commercial-sausage-stuffers-and-jerky-shooters.html?filter=power-type:manual
Commercial Meat Tenderizers and Marinators,https://www.webstaurantstore.com/2931/commercial-meat-tenderizers.html
Electric,https://www.webstaurantstore.com/2931/commercial-meat-tenderizers.html?filter=power-type:electric
Manual,https://www.webstaurantstore.com/2931/commercial-meat-tenderizers.html?filter=power-type:manual
Meat Curing Chambers,https://www.webstaurantstore.com/54765/meat-curing-chambers.html
Jerky Slicers,https://www.webstaurantstore.com/67621/jerky-slicers.html
Cutters and Slicers,https://www.webstaurantstore.com/50131/cutters-and-slicers.html
Commercial French Fry Cutters,https://www.webstaurantstore.com/14241/french-fry-cutters.html
Dicers,https://www.webstaurantstore.com/50131/cutters-and-slicers.html?filter=type:dicers
Wedgers,https://www.webstaurantstore.com/50131/cutters-and-slicers.html?filter=type:wedgers
Tomato Slicers,https://www.webstaurantstore.com/50131/cutters-and-slicers.html?filter=application:tomatoes
"Slicer, Cutter, and Dicer Parts and Accessories",https://www.webstaurantstore.com/14225/fruit-vegetable-slicer-cutter-and-dicer-parts-and-accessories.html
Commercial Mixers,https://www.webstaurantstore.com/14255/commercial-mixers.html
Stand Mixers,https://www.webstaurantstore.com/14255/commercial-mixers.html?filter=type:stand-mixers
Floor Mixers,https://www.webstaurantstore.com/14255/commercial-mixers.html?filter=type:floor-mixers
Countertop Mixers,https://www.webstaurantstore.com/14255/commercial-mixers.html?filter=type:countertop-mixers
Dough Mixers,https://www.webstaurantstore.com/50071/dough-mixers.html
Vacuum Sealers,https://www.webstaurantstore.com/14279/vacuum-packaging-machines.html
Vacuum Sealer Bags,https://www.webstaurantstore.com/14281/vacuum-packaging-machine-bags.html
External Strip,https://www.webstaurantstore.com/14279/vacuum-packaging-machines.html?filter=style:external-strip
Chamber,https://www.webstaurantstore.com/14279/vacuum-packaging-machines.html?filter=style:chamber
Commercial Food Processors,https://www.webstaurantstore.com/14245/commercial-food-processors.html
Continuous Feed Processors,https://www.webstaurantstore.com/14245/commercial-food-processors.html?filter=type:continuous-feed-processors
Buffalo Choppers,https://www.webstaurantstore.com/14245/commercial-food-processors.html?filter=type:buffalo-choppers
Vertical Cutter Mixers,https://www.webstaurantstore.com/14245/commercial-food-processors.html?filter=type:vertical-cutter-mixers
Combination Processors,https://www.webstaurantstore.com/14245/commercial-food-processors.html?filter=type:combination-processors
Commercial Blenders / Food Blenders,https://www.webstaurantstore.com/14251/commercial-blenders-food-blenders.html
Bar Blending,https://www.webstaurantstore.com/14251/commercial-blenders-food-blenders.html?filter=usage:bar-blending
Portion Scales,https://www.webstaurantstore.com/51285/portion-control-scales.html
Digital Portion Scales,https://www.webstaurantstore.com/51285/portion-control-scales.html?filter=display-type:digital
Mechanical Portion Scales,https://www.webstaurantstore.com/51285/portion-control-scales.html?filter=power-type:mechanical
Legal for Trade Scales,https://www.webstaurantstore.com/14309/legal-for-trade-scales.html
Receiving Scales,https://www.webstaurantstore.com/3571/receiving-scales.html
Pizza Scales,https://www.webstaurantstore.com/14313/pizza-scales.html
Hanging Scales,https://www.webstaurantstore.com/14307/hanging-scales.html
Scale Printers,https://www.webstaurantstore.com/64017/scale-printers.html
Commercial Immersion Blenders,https://www.webstaurantstore.com/14253/commercial-immersion-blenders.html
Commercial Can Openers,https://www.webstaurantstore.com/14287/commercial-can-openers.html
Crown Punch Can Openers,https://www.webstaurantstore.com/14287/commercial-can-openers.html?filter=type:crown-punch-can-openers
Electric Can Openers,https://www.webstaurantstore.com/14287/commercial-can-openers.html?filter=type:electric-can-openers
Can Crushers,https://www.webstaurantstore.com/14289/can-crushers.html
Handheld Can Openers,https://www.webstaurantstore.com/14295/wall-mount-hand-held-can-openers.html
Chamber Bags with Zippers,https://www.webstaurantstore.com/14281/vacuum-packaging-machine-bags.html?filter=in-chamber-bag-type:chamber-bag-with-zipper
Standard Chamber Bags,https://www.webstaurantstore.com/14281/vacuum-packaging-machine-bags.html?filter=in-chamber-bag-type:standard-chamber-bag
Vacuum Bag Rolls,https://www.webstaurantstore.com/14281/vacuum-packaging-machine-bags.html?filter=out-of-chamber-bag-type:bag-roll
"Meat Grinder Parts, Attachments, & Accessories",https://www.webstaurantstore.com/40177/meat-chopper-and-meat-grinder-attachments-and-accessories.html
Grinder Plates,https://www.webstaurantstore.com/40177/meat-chopper-and-meat-grinder-attachments-and-accessories.html?filter=type:grinder-plates
Sausage Tubes,https://www.webstaurantstore.com/40177/meat-chopper-and-meat-grinder-attachments-and-accessories.html?filter=type:sausage-tubes
French Fry Cutter Replacement Parts,https://www.webstaurantstore.com/14243/french-fry-cutter-replacement-parts-and-accessories.html
Can Opener Parts,https://www.webstaurantstore.com/14297/can-opener-parts.html
Meat Slicer Parts & Accessories,https://www.webstaurantstore.com/14201/meat-slicer-parts-and-accessories.html
Slicer Blades,https://www.webstaurantstore.com/14201/meat-slicer-parts-and-accessories.html?filter=type:blades
Condiment Dispenser Pump Parts,https://www.webstaurantstore.com/13533/condiment-dispenser-pump-parts.html
Adapter Lids,https://www.webstaurantstore.com/13533/condiment-dispenser-pump-parts.html?filter=type:adapter-lids
Pumps,https://www.webstaurantstore.com/13533/condiment-dispenser-pump-parts.html?filter=type:pumps
Vacuum Packaging Machine Parts & Accessories,https://www.webstaurantstore.com/47301/vacuum-packaging-machine-parts-and-accessories.html
Lids,https://www.webstaurantstore.com/47301/vacuum-packaging-machine-parts-and-accessories.html?filter=type:lids
Tape,https://www.webstaurantstore.com/47301/vacuum-packaging-machine-parts-and-accessories.html?filter=type:tape
Hot Water Dispenser Parts & Accessories,https://www.webstaurantstore.com/45723/hot-water-dispenser-parts-and-accessories.html
Scale Parts & Accessories,https://www.webstaurantstore.com/43453/scale-parts-and-accessories.html
Label Rolls,https://www.webstaurantstore.com/43453/scale-parts-and-accessories.html?filter=type:label-rolls
Food Dehydrator Parts & Accessories,https://www.webstaurantstore.com/45701/food-dehydrator-parts-and-accessories.html
Commercial Food Processor Parts and Accessories,https://www.webstaurantstore.com/14247/commercial-food-processor-parts-and-accessories.html
Meat and Cheese Prep Equipment Parts and Accessories,https://www.webstaurantstore.com/46389/meat-and-cheese-prep-equipment-parts-and-accessories.html
"Dough Sheeters, Rounders & Dividers",https://www.webstaurantstore.com/14263/dough-sheeters-rounders-dividers.html
One Compartment Sinks,https://www.webstaurantstore.com/14911/1-compartment-sinks.html
Two Compartment Sinks,https://www.webstaurantstore.com/14919/2-compartment-sinks.html
Three Compartment Sinks,https://www.webstaurantstore.com/14927/3-compartment-sinks.html
Four Compartment Sinks,https://www.webstaurantstore.com/14935/4-compartment-sinks.html
Hand Sinks and Accessories,https://www.webstaurantstore.com/14943/hand-sinks-and-accessories.html
Wall Mounted,https://www.webstaurantstore.com/14943/hand-sinks-and-accessories.html?filter=installation-type:wall-mounted
Hands-Free Hand Sinks,https://www.webstaurantstore.com/14943/hand-sinks-and-accessories.html?filter=features:hands-free
Pedestal Hand Sinks,https://www.webstaurantstore.com/14943/hand-sinks-and-accessories.html?filter=installation-type:pedestal
Underbar Sinks,https://www.webstaurantstore.com/38779/3-bowl-underbar-sinks.html
Sink Bowls,https://www.webstaurantstore.com/14951/drop-in-sinks.html
Drop-In Sink Bowls,https://www.webstaurantstore.com/14951/drop-in-sinks.html?filter=type:drop-in-sinks
Undermount Sinks,https://www.webstaurantstore.com/14951/drop-in-sinks.html?filter=type:undermount-sinks
Drain Accessories,https://www.webstaurantstore.com/15017/drain-accessories.html
Baskets and Strainers,https://www.webstaurantstore.com/15017/drain-accessories.html?filter=type:baskets-and-strainers
Drain Assemblies,https://www.webstaurantstore.com/15017/drain-accessories.html?filter=type:drain-assemblies
Stoppers,https://www.webstaurantstore.com/15017/drain-accessories.html?filter=type:stoppers
Utility Sinks,https://www.webstaurantstore.com/43759/utility-sinks.html
Holding / Proofing Cabinets,https://www.webstaurantstore.com/14095/holding-proofing-cabinets.html
Undercounter,https://www.webstaurantstore.com/14095/holding-proofing-cabinets.html?filter=cabinet-size:undercounter
Pizza Holding Cabinets,https://www.webstaurantstore.com/14095/holding-proofing-cabinets.html?filter=type:pizza-holding-cabinets
Holding Cabinet and Proofing Cabinet Parts and Accessories,https://www.webstaurantstore.com/42859/holding-cabinet-and-proofing-cabinet-parts-and-accessories.html
Commercial Steam Tables,https://www.webstaurantstore.com/14141/commercial-steam-tables.html
Liquid Propane Steam Tables,https://www.webstaurantstore.com/14141/commercial-steam-tables.html?filter=power-type:liquid-propane
Mobile Steam Tables,https://www.webstaurantstore.com/14141/commercial-steam-tables.html?filter=type:mobile
Electric Steam Tables,https://www.webstaurantstore.com/14141/commercial-steam-tables.html?filter=power-type:electric
Open Well Steam Tables,https://www.webstaurantstore.com/14141/commercial-steam-tables.html?filter=well-type:open-dry-well
Drop-In Hot Food Wells,https://www.webstaurantstore.com/13635/drop-in-hot-food-wells.html
Soup Wells,https://www.webstaurantstore.com/13635/drop-in-hot-food-wells.html?filter=type:soup-wells
Countertop Food Warmers,https://www.webstaurantstore.com/14121/countertop-food-warmers.html
Warming Drawers,https://www.webstaurantstore.com/14099/drawer-warmers.html
Freestanding Warmers,https://www.webstaurantstore.com/14099/drawer-warmers.html?filter=installation-type:freestanding
Built-In Warmers,https://www.webstaurantstore.com/14099/drawer-warmers.html?filter=installation-type:built-in
Drop-In Cold Food Wells,https://www.webstaurantstore.com/13645/refrigerated-drop-in-food-wells.html
Banquet Carts and Heated Banquet Cabinets,https://www.webstaurantstore.com/3419/banquet-carts-and-heated-banquet-cabinets.html
Hanging Heat Lamps,https://www.webstaurantstore.com/47993/hanging-heat-lamps.html
Strip Warmers,https://www.webstaurantstore.com/50535/strip-warmers.html
Decorative Strip Warmers,https://www.webstaurantstore.com/50535/strip-warmers.html?filter=features:decorative
Strip Warmers with Lights,https://www.webstaurantstore.com/50535/strip-warmers.html?filter=features:lighted
Cafeteria and Buffet Line Equipment,https://www.webstaurantstore.com/48887/cafeteria-and-buffet-line-equipment.html
Buffet Food Tables,https://www.webstaurantstore.com/48887/cafeteria-and-buffet-line-equipment.html?filter=type:buffet-food-tables
Carts,https://www.webstaurantstore.com/48887/cafeteria-and-buffet-line-equipment.html?filter=type:carts
Portable Food Bars,https://www.webstaurantstore.com/48887/cafeteria-and-buffet-line-equipment.html?filter=type:portable-food-bars
Commercial Heat Lamps,https://www.webstaurantstore.com/14131/countertop-bulb-warmer-heat-lamps.html
Cold Food Tables,https://www.webstaurantstore.com/13647/cold-food-tables.html
Wire Shelving,https://www.webstaurantstore.com/47477/wire-shelving.html
Wall Mount Shelving,https://www.webstaurantstore.com/48407/wall-mount-shelving.html
Pass-Through Shelves,https://www.webstaurantstore.com/48407/wall-mount-shelving.html?filter=style:pass-through
Cabinets,https://www.webstaurantstore.com/48407/wall-mount-shelving.html?filter=type:cabinets
Microwave Shelves,https://www.webstaurantstore.com/48407/wall-mount-shelving.html?filter=type:microwave-shelves
Wall Shelves with Pot Racks,https://www.webstaurantstore.com/48407/wall-mount-shelving.html?filter=type:wall-shelves-with-pot-racks
Wall Organization Systems,https://www.webstaurantstore.com/48407/wall-mount-shelving.html?filter=type:wall-organization-systems
Boltless Shelving,https://www.webstaurantstore.com/64573/boltless-shelving.html
Industrial Steel Shelving,https://www.webstaurantstore.com/68433/industrial-steel-shelving.html
Industrial Storage Racks,https://www.webstaurantstore.com/64575/industrial-storage-racks.html
Cantilever Racks,https://www.webstaurantstore.com/64575/industrial-storage-racks.html?filter=type:cantilever-racks
Pallet Racks,https://www.webstaurantstore.com/64575/industrial-storage-racks.html?filter=type:pallet-racks
Dunnage Racks,https://www.webstaurantstore.com/14877/dunnage-racks.html
Mobile Racks,https://www.webstaurantstore.com/14877/dunnage-racks.html?filter=rack-style:mobile
Stationary Racks,https://www.webstaurantstore.com/14877/dunnage-racks.html?filter=rack-style:stationary
Storage Bins,https://www.webstaurantstore.com/65879/industrial-storage-bins.html
Hanging Bins,https://www.webstaurantstore.com/65879/industrial-storage-bins.html?filter=type:hanging-bins
Storage Totes and Containers,https://www.webstaurantstore.com/69341/storage-totes-containers.html
Industrial Storage Bin Shelving,https://www.webstaurantstore.com/64553/industrial-storage-bin-shelving.html
Produce Displays,https://www.webstaurantstore.com/15663/merchandiser-stands.html
Baskets,https://www.webstaurantstore.com/15663/merchandiser-stands.html?filter=type:baskets
Bins,https://www.webstaurantstore.com/15663/merchandiser-stands.html?filter=type:bins
Bakery Display Shelving,https://www.webstaurantstore.com/69513/bakery-display-shelving.html
Counter Merchandising Displays,https://www.webstaurantstore.com/64161/counter-merchandising-displays.html
End Cap Displays,https://www.webstaurantstore.com/68089/end-cap-displays.html
Retail Display Racks,https://www.webstaurantstore.com/67345/retails-display-racks.html
Slatwall Displays,https://www.webstaurantstore.com/67345/retails-display-racks.html?filter=type:slatwall-displays
Shopping Baskets,https://www.webstaurantstore.com/3531/shopping-baskets.html
Shopping Carts,https://www.webstaurantstore.com/353660/shopping-carts.html
Wire Shelving,https://www.webstaurantstore.com/48403/regency-shelving.html
Merchandiser Racks  / Slant Racks,https://www.webstaurantstore.com/24865/merchandiser-racks-slant-racks.html
Cash Register Stands,https://www.webstaurantstore.com/24787/cash-register-stands.html
Beer / Soda Case Stackers,https://www.webstaurantstore.com/17111/beer-soda-case-stackers.html
Gondola Shelving,https://www.webstaurantstore.com/68097/gondola-shelving.html
Mannequins,https://www.webstaurantstore.com/68261/mannequins.html
Retail Clothing Hangers and Accessories,https://www.webstaurantstore.com/68855/retail-clothing-hangers-and-accessories.html
Retail Clothing Racks,https://www.webstaurantstore.com/67663/retail-clothing-racks.html
Retail Showcases and Glass Displays,https://www.webstaurantstore.com/67689/retail-showcases-and-glass-displays.html
Retail Display Tables,https://www.webstaurantstore.com/67341/retails-display-tables.html
Wire Shelving Components,https://www.webstaurantstore.com/69353/wire-shelving-components.html
Sheet Pan Racks,https://www.webstaurantstore.com/45131/sheet-pan-racks.html
Enclosed Pan Racks,https://www.webstaurantstore.com/45131/sheet-pan-racks.html?filter=style:enclosed
Dunnage Shelves,https://www.webstaurantstore.com/14877/dunnage-racks.html?filter=type:shelves
Steam Table Pan Racks,https://www.webstaurantstore.com/24843/steam-table-pan-racks.html
Bakery Racks and Dollies,https://www.webstaurantstore.com/55389/bakery-racks-and-dollies.html
Hanging Bar Glass Racks,https://www.webstaurantstore.com/42959/hanging-bar-glass-racks.html
Hanging Pot Racks,https://www.webstaurantstore.com/57739/hanging-pot-racks.html
Meat Department Racks,https://www.webstaurantstore.com/24845/meat-department-racks.html
Plastic Shelving,https://www.webstaurantstore.com/66975/plastic-shelving.html
Stainless Steel Shelving,https://www.webstaurantstore.com/69345/stainless-steel-shelving.html
With Casters,https://www.webstaurantstore.com/47477/wire-shelving.html?filter=casters:with-casters
NSF Shelving,https://www.webstaurantstore.com/64123/nsf-shelving.html
Wire Security Cages,https://www.webstaurantstore.com/24913/wire-security-shelving.html
Mobile Shelving,https://www.webstaurantstore.com/56143/mobile-shelving.html
Walk-In Refrigeration Shelving,https://www.webstaurantstore.com/64127/walk-in-refrigeration-shelving.html
Shelving Casters and Shelving Accessories,https://www.webstaurantstore.com/48409/shelving-casters-and-shelving-accessories.html
Cambro Camshelving® Accessories,https://www.webstaurantstore.com/14471/cambro-camshelf-accessories.html
Metro Accessories,https://www.webstaurantstore.com/48409/shelving-casters-and-shelving-accessories.html?vendor=Metro
"Glass Racks, Cup Racks, and Extenders",https://www.webstaurantstore.com/39727/glass-racks-cup-racks-and-extenders.html
Plastic Utility Carts,https://www.webstaurantstore.com/25985/plastic-bussing-carts-and-transport-carts.html
3-Shelf Carts,https://www.webstaurantstore.com/25985/plastic-bussing-carts-and-transport-carts.html?filter=number-of-shelves:3-shelves
2-Shelf Carts,https://www.webstaurantstore.com/25985/plastic-bussing-carts-and-transport-carts.html?filter=number-of-shelves:2-shelves
Metal Utility Carts,https://www.webstaurantstore.com/14369/metal-bussing-utility-transport-carts.html
Stainless Steel Carts,https://www.webstaurantstore.com/14369/metal-bussing-utility-transport-carts.html?filter=material:stainless-steel
Metal-Wire Carts,https://www.webstaurantstore.com/14369/metal-bussing-utility-transport-carts.html?filter=material:metal-wire
Platform Trucks,https://www.webstaurantstore.com/24883/platform-trucks.html
Plastic Trucks,https://www.webstaurantstore.com/24883/platform-trucks.html?filter=platform-material:plastic
Steel Trucks,https://www.webstaurantstore.com/24883/platform-trucks.html?filter=platform-material:steel
Industrial Carts and Maintenance Carts,https://www.webstaurantstore.com/37745/industrial-carts-and-maintenance-carts.html
Serving Carts,https://www.webstaurantstore.com/24801/serving-carts.html
Beverage Carts,https://www.webstaurantstore.com/24801/serving-carts.html?filter=type:beverage-carts
Dish & Tray Carts and Dollies,https://www.webstaurantstore.com/69781/dish-tray-carts-and-dollies.html
Silverware Carts,https://www.webstaurantstore.com/69781/dish-tray-carts-and-dollies.html?filter=type:silverware-carts
"Table Carts, Trucks, and Dollies",https://www.webstaurantstore.com/42557/table-carts-trucks-and-dollies.html
"Chair Carts, Trucks, and Dollies",https://www.webstaurantstore.com/42541/chair-carts-trucks-and-dollies.html
Industrial Trash Cans and Carts,https://www.webstaurantstore.com/24887/wheeled-trash-cans-and-tilt-trucks.html
Tilt Trucks,https://www.webstaurantstore.com/24887/wheeled-trash-cans-and-tilt-trucks.html?filter=type:tilt-trucks
Cube Trucks,https://www.webstaurantstore.com/24887/wheeled-trash-cans-and-tilt-trucks.html?filter=type:cube-trucks
Hand Trucks,https://www.webstaurantstore.com/24885/hand-trucks.html
Appliance Dollies,https://www.webstaurantstore.com/24885/hand-trucks.html?filter=type:appliance-trucks
Motorized Hand Trucks,https://www.webstaurantstore.com/24885/hand-trucks.html?filter=type:motorized-hand-trucks
Drum Trucks and Transporters,https://www.webstaurantstore.com/63657/drum-trucks-transporters.html
Bottled Water Hand Trucks,https://www.webstaurantstore.com/24885/hand-trucks.html?filter=type:bottled-water-hand-trucks
U-Boat Handle,https://www.webstaurantstore.com/24883/platform-trucks.html?filter=handle:u-boat-handle
Utility Dollies,https://www.webstaurantstore.com/24881/utility-dollies.html
Bun Pan Trucks and Dollies,https://www.webstaurantstore.com/45119/bun-pan-trucks-dollies.html
Platform Truck Parts and Accessories,https://www.webstaurantstore.com/49521/platform-truck-parts-and-accessories.html
Dolly Parts and Accessories,https://www.webstaurantstore.com/45139/dolly-parts-and-accessories.html
Tilt Truck Parts and Accessories,https://www.webstaurantstore.com/43475/tilt-truck-parts-and-accessories.html
Beer Shelving,https://www.webstaurantstore.com/68095/beer-shelving.html
Food Storage Containers,https://www.webstaurantstore.com/3087/food-storage-containers.html
Translucent Food Storage Containers,https://www.webstaurantstore.com/3087/food-storage-containers.html?filter=color:translucent
Food Storage Container Lids,https://www.webstaurantstore.com/3087/food-storage-containers.html?filter=type:lids
Airtight Food Storage Containers,https://www.webstaurantstore.com/3087/food-storage-containers.html?filter=features:airtight
Ingredient Bins,https://www.webstaurantstore.com/2457/ingredient-bins.html
Ingredient Bin Parts and Accessories,https://www.webstaurantstore.com/46631/ingredient-bin-parts-and-accessories.html
"Stainless Steel Steam Table, Hotel, and Buffet Pans",https://www.webstaurantstore.com/52489/stainless-steel-steam-table-pans-and-hotel-pans.html
Full Size,https://www.webstaurantstore.com/52489/stainless-steel-steam-table-pans-and-hotel-pans.html?filter=size:full-size
1/2 Size,https://www.webstaurantstore.com/52489/stainless-steel-steam-table-pans-and-hotel-pans.html?filter=size:1-2-size
1/3 Size,https://www.webstaurantstore.com/52489/stainless-steel-steam-table-pans-and-hotel-pans.html?filter=size:1-3-size
1/6 Size,https://www.webstaurantstore.com/52489/stainless-steel-steam-table-pans-and-hotel-pans.html?filter=size:1-6-size
Stainless Steel Hotel Pan Lids,https://www.webstaurantstore.com/3167/stainless-steel-steam-table-pan-covers.html
Food Pan Accessories,https://www.webstaurantstore.com/54587/stainless-steel-steam-table-pan-accessories.html
Plastic Food Pans,https://www.webstaurantstore.com/51167/plastic-food-pans.html
Plastic Food Pan Lids,https://www.webstaurantstore.com/3131/plastic-food-pan-lids.html
Food Pan Drain Trays,https://www.webstaurantstore.com/3123/food-pan-drain-trays.html
Food Storage Jars and Ingredient Canisters,https://www.webstaurantstore.com/11537/food-storage-jars-and-ingredient-canisters.html
Glass Food Storage Jars and Canisters,https://www.webstaurantstore.com/11537/food-storage-jars-and-ingredient-canisters.html?filter=material:glass
Stainless Steel Food Storage Jars and Canisters,https://www.webstaurantstore.com/11537/food-storage-jars-and-ingredient-canisters.html?filter=material:stainless-steel
Food Storage Boxes and Covers,https://www.webstaurantstore.com/37515/food-storage-boxes-and-covers.html
Clear Food Storage Boxes and Covers,https://www.webstaurantstore.com/37515/food-storage-boxes-and-covers.html?filter=color:clear
Lug / Tote Boxes,https://www.webstaurantstore.com/3527/lug-tote-boxes.html
Tote Boxes with Lids,https://www.webstaurantstore.com/3527/lug-tote-boxes.html?filter=type:boxes-with-lids
Meat Lugs,https://www.webstaurantstore.com/3527/lug-tote-boxes.html?filter=type:meat-lugs
Spice Storage Containers,https://www.webstaurantstore.com/44403/spice-storage-containers.html
Spice Containers with Pour / Shake Lids,https://www.webstaurantstore.com/44403/spice-storage-containers.html?filter=lid-type:pour-shake-lid
Insulated Food Delivery Bags,https://www.webstaurantstore.com/19177/insulated-food-delivery-bags.html
Cooler Bags,https://www.webstaurantstore.com/19177/insulated-food-delivery-bags.html?filter=type:cooler-bags
Food Pan Catering Bags,https://www.webstaurantstore.com/19177/insulated-food-delivery-bags.html?filter=type:food-pan-catering-bags
Pizza Bags,https://www.webstaurantstore.com/19177/insulated-food-delivery-bags.html?filter=type:pizza-bags
Food Pan Carriers,https://www.webstaurantstore.com/3521/insulated-heated-food-pan-carriers.html
Food Pan Catering Bags,https://www.webstaurantstore.com/3521/insulated-heated-food-pan-carriers.html?filter=type:food-pan-catering-bags
Food Pan Carriers,https://www.webstaurantstore.com/3521/insulated-heated-food-pan-carriers.html?filter=type:food-pan-carriers
Front Load Food Pan Carriers,https://www.webstaurantstore.com/3521/insulated-heated-food-pan-carriers.html?filter=loading-style:front-load
Black Food Pan Carriers,https://www.webstaurantstore.com/3521/insulated-heated-food-pan-carriers.html?filter=color:black
Electric Food Pan Carriers,https://www.webstaurantstore.com/3521/insulated-heated-food-pan-carriers.html?filter=power-type:electric
Outdoor Coolers,https://www.webstaurantstore.com/51191/outdoor-heavy-duty-merchandising-coolers.html
Mobile Coolers,https://www.webstaurantstore.com/51191/outdoor-heavy-duty-merchandising-coolers.html?filter=style:mobile
White Coolers,https://www.webstaurantstore.com/51191/outdoor-heavy-duty-merchandising-coolers.html?filter=color:white
Green Coolers,https://www.webstaurantstore.com/51191/outdoor-heavy-duty-merchandising-coolers.html?filter=color:green
Gray Coolers,https://www.webstaurantstore.com/51191/outdoor-heavy-duty-merchandising-coolers.html?filter=color:gray
Beige Coolers,https://www.webstaurantstore.com/51191/outdoor-heavy-duty-merchandising-coolers.html?filter=color:beige
Insulated Beverage Dispensers,https://www.webstaurantstore.com/2587/insulated-beverage-dispensers.html
Black Dispensers,https://www.webstaurantstore.com/2587/insulated-beverage-dispensers.html?filter=color:black
Hot / Cold Packs,https://www.webstaurantstore.com/49203/hot-cold-packs.html
Cold Packs,https://www.webstaurantstore.com/49203/hot-cold-packs.html?filter=type:cold-packs
No Sweat Packs,https://www.webstaurantstore.com/49203/hot-cold-packs.html?filter=features:no-sweat
Hot or Cold Packs,https://www.webstaurantstore.com/49203/hot-cold-packs.html?filter=type:hot-or-cold-packs
Non-Toxic Packs,https://www.webstaurantstore.com/49203/hot-cold-packs.html?filter=features:non-toxic
Solid Packs,https://www.webstaurantstore.com/49203/hot-cold-packs.html?filter=style:solid
Insulated Beverage Dispenser Parts and Accessories,https://www.webstaurantstore.com/45201/insulated-beverage-dispenser-parts-and-accessories.html
Faucets,https://www.webstaurantstore.com/45201/insulated-beverage-dispenser-parts-and-accessories.html?filter=type:faucets
Risers,https://www.webstaurantstore.com/45201/insulated-beverage-dispenser-parts-and-accessories.html?filter=type:risers
Latch Kits,https://www.webstaurantstore.com/45201/insulated-beverage-dispenser-parts-and-accessories.html?filter=type:latch-kits
Gaskets,https://www.webstaurantstore.com/45201/insulated-beverage-dispenser-parts-and-accessories.html?filter=type:gaskets
Insulated Food Pan Carrier Parts and Accessories,https://www.webstaurantstore.com/22247/insulated-food-pan-carrier-parts-and-accessories.html
Latch Kits,https://www.webstaurantstore.com/22247/insulated-food-pan-carrier-parts-and-accessories.html?filter=type:latch-kits
Gaskets,https://www.webstaurantstore.com/22247/insulated-food-pan-carrier-parts-and-accessories.html?filter=type:gaskets
Black Carrier Parts,https://www.webstaurantstore.com/22247/insulated-food-pan-carrier-parts-and-accessories.html?filter=color:black
Labels,https://www.webstaurantstore.com/22247/insulated-food-pan-carrier-parts-and-accessories.html?filter=type:labels
Dry Food Dispenser Parts and Accessories,https://www.webstaurantstore.com/49733/dry-food-dispenser-parts-and-accessories.html
Bag Clips,https://www.webstaurantstore.com/56693/bag-clips.html
Lockers,https://www.webstaurantstore.com/21921/lockers.html
Industrial Workbenches,https://www.webstaurantstore.com/65049/industrial-workbenches.html
Adjustable Height,https://www.webstaurantstore.com/65049/industrial-workbenches.html?filter=style:adjustable-height
Outdoor Storage,https://www.webstaurantstore.com/54109/outdoor-storage.html
Industrial Storage Cabinets,https://www.webstaurantstore.com/65881/industrial-storage-cabinets.html
Safety Cabinets,https://www.webstaurantstore.com/64027/safety-cabinets.html
Office Cabinets,https://www.webstaurantstore.com/52241/office-cabinets.html
Tool Storage,https://www.webstaurantstore.com/65051/tool-storage.html
Industrial Floor Mats,https://www.webstaurantstore.com/49049/industrial-and-specialty-floor-mats.html
Interlocking Floor Mat Tiles,https://www.webstaurantstore.com/49049/industrial-and-specialty-floor-mats.html?filter=type:interlocking-floor-mat-tiles
Commercial Automatic Coffee Machines,https://www.webstaurantstore.com/13957/commercial-coffee-makers-brewers-automatic.html
Dual Automatic Coffee Machines,https://www.webstaurantstore.com/13957/commercial-coffee-makers-brewers-automatic.html?filter=style:double
Cappuccino and Espresso Machines,https://www.webstaurantstore.com/13977/cappuccino-espresso-machines.html
Semi-Automatic,https://www.webstaurantstore.com/13977/cappuccino-espresso-machines.html?filter=style:semi-automatic
Super Automatic,https://www.webstaurantstore.com/13977/cappuccino-espresso-machines.html?filter=style:super-automatic
Commercial Pourover Coffee Makers,https://www.webstaurantstore.com/47031/commercial-coffee-makers-brewers-pourover.html
Satellite Coffee Brewers,https://www.webstaurantstore.com/13957/commercial-coffee-makers-brewers-automatic.html?filter=type:satellite-coffee-brewers
Coffee Urns,https://www.webstaurantstore.com/20433/coffee-urns.html
Commercial Coffee & Espresso Grinders,https://www.webstaurantstore.com/13975/commercial-coffee-grinders.html
Cappuccino / Hot Chocolate Dispensers,https://www.webstaurantstore.com/13979/cappuccino-hot-chocolate-dispensers.html
Barista Tools,https://www.webstaurantstore.com/52601/barista-tools.html
"Satellite Stands, Servers, and Warmers",https://www.webstaurantstore.com/66915/satellite-stands-servers-and-warmers.html
Liquid Coffee Dispensers,https://www.webstaurantstore.com/13967/liquid-coffee-dispensers.html
Coffee Airpots & Accessories,https://www.webstaurantstore.com/2667/coffee-airpots.html
Coffee Carafes and Decanters,https://www.webstaurantstore.com/2673/coffee-carafes-and-decanters.html
Single Cup Coffee Makers,https://www.webstaurantstore.com/48431/single-serve-and-k-cup-coffee-makers.html
Underbar Ice Bins and Cocktail Bins,https://www.webstaurantstore.com/14079/underbar-ice-bins.html
Drop In,https://www.webstaurantstore.com/14079/underbar-ice-bins.html?filter=installation-type:drop-in
Underbar Cocktail Stations and Displays,https://www.webstaurantstore.com/49117/underbar-cocktail-stations-and-workstations.html
Underbar Glass Rack Storage Units,https://www.webstaurantstore.com/31181/underbar-glass-rack-storage-units.html
Swing Door,https://www.webstaurantstore.com/42397/back-bar-coolers.html?filter=door-style:swing
Sliding Door,https://www.webstaurantstore.com/42397/back-bar-coolers.html?filter=door-style:sliding
Glass Door,https://www.webstaurantstore.com/42397/back-bar-coolers.html?filter=door-type:glass
Solid Door,https://www.webstaurantstore.com/42397/back-bar-coolers.html?filter=door-type:solid
Speed Rails and Speed Racks,https://www.webstaurantstore.com/2581/speed-rails-and-speed-racks.html
Soda Fountain Machines,https://www.webstaurantstore.com/54941/soda-fountain-machines.html
Countertop Machines,https://www.webstaurantstore.com/54941/soda-fountain-machines.html?filter=style:countertop
Drop-In Machines,https://www.webstaurantstore.com/54941/soda-fountain-machines.html?filter=style:drop-in
Portable Bars,https://www.webstaurantstore.com/14063/portable-bars.html
6 Tap Beer Dispensers,https://www.webstaurantstore.com/42399/beer-dispensers.html?filter=number-of-taps:6-taps
4 Tap Beer Dispensers,https://www.webstaurantstore.com/42399/beer-dispensers.html?filter=number-of-taps:4-taps
Plastic Beverage Dispensers,https://www.webstaurantstore.com/68201/plastic-beverage-dispensers.html
Glass Beverage Dispensers,https://www.webstaurantstore.com/46617/glass-beverage-dispensers.html
Dispensers with Stands,https://www.webstaurantstore.com/46617/glass-beverage-dispensers.html?filter=features:with-stand
Stainless Steel Beverage Dispensers,https://www.webstaurantstore.com/68203/stainless-steel-beverage-dispensers.html
Commercial Iced Tea Dispensers,https://www.webstaurantstore.com/46351/commercial-iced-tea-dispensers.html
Portable Beer Dispensers and Accessories,https://www.webstaurantstore.com/15099/event-beer-keg-dispensers.html
Refrigerated,https://www.webstaurantstore.com/13469/refrigerated-bakery-cases-and-dry-bakery-display-cases.html?filter=display-case-type:refrigerated
Countertop,https://www.webstaurantstore.com/13469/refrigerated-bakery-cases-and-dry-bakery-display-cases.html?filter=installation-type:countertop
Hot Food Display Cases,https://www.webstaurantstore.com/13327/countertop-hot-food-display-warmers.html
Drop In,https://www.webstaurantstore.com/13327/countertop-hot-food-display-warmers.html?filter=installation-type:drop-in
Self Service,https://www.webstaurantstore.com/13327/countertop-hot-food-display-warmers.html?filter=service-type:self-service
Full Service,https://www.webstaurantstore.com/13327/countertop-hot-food-display-warmers.html?filter=service-type:full-service
Pretzel Warmers,https://www.webstaurantstore.com/13327/countertop-hot-food-display-warmers.html?filter=type:pretzel-warmers
Heated Shelf Food Warmers,https://www.webstaurantstore.com/13351/heated-shelf-food-warmers.html
Chafing Dishes,https://www.webstaurantstore.com/42675/chafing-dishes.html
Disposable Chafing Dishes,https://www.webstaurantstore.com/69257/disposable-chafing-dishes.html
Soup Chafing Dishes,https://www.webstaurantstore.com/69261/soup-chafing-dishes.html
Chafer Accessories,https://www.webstaurantstore.com/47089/chafer-accessories.html
Coffee Chafer Urns,https://www.webstaurantstore.com/2611/coffee-chafer-urns.html
Chafer Griddles and Stands,https://www.webstaurantstore.com/2605/decorative-chafing-griddles-and-grill-stands.html
Chafing Dish Fuel,https://www.webstaurantstore.com/2603/chafing-dish-fuel.html
Electric Chafers,https://www.webstaurantstore.com/42675/chafing-dishes.html?filter=type:electric-chafers
"Vending Carts, Vending Kiosks, and Accessories",https://www.webstaurantstore.com/13565/vending-carts-vending-kiosks-and-accessories.html
Vending Cart and Kiosk Accessories,https://www.webstaurantstore.com/27933/vending-cart-and-kiosk-accessories.html
Refrigerated Countertop Condiment Holders,https://www.webstaurantstore.com/48595/refrigerated-countertop-condiment-holders.html
Commercial Blender Parts and Accessories,https://www.webstaurantstore.com/35099/commercial-blender-parts-and-accessories.html
Casters,https://www.webstaurantstore.com/49099/casters.html
Spatulas,https://www.webstaurantstore.com/56699/spatulas-spoonulas.html
Heat-Resistant,https://www.webstaurantstore.com/56699/spatulas-spoonulas.html?filter=features:high-heat-capable
Spoonulas,https://www.webstaurantstore.com/56699/spatulas-spoonulas.html?filter=type:spoonulas
Turners,https://www.webstaurantstore.com/40765/turners.html
Solid Turners,https://www.webstaurantstore.com/40765/turners.html?filter=style:solid
Fish and Egg Turners,https://www.webstaurantstore.com/40765/turners.html?filter=type:fish-egg-turners
Mini Turners,https://www.webstaurantstore.com/40765/turners.html?filter=type:mini-turners
Hamburger Turners,https://www.webstaurantstore.com/40765/turners.html?filter=type:hamburger-turners
Tongs,https://www.webstaurantstore.com/40763/tongs.html
Utility Tongs,https://www.webstaurantstore.com/40763/tongs.html?filter=type:utility-tongs
Serving Tongs,https://www.webstaurantstore.com/40763/tongs.html?filter=type:serving-tongs
Food Dishers,https://www.webstaurantstore.com/2903/food-dishers.html
Kitchen Ladles,https://www.webstaurantstore.com/40755/ladles.html
Stainless Steel Ladles,https://www.webstaurantstore.com/40755/ladles.html?filter=material:stainless-steel
Kitchen Spoons,https://www.webstaurantstore.com/2921/kitchen-spoons.html
Wooden Spoons,https://www.webstaurantstore.com/2921/kitchen-spoons.html?filter=material:wood
Whisks and Cooking Whips,https://www.webstaurantstore.com/3029/whips.html
Mini Whisks,https://www.webstaurantstore.com/3029/whips.html?filter=type:mini-whisks
French Whips,https://www.webstaurantstore.com/3029/whips.html?filter=type:french-whips
Piano Whisks and Whips,https://www.webstaurantstore.com/3029/whips.html?filter=type:piano-whips
Chef Knives,https://www.webstaurantstore.com/2835/chef-knives.html
Forged Knives,https://www.webstaurantstore.com/2835/chef-knives.html?filter=style:forged
Fibrox Knives,https://www.webstaurantstore.com/2835/chef-knives.html?filter=handle-material:fibrox
High Carbon Stainless Steel Knives,https://www.webstaurantstore.com/2835/chef-knives.html?filter=blade-material:high-carbon-stainless-steel
Granton Edge Knives,https://www.webstaurantstore.com/2835/chef-knives.html?filter=edge-style:granton
Butcher Knives,https://www.webstaurantstore.com/2829/butcher-knives.html
Cimeter Knives,https://www.webstaurantstore.com/2829/butcher-knives.html?filter=type:cimeter-knives
Breaking Knives,https://www.webstaurantstore.com/2829/butcher-knives.html?filter=type:breaking-knives
Skinning Knives,https://www.webstaurantstore.com/2829/butcher-knives.html?filter=type:skinning-knives
Boning & Fillet Knives,https://www.webstaurantstore.com/2825/boning-fillet-knives.html
Fibrox Boning Knives,https://www.webstaurantstore.com/2825/boning-fillet-knives.html?filter=handle-material:fibrox
Forged Boning Knives,https://www.webstaurantstore.com/2825/boning-fillet-knives.html?filter=style:forged
Knife Sharpeners,https://www.webstaurantstore.com/2857/knife-sharpeners.html
Sharpening Stones,https://www.webstaurantstore.com/2857/knife-sharpeners.html?filter=type:sharpening-stones
Knife Steels,https://www.webstaurantstore.com/2857/knife-sharpeners.html?filter=type:knife-steels
Electric Sharpeners,https://www.webstaurantstore.com/2857/knife-sharpeners.html?filter=type:electric-sharpeners
Cleavers,https://www.webstaurantstore.com/10849/cleavers.html
Asian Cutlery,https://www.webstaurantstore.com/2869/asian-cutlery.html
Santoku Knives,https://www.webstaurantstore.com/2869/asian-cutlery.html?filter=type:santoku-knives
Nakiri Knives,https://www.webstaurantstore.com/2869/asian-cutlery.html?filter=type:nakiri-knives
Gyuto Knives,https://www.webstaurantstore.com/2869/asian-cutlery.html?filter=type:gyuto-knives
Deba Knives,https://www.webstaurantstore.com/2869/asian-cutlery.html?filter=type:deba-knives
Sashimi Knives,https://www.webstaurantstore.com/2869/asian-cutlery.html?filter=type:sashimi-knives
Clam Knives and Oyster Knives,https://www.webstaurantstore.com/2837/clam-knives-and-oyster-knives.html
Kitchen Shears,https://www.webstaurantstore.com/2847/kitchen-shears.html
Poultry Shears,https://www.webstaurantstore.com/2847/kitchen-shears.html?filter=type:poultry-shears
Herb Shears,https://www.webstaurantstore.com/2847/kitchen-shears.html?filter=type:herb-shears
Fish Shears,https://www.webstaurantstore.com/2847/kitchen-shears.html?filter=type:fish-shears
All Purpose Shears,https://www.webstaurantstore.com/2847/kitchen-shears.html?filter=type:all-purpose-shears
Knife Sets,https://www.webstaurantstore.com/2855/knife-sets.html
Kitchen Knife Sets,https://www.webstaurantstore.com/2855/knife-sets.html?filter=type:kitchen-knife-sets
Steak Knife Sets,https://www.webstaurantstore.com/2855/knife-sets.html?filter=type:steak-knife-sets
Forged Knife Sets,https://www.webstaurantstore.com/2855/knife-sets.html?filter=style:forged
Garnishing Tools and Kits,https://www.webstaurantstore.com/2845/garnishing-tools-and-kits.html
Specialty Food Cutting Tools,https://www.webstaurantstore.com/56967/fruit-and-vegetable-cutting-tools.html
Mandolines,https://www.webstaurantstore.com/14231/mandolines.html
Peelers,https://www.webstaurantstore.com/2861/peelers.html
Heavy Duty Tongs,https://www.webstaurantstore.com/40763/tongs.html?filter=features:heavy-duty-construction
BBQ Tongs,https://www.webstaurantstore.com/40763/tongs.html?filter=type:bbq-tongs
Pasta Tongs,https://www.webstaurantstore.com/40763/tongs.html?filter=type:pasta-spaghetti-tongs
Infrared Thermometers,https://www.webstaurantstore.com/56249/infrared-thermometers.html
Probe Thermometers & Pocket Thermometers,https://www.webstaurantstore.com/56251/probe-thermometers-pocket-thermometers.html
Deep Fry / Candy Thermometers,https://www.webstaurantstore.com/56243/deep-fry-candy-thermometers.html
Thermocouple Thermometers and Probes,https://www.webstaurantstore.com/56253/thermocouple-thermometers-and-probes.html
Grill and Oven Thermometers,https://www.webstaurantstore.com/56247/grill-thermometers.html
Measuring Cups and Spoons,https://www.webstaurantstore.com/2925/measuring-cups-spoons.html
Measuring Cup Sets,https://www.webstaurantstore.com/2925/measuring-cups-spoons.html?filter=type:measuring-cup-sets
Measuring Spoons,https://www.webstaurantstore.com/2925/measuring-cups-spoons.html?filter=type:measuring-spoons
Measuring Spoon Sets,https://www.webstaurantstore.com/2925/measuring-cups-spoons.html?filter=type:measuring-spoon-sets
Serving Utensils,https://www.webstaurantstore.com/2969/serving-utensils.html
Serving Spoons,https://www.webstaurantstore.com/2969/serving-utensils.html?filter=type:serving-spoons
Pie Servers,https://www.webstaurantstore.com/2969/serving-utensils.html?filter=type:pie-servers
Portion Spoons,https://www.webstaurantstore.com/2969/serving-utensils.html?filter=type:portion-spoons
Seafood Tools,https://www.webstaurantstore.com/2967/seafood-preparation-tools.html
Lobster and Crab Crackers,https://www.webstaurantstore.com/2967/seafood-preparation-tools.html?filter=type:lobster-crab-crackers
Crab Mallets,https://www.webstaurantstore.com/2967/seafood-preparation-tools.html?filter=type:crab-mallets
Shellfish Fork,https://www.webstaurantstore.com/2967/seafood-preparation-tools.html?filter=type:shellfish-forks
Seafood Shellers,https://www.webstaurantstore.com/2967/seafood-preparation-tools.html?filter=type:seafood-shellers
Food Mills,https://www.webstaurantstore.com/2905/food-mills.html
Electric,https://www.webstaurantstore.com/2905/food-mills.html?filter=power-type:electric
Food Mill Parts and Accessories,https://www.webstaurantstore.com/45763/food-mill-parts-and-accessories.html
"Steak Weights, Bacon Presses, and Grill Presses",https://www.webstaurantstore.com/2973/steak-and-bacon-weights-panini-and-grill-presses.html
Funnels,https://www.webstaurantstore.com/2911/funnels.html
Aluminum,https://www.webstaurantstore.com/2911/funnels.html?filter=material:aluminum
Plastic,https://www.webstaurantstore.com/2911/funnels.html?filter=material:plastic
BBQ Accessories,https://www.webstaurantstore.com/25943/bbq-accessories.html
Frying Pans,https://www.webstaurantstore.com/2705/fry-pans.html
Stainless Steel Pans,https://www.webstaurantstore.com/2705/fry-pans.html?filter=material:stainless-steel
Carbon Steel Pans,https://www.webstaurantstore.com/2705/fry-pans.html?filter=material:carbon-steel
Aluminum Pans,https://www.webstaurantstore.com/2705/fry-pans.html?filter=material:aluminum
High-End Pans,https://www.webstaurantstore.com/2705/fry-pans.html?filter=usage:high-end
Stock Pots and Accessories,https://www.webstaurantstore.com/2733/stock-pots-accessories.html
Stainless Steel Stock Pots,https://www.webstaurantstore.com/2733/stock-pots-accessories.html?filter=material:stainless-steel
Sauce Pots and Pans,https://www.webstaurantstore.com/32263/sauce-pans.html
Aluminum Pans,https://www.webstaurantstore.com/32263/sauce-pans.html?filter=material:aluminum
Saucier Pans,https://www.webstaurantstore.com/32263/sauce-pans.html?filter=type:saucier-pans
Braziers / Braising Pots,https://www.webstaurantstore.com/2699/braziers.html
Aluminum Pots,https://www.webstaurantstore.com/2699/braziers.html?filter=material:aluminum
Stainless Steel Pots,https://www.webstaurantstore.com/2699/braziers.html?filter=material:stainless-steel
Cast-Iron Cookware,https://www.webstaurantstore.com/47869/cast-iron-cookware.html
Cast-Iron Dutch Ovens,https://www.webstaurantstore.com/47869/cast-iron-cookware.html?filter=type:dutch-ovens
Cast-Iron Skillets,https://www.webstaurantstore.com/47869/cast-iron-cookware.html?filter=type:skillets
Cast-Iron Casserole Dishes,https://www.webstaurantstore.com/47869/cast-iron-cookware.html?filter=type:casserole-dishes
Mini Cast Iron Servingware,https://www.webstaurantstore.com/42851/mini-cast-iron-servingware.html
Cookware Sets,https://www.webstaurantstore.com/41549/cookware-sets.html
Saute Pans,https://www.webstaurantstore.com/2713/saute-pans.html
Sheet Pans,https://www.webstaurantstore.com/2423/bun-sheet-pans.html
Full Size,https://www.webstaurantstore.com/2423/bun-sheet-pans.html?filter=size:full-size
3/4 Size,https://www.webstaurantstore.com/2423/bun-sheet-pans.html?filter=size:3-4-size
1/2 Size,https://www.webstaurantstore.com/2423/bun-sheet-pans.html?filter=size:1-2-size
1/4 Size,https://www.webstaurantstore.com/2423/bun-sheet-pans.html?filter=size:1-4-size
1/8 Size,https://www.webstaurantstore.com/2423/bun-sheet-pans.html?filter=size:1-8-size
Cake Pans,https://www.webstaurantstore.com/10375/cake-pans.html
Round,https://www.webstaurantstore.com/10375/cake-pans.html?filter=shape:round
Rectangular,https://www.webstaurantstore.com/10375/cake-pans.html?filter=shape:rectangle
Square,https://www.webstaurantstore.com/10375/cake-pans.html?filter=shape:square
Springform,https://www.webstaurantstore.com/10375/cake-pans.html?filter=type:springform-pans
Mini,https://www.webstaurantstore.com/10375/cake-pans.html?filter=type:mini-cake-pans
Bread and Loaf Pans,https://www.webstaurantstore.com/2421/bread-loaf-pans.html
Mini Loaf Pans,https://www.webstaurantstore.com/2421/bread-loaf-pans.html?filter=type:mini-loaf-pans
Pullman Pans,https://www.webstaurantstore.com/2421/bread-loaf-pans.html?filter=type:pullman-pans
Baguette Pans,https://www.webstaurantstore.com/2421/bread-loaf-pans.html?filter=type:baguette-pans
Hamburger Bun Pans,https://www.webstaurantstore.com/2421/bread-loaf-pans.html?filter=type:hamburger-bun-pans
Muffin and Cupcake Pans,https://www.webstaurantstore.com/2429/muffin-pans.html
Mini,https://www.webstaurantstore.com/2429/muffin-pans.html?filter=size:mini
Standard,https://www.webstaurantstore.com/2429/muffin-pans.html?filter=size:standard
Large / Jumbo,https://www.webstaurantstore.com/2429/muffin-pans.html?filter=size:large-jumbo
Pizza Pans,https://www.webstaurantstore.com/3255/pizza-pans.html
Deep Dish,https://www.webstaurantstore.com/3255/pizza-pans.html?filter=type:deep-dish-pans
Square,https://www.webstaurantstore.com/3255/pizza-pans.html?filter=shape:square
Perforated,https://www.webstaurantstore.com/3255/pizza-pans.html?filter=pan-type:perforated
Silicone Dessert & Pastry Molds,https://www.webstaurantstore.com/67813/silicone-dessert-pastry-molds.html
Silicone Cake Molds,https://www.webstaurantstore.com/67815/silicone-cake-molds.html
Silicone Bread Pans & Molds,https://www.webstaurantstore.com/67809/silicone-bread-pans.html
Silicone Candy & Gummy Molds,https://www.webstaurantstore.com/67811/silicone-candy-gummy-molds.html
Commercial Roasting Pans,https://www.webstaurantstore.com/2709/baking-roasting-pans.html
Induction-Ready Cookware,https://www.webstaurantstore.com/40799/induction-ready-cookware.html
Induction-Ready Sauce Pans,https://www.webstaurantstore.com/40799/induction-ready-cookware.html?filter=type:sauce-pans
Induction-Ready Skillets,https://www.webstaurantstore.com/40799/induction-ready-cookware.html?filter=type:skillets
Induction-Ready Stock Pots,https://www.webstaurantstore.com/40799/induction-ready-cookware.html?filter=type:stock-pots
Stainless Steel Cookware,https://www.webstaurantstore.com/57127/stainless-steel-cookware.html
Aluminum Cookware,https://www.webstaurantstore.com/57129/aluminum-cookware.html
Carbon Steel Cookware,https://www.webstaurantstore.com/57131/carbon-steel-cookware.html
Copper Cookware,https://www.webstaurantstore.com/37751/copper-cookware.html
Cast Aluminum Cookware,https://www.webstaurantstore.com/55397/cast-aluminum-cookware.html
Sauce Pans,https://www.webstaurantstore.com/32263/sauce-pans.html?filter=type:sauce-pans
Sauce Pots,https://www.webstaurantstore.com/32263/sauce-pans.html?filter=type:sauce-pots
Pie Pans,https://www.webstaurantstore.com/2431/pie-pans.html
Bowl and Bench Scrapers,https://www.webstaurantstore.com/2489/bowl-and-bench-scrapers.html
Dry Measuring,https://www.webstaurantstore.com/2925/measuring-cups-spoons.html?filter=usage:dry-measuring
Liquid Measuring,https://www.webstaurantstore.com/2925/measuring-cups-spoons.html?filter=usage:liquid-measuring
Mixing Bowls,https://www.webstaurantstore.com/3113/mixing-bowls.html
Stainless Steel,https://www.webstaurantstore.com/3113/mixing-bowls.html?filter=material:stainless-steel
Glass,https://www.webstaurantstore.com/3113/mixing-bowls.html?filter=material:glass
Microwavable,https://www.webstaurantstore.com/3113/mixing-bowls.html?filter=features:microwavable
Non-Slip Grip,https://www.webstaurantstore.com/3113/mixing-bowls.html?filter=features:non-slip-grip
"Piping Tips, Pastry Bags, and Accessories",https://www.webstaurantstore.com/54643/piping-tips-pastry-bags-and-accessories.html
Pastry Bags,https://www.webstaurantstore.com/54643/piping-tips-pastry-bags-and-accessories.html?filter=type:pastry-bags
Piping Tips,https://www.webstaurantstore.com/54643/piping-tips-pastry-bags-and-accessories.html?filter=type:piping-tips
Pastry Tip Sets,https://www.webstaurantstore.com/54643/piping-tips-pastry-bags-and-accessories.html?filter=type:pastry-tip-sets
Couplers,https://www.webstaurantstore.com/54643/piping-tips-pastry-bags-and-accessories.html?filter=type:couplers
Cake Turntables & Decorating Stands,https://www.webstaurantstore.com/2443/cake-decorating-stands.html
Baking / Icing Spatulas,https://www.webstaurantstore.com/2487/baking-spatulas.html
Fondant Smoothers and Tools,https://www.webstaurantstore.com/45087/fondant-smoothers-and-tools.html
Fondant Mats,https://www.webstaurantstore.com/45087/fondant-smoothers-and-tools.html?filter=type:fondant-mats
Embossers,https://www.webstaurantstore.com/45087/fondant-smoothers-and-tools.html?filter=type:embossers
Shaped Sculpting Sets,https://www.webstaurantstore.com/45087/fondant-smoothers-and-tools.html?filter=type:shaped-sculpting-sets
Molds,https://www.webstaurantstore.com/45087/fondant-smoothers-and-tools.html?filter=type:molds
Cake Levelers & Lifters,https://www.webstaurantstore.com/68839/cake-levelers-lifters.html
Decorative Cake Toppers,https://www.webstaurantstore.com/54475/decorative-cake-toppers.html
Cake and Donut Fillers,https://www.webstaurantstore.com/45105/cake-fillers.html
Cake Filler Parts and Accessories,https://www.webstaurantstore.com/55045/cake-filler-parts-and-accessories.html
"Cake Pillars, Frames, & Plates",https://www.webstaurantstore.com/32813/cake-pillars.html
Cake Dowels,https://www.webstaurantstore.com/32813/cake-pillars.html?filter=type:cake-dowels
Donut Making Tools,https://www.webstaurantstore.com/59219/doughnut-making-tools.html
Cookie Cutters,https://www.webstaurantstore.com/2447/cookie-pastry-cutters.html
Holiday Cutters,https://www.webstaurantstore.com/2447/cookie-pastry-cutters.html?filter=theme:holiday
Pastry Molds and Rings,https://www.webstaurantstore.com/45101/baking-pastry-molds.html
Brioche Molds,https://www.webstaurantstore.com/45101/baking-pastry-molds.html?filter=type:brioche-molds
Cannoli Forms,https://www.webstaurantstore.com/45101/baking-pastry-molds.html?filter=type:cannoli-forms
Buche Molds,https://www.webstaurantstore.com/45101/baking-pastry-molds.html?filter=type:buche-molds
Pastry Brushes,https://www.webstaurantstore.com/2471/pastry-brushes.html
Rolling Pins and Pastry Accessories,https://www.webstaurantstore.com/2483/rolling-pins-and-pastry-accessories.html
"Cream Whippers, Dispensers, and Chargers",https://www.webstaurantstore.com/13839/cream-whippers-dispensers-and-chargers.html
Bakery Display Cases,https://www.webstaurantstore.com/2411/bakery-display-cases.html
"Cake, Pie, Cupcake Stands and Covers",https://www.webstaurantstore.com/2445/cake-and-pie-display-stands-and-covers.html
"Sample Domes, Display Trays and Covers",https://www.webstaurantstore.com/2441/sample-domes-display-trays-and-covers.html
Bakery Display Case Parts and Accessories,https://www.webstaurantstore.com/46975/bakery-display-case-parts-and-accessories.html
Quiche / Tart Pans and Molds,https://www.webstaurantstore.com/2437/quiche-tart-pans-and-molds.html
Candy Molds,https://www.webstaurantstore.com/51411/candy-molds.html
Silicone Bristles,https://www.webstaurantstore.com/2471/pastry-brushes.html?filter=bristle-material:silicone
Plastic Blades,https://www.webstaurantstore.com/2489/bowl-and-bench-scrapers.html?filter=blade-material:plastic
Chocolate Chips,https://www.webstaurantstore.com/63863/chocolate-chips.html
Dark Chocolate Chips,https://www.webstaurantstore.com/63863/chocolate-chips.html?filter=flavor:dark-chocolate
Melting Chocolate,https://www.webstaurantstore.com/63865/melting-chocolate.html
Melting Wafers,https://www.webstaurantstore.com/63865/melting-chocolate.html?filter=type:melting-wafers
Cocoa Powders,https://www.webstaurantstore.com/52591/cocoa-powders.html
Chocolate Spreads,https://www.webstaurantstore.com/51915/chocolate-spreads.html
Chocolate Toppings and Add Ins,https://www.webstaurantstore.com/63873/chocolate-toppings-add-ins.html
Hot Chocolate,https://www.webstaurantstore.com/45181/hot-chocolate.html
Bulk Flour,https://www.webstaurantstore.com/8935/bulk-flour.html
Bread Flour,https://www.webstaurantstore.com/8935/bulk-flour.html?filter=usage:bread
Whole Wheat Flour,https://www.webstaurantstore.com/8935/bulk-flour.html?filter=type:whole-wheat
Bulk Sugar,https://www.webstaurantstore.com/23/bulk-sugar.html
Powdered Sugar,https://www.webstaurantstore.com/23/bulk-sugar.html?filter=sugar-type:powdered-sugar
Granulated Sugar,https://www.webstaurantstore.com/23/bulk-sugar.html?filter=sugar-type:granulated-sugar
Sugar Substitute,https://www.webstaurantstore.com/23/bulk-sugar.html?filter=sugar-type:sugar-substitute
Sprinkles & Nonpareils,https://www.webstaurantstore.com/9443/baking-toppings-and-add-ins.html
Nonpareils,https://www.webstaurantstore.com/9443/baking-toppings-and-add-ins.html?filter=type:nonpareils
Seasonal Mixes,https://www.webstaurantstore.com/9443/baking-toppings-and-add-ins.html?filter=style:seasonal-mixes
Crushed Toppings,https://www.webstaurantstore.com/68135/crushed-toppings.html
Bulk Unwrapped Candy,https://www.webstaurantstore.com/64295/bulk-unwrapped-candy.html
Ice Cream Inclusions,https://www.webstaurantstore.com/68133/ice-cream-inclusions.html
Dessert & Cookie Bites,https://www.webstaurantstore.com/68137/dessert-cookie-bites.html
Frosting and Icing,https://www.webstaurantstore.com/61369/frosting-and-icing.html
Donut Icing & Glaze,https://www.webstaurantstore.com/61369/frosting-and-icing.html?filter=type:donut-icing-glaze
Buttercream Frosting,https://www.webstaurantstore.com/61369/frosting-and-icing.html?filter=type:buttercream-frosting
Piping Gel,https://www.webstaurantstore.com/61369/frosting-and-icing.html?filter=type:piping-gel
Flavoring Sauces,https://www.webstaurantstore.com/62797/flavoring-sauces.html
Nut Butters & Pastes,https://www.webstaurantstore.com/149/nut-butter.html
Peanut Butter,https://www.webstaurantstore.com/149/nut-butter.html?filter=type:peanut-butter
Almond Butter,https://www.webstaurantstore.com/149/nut-butter.html?filter=type:almond-butter
Dried Fruit,https://www.webstaurantstore.com/62605/dried-fruits.html
Coconut,https://www.webstaurantstore.com/62605/dried-fruits.html?filter=type:coconut
Chocolate Decorations and Cups,https://www.webstaurantstore.com/65909/chocolate-cups-shells.html
Pie Fillings,https://www.webstaurantstore.com/165/pie-filling-and-cobbler-filling.html
Apple,https://www.webstaurantstore.com/165/pie-filling-and-cobbler-filling.html?filter=flavor:apple
Blueberry,https://www.webstaurantstore.com/165/pie-filling-and-cobbler-filling.html?filter=flavor:blueberry
Cherry,https://www.webstaurantstore.com/165/pie-filling-and-cobbler-filling.html?filter=flavor:cherry
Strawberry,https://www.webstaurantstore.com/165/pie-filling-and-cobbler-filling.html?filter=flavor:strawberry
Graham Cracker Crumbs & Cookie Pieces,https://www.webstaurantstore.com/64737/graham-cracker-crumbs-cookie-pieces.html
Nuts and Seeds,https://www.webstaurantstore.com/12925/peanuts-and-nuts.html
Food Coloring,https://www.webstaurantstore.com/61365/food-coloring.html
Gel,https://www.webstaurantstore.com/61365/food-coloring.html?filter=style:gel
Airbrush Colors,https://www.webstaurantstore.com/61365/food-coloring.html?filter=type:airbrush-colors
Matte,https://www.webstaurantstore.com/61365/food-coloring.html?filter=finish:matte
Shimmer,https://www.webstaurantstore.com/61365/food-coloring.html?filter=finish:shimmer
Fondant and Modeling,https://www.webstaurantstore.com/61367/fondant-and-modeling.html
Rolled Fondant,https://www.webstaurantstore.com/61367/fondant-and-modeling.html?filter=style:rolled-fondant
Modeling Chocolate,https://www.webstaurantstore.com/61367/fondant-and-modeling.html?filter=type:modeling-chocolate
Pastel Colors,https://www.webstaurantstore.com/61367/fondant-and-modeling.html?filter=style:pastel-colors
Baking Chips,https://www.webstaurantstore.com/63863/chocolate-chips.html?filter=type:baking-chips
Sanding Sugar,https://www.webstaurantstore.com/51281/sanding-sugar.html
"Extracts, Pastes, & Flavorings",https://www.webstaurantstore.com/47721/extracts-and-imitation-flavoring.html
Vanilla Extract,https://www.webstaurantstore.com/47721/extracts-and-imitation-flavoring.html?filter=flavor:vanilla
Almonds,https://www.webstaurantstore.com/12925/peanuts-and-nuts.html?filter=type:almonds
Peanuts,https://www.webstaurantstore.com/12925/peanuts-and-nuts.html?filter=type:peanuts
Walnuts,https://www.webstaurantstore.com/12925/peanuts-and-nuts.html?filter=type:walnuts
Yeast,https://www.webstaurantstore.com/45055/yeast.html
Baking Soda,https://www.webstaurantstore.com/45043/baking-soda.html
Baking Powder,https://www.webstaurantstore.com/45041/baking-powder.html
Dough Conditioner,https://www.webstaurantstore.com/63247/dough-conditioner.html
Bread Toppings,https://www.webstaurantstore.com/63997/bread-toppings.html
Powdered Milk,https://www.webstaurantstore.com/45047/food-thickeners.html?filter=type:powdered-milk
Baking Mixes,https://www.webstaurantstore.com/62871/ready-to-use-cake-mixes-and-cookie-mixes.html
Cakes,https://www.webstaurantstore.com/62871/ready-to-use-cake-mixes-and-cookie-mixes.html?filter=type:cakes
Brownies,https://www.webstaurantstore.com/62871/ready-to-use-cake-mixes-and-cookie-mixes.html?filter=type:brownies
Muffins,https://www.webstaurantstore.com/62871/ready-to-use-cake-mixes-and-cookie-mixes.html?filter=type:muffin-batter-and-mixes
Sunflower Butter,https://www.webstaurantstore.com/149/nut-butter.html?filter=type:sunflower-butter
Tahini,https://www.webstaurantstore.com/149/nut-butter.html?filter=type:tahini
Baking Spices,https://www.webstaurantstore.com/38519/bulk-spices.html?filter=flavor-profile:baking-spices
Cinnamon,https://www.webstaurantstore.com/38519/bulk-spices.html?filter=spice-type:cinnamon
Cardamom,https://www.webstaurantstore.com/38519/bulk-spices.html?filter=spice-type:cardamom
Nutmeg,https://www.webstaurantstore.com/38519/bulk-spices.html?filter=spice-type:nutmeg
Spray Releases & Seasonings,https://www.webstaurantstore.com/191/spray-releases-seasonings.html
Pastry and Dough Boards,https://www.webstaurantstore.com/57603/pastry-boards-dough-boards.html
Bagel Boards and Bagel Scoops,https://www.webstaurantstore.com/2409/bagel-boards-and-bagel-scoops.html
Pastry Cloths and Flour Sacks,https://www.webstaurantstore.com/53173/pastry-cloths-and-racks.html
Proofing Baskets,https://www.webstaurantstore.com/54621/proofing-baskets.html
Heavy,https://www.webstaurantstore.com/3113/mixing-bowls.html?filter=weight:heavy
Cutting Boards,https://www.webstaurantstore.com/3053/cutting-boards.html
Wood,https://www.webstaurantstore.com/3053/cutting-boards.html?filter=material:wood
Plastic,https://www.webstaurantstore.com/3053/cutting-boards.html?filter=material:plastic
Squeeze Bottles,https://www.webstaurantstore.com/3163/squeeze-bottles.html
Sauce Guns,https://www.webstaurantstore.com/3163/squeeze-bottles.html?filter=type:sauce-guns
Caps,https://www.webstaurantstore.com/3163/squeeze-bottles.html?filter=type:caps
First In First Out,https://www.webstaurantstore.com/3163/squeeze-bottles.html?filter=style:first-in-first-out
Strainers,https://www.webstaurantstore.com/2975/strainers.html
Kitchen Gloves,https://www.webstaurantstore.com/3073/kitchen-gloves.html
Sanitizing Pails,https://www.webstaurantstore.com/3083/sanitizing-pails.html
Date Stickers & Food Rotation Labels,https://www.webstaurantstore.com/467/day-of-the-week-stickers-product-labels.html
Food Preparation Equipment Cleaning Brushes,https://www.webstaurantstore.com/50275/food-preparation-equipment-cleaning-brushes.html
Bottle and Beverage Equipment Cleaning Brushes,https://www.webstaurantstore.com/50267/bottle-and-beverage-equipment-cleaning-brushes.html
Grill & Oven Cleaning Tools & Supplies,https://www.webstaurantstore.com/49283/grill-oven-cleaning-tools-supplies.html
Flat Top Grill Tools,https://www.webstaurantstore.com/49283/grill-oven-cleaning-tools-supplies.html?filter=usage:flat-tops-griddles
Scrapers,https://www.webstaurantstore.com/49283/grill-oven-cleaning-tools-supplies.html?filter=type:scrapers
Cleaning Kits,https://www.webstaurantstore.com/49283/grill-oven-cleaning-tools-supplies.html?filter=type:cleaning-kits
Brushes,https://www.webstaurantstore.com/49283/grill-oven-cleaning-tools-supplies.html?filter=type:brushes
Grill Bricks,https://www.webstaurantstore.com/49283/grill-oven-cleaning-tools-supplies.html?filter=type:grill-bricks
Fryer Equipment Cleaning Brushes,https://www.webstaurantstore.com/50273/fryer-equipment-cleaning-brushes.html
Cooling Racks,https://www.webstaurantstore.com/3065/cooling-racks.html
Colanders,https://www.webstaurantstore.com/3051/colanders.html
Paring Knives,https://www.webstaurantstore.com/2859/paring-knives.html
Corkscrews and Bottle Openers,https://www.webstaurantstore.com/2523/corkscrews.html
Wine Glasses,https://www.webstaurantstore.com/3749/wine-glasses.html
All Purpose Wine Glasses,https://www.webstaurantstore.com/3749/wine-glasses.html?filter=type:all-purpose-wine-glasses
Champagne Flutes,https://www.webstaurantstore.com/3749/wine-glasses.html?filter=wine-style:champagne
Stemless Wine Glasses,https://www.webstaurantstore.com/3749/wine-glasses.html?filter=style:stemless
Cocktail Glasses,https://www.webstaurantstore.com/47095/cocktail-glasses.html
Margarita Glasses,https://www.webstaurantstore.com/47095/cocktail-glasses.html?filter=type:margarita-glasses
Martini Glasses,https://www.webstaurantstore.com/47095/cocktail-glasses.html?filter=type:martini-glasses
Highball Glasses,https://www.webstaurantstore.com/47095/cocktail-glasses.html?filter=type:highball-glasses
Rocks Glasses,https://www.webstaurantstore.com/47095/cocktail-glasses.html?filter=type:rocks-glasses
Shot Glasses,https://www.webstaurantstore.com/58947/shot-glasses.html
Beer Glasses,https://www.webstaurantstore.com/3685/beer-glasses.html
All Purpose Beer Glasses,https://www.webstaurantstore.com/3685/beer-glasses.html?filter=type:pint-glasses
Beer Mugs,https://www.webstaurantstore.com/3685/beer-glasses.html?filter=type:beer-mugs
Pub Glasses,https://www.webstaurantstore.com/3685/beer-glasses.html?filter=type:pub-glasses
Drinking Glasses,https://www.webstaurantstore.com/47097/soda-tea-and-water-glasses.html
Water Glasses,https://www.webstaurantstore.com/47097/soda-tea-and-water-glasses.html?filter=type:water-glasses
Cooler Glasses,https://www.webstaurantstore.com/47097/soda-tea-and-water-glasses.html?filter=type:cooler-glasses
Beverage Glasses,https://www.webstaurantstore.com/47097/soda-tea-and-water-glasses.html?filter=type:beverage-glasses
Iced Tea Glasses,https://www.webstaurantstore.com/47097/soda-tea-and-water-glasses.html?filter=type:iced-tea-glasses
Juice Glasses,https://www.webstaurantstore.com/47097/soda-tea-and-water-glasses.html?filter=type:juice-glasses
Crystal Wine Glasses,https://www.webstaurantstore.com/3749/wine-glasses.html?filter=material:crystal
Dessert Dishes,https://www.webstaurantstore.com/4105/dessert-dishes.html
Vintage Glasses,https://www.webstaurantstore.com/50141/vintage-glasses.html
Beer Growlers and Accessories,https://www.webstaurantstore.com/33895/growlers.html
"Glass Decanters, Carafes, and Bottles",https://www.webstaurantstore.com/4057/decanters-and-carafes.html?filter=material:glass
"Crystal Decanters, Carafes, and Bottles",https://www.webstaurantstore.com/4057/decanters-and-carafes.html?filter=material:crystal
Glass Pitchers,https://www.webstaurantstore.com/4085/pitchers.html?filter=material:glass
Stirring Glasses,https://www.webstaurantstore.com/48919/stirring-glasses.html
Liquor Pourers,https://www.webstaurantstore.com/2547/liquor-pourers.html
Free Flow Pourers,https://www.webstaurantstore.com/2547/liquor-pourers.html?filter=pourer-style:free-flow
Screened Pourers,https://www.webstaurantstore.com/2547/liquor-pourers.html?filter=pourer-style:screened
Beer Towers,https://www.webstaurantstore.com/58749/beer-towers.html
Bottle Holders/Displays,https://www.webstaurantstore.com/9835/bottle-holders-displays.html
Cocktail Shakers,https://www.webstaurantstore.com/2521/cocktail-shakers.html
Cocktail Strainers,https://www.webstaurantstore.com/57923/cocktail-strainers.html
Boston Shakers,https://www.webstaurantstore.com/2521/cocktail-shakers.html?filter=style:boston
Bar Spoons & Forks,https://www.webstaurantstore.com/67985/bar-spoons-forks.html
Muddler End Style,https://www.webstaurantstore.com/67985/bar-spoons-forks.html?filter=end-style:muddler
Muddlers,https://www.webstaurantstore.com/67987/muddlers.html
Wood,https://www.webstaurantstore.com/67987/muddlers.html?filter=material:wood
Bar Accessories,https://www.webstaurantstore.com/67995/bar-accessories.html
Whiskey Stones,https://www.webstaurantstore.com/67995/bar-accessories.html?filter=type:whiskey-stones
Atomizers,https://www.webstaurantstore.com/67995/bar-accessories.html?filter=type:atomizer
Reusable Ice,https://www.webstaurantstore.com/67995/bar-accessories.html?filter=type:reusable-ice
Cocktail Smoke Guns & Accessories,https://www.webstaurantstore.com/65895/smoke-guns-accessories.html
Melon Ballers,https://www.webstaurantstore.com/2845/garnishing-tools-and-kits.html?filter=type:melon-ballers
Bar Mats and Shelf Liners,https://www.webstaurantstore.com/2513/bar-mat-shelf-liner.html
Plastic Shelf Liners,https://www.webstaurantstore.com/2513/bar-mat-shelf-liner.html?filter=material:plastic
Jiggers,https://www.webstaurantstore.com/2557/jiggers.html
Classic Jigger,https://www.webstaurantstore.com/2557/jiggers.html?filter=style:classic-jigger
Frothing Pitchers,https://www.webstaurantstore.com/52601/barista-tools.html?filter=type:frothing-pitchers
Knock Boxes,https://www.webstaurantstore.com/52601/barista-tools.html?filter=type:knock-boxes
Tampers,https://www.webstaurantstore.com/52601/barista-tools.html?filter=type:tampers
Stands & Sets,https://www.webstaurantstore.com/2667/coffee-airpots.html?filter=type:stands-sets
Stainless Steel,https://www.webstaurantstore.com/2673/coffee-carafes-and-decanters.html?filter=material:stainless-steel
Glass,https://www.webstaurantstore.com/2673/coffee-carafes-and-decanters.html?filter=material:glass
Lids,https://www.webstaurantstore.com/2673/coffee-carafes-and-decanters.html?filter=type:lids
Teapots,https://www.webstaurantstore.com/4029/teapots.html
Stainless Steel,https://www.webstaurantstore.com/2611/coffee-chafer-urns.html?filter=finish:stainless-steel
Portable Tea & Coffee Makers,https://www.webstaurantstore.com/58721/portable-coffee-tea-makers.html
French Presses,https://www.webstaurantstore.com/58721/portable-coffee-tea-makers.html?filter=type:french-presses
Sugar Caddies,https://www.webstaurantstore.com/20267/sugar-caddies.html
Restaurant Creamers,https://www.webstaurantstore.com/4055/restaurant-creamers.html
Syrup Pumps,https://www.webstaurantstore.com/32867/syrup-pumps.html
Infusion Beverage Dispensers,https://www.webstaurantstore.com/15637/infusion-beverage-dispensers.html
Coffee Condiment Organizers,https://www.webstaurantstore.com/2671/coffee-condiment-organizers.html
Pitchers,https://www.webstaurantstore.com/4085/pitchers.html
China,https://www.webstaurantstore.com/4085/pitchers.html?filter=material:china
Stainless Steel,https://www.webstaurantstore.com/4085/pitchers.html?filter=material:stainless-steel
Plastic,https://www.webstaurantstore.com/4085/pitchers.html?filter=material:plastic
"Decanters, Carafes, and Bottles",https://www.webstaurantstore.com/4057/decanters-and-carafes.html
Wine Decanters,https://www.webstaurantstore.com/4057/decanters-and-carafes.html?filter=type:wine-decanters
Single Serve,https://www.webstaurantstore.com/4057/decanters-and-carafes.html?filter=style:single-serve
Bottles,https://www.webstaurantstore.com/4057/decanters-and-carafes.html?filter=type:bottles
Cup Dispensers and Lid Organizers,https://www.webstaurantstore.com/2751/cup-dispensers-and-lid-organizers.html
Paper,https://www.webstaurantstore.com/2751/cup-dispensers-and-lid-organizers.html?filter=cup-type:paper
Plastic,https://www.webstaurantstore.com/2751/cup-dispensers-and-lid-organizers.html?filter=cup-type:plastic
"Cup, Lid, and Straw Organizer / Dispenser Parts",https://www.webstaurantstore.com/45017/cup-lid-and-straw-organizer-dispenser-parts-and-accessories.html
Napkin Dispensers,https://www.webstaurantstore.com/4081/napkin-dispensers.html
Countertop Dispenser,https://www.webstaurantstore.com/4081/napkin-dispensers.html?filter=installation-type:countertop
Cloth & Spandex Table Covers,https://www.webstaurantstore.com/33707/cloth-table-covers.html
Vinyl Table Covers,https://www.webstaurantstore.com/3947/vinyl-table-covers.html
Table Skirting,https://www.webstaurantstore.com/3939/table-skirting.html
Disposable Table Covers and Skirting,https://www.webstaurantstore.com/755/disposable-table-covers-skirting.html
Table Skirts,https://www.webstaurantstore.com/755/disposable-table-covers-skirting.html?filter=type:table-skirts
Rolls,https://www.webstaurantstore.com/755/disposable-table-covers-skirting.html?filter=style:rolls
Paper Covers,https://www.webstaurantstore.com/755/disposable-table-covers-skirting.html?filter=material:paper
Linen-Like Covers,https://www.webstaurantstore.com/755/disposable-table-covers-skirting.html?filter=material:linen-like
Fitted Covers,https://www.webstaurantstore.com/755/disposable-table-covers-skirting.html?filter=style:fitted
Cloth Napkins,https://www.webstaurantstore.com/33753/cloth-napkins.html
Reusable Placemats,https://www.webstaurantstore.com/49065/reusable-placemats.html
Disposable Placemats,https://www.webstaurantstore.com/54447/disposable-placemats.html
Chef Coats,https://www.webstaurantstore.com/3337/chef-coats.html
Men's and Unisex Chef Coats,https://www.webstaurantstore.com/3337/chef-coats.html?filter=type:mens-unisex-chef-coats
Women's Chef Coats,https://www.webstaurantstore.com/3337/chef-coats.html?filter=type:womens-chef-coats
Short Sleeve Chef Coats,https://www.webstaurantstore.com/3337/chef-coats.html?filter=sleeve-length:short-sleeve
Chef Hats and Headwear,https://www.webstaurantstore.com/3339/chef-hats-headwear.html
Chef Caps,https://www.webstaurantstore.com/3339/chef-hats-headwear.html?filter=type:caps
Skull Caps,https://www.webstaurantstore.com/3339/chef-hats-headwear.html?filter=type:skull-caps
Pill Box Hats,https://www.webstaurantstore.com/3339/chef-hats-headwear.html?filter=type:pill-box-hats
Chef Beanies,https://www.webstaurantstore.com/3339/chef-hats-headwear.html?filter=type:beanies
Server Clothing,https://www.webstaurantstore.com/3347/server-clothing.html
Waiter Gloves,https://www.webstaurantstore.com/3347/server-clothing.html?filter=type:gloves
Server Ties,https://www.webstaurantstore.com/3347/server-clothing.html?filter=type:ties
Server Vests,https://www.webstaurantstore.com/3347/server-clothing.html?filter=type:vests
Tuxedo Shirts,https://www.webstaurantstore.com/3347/server-clothing.html?filter=type:tuxedo-shirts
Non-Slip Shoes,https://www.webstaurantstore.com/51235/non-slip-shoes.html
Women's Shoes,https://www.webstaurantstore.com/51235/non-slip-shoes.html?filter=type:womens-shoes
Men's Shoes,https://www.webstaurantstore.com/51235/non-slip-shoes.html?filter=type:mens-shoes
Sneakers,https://www.webstaurantstore.com/51235/non-slip-shoes.html?filter=style:sneaker
Boots,https://www.webstaurantstore.com/51235/non-slip-shoes.html?filter=style:boot
Cook Shirts,https://www.webstaurantstore.com/3343/cook-shirts.html
Chef Pants,https://www.webstaurantstore.com/3341/chef-pants.html
Bar and Kitchen Towels,https://www.webstaurantstore.com/3331/bar-towels.html
Restaurant Aprons,https://www.webstaurantstore.com/3323/restaurant-aprons.html
Waist Aprons,https://www.webstaurantstore.com/3323/restaurant-aprons.html?filter=type:waist-aprons
Dishwasher Aprons,https://www.webstaurantstore.com/3323/restaurant-aprons.html?filter=type:dishwasher-aprons
Cobbler Aprons,https://www.webstaurantstore.com/3323/restaurant-aprons.html?filter=type:cobbler-aprons
Bib Aprons,https://www.webstaurantstore.com/3323/restaurant-aprons.html?filter=type:bib-aprons
Oven Mitts and Pot Holders,https://www.webstaurantstore.com/3353/oven-mitts-gloves.html
Grilling Gloves,https://www.webstaurantstore.com/3353/oven-mitts-gloves.html?filter=type:grilling-gloves
Pot Holders,https://www.webstaurantstore.com/3353/oven-mitts-gloves.html?filter=type:pot-holders
Hotel Sheets,https://www.webstaurantstore.com/21967/hotel-sheets.html
Queen Size,https://www.webstaurantstore.com/21967/hotel-sheets.html?filter=size:queen
King Size,https://www.webstaurantstore.com/21967/hotel-sheets.html?filter=size:king
Pillows and Pillowcases,https://www.webstaurantstore.com/66553/pillows-pillowcases.html
Hotel Duvet Covers and Comforters,https://www.webstaurantstore.com/43487/hotel-duvet-covers.html
Hotel Blankets,https://www.webstaurantstore.com/43485/hotel-blankets.html
Mattress Pads and Protectors,https://www.webstaurantstore.com/68309/mattress-pads-protectors.html
Bath Towels,https://www.webstaurantstore.com/68167/bath-towels.html
Pool Towels,https://www.webstaurantstore.com/68175/pool-towels.html
Gym and Salon Towels,https://www.webstaurantstore.com/47121/pool-spa-essentials.html
Hand Towels,https://www.webstaurantstore.com/68171/hand-towels.html
Washcloths,https://www.webstaurantstore.com/68169/washcloths.html
Bath Mats,https://www.webstaurantstore.com/48315/hotel-bath-mats.html
Bath Robes,https://www.webstaurantstore.com/68173/bath-robes.html
Utensil Holders and Flatware Organizers,https://www.webstaurantstore.com/4227/flatware-holders-and-flatware-organizers.html
Cylinders,https://www.webstaurantstore.com/4227/flatware-holders-and-flatware-organizers.html?filter=type:cylinders
Cylinder Holders,https://www.webstaurantstore.com/4227/flatware-holders-and-flatware-organizers.html?filter=type:cylinder-holders
Cone Cup Dispensers,https://www.webstaurantstore.com/2751/cup-dispensers-and-lid-organizers.html?filter=cup-type:cone
Foam Cup Dispensers,https://www.webstaurantstore.com/2751/cup-dispensers-and-lid-organizers.html?filter=cup-type:foam
Pump Condiment Dispensers,https://www.webstaurantstore.com/13531/pump-condiment-dispensers.html
Touchless Dispensers,https://www.webstaurantstore.com/13531/pump-condiment-dispensers.html?filter=type:touchless-dispensers
Condiment Stands & Displays,https://www.webstaurantstore.com/3469/condiment-bins.html
Plastic Condiment Bins,https://www.webstaurantstore.com/3469/condiment-bins.html?filter=material:plastic
Metal Condiment Bins,https://www.webstaurantstore.com/3469/condiment-bins.html?filter=material:metal
Refrigerator / Freezer Thermometers,https://www.webstaurantstore.com/2997/refrigerator-freezer-thermometers.html
Kitchen Timers,https://www.webstaurantstore.com/2881/kitchen-timers.html
Fast Food and Cafeteria Trays,https://www.webstaurantstore.com/3373/fast-food-trays.html
Fiberglass,https://www.webstaurantstore.com/3373/fast-food-trays.html?filter=material:fiberglass
Polypropylene,https://www.webstaurantstore.com/3373/fast-food-trays.html?filter=material:polypropylene
Non-Skid Trays,https://www.webstaurantstore.com/3391/non-skid-trays.html
Room Service Trays,https://www.webstaurantstore.com/2803/room-service-trays.html
Market Trays and Bakery Display Trays,https://www.webstaurantstore.com/3389/market-trays-and-bakery-display-trays.html
Menu Covers and Books,https://www.webstaurantstore.com/353340/menu-covers-and-books.html
Wine List and Drink Menu Holders,https://www.webstaurantstore.com/353342/wine-list-and-drink-menu-holders.html
Menu Boards,https://www.webstaurantstore.com/353344/menu-boards.html
Write-On Menu Boards,https://www.webstaurantstore.com/3311/write-on-menu-boards.html
Tabletop Menu Holders and Tents,https://www.webstaurantstore.com/4143/menu-tents-and-tabletop-displayettes.html
Sign Frames & Menu Stands,https://www.webstaurantstore.com/3293/menu-stands-and-sign-stands.html
Custom Menu Covers and Holders,https://www.webstaurantstore.com/69821/custom-menu-covers-and-holders.html
Restaurant Check Presenters and Server Books,https://www.webstaurantstore.com/15535/restaurant-check-presenters.html
Menu Paper,https://www.webstaurantstore.com/15537/menu-paper.html
Tray Stands,https://www.webstaurantstore.com/3359/tray-stands.html
Guest Checks,https://www.webstaurantstore.com/41893/guest-checks.html
Restaurant Pagers and Accessories,https://www.webstaurantstore.com/53979/restaurant-pagers-and-accessories.html
Soda,https://www.webstaurantstore.com/45143/soda.html
Energy Drinks,https://www.webstaurantstore.com/65903/energy-drinks.html
Bag in Box Syrups,https://www.webstaurantstore.com/63993/bag-in-box-syrups.html
Bottles,https://www.webstaurantstore.com/45143/soda.html?filter=style:bottles
Bag-in-Box,https://www.webstaurantstore.com/45143/soda.html?filter=style:bag-in-box
Flavoring Syrups,https://www.webstaurantstore.com/51/flavoring-syrups.html
Sugar-Free,https://www.webstaurantstore.com/51/flavoring-syrups.html?filter=sweetener-type:sugar-free
Whole Bean Coffee & Espresso,https://www.webstaurantstore.com/68221/whole-bean-coffee-espresso.html
Caffeinated,https://www.webstaurantstore.com/68221/whole-bean-coffee-espresso.html?filter=caffeination:regular
Decaf,https://www.webstaurantstore.com/68221/whole-bean-coffee-espresso.html?filter=caffeination:decaffeinated
Organic,https://www.webstaurantstore.com/68221/whole-bean-coffee-espresso.html?filter=features:organic
Pre-Ground Coffee & Espresso,https://www.webstaurantstore.com/68223/pre-ground-coffee-espresso.html
Caffeinated,https://www.webstaurantstore.com/68223/pre-ground-coffee-espresso.html?filter=caffeination:regular
Decaf,https://www.webstaurantstore.com/68223/pre-ground-coffee-espresso.html?filter=caffeination:decaffeinated
Bags,https://www.webstaurantstore.com/68223/pre-ground-coffee-espresso.html?filter=package-type:bags
Packets,https://www.webstaurantstore.com/68223/pre-ground-coffee-espresso.html?filter=package-type:packets
Single Serve Coffee & Espresso Pods,https://www.webstaurantstore.com/68227/single-serve-coffee-espresso-pods.html
Decaf,https://www.webstaurantstore.com/68227/single-serve-coffee-espresso-pods.html?filter=caffeination:decaffeinated
Flavored,https://www.webstaurantstore.com/68227/single-serve-coffee-espresso-pods.html?filter=type:flavored
Organic,https://www.webstaurantstore.com/68227/single-serve-coffee-espresso-pods.html?filter=features:organic
Natural,https://www.webstaurantstore.com/51/flavoring-syrups.html?filter=features:natural
Organic,https://www.webstaurantstore.com/51/flavoring-syrups.html?filter=features:organic
Barista Kits,https://www.webstaurantstore.com/52601/barista-tools.html?filter=type:barista-kits
NSF Listed,https://www.webstaurantstore.com/13977/cappuccino-espresso-machines.html?filter=features:nsf-certified
Direct Connection,https://www.webstaurantstore.com/13977/cappuccino-espresso-machines.html?filter=water-source:direct-connection
2 Groups,https://www.webstaurantstore.com/13977/cappuccino-espresso-machines.html?filter=number-of-groups:2-groups
Cold Brew & Canned Coffee,https://www.webstaurantstore.com/68229/cold-brew-canned-coffee.html
Blended Ice Beverage and Coffee Mix,https://www.webstaurantstore.com/45189/blended-ice-beverage-and-coffee-mix.html
Smoothie Mixes,https://www.webstaurantstore.com/45187/smoothie-mixes.html
Juice & Lemonade,https://www.webstaurantstore.com/45147/juice.html
Cold Brew and Iced Coffee Machines / Dispensers,https://www.webstaurantstore.com/13971/iced-coffee-dispensers.html
Milk Frothers and Steamers,https://www.webstaurantstore.com/56857/milk-frothers-and-steamers.html
Pastry Cases,https://www.webstaurantstore.com/2411/bakery-display-cases.html?filter=type:pastry-cases
Acrylic,https://www.webstaurantstore.com/2411/bakery-display-cases.html?filter=material:acrylic
Cake Boxes and Bakery Boxes,https://www.webstaurantstore.com/353/cake-boxes-and-bakery-boxes.html
Cupcake and Muffin Containers,https://www.webstaurantstore.com/12949/cupcake-muffin-take-out-containers.html
Disposable Paper and Plastic Bakeware,https://www.webstaurantstore.com/9935/disposable-paper-plastic-bakeware.html
Aluminum Foil Pans,https://www.webstaurantstore.com/197/aluminum-foil-pans.html
Paper Loaf Pans,https://www.webstaurantstore.com/9935/disposable-paper-plastic-bakeware.html?filter=type:loaf-pans
Take-Out Cookie Bags,https://www.webstaurantstore.com/345/take-out-cookie-bags.html
Tin Tie Bags,https://www.webstaurantstore.com/345/take-out-cookie-bags.html?filter=features:tin-tie
Wax Paper Bags,https://www.webstaurantstore.com/345/take-out-cookie-bags.html?filter=material:wax-paper
Plastic Bags,https://www.webstaurantstore.com/345/take-out-cookie-bags.html?filter=material:plastic
Paper Bags,https://www.webstaurantstore.com/15969/paper-bags.html
Paper Retail and Merchandising Bags,https://www.webstaurantstore.com/60963/retail-bags.html?filter=material:paper
Paper Produce Bags,https://www.webstaurantstore.com/337/produce-bags.html?filter=material:paper
Paper Liquor Bags,https://www.webstaurantstore.com/10117/beer-liquor-and-wine-bags.html?filter=material:paper
Plastic Take-Out Bags,https://www.webstaurantstore.com/15111/to-go-bags-and-take-out-bags.html?filter=material:plastic
T-shirt Bags,https://www.webstaurantstore.com/15111/to-go-bags-and-take-out-bags.html?filter=type:t-shirt-bags
Plastic Grocery Bags,https://www.webstaurantstore.com/327/grocery-bags.html?filter=material:plastic
Plastic Retail and Merchandising Bags,https://www.webstaurantstore.com/60963/retail-bags.html?filter=material:plastic
"Plastic Beer, Liquor, and Wine Bags",https://www.webstaurantstore.com/10117/beer-liquor-and-wine-bags.html?filter=material:plastic
Poly Tubing,https://www.webstaurantstore.com/63703/poly-tubing.html
Reclosable Bags,https://www.webstaurantstore.com/69903/reclosable-bags.html
Seal Top,https://www.webstaurantstore.com/69903/reclosable-bags.html?filter=closure:seal-top
Slider Top,https://www.webstaurantstore.com/69903/reclosable-bags.html?filter=closure:slider-top
Zip Top,https://www.webstaurantstore.com/69903/reclosable-bags.html?filter=closure:zip-top
Flat Merchandise Bags,https://www.webstaurantstore.com/63705/flat-merchandise-bags.html
Steam Table Pan Liners,https://www.webstaurantstore.com/54587/stainless-steel-steam-table-pan-accessories.html?filter=type:steam-table-pan-liners
Ice Bags,https://www.webstaurantstore.com/299/ice-bags.html
Plastic Produce Bags,https://www.webstaurantstore.com/337/produce-bags.html?filter=material:plastic
Meat Bags,https://www.webstaurantstore.com/60907/meat-bags.html
To-Go Bags and Take-Out Bags,https://www.webstaurantstore.com/15111/to-go-bags-and-take-out-bags.html
Silverware Bags,https://www.webstaurantstore.com/15111/to-go-bags-and-take-out-bags.html?filter=type:silverware-bags
Food Grade Bags,https://www.webstaurantstore.com/335/food-grade-bags.html
Candy Bags,https://www.webstaurantstore.com/335/food-grade-bags.html?filter=type:candy-bags
Hot Food Bags,https://www.webstaurantstore.com/335/food-grade-bags.html?filter=type:hot-food-bags
Seafood Bags,https://www.webstaurantstore.com/335/food-grade-bags.html?filter=type:seafood-bags
Oven Bags,https://www.webstaurantstore.com/335/food-grade-bags.html?filter=type:oven-bags
Freezer Bags,https://www.webstaurantstore.com/335/food-grade-bags.html?filter=features:freezer-safe
Bread Bags,https://www.webstaurantstore.com/10125/bread-bags.html
Plastic Bread Bags,https://www.webstaurantstore.com/10125/bread-bags.html?filter=material:plastic
Paper Bread Bags,https://www.webstaurantstore.com/10125/bread-bags.html?filter=material:paper
Grocery Bags,https://www.webstaurantstore.com/327/grocery-bags.html
Deli Bags,https://www.webstaurantstore.com/327/grocery-bags.html?filter=type:deli-bags
Paper Grocery Bags,https://www.webstaurantstore.com/327/grocery-bags.html?filter=material:paper
Stand Up Pouches,https://www.webstaurantstore.com/63723/stand-up-pouches.html
Coffee To Go / Beverage Bags,https://www.webstaurantstore.com/2677/coffee-to-go.html
Pie Pans,https://www.webstaurantstore.com/197/aluminum-foil-pans.html?filter=pan-type:pie-pans
Tart Pans,https://www.webstaurantstore.com/197/aluminum-foil-pans.html?filter=pan-type:tart-pans
Container / Lid Combos,https://www.webstaurantstore.com/197/aluminum-foil-pans.html?filter=type:container-lid-combos
Loaf Pans,https://www.webstaurantstore.com/197/aluminum-foil-pans.html?filter=pan-type:loaf-pans
Cake Pans,https://www.webstaurantstore.com/197/aluminum-foil-pans.html?filter=pan-type:cake-pans
Muffin Pans,https://www.webstaurantstore.com/197/aluminum-foil-pans.html?filter=pan-type:muffin-pans
Plastic Cake Containers,https://www.webstaurantstore.com/12945/cake-take-out-containers.html
Wedge Containers,https://www.webstaurantstore.com/12945/cake-take-out-containers.html?filter=shape:wedge
Baking Cups and Cupcake Liners,https://www.webstaurantstore.com/221/baking-cups.html
Jumbo Size,https://www.webstaurantstore.com/221/baking-cups.html?filter=size:jumbo
Standard Size,https://www.webstaurantstore.com/221/baking-cups.html?filter=size:standard
Mini Size,https://www.webstaurantstore.com/221/baking-cups.html?filter=size:mini
Tulip Style,https://www.webstaurantstore.com/221/baking-cups.html?filter=style:tulip
Loaf Liners,https://www.webstaurantstore.com/221/baking-cups.html?filter=type:loaf-liners
Pie Containers,https://www.webstaurantstore.com/12963/pie-take-out-containers.html
Eco-Friendly To-Go Containers,https://www.webstaurantstore.com/795/eco-friendly-to-go-containers.html
Eco-Friendly Dinnerware,https://www.webstaurantstore.com/599/eco-friendly-dinnerware-.html
Plates,https://www.webstaurantstore.com/599/eco-friendly-dinnerware-.html?filter=type:plates
Bowls,https://www.webstaurantstore.com/599/eco-friendly-dinnerware-.html?filter=type:bowls
Ramekins,https://www.webstaurantstore.com/599/eco-friendly-dinnerware-.html?filter=type:ramekins
Eco-Friendly Disposable Cutlery,https://www.webstaurantstore.com/53575/eco-friendly-disposable-cutlery.html
Forks,https://www.webstaurantstore.com/53575/eco-friendly-disposable-cutlery.html?filter=type:forks
Spoons,https://www.webstaurantstore.com/53575/eco-friendly-disposable-cutlery.html?filter=type:spoons
Knives,https://www.webstaurantstore.com/53575/eco-friendly-disposable-cutlery.html?filter=type:knives
Eco-Friendly Paper Napkins,https://www.webstaurantstore.com/8149/eco-friendly-paper-napkins.html
Recycled Food Packaging,https://www.webstaurantstore.com/58289/recycled-food-packaging.html
Eco-Friendly Disposable Cups and Lids,https://www.webstaurantstore.com/579/eco-friendly-disposable-cups.html
Eco-Friendly Straws,https://www.webstaurantstore.com/9449/eco-friendly-straws.html
Eco-Friendly Food Trays,https://www.webstaurantstore.com/8113/eco-friendly-food-trays.html
Espresso Grinders,https://www.webstaurantstore.com/13975/commercial-coffee-grinders.html?filter=type:espresso-grinders
Breakfast Sandwiches,https://www.webstaurantstore.com/66965/breakfast-sandwiches.html
Breakfast Burritos,https://www.webstaurantstore.com/66965/breakfast-sandwiches.html?filter=type:breakfast-burritos
Pastries,https://www.webstaurantstore.com/65419/pastries.html
Cinnamon Rolls,https://www.webstaurantstore.com/65419/pastries.html?filter=type:cinnamon-rolls
Croissants,https://www.webstaurantstore.com/65419/pastries.html?filter=type:croissants
Danishes,https://www.webstaurantstore.com/65419/pastries.html?filter=type:danishes
Bacon,https://www.webstaurantstore.com/55205/bacon.html
Turkey Bacon,https://www.webstaurantstore.com/55205/bacon.html?filter=meat-variety:turkey
Eggs,https://www.webstaurantstore.com/54663/eggs.html
Solid,https://www.webstaurantstore.com/54663/eggs.html?filter=style:solid
Hardboiled,https://www.webstaurantstore.com/54663/eggs.html?filter=type:hardboiled
Sweet Breakfast Foods,https://www.webstaurantstore.com/66963/sweet-breakfast-foods.html
Waffles,https://www.webstaurantstore.com/66963/sweet-breakfast-foods.html?filter=type:waffles
French Toast,https://www.webstaurantstore.com/66963/sweet-breakfast-foods.html?filter=type:french-toast
Pancakes,https://www.webstaurantstore.com/66963/sweet-breakfast-foods.html?filter=type:pancakes
Bulk Oats,https://www.webstaurantstore.com/68243/bulk-oats.html
Instant,https://www.webstaurantstore.com/68243/bulk-oats.html?filter=style:instant
Rolled,https://www.webstaurantstore.com/68243/bulk-oats.html?filter=style:rolled
Steel Cut,https://www.webstaurantstore.com/68243/bulk-oats.html?filter=style:steel-cut
Sandwich Bread,https://www.webstaurantstore.com/66445/sandwich-bread.html
Hoagie Rolls,https://www.webstaurantstore.com/66445/sandwich-bread.html?filter=type:hoagie-rolls
Hotdog Buns,https://www.webstaurantstore.com/66445/sandwich-bread.html?filter=type:hotdog-buns
Panini Bread,https://www.webstaurantstore.com/66445/sandwich-bread.html?filter=type:panini
Bread Loaves,https://www.webstaurantstore.com/66441/bread-loaves.html
Sliced,https://www.webstaurantstore.com/66441/bread-loaves.html?filter=style:sliced
Dinner Rolls,https://www.webstaurantstore.com/66443/dinner-rolls.html
Bagels,https://www.webstaurantstore.com/66447/bagels.html
Gluten-Free Bread & Wraps,https://www.webstaurantstore.com/67705/gluten-free-bread-wraps.html
Vegan Bread,https://www.webstaurantstore.com/65927/vegan-bread.html
Biscuits and Scones,https://www.webstaurantstore.com/66439/biscuits.html
Muffins,https://www.webstaurantstore.com/66171/muffins.html
English Muffins,https://www.webstaurantstore.com/66445/sandwich-bread.html?filter=type:english-muffins
Cereal,https://www.webstaurantstore.com/54677/cereal.html
Granola,https://www.webstaurantstore.com/54677/cereal.html?filter=type:granola
Single Serve Boxes,https://www.webstaurantstore.com/54677/cereal.html?filter=package-type:single-serve-boxes
Single Serve Cups,https://www.webstaurantstore.com/54677/cereal.html?filter=package-type:single-serve-cups
Pancake and Waffle Mix,https://www.webstaurantstore.com/56457/pancake-and-waffle-mix-and-syrup.html
Deli Take-Out Containers,https://www.webstaurantstore.com/779/deli-take-out-containers.html
Square,https://www.webstaurantstore.com/779/deli-take-out-containers.html?filter=shape:square
Heavy-Duty,https://www.webstaurantstore.com/779/deli-take-out-containers.html?filter=weight:heavy
Freezer Safe,https://www.webstaurantstore.com/779/deli-take-out-containers.html?filter=features:freezer-safe
PLA Plastic,https://www.webstaurantstore.com/779/deli-take-out-containers.html?filter=material:pla-plastic
Paper Take-Out Boxes & Containers,https://www.webstaurantstore.com/11987/paper-take-out-boxes.html
Brown Boxes,https://www.webstaurantstore.com/11987/paper-take-out-boxes.html?filter=color:brown
Bento Boxes,https://www.webstaurantstore.com/11987/paper-take-out-boxes.html?filter=type:bento-boxes
No PFAS Added,https://www.webstaurantstore.com/795/eco-friendly-to-go-containers.html?filter=features:no-pfas-added
Reusable To-Go Containers,https://www.webstaurantstore.com/793/reusable-to-go-containers.html
Plastic Microwaveable Take-Out Containers,https://www.webstaurantstore.com/803/plastic-microwaveable-take-out-containers.html
Black,https://www.webstaurantstore.com/803/plastic-microwaveable-take-out-containers.html?filter=color:black
Square,https://www.webstaurantstore.com/803/plastic-microwaveable-take-out-containers.html?filter=shape:square
Round,https://www.webstaurantstore.com/803/plastic-microwaveable-take-out-containers.html?filter=shape:round
Tamper-Evident Containers,https://www.webstaurantstore.com/53139/tamper-evident-containers.html
Tamper-Evident Labels,https://www.webstaurantstore.com/68809/tamper-evident-labels.html
Foil Take-Out Containers and Lids,https://www.webstaurantstore.com/791/foil-take-out-containers-lids.html
Containers with Lids,https://www.webstaurantstore.com/791/foil-take-out-containers-lids.html?filter=type:container-lid-combos
Sandwich Take-Out Containers,https://www.webstaurantstore.com/16275/rectangular-retail-take-out-containers-and-sandwich-wedge-containers.html
Produce Containers and Packaging,https://www.webstaurantstore.com/11477/produce-containers.html
Egg Cartons,https://www.webstaurantstore.com/11477/produce-containers.html?filter=type:egg-cartons
Cardboard,https://www.webstaurantstore.com/11477/produce-containers.html?filter=material:cardboard
Herb Containers,https://www.webstaurantstore.com/11477/produce-containers.html?filter=type:herb-containers
Disposable Plastic Bottles,https://www.webstaurantstore.com/57737/disposable-plastic-bottles.html
Beverage Bags,https://www.webstaurantstore.com/2677/coffee-to-go.html?filter=type:beverage-bags
Caps,https://www.webstaurantstore.com/33895/growlers.html?filter=type:caps
32 oz. Growlers,https://www.webstaurantstore.com/33895/growlers.html?filter=capacity:32-oz.
"Beer, Liquor, and Wine Bags",https://www.webstaurantstore.com/10117/beer-liquor-and-wine-bags.html
Can and Bottle Carriers,https://www.webstaurantstore.com/10197/6-pack-bottle-carriers.html
Catering and To-Go Bowls,https://www.webstaurantstore.com/685/plastic-take-out-deli-catering-bowls-and-lids.html
Disposable Serving and Catering Trays,https://www.webstaurantstore.com/51387/disposable-serving-and-catering-trays.html
Clear Hinged Take-Out Containers,https://www.webstaurantstore.com/775/clear-hinged-take-out-containers.html
Disposable Soup Containers,https://www.webstaurantstore.com/11985/disposable-soup-containers.html
Non-Dairy Milk,https://www.webstaurantstore.com/62897/non-dairy-milk.html
Sweeteners,https://www.webstaurantstore.com/69/sugar-sweetener-and-creamer.html
Strawberry,https://www.webstaurantstore.com/45187/smoothie-mixes.html?filter=flavor:strawberry
Pina Colada,https://www.webstaurantstore.com/45187/smoothie-mixes.html?filter=flavor:pina-colada
Mango,https://www.webstaurantstore.com/45187/smoothie-mixes.html?filter=flavor:mango
Slushy and Granita Syrups,https://www.webstaurantstore.com/63441/slushy-granita-syrups.html
Milkshake Bases and Syrups,https://www.webstaurantstore.com/58177/milkshake-bases-syrups.html
Cocktail Mixes,https://www.webstaurantstore.com/11/bar-drink-mixes.html
Fruit Purees & Mixes,https://www.webstaurantstore.com/64031/fruit-purees-mixes.html
"Non-Alcoholic Wine, Beer, & Spirits",https://www.webstaurantstore.com/66169/non-alcoholic-drinks.html
Cocktail Bitters,https://www.webstaurantstore.com/52713/bitters.html
Alcohol Infusers,https://www.webstaurantstore.com/64033/alcohol-infusers.html
Bar Drink Garnishes,https://www.webstaurantstore.com/7/bar-drink-garnishes.html
Bubble Tea Powders,https://www.webstaurantstore.com/59589/bubble-tea-powders.html
Bubble Tea Syrups & Sweeteners,https://www.webstaurantstore.com/59591/bubble-tea-syrups-sweeteners.html
Tea Bags and Pods,https://www.webstaurantstore.com/45177/tea.html
Sachets,https://www.webstaurantstore.com/45177/tea.html?filter=type:sachets
Loose Leaf Tea,https://www.webstaurantstore.com/67633/loose-leaf-tea.html
Black Tea,https://www.webstaurantstore.com/67633/loose-leaf-tea.html?filter=tea-type:black-tea
Green Tea,https://www.webstaurantstore.com/67633/loose-leaf-tea.html?filter=tea-type:green-tea
Herbal Tea,https://www.webstaurantstore.com/67633/loose-leaf-tea.html?filter=tea-type:herbal-tea
Matcha Tea,https://www.webstaurantstore.com/67635/matcha-powder.html
Chai Tea,https://www.webstaurantstore.com/63683/chai-tea.html
Iced Tea,https://www.webstaurantstore.com/63575/iced-tea.html
Tea Bags,https://www.webstaurantstore.com/45177/tea.html?filter=type:tea-bags
Bubble Tea Toppings and Add Ins,https://www.webstaurantstore.com/59595/bubble-tea-toppings-and-add-ins.html
Bubble Tea Creamers,https://www.webstaurantstore.com/59589/bubble-tea-powders.html?filter=type:creamers
Bubble Tea Equipment,https://www.webstaurantstore.com/64973/bubble-tea-equipment.html
Popping Boba,https://www.webstaurantstore.com/59595/bubble-tea-toppings-and-add-ins.html?filter=type:popping-boba
Milk,https://www.webstaurantstore.com/55105/milk.html
Wholesale Water,https://www.webstaurantstore.com/15/bottled-water.html
Sparkling Water,https://www.webstaurantstore.com/15/bottled-water.html?filter=type:sparkling-water
Sports Drinks,https://www.webstaurantstore.com/68441/sports-drinks.html
Condiment Portion Control,https://www.webstaurantstore.com/85/condiment-portion-control-packs.html
Salad Dressing Packets,https://www.webstaurantstore.com/85/condiment-portion-control-packs.html?filter=type:salad-dressing
Hot Sauce Packets,https://www.webstaurantstore.com/85/condiment-portion-control-packs.html?filter=type:hot-sauces
Cream Cheese Packets,https://www.webstaurantstore.com/85/condiment-portion-control-packs.html?filter=type:cream-cheese
Mayonnaise Packets,https://www.webstaurantstore.com/85/condiment-portion-control-packs.html?filter=type:mayonnaise
Ketchup and Ketchup Packets,https://www.webstaurantstore.com/127/ketchup-and-ketchup-packets.html
Hot Sauces,https://www.webstaurantstore.com/48931/hot-sauces.html
Sriracha,https://www.webstaurantstore.com/48931/hot-sauces.html?filter=flavor:sriracha
Buffalo,https://www.webstaurantstore.com/48931/hot-sauces.html?filter=flavor:buffalo
Chipotle,https://www.webstaurantstore.com/48931/hot-sauces.html?filter=flavor:chipotle
Mayonnaise,https://www.webstaurantstore.com/49839/mayonnaise.html
Vegan,https://www.webstaurantstore.com/49839/mayonnaise.html?filter=features:vegan
Asian Sauces & Condiments,https://www.webstaurantstore.com/48937/asian-sauces-and-glazes.html
Sweet and Sour Sauce,https://www.webstaurantstore.com/48937/asian-sauces-and-glazes.html?filter=type:sweet-sour-sauce
Teriyaki Sauce,https://www.webstaurantstore.com/48937/asian-sauces-and-glazes.html?filter=type:teriyaki-sauce
Oyster Sauce,https://www.webstaurantstore.com/48937/asian-sauces-and-glazes.html?filter=type:oyster-sauce
Salad Dressing and Toppings,https://www.webstaurantstore.com/129/salad-dressing.html
Ranch Dressing,https://www.webstaurantstore.com/129/salad-dressing.html?filter=type:ranch-dressing
Italian Dressing,https://www.webstaurantstore.com/129/salad-dressing.html?filter=type:italian-dressing
Caesar Dressing,https://www.webstaurantstore.com/129/salad-dressing.html?filter=type:caesar-dressing
Blue Cheese Dressing,https://www.webstaurantstore.com/129/salad-dressing.html?filter=type:blue-cheese-dressing
Mustard and Mustard Packets,https://www.webstaurantstore.com/131/mustard-and-mustard-packets.html
Dijon Mustard,https://www.webstaurantstore.com/131/mustard-and-mustard-packets.html?filter=type:dijon-mustard
Spicy Mustard,https://www.webstaurantstore.com/131/mustard-and-mustard-packets.html?filter=type:spicy-mustard
BBQ and Steak Sauces,https://www.webstaurantstore.com/48933/bbq-and-steak-sauces.html
Liquid Smoke,https://www.webstaurantstore.com/48933/bbq-and-steak-sauces.html?filter=type:liquid-smoke
Vegan Sauces,https://www.webstaurantstore.com/48933/bbq-and-steak-sauces.html?filter=features:vegan
Pizza Sauce and Tomato Sauce,https://www.webstaurantstore.com/39/canned-pizza-sauce-and-canned-tomato-sauce.html
Cakes & Cupcakes,https://www.webstaurantstore.com/65415/cakes-cupcakes.html
Macarons,https://www.webstaurantstore.com/65423/macarons.html
Cheesecake,https://www.webstaurantstore.com/65415/cakes-cupcakes.html?filter=type:cheesecake
Fried Desserts,https://www.webstaurantstore.com/65413/fried-desserts.html
Brownies & Dessert Bars,https://www.webstaurantstore.com/65411/brownies-dessert-bars.html
Frozen Cookie Dough,https://www.webstaurantstore.com/56497/frozen-cookie-dough.html
Cookies,https://www.webstaurantstore.com/62877/cookies.html
Ice Cream and Gelato,https://www.webstaurantstore.com/69645/ice-cream-and-gelato.html
Ice Cream & Sorbet Mixes,https://www.webstaurantstore.com/115/soft-serve-ice-cream-mix.html
Individually Wrapped Desserts,https://www.webstaurantstore.com/65425/individually-wrapped-desserts.html
Tortillas and Wraps,https://www.webstaurantstore.com/55403/tortillas-and-wraps.html
Individually Wrapped Baked Goods,https://www.webstaurantstore.com/66381/individually-wrapped-baked-goods.html
Pizza Crusts & Flatbreads,https://www.webstaurantstore.com/62993/pizza-crusts-flatbreads.html
Vegan Desserts & Baked Goods,https://www.webstaurantstore.com/64183/vegan-baked-goods.html
Gluten-Free,https://www.webstaurantstore.com/8935/bulk-flour.html?filter=features:gluten-free
Cake / Pastry Flour,https://www.webstaurantstore.com/8935/bulk-flour.html?filter=usage:cake-pastry
Honey,https://www.webstaurantstore.com/69/sugar-sweetener-and-creamer.html?filter=type:honey
Brown Sugar,https://www.webstaurantstore.com/69/sugar-sweetener-and-creamer.html?filter=sugar-type:brown-sugar
Molasses,https://www.webstaurantstore.com/69/sugar-sweetener-and-creamer.html?filter=type:molasses
Spices,https://www.webstaurantstore.com/38519/bulk-spices.html
Salt and Pepper,https://www.webstaurantstore.com/38509/salt-and-pepper.html
Garlic,https://www.webstaurantstore.com/38519/bulk-spices.html?filter=spice-type:garlic
Mustard,https://www.webstaurantstore.com/38519/bulk-spices.html?filter=spice-type:mustard
Oregano,https://www.webstaurantstore.com/38519/bulk-spices.html?filter=spice-type:oregano
Rice,https://www.webstaurantstore.com/17545/rice.html
White Rice,https://www.webstaurantstore.com/17545/rice.html?filter=type:white-rice
Brown Rice,https://www.webstaurantstore.com/17545/rice.html?filter=type:brown-rice
Jasmine Rice,https://www.webstaurantstore.com/17545/rice.html?filter=type:jasmine-rice
Basmati Rice,https://www.webstaurantstore.com/17545/rice.html?filter=type:basmati-rice
Grains,https://www.webstaurantstore.com/57403/bulk-grains.html
Quinoa,https://www.webstaurantstore.com/57403/bulk-grains.html?filter=type:quinoa
Beans,https://www.webstaurantstore.com/38111/dried-beans.html
Dried Beans,https://www.webstaurantstore.com/38111/dried-beans.html?filter=type:dried-beans
Canned Beans,https://www.webstaurantstore.com/38111/dried-beans.html?filter=type:canned-beans
Freeze-Dried,https://www.webstaurantstore.com/62605/dried-fruits.html?filter=style:freeze-dried
Cranberries,https://www.webstaurantstore.com/62605/dried-fruits.html?filter=type:cranberries
Cherries,https://www.webstaurantstore.com/62605/dried-fruits.html?filter=type:cherries
Blueberries,https://www.webstaurantstore.com/62605/dried-fruits.html?filter=type:blueberries
Dried Vegetables,https://www.webstaurantstore.com/63261/dried-vegetables.html
Mushrooms,https://www.webstaurantstore.com/63261/dried-vegetables.html?filter=type:mushrooms
Onions,https://www.webstaurantstore.com/63261/dried-vegetables.html?filter=type:onions
Pistachios,https://www.webstaurantstore.com/12925/peanuts-and-nuts.html?filter=type:pistachios
Pasta,https://www.webstaurantstore.com/139/couscous-and-pasta.html
Spice Blends,https://www.webstaurantstore.com/38511/spice-blends.html
Ground Spices,https://www.webstaurantstore.com/38519/bulk-spices.html?filter=style:ground
Whole Spices,https://www.webstaurantstore.com/38519/bulk-spices.html?filter=style:whole
Frozen Fruit,https://www.webstaurantstore.com/56679/frozen-fruit.html
Canned Fruit,https://www.webstaurantstore.com/25/canned-fruit.html
Canned Vegetables,https://www.webstaurantstore.com/41/canned-vegetables.html
Frozen Vegetables,https://www.webstaurantstore.com/54937/frozen-vegetables.html
Fresh Fruit,https://www.webstaurantstore.com/55103/fresh-fruit.html
Fresh Vegetables,https://www.webstaurantstore.com/56739/fresh-vegetables.html
Stir Fry Sauce,https://www.webstaurantstore.com/48937/asian-sauces-and-glazes.html?filter=type:stir-fry-sauce
Asian Appetizers,https://www.webstaurantstore.com/67603/asian-appetizers.html
Asian Spices,https://www.webstaurantstore.com/38519/bulk-spices.html?filter=flavor-profile:asian
Indian Spices,https://www.webstaurantstore.com/38519/bulk-spices.html?filter=flavor-profile:indian
Sesame Seeds,https://www.webstaurantstore.com/38519/bulk-spices.html?filter=spice-type:sesame-seeds
Sushi Rice,https://www.webstaurantstore.com/17545/rice.html?filter=type:sushi-rice
Soy Sauce,https://www.webstaurantstore.com/48935/soy-sauce.html
Chili Sauce,https://www.webstaurantstore.com/48937/asian-sauces-and-glazes.html?filter=type:chili-sauce
Asian Noodles,https://www.webstaurantstore.com/64921/asian-noodles.html
Organic Foods,https://www.webstaurantstore.com/48527/organic-foods.html
Gluten-Free Grains & Oatmeal,https://www.webstaurantstore.com/57403/bulk-grains.html?filter=features:gluten-free
"Gluten-Free Batter, Dough, & Baking Mix",https://www.webstaurantstore.com/67709/gluten-free-batter-dough-baking-mix.html
Gluten-Free Desserts,https://www.webstaurantstore.com/66383/gluten-free-desserts.html
Gluten-Free Snacks,https://www.webstaurantstore.com/67711/gluten-free-snacks.html
Gluten-Free Baking Ingredients,https://www.webstaurantstore.com/57401/gluten-free-baking-ingredients.html
Gluten-Free Condiments,https://www.webstaurantstore.com/67713/gluten-free-condiments.html
Hard Shells,https://www.webstaurantstore.com/55403/tortillas-and-wraps.html?filter=type:taco-shell
Flour Tortillas,https://www.webstaurantstore.com/55403/tortillas-and-wraps.html?filter=flavor:flour
Corn Tortillas,https://www.webstaurantstore.com/55403/tortillas-and-wraps.html?filter=flavor:corn
Whole Wheat Tortillas,https://www.webstaurantstore.com/55403/tortillas-and-wraps.html?filter=flavor:whole-wheat
Spinach Tortillas,https://www.webstaurantstore.com/55403/tortillas-and-wraps.html?filter=flavor:spinach
Salsa and Mexican Sauces,https://www.webstaurantstore.com/35423/salsa-and-mexican-sauces.html
Chamoy,https://www.webstaurantstore.com/35423/salsa-and-mexican-sauces.html?filter=type:chamoy
Hispanic Appetizers,https://www.webstaurantstore.com/67605/hispanic-appetizers.html
Mexican-Style Hot Sauces,https://www.webstaurantstore.com/48931/hot-sauces.html?filter=type:mexican-hot-sauces
China Plates,https://www.webstaurantstore.com/50537/china-plates.html
China Bowls,https://www.webstaurantstore.com/41999/china-bowls.html
China Platters and Trays,https://www.webstaurantstore.com/41995/china-platters-and-trays.html
"China Cups, Mugs, and Saucers",https://www.webstaurantstore.com/21915/china-cups-mugs-and-saucers.html
Porcelain Plates,https://www.webstaurantstore.com/50539/porcelain-plates.html
Porcelain Bowls,https://www.webstaurantstore.com/50541/porcelain-bowls.html
Porcelain Platters and Trays,https://www.webstaurantstore.com/50543/porcelain-platters-and-trays.html
"Porcelain Cups, Mugs, and Saucers",https://www.webstaurantstore.com/23007/porcelain-cups-mugs-and-saucers.html
Melamine Bowls,https://www.webstaurantstore.com/45291/melamine-bowls.html
Melamine Plates,https://www.webstaurantstore.com/45289/melamine-plates.html
Melamine Trays,https://www.webstaurantstore.com/45293/melamine-trays.html
"Melamine Cups, Mugs, and Saucers",https://www.webstaurantstore.com/22291/melamine-cups-mugs-and-saucers.html
Faux Finish Melamine Dinnerware & Servingware,https://www.webstaurantstore.com/53573/faux-finish-melamine-dinnerware.html
Stoneware Plates,https://www.webstaurantstore.com/50889/stoneware-plates.html
Stoneware Bowls,https://www.webstaurantstore.com/50887/stoneware-bowls.html
Stoneware Platters and Trays,https://www.webstaurantstore.com/50891/stoneware-platters-and-trays.html
"Stoneware Cups, Mugs, and Saucers",https://www.webstaurantstore.com/50893/stoneware-cups-mugs-and-saucers.html
Reusable Plastic Plates,https://www.webstaurantstore.com/60917/reusable-plastic-plates.html
Plastic Serving Platters & Trays,https://www.webstaurantstore.com/41979/plastic-serving-and-display-platters-trays.html
Acrylic,https://www.webstaurantstore.com/41979/plastic-serving-and-display-platters-trays.html?filter=material:acrylic
Reusable Plastic Bowls,https://www.webstaurantstore.com/42005/reusable-plastic-bowls.html
Plastic Tumblers,https://www.webstaurantstore.com/3755/plastic-tumblers.html
Reusable Plastic Barware,https://www.webstaurantstore.com/3761/reusable-plastic-barware-and-dessert-shot-glasses.html
Custom Plastic Drinkware,https://www.webstaurantstore.com/69853/custom-plastic-drinkware.html
Plastic Coffee Mugs and Cappuccino Cups,https://www.webstaurantstore.com/22303/plastic-coffee-mugs-and-cappuccino-cups.html
Clear,https://www.webstaurantstore.com/22303/plastic-coffee-mugs-and-cappuccino-cups.html?filter=color:clear
White,https://www.webstaurantstore.com/22303/plastic-coffee-mugs-and-cappuccino-cups.html?filter=color:white
Acrylic Bowls,https://www.webstaurantstore.com/42021/acrylic-bowls.html
Polycarbonate Dinnerware and Mugs,https://www.webstaurantstore.com/30929/polycarbonate-dinnerware-and-mugs.html
Wooden Dinnerware,https://www.webstaurantstore.com/16111/wooden-dinnerware.html
Metal Plates,https://www.webstaurantstore.com/57957/metal-plates.html
Thali Plates,https://www.webstaurantstore.com/57957/metal-plates.html?filter=type:thali-plates
Metal Bowls,https://www.webstaurantstore.com/42001/metal-bowls.html
Aluminum Bowls,https://www.webstaurantstore.com/42001/metal-bowls.html?filter=material:aluminum
Cast Aluminum Bowls,https://www.webstaurantstore.com/42001/metal-bowls.html?filter=material:cast-aluminum
Stainless Steel Bowls,https://www.webstaurantstore.com/42001/metal-bowls.html?filter=material:stainless-steel
Balti Dishes,https://www.webstaurantstore.com/42001/metal-bowls.html?filter=type:balti-dishes
Metal Trays,https://www.webstaurantstore.com/41971/metal-serving-and-display-platters-trays.html
Hors D'oeuvres Trays,https://www.webstaurantstore.com/41971/metal-serving-and-display-platters-trays.html?filter=usage:appetizer-hors-doeuvres
Catering Trays,https://www.webstaurantstore.com/41971/metal-serving-and-display-platters-trays.html?filter=usage:catering
Entree Trays,https://www.webstaurantstore.com/41971/metal-serving-and-display-platters-trays.html?filter=usage:entree-single-service
Stainless Steel Trays,https://www.webstaurantstore.com/41971/metal-serving-and-display-platters-trays.html?filter=material:stainless-steel
Aluminum Trays,https://www.webstaurantstore.com/41971/metal-serving-and-display-platters-trays.html?filter=material:aluminum
Enamelware,https://www.webstaurantstore.com/57093/enamelware.html
Trays,https://www.webstaurantstore.com/57093/enamelware.html?filter=type:trays
Plates,https://www.webstaurantstore.com/57093/enamelware.html?filter=type:plates
Bowls,https://www.webstaurantstore.com/57093/enamelware.html?filter=type:bowls
Metal Beverageware,https://www.webstaurantstore.com/48765/metal-beverageware.html
Silver,https://www.webstaurantstore.com/41971/metal-serving-and-display-platters-trays.html?filter=color:silver
Oval,https://www.webstaurantstore.com/41995/china-platters-and-trays.html?filter=shape:oval
"Bread, Charcuterie, and Cheese Boards",https://www.webstaurantstore.com/42811/bread-boards.html
Bamboo,https://www.webstaurantstore.com/42811/bread-boards.html?filter=material:bamboo
Slate Serving and Display Platters / Trays,https://www.webstaurantstore.com/41981/slate-and-faux-slate-serving-and-display-platters-trays.html
Charger Plates,https://www.webstaurantstore.com/3791/charger-plates.html
Gold,https://www.webstaurantstore.com/3791/charger-plates.html?filter=color:gold
Glass,https://www.webstaurantstore.com/3791/charger-plates.html?filter=material:glass
Acrylic,https://www.webstaurantstore.com/3791/charger-plates.html?filter=material:acrylic
Rattan,https://www.webstaurantstore.com/3791/charger-plates.html?filter=material:rattan
Plastic,https://www.webstaurantstore.com/3791/charger-plates.html?filter=material:plastic
Ramekins and Sauce Cups,https://www.webstaurantstore.com/10397/ramekins-and-sauce-cups.html
Stainless Steel,https://www.webstaurantstore.com/10397/ramekins-and-sauce-cups.html?filter=material:stainless-steel
Plastic,https://www.webstaurantstore.com/10397/ramekins-and-sauce-cups.html?filter=material:plastic
Melamine,https://www.webstaurantstore.com/10397/ramekins-and-sauce-cups.html?filter=material:melamine
"Appetizer Plates, Trays, and Platters",https://www.webstaurantstore.com/42799/appetizer-and-tasting-plates.html
Trays,https://www.webstaurantstore.com/42799/appetizer-and-tasting-plates.html?filter=type:trays
Plates,https://www.webstaurantstore.com/42799/appetizer-and-tasting-plates.html?filter=type:plates
Melamine,https://www.webstaurantstore.com/42799/appetizer-and-tasting-plates.html?filter=material:melamine
Porcelain,https://www.webstaurantstore.com/42799/appetizer-and-tasting-plates.html?filter=material:porcelain
Escargot Dishes,https://www.webstaurantstore.com/42799/appetizer-and-tasting-plates.html?filter=type:escargot-dishes
Molcajete and Salsa Bowls,https://www.webstaurantstore.com/28401/salsa-bowls.html
Molcajete Bowls,https://www.webstaurantstore.com/28401/salsa-bowls.html?filter=type:molcajete-bowls
Black,https://www.webstaurantstore.com/28401/salsa-bowls.html?filter=color:black
Mini Serving Dishes,https://www.webstaurantstore.com/58091/mini-cookware.html
French Fry Holders,https://www.webstaurantstore.com/51931/french-fry-holders.html
Baskets,https://www.webstaurantstore.com/51931/french-fry-holders.html?filter=type:baskets
Metal,https://www.webstaurantstore.com/51931/french-fry-holders.html?filter=material:metal
Stainless Steel,https://www.webstaurantstore.com/51931/french-fry-holders.html?filter=material:stainless-steel
Round,https://www.webstaurantstore.com/51931/french-fry-holders.html?filter=shape:round
Appetizer Towers,https://www.webstaurantstore.com/51841/onion-ring-towers.html
Appetizer and Tasting Bowls,https://www.webstaurantstore.com/42795/appetizer-and-tasting-bowls.html
Appetizer and Tasting Spoons,https://www.webstaurantstore.com/42805/appetizer-and-tasting-spoons.html
Serving and Display Bowls,https://www.webstaurantstore.com/41969/serving-and-display-bowls.html
Square,https://www.webstaurantstore.com/41969/serving-and-display-bowls.html?filter=shape:square
Plastic,https://www.webstaurantstore.com/41969/serving-and-display-bowls.html?filter=material:plastic
Stainless Steel,https://www.webstaurantstore.com/41969/serving-and-display-bowls.html?filter=material:stainless-steel
"Soup Mugs, Cups, Bowls, and Bouillon Cups",https://www.webstaurantstore.com/3979/soup-mugs-cups-and-bowls.html
Casserole Bowls,https://www.webstaurantstore.com/3979/soup-mugs-cups-and-bowls.html?filter=type:casserole-bowls
Soup Tureens,https://www.webstaurantstore.com/3979/soup-mugs-cups-and-bowls.html?filter=type:soup-tureens
Bouillon Cups,https://www.webstaurantstore.com/3979/soup-mugs-cups-and-bowls.html?filter=type:bouillon-cups
China,https://www.webstaurantstore.com/3979/soup-mugs-cups-and-bowls.html?filter=material:china
Melamine,https://www.webstaurantstore.com/42811/bread-boards.html?filter=material:melamine
Stainless Steel,https://www.webstaurantstore.com/4105/dessert-dishes.html?filter=material:stainless-steel
SAN Plastic,https://www.webstaurantstore.com/4105/dessert-dishes.html?filter=material:san-plastic
Food Display Baskets,https://www.webstaurantstore.com/65427/food-display-baskets.html
Mugs,https://www.webstaurantstore.com/21915/china-cups-mugs-and-saucers.html?filter=type:mugs
Cup / Saucer Sets,https://www.webstaurantstore.com/21915/china-cups-mugs-and-saucers.html?filter=type:cup-saucer-sets
Tea Cups,https://www.webstaurantstore.com/21915/china-cups-mugs-and-saucers.html?filter=type:tea-cups
"Glass Mugs, Cups, and Saucers",https://www.webstaurantstore.com/3709/glass-coffee-mugs-cappuccino-cups-and-saucers.html
Irish Coffee Mugs,https://www.webstaurantstore.com/3709/glass-coffee-mugs-cappuccino-cups-and-saucers.html?filter=type:irish-coffee-mugs
Saucers,https://www.webstaurantstore.com/3709/glass-coffee-mugs-cappuccino-cups-and-saucers.html?filter=type:saucers
Mugs,https://www.webstaurantstore.com/23007/porcelain-cups-mugs-and-saucers.html?filter=type:mugs
Baking and Casserole Dishes,https://www.webstaurantstore.com/20315/baking-and-casserole-dishes.html
Glass Plates,https://www.webstaurantstore.com/50601/glass-plates.html
Glass Bowls,https://www.webstaurantstore.com/42003/glass-bowls.html
Glass Platters and Trays,https://www.webstaurantstore.com/41973/glass-platters-and-trays.html
Bone China Plates,https://www.webstaurantstore.com/50545/bone-china-plates.html
Bone China Bowls,https://www.webstaurantstore.com/50547/bone-china-bowls.html
"Bone China Cups, Mugs, and Saucers",https://www.webstaurantstore.com/42499/bone-china-cups-mugs-and-saucers.html
Forks,https://www.webstaurantstore.com/51005/forks.html
Spoons,https://www.webstaurantstore.com/51001/spoons.html
Knives,https://www.webstaurantstore.com/51003/knives.html
Steak Knives,https://www.webstaurantstore.com/2877/steak-knives.html
Custom Glassware,https://www.webstaurantstore.com/69809/custom-glassware.html
Moscow Mule Mugs,https://www.webstaurantstore.com/48765/metal-beverageware.html?filter=type:mugs
Mint Julep Cups,https://www.webstaurantstore.com/48765/metal-beverageware.html?filter=beverage-type:mint-julep
Enameled Cups and Mugs,https://www.webstaurantstore.com/48765/metal-beverageware.html?filter=material:porcelain-enamel-coated-steel
Healthcare Beverageware,https://www.webstaurantstore.com/48001/healthcare-beverageware.html
Table Lamps and Shades,https://www.webstaurantstore.com/59127/table-lamps-shades.html
Bulk Candles,https://www.webstaurantstore.com/50321/bulk-candles.html
Candle Holders,https://www.webstaurantstore.com/4117/candelabras-and-restaurant-candle-holders.html
A-Frame,https://www.webstaurantstore.com/4143/menu-tents-and-tabletop-displayettes.html?filter=menu-display-type:a-frame
Double-Sided,https://www.webstaurantstore.com/4143/menu-tents-and-tabletop-displayettes.html?filter=style:double-sided
Acrylic,https://www.webstaurantstore.com/4143/menu-tents-and-tabletop-displayettes.html?filter=material:acrylic
Metal,https://www.webstaurantstore.com/4143/menu-tents-and-tabletop-displayettes.html?filter=material:metal
Display Risers and Display Stands,https://www.webstaurantstore.com/33831/display-risers-and-display-stands.html
Vinyl Placemats,https://www.webstaurantstore.com/49065/reusable-placemats.html?filter=material:vinyl
Table Numbers,https://www.webstaurantstore.com/4139/table-numbers.html
Bud Vases and Accent Vases,https://www.webstaurantstore.com/4021/bud-vases-and-accent-vases.html
Decorative Accents,https://www.webstaurantstore.com/67577/decorative-accents.html
Table Card Holders and Number Stands,https://www.webstaurantstore.com/4141/table-card-holders-and-number-stands.html
Au Gratin Dishes / Rarebit Dishes,https://www.webstaurantstore.com/20313/au-gratin-dishes-platters.html
Custom Napkins,https://www.webstaurantstore.com/69803/custom-napkins.html
Drink and Bottle Coasters,https://www.webstaurantstore.com/56493/drink-coasters.html
Condiment Caddies and Racks,https://www.webstaurantstore.com/4035/condiment-caddies-and-racks.html
Salt and Pepper Caddies,https://www.webstaurantstore.com/4035/condiment-caddies-and-racks.html?filter=type:salt-and-pepper-shaker-caddies
Salt and Pepper Shakers and Mills,https://www.webstaurantstore.com/53063/salt-and-pepper-shakers-and-mills.html
Salt & Pepper Sets,https://www.webstaurantstore.com/53063/salt-and-pepper-shakers-and-mills.html?filter=type:salt-pepper-sets
Glass,https://www.webstaurantstore.com/53063/salt-and-pepper-shakers-and-mills.html?filter=material:glass
Salt Shakers,https://www.webstaurantstore.com/53063/salt-and-pepper-shakers-and-mills.html?filter=type:salt-shakers
Condiment Bars & Holders,https://www.webstaurantstore.com/13529/countertop-condiment-holders.html
Oil & Vinegar Cruets,https://www.webstaurantstore.com/4043/oil-vinegar-cruets.html
Olive Oil Pourers,https://www.webstaurantstore.com/4043/oil-vinegar-cruets.html?filter=type:olive-oil-pourer
Cruet Holders,https://www.webstaurantstore.com/4043/oil-vinegar-cruets.html?filter=type:cruet-holders
Glass,https://www.webstaurantstore.com/4043/oil-vinegar-cruets.html?filter=material:glass
Gravy and Sauce Boats,https://www.webstaurantstore.com/4071/gravy-and-sauce-boats.html
Stainless Steel,https://www.webstaurantstore.com/4071/gravy-and-sauce-boats.html?filter=material:stainless-steel
Condiment Jars,https://www.webstaurantstore.com/4037/condiment-jars-and-jar-holders.html
Collins Glasses,https://www.webstaurantstore.com/47095/cocktail-glasses.html?filter=type:collins-glasses
Beverageware Samples,https://www.webstaurantstore.com/68721/beverageware-samples.html
Flatware Samples,https://www.webstaurantstore.com/68719/flatware-samples.html
Tabletop Accessories Samples,https://www.webstaurantstore.com/68725/tabletop-accessories-samples.html
Dinnerware Samples,https://www.webstaurantstore.com/68723/dinnerware-samples.html
Disposable Plastic Cups,https://www.webstaurantstore.com/655/disposable-plastic-cups.html
PET Plastic Cups,https://www.webstaurantstore.com/655/disposable-plastic-cups.html?filter=material:pet-plastic
Hard Wall Cups,https://www.webstaurantstore.com/655/disposable-plastic-cups.html?filter=style:hard-wall
Plastic Cup Lids,https://www.webstaurantstore.com/647/plastic-cup-lids.html
Dome Lid,https://www.webstaurantstore.com/647/plastic-cup-lids.html?filter=lid-type:dome
Disposable Plastic Barware,https://www.webstaurantstore.com/649/disposable-plastic-barware-and-cups.html
Champagne Glasses,https://www.webstaurantstore.com/649/disposable-plastic-barware-and-cups.html?filter=type:champagne-glasses
Stemless Wine Glasses,https://www.webstaurantstore.com/649/disposable-plastic-barware-and-cups.html?filter=type:stemless-wine-glasses
Wine Glasses,https://www.webstaurantstore.com/649/disposable-plastic-barware-and-cups.html?filter=type:wine-glasses
Tumblers,https://www.webstaurantstore.com/649/disposable-plastic-barware-and-cups.html?filter=type:tumblers
Disposable Plastic Coffee Cups,https://www.webstaurantstore.com/40731/disposable-plastic-coffee-cups.html
Plastic Plates,https://www.webstaurantstore.com/45835/plastic-disposable-plates.html
Gold Plates,https://www.webstaurantstore.com/45835/plastic-disposable-plates.html?filter=color:gold
Round Plates,https://www.webstaurantstore.com/45835/plastic-disposable-plates.html?filter=shape:round
Event and Wedding Plates,https://www.webstaurantstore.com/45835/plastic-disposable-plates.html?filter=usage:event-and-wedding
Plastic Utensils,https://www.webstaurantstore.com/54139/plastic-cutlery-utensils.html
Plastic Forks,https://www.webstaurantstore.com/54139/plastic-cutlery-utensils.html?filter=type:forks
Plastic Cutlery Sets,https://www.webstaurantstore.com/54139/plastic-cutlery-utensils.html?filter=type:kits
Straws & Stirrers,https://www.webstaurantstore.com/753/straws.html
Paper Hot Cups,https://www.webstaurantstore.com/589/paper-hot-cups.html
Cup / Lid Sets,https://www.webstaurantstore.com/589/paper-hot-cups.html?filter=type:cup-lid-sets
Double Walled,https://www.webstaurantstore.com/589/paper-hot-cups.html?filter=style:double-wall
Cup / Lid / Sleeve Sets,https://www.webstaurantstore.com/589/paper-hot-cups.html?filter=type:cup-lid-sleeve-sets
Paper Cold Cups,https://www.webstaurantstore.com/583/paper-cold-cups.html
Paper Plates,https://www.webstaurantstore.com/353284/paper-plates.html
Paper Bowls,https://www.webstaurantstore.com/353282/paper-bowls.html
Paper Napkins,https://www.webstaurantstore.com/547/paper-napkins.html
Paper Food Trays,https://www.webstaurantstore.com/251/paper-food-trays.html
Souffle and Portion Cups & Lids,https://www.webstaurantstore.com/715/souffle-portion-cups-lids.html
Food Buckets / Chicken Buckets,https://www.webstaurantstore.com/815/paper-food-buckets-chicken-buckets.html
Sandwich Wrap Paper,https://www.webstaurantstore.com/445/sandwich-wrap-paper.html
Polyethylene,https://www.webstaurantstore.com/445/sandwich-wrap-paper.html?filter=material:polyethylene
Polypropylene,https://www.webstaurantstore.com/445/sandwich-wrap-paper.html?filter=material:polypropylene
Cling Wrap and Plastic Food Wrap,https://www.webstaurantstore.com/455/cling-wrap-and-plastic-food-wrap.html
Perforated,https://www.webstaurantstore.com/455/cling-wrap-and-plastic-food-wrap.html?filter=style:perforated
With Serrated Cutter,https://www.webstaurantstore.com/455/cling-wrap-and-plastic-food-wrap.html?filter=features:with-serrated-cutter
With Slide Cutter,https://www.webstaurantstore.com/455/cling-wrap-and-plastic-food-wrap.html?filter=features:with-slide-cutter
Aluminum Foil Food Wrap,https://www.webstaurantstore.com/427/aluminum-foil-food-wrap.html
Rolls,https://www.webstaurantstore.com/427/aluminum-foil-food-wrap.html?filter=type:rolls
Foil Sheets,https://www.webstaurantstore.com/427/aluminum-foil-food-wrap.html?filter=type:sheets
Butcher Paper,https://www.webstaurantstore.com/435/butcher-paper-and-butcher-twine.html
Peach Treated Butcher Paper,https://www.webstaurantstore.com/435/butcher-paper-and-butcher-twine.html?filter=type:peach-treated-butcher-paper
Sheets,https://www.webstaurantstore.com/435/butcher-paper-and-butcher-twine.html?filter=style:sheets
Unbleached,https://www.webstaurantstore.com/435/butcher-paper-and-butcher-twine.html?filter=bleached:unbleached
Paper Food Wrap Cutters & Holders,https://www.webstaurantstore.com/24705/paper-wrap-paper-food-wrap-cutters-holders.html
Vertical,https://www.webstaurantstore.com/24705/paper-wrap-paper-food-wrap-cutters-holders.html?filter=style:vertical
Freezer Paper,https://www.webstaurantstore.com/439/freezer-paper.html
Wax Paper,https://www.webstaurantstore.com/447/wax-paper.html
"Plastic Cling, Plastic Film, and Aluminum Foil Cutters & Holders",https://www.webstaurantstore.com/24699/plastic-cling-plastic-film-and-aluminum-foil-cutters-holders.html
Concession Food Bags,https://www.webstaurantstore.com/283/concession-food-bags.html
Hot Dog Bags,https://www.webstaurantstore.com/283/concession-food-bags.html?filter=type:hot-dog-bags
Churro Bags,https://www.webstaurantstore.com/283/concession-food-bags.html?filter=type:churro-bags
Submarine & Hoagie Bags,https://www.webstaurantstore.com/283/concession-food-bags.html?filter=type:submarine-hoagie-bags
Disposable Popcorn Supplies,https://www.webstaurantstore.com/16207/disposable-popcorn-supplies.html
Bulk Popcorn Bags,https://www.webstaurantstore.com/16207/disposable-popcorn-supplies.html?filter=type:bags
Popcorn Boxes,https://www.webstaurantstore.com/16207/disposable-popcorn-supplies.html?filter=type:boxes
Popcorn Cups,https://www.webstaurantstore.com/16207/disposable-popcorn-supplies.html?filter=type:cups
Hot Dog Trays,https://www.webstaurantstore.com/251/paper-food-trays.html?filter=type:hot-dog-trays
Red Check Design,https://www.webstaurantstore.com/251/paper-food-trays.html?filter=design:red-check
Souvenir Cups,https://www.webstaurantstore.com/54107/souvenir-cups.html
Nacho Trays,https://www.webstaurantstore.com/249/nacho-trays.html
Disposable Ice Cream and Frozen Yogurt Cups,https://www.webstaurantstore.com/52615/disposable-ice-cream-and-frozen-yogurt-cups.html
Cups,https://www.webstaurantstore.com/52615/disposable-ice-cream-and-frozen-yogurt-cups.html?filter=type:cups
Banana Split Boats,https://www.webstaurantstore.com/52615/disposable-ice-cream-and-frozen-yogurt-cups.html?filter=type:banana-split-boats
Lids,https://www.webstaurantstore.com/52615/disposable-ice-cream-and-frozen-yogurt-cups.html?filter=type:lids
Ice Cream Spoons,https://www.webstaurantstore.com/54139/plastic-cutlery-utensils.html?filter=type:ice-cream-spoons
Taster Spoons,https://www.webstaurantstore.com/20365/taster-spoons.html
Wrapped Straws,https://www.webstaurantstore.com/753/straws.html?filter=wrapped:with-wrapping
Chicken Take-Out and Barn Boxes,https://www.webstaurantstore.com/357/chicken-boxes-take-out-boxes-barn-boxes-and-lunch-boxes.html
Candy Boxes,https://www.webstaurantstore.com/355/candy-boxes.html
Aluminum Foil Steam Table Pans and Lids,https://www.webstaurantstore.com/215/aluminum-foil-steam-table-pans-lids.html
"Food Picks, Cocktail Picks and Skewers",https://www.webstaurantstore.com/613/food-picks-cocktail-picks-and-skewers.html
Plastic Serving Utensils,https://www.webstaurantstore.com/673/plastic-serving-utensils.html
Catering Kits,https://www.webstaurantstore.com/61803/catering-kits.html
"Cake Circles, Cake Pads, and Cake Boards",https://www.webstaurantstore.com/227/cake-circles-cake-pads-and-cake-boards.html
Parchment Paper and Pan Liners,https://www.webstaurantstore.com/229/parchment-paper-and-pan-liners.html
Paper French Fry Bags and Cups,https://www.webstaurantstore.com/593/paper-french-fry-bags-and-cups.html
Table Tops,https://www.webstaurantstore.com/42545/table-tops.html
Granite Table Tops,https://www.webstaurantstore.com/42545/table-tops.html?filter=material:granite
Quartz Table Tops,https://www.webstaurantstore.com/42545/table-tops.html?filter=material:quartz
Laminate Table Tops,https://www.webstaurantstore.com/42545/table-tops.html?filter=material:laminate
White Table Tops,https://www.webstaurantstore.com/42545/table-tops.html?filter=color:white
Restaurant Table Bases,https://www.webstaurantstore.com/42543/restaurant-table-bases.html
Counter Height,https://www.webstaurantstore.com/42543/restaurant-table-bases.html?filter=height-style:counter-height
Tables and Chair Sets,https://www.webstaurantstore.com/45689/tables-and-dining-sets.html
Square Tables and Dining Sets,https://www.webstaurantstore.com/45689/tables-and-dining-sets.html?filter=shape:square
Bar Height Tables & Dining Sets,https://www.webstaurantstore.com/45689/tables-and-dining-sets.html?filter=height-style:bar-height
Table and Base Sets,https://www.webstaurantstore.com/66957/table-and-base-sets.html
Kids Tables and Chairs,https://www.webstaurantstore.com/53011/kids-tables-and-chairs.html
Table Parts and Accessories,https://www.webstaurantstore.com/42629/table-parts-and-accessories.html
Restaurant Bar Stools,https://www.webstaurantstore.com/42539/restaurant-bar-stools.html
Counter Height Bar Stools,https://www.webstaurantstore.com/42539/restaurant-bar-stools.html?filter=height-style:counter-height
Metal Bar Stools,https://www.webstaurantstore.com/42539/restaurant-bar-stools.html?filter=frame-material:metal
Wood Bar Stools,https://www.webstaurantstore.com/42539/restaurant-bar-stools.html?filter=frame-material:wood
Swivel Seat Bar Stools,https://www.webstaurantstore.com/42539/restaurant-bar-stools.html?filter=features:swivel-seat
Padded Seat Bar Stools,https://www.webstaurantstore.com/42539/restaurant-bar-stools.html?filter=padded-seat:with-padded-seat
Restaurant Chairs,https://www.webstaurantstore.com/42529/restaurant-chairs.html
Metal Chairs,https://www.webstaurantstore.com/42529/restaurant-chairs.html?filter=frame-material:metal
Wood Chairs,https://www.webstaurantstore.com/42529/restaurant-chairs.html?filter=frame-material:wood
Cross Back Chairs,https://www.webstaurantstore.com/42529/restaurant-chairs.html?filter=style:cross-back
Padded Seat Chairs,https://www.webstaurantstore.com/42529/restaurant-chairs.html?filter=padded-seat:with-padded-seat
Ladder Back Chairs,https://www.webstaurantstore.com/42529/restaurant-chairs.html?filter=style:ladder-back
Restaurant Booths,https://www.webstaurantstore.com/42537/restaurant-booths.html
Wall Benches,https://www.webstaurantstore.com/42537/restaurant-booths.html?filter=booth-type:wall-bench
1/2 Circle Booths,https://www.webstaurantstore.com/42537/restaurant-booths.html?filter=booth-type:1-2-circle
Double Booths,https://www.webstaurantstore.com/42537/restaurant-booths.html?filter=booth-type:double
3/4 Circle Booths,https://www.webstaurantstore.com/42537/restaurant-booths.html?filter=booth-type:3-4-circle
Button Tufted Booths,https://www.webstaurantstore.com/42537/restaurant-booths.html?filter=booth-style:button-tufted
Banquet and Stackable Chairs,https://www.webstaurantstore.com/42535/banquet-chairs-and-stackable-chairs.html
Chiavari Chairs,https://www.webstaurantstore.com/42535/banquet-chairs-and-stackable-chairs.html?filter=style:chiavari
Outdoor Chairs,https://www.webstaurantstore.com/42535/banquet-chairs-and-stackable-chairs.html?filter=usage:outdoor
Breakroom Chairs,https://www.webstaurantstore.com/42535/banquet-chairs-and-stackable-chairs.html?filter=usage:breakroom
Church Chairs and Auditorium Chairs,https://www.webstaurantstore.com/42531/church-chairs-and-auditorium-chairs.html
Chairs with Book Pouches,https://www.webstaurantstore.com/42531/church-chairs-and-auditorium-chairs.html?filter=features:book-pouch
Chairs with Book Racks,https://www.webstaurantstore.com/42531/church-chairs-and-auditorium-chairs.html?filter=features:book-rack
Chair and Barstool Parts,https://www.webstaurantstore.com/45687/chair-and-barstool-parts-and-accessories.html
Seats,https://www.webstaurantstore.com/45687/chair-and-barstool-parts-and-accessories.html?filter=type:seats
Glides,https://www.webstaurantstore.com/45687/chair-and-barstool-parts-and-accessories.html?filter=type:glides
Cushions,https://www.webstaurantstore.com/45687/chair-and-barstool-parts-and-accessories.html?filter=type:cushions
Covers,https://www.webstaurantstore.com/45687/chair-and-barstool-parts-and-accessories.html?filter=type:covers
Swivel Plates,https://www.webstaurantstore.com/45687/chair-and-barstool-parts-and-accessories.html?filter=type:swivel-plates
High Chairs and Booster Seats,https://www.webstaurantstore.com/45523/restaurant-high-chairs.html
Plastic,https://www.webstaurantstore.com/45523/restaurant-high-chairs.html?filter=material:plastic
Wood,https://www.webstaurantstore.com/45523/restaurant-high-chairs.html?filter=material:wood
Commercial Picnic Tables,https://www.webstaurantstore.com/68151/commercial-picnic-tables.html
Commercial Park Benches,https://www.webstaurantstore.com/68153/commercial-park-benches.html
Commercial Bike Racks,https://www.webstaurantstore.com/67015/commercial-bike-racks.html
Safety Bollards,https://www.webstaurantstore.com/67691/safety-bollards.html
Commercial Planters,https://www.webstaurantstore.com/50963/commercial-planters.html
Outdoor Trash Receptacles,https://www.webstaurantstore.com/1069/outdoor-trash-cans.html
Outdoor Restaurant Chairs,https://www.webstaurantstore.com/42559/outdoor-restaurant-chairs.html
Resin,https://www.webstaurantstore.com/42559/outdoor-restaurant-chairs.html?filter=frame-material:resin
Aluminum,https://www.webstaurantstore.com/42559/outdoor-restaurant-chairs.html?filter=frame-material:aluminum
Metal,https://www.webstaurantstore.com/42559/outdoor-restaurant-chairs.html?filter=frame-material:metal
Plastic,https://www.webstaurantstore.com/42559/outdoor-restaurant-chairs.html?filter=frame-material:plastic
Iron,https://www.webstaurantstore.com/42559/outdoor-restaurant-chairs.html?filter=frame-material:iron
Outdoor Lounge Chairs and Accessories,https://www.webstaurantstore.com/50127/outdoor-lounge-chairs-and-accessories.html
Cushions,https://www.webstaurantstore.com/50127/outdoor-lounge-chairs-and-accessories.html?filter=type:cushions
Loveseats,https://www.webstaurantstore.com/50127/outdoor-lounge-chairs-and-accessories.html?filter=type:loveseats
Ottomans,https://www.webstaurantstore.com/50127/outdoor-lounge-chairs-and-accessories.html?filter=type:ottomans
Rocking Chairs,https://www.webstaurantstore.com/50127/outdoor-lounge-chairs-and-accessories.html?filter=type:rocking-chairs
Outdoor Restaurant Bar Stools,https://www.webstaurantstore.com/50381/outdoor-restaurant-bar-stools.html
Aluminum,https://www.webstaurantstore.com/50381/outdoor-restaurant-bar-stools.html?filter=frame-material:aluminum
With Backs,https://www.webstaurantstore.com/50381/outdoor-restaurant-bar-stools.html?filter=back:with-back
Counter Height,https://www.webstaurantstore.com/50381/outdoor-restaurant-bar-stools.html?filter=height-style:counter-height
Swivel Seat,https://www.webstaurantstore.com/50381/outdoor-restaurant-bar-stools.html?filter=features:swivel-seat
Outdoor Chaise Lounges,https://www.webstaurantstore.com/50127/outdoor-lounge-chairs-and-accessories.html?filter=type:chaise-lounges
Outdoor Table and Base Sets,https://www.webstaurantstore.com/66957/table-and-base-sets.html?filter=usage:outdoor
Outdoor Table and Chair Sets,https://www.webstaurantstore.com/68803/commercial-outdoor-table-chair-sets.html
Outdoor Table Tops,https://www.webstaurantstore.com/42545/table-tops.html?filter=usage:outdoor
Restaurant Table Bases,https://www.webstaurantstore.com/42543/restaurant-table-bases.html?filter=usage:outdoor
Commercial Patio Heaters,https://www.webstaurantstore.com/42565/commercial-patio-heaters.html
Liquid Propane Heaters,https://www.webstaurantstore.com/42565/commercial-patio-heaters.html?filter=power-type:liquid-propane
Natural Gas Heaters,https://www.webstaurantstore.com/42565/commercial-patio-heaters.html?filter=power-type:natural-gas
Parts and Accessories,https://www.webstaurantstore.com/48153/commercial-patio-heater-parts-and-accessories.html
Outdoor Table Umbrellas and Bases,https://www.webstaurantstore.com/42563/outdoor-table-umbrellas-and-bases.html
Low Tables,https://www.webstaurantstore.com/47877/low-tables.html
Solid Wood Sets,https://www.webstaurantstore.com/45689/tables-and-dining-sets.html?filter=style:solid-wood
Restaurant Lighting,https://www.webstaurantstore.com/63693/restaurant-lighting.html
Pendants,https://www.webstaurantstore.com/63693/restaurant-lighting.html?filter=type:pendants
String Lights,https://www.webstaurantstore.com/63693/restaurant-lighting.html?filter=type:string-lights
Sconces,https://www.webstaurantstore.com/63693/restaurant-lighting.html?filter=type:sconces
Mirrors and Wall Art,https://www.webstaurantstore.com/52229/mirrors-and-wall-art.html
Artificial Plants,https://www.webstaurantstore.com/67659/artificial-plants.html
Area Rugs,https://www.webstaurantstore.com/66123/area-rugs.html
Folding Tables,https://www.webstaurantstore.com/45773/folding-tables.html
Folding Table and Chair Sets,https://www.webstaurantstore.com/45773/folding-tables.html?filter=type:folding-table-chair-sets
Folding Chairs,https://www.webstaurantstore.com/353198/folding-chairs.html
Sports Themed Furniture and Decor,https://www.webstaurantstore.com/54305/sports-themed-furniture-and-decor.html
Clocks,https://www.webstaurantstore.com/54305/sports-themed-furniture-and-decor.html?filter=type:clocks
Stools,https://www.webstaurantstore.com/54305/sports-themed-furniture-and-decor.html?filter=type:stools
Chairs,https://www.webstaurantstore.com/54305/sports-themed-furniture-and-decor.html?filter=type:chairs
Mirrors,https://www.webstaurantstore.com/54305/sports-themed-furniture-and-decor.html?filter=type:mirrors
Restaurant Host Stands,https://www.webstaurantstore.com/45693/restaurant-host-stands.html
Server Stations,https://www.webstaurantstore.com/45693/restaurant-host-stands.html?filter=type:server-stations
Bussing Stations,https://www.webstaurantstore.com/45693/restaurant-host-stands.html?filter=type:bussing-stations
Outdoor Patio Fencing,https://www.webstaurantstore.com/42627/outdoor-patio-fencing.html
Office Desks,https://www.webstaurantstore.com/51211/desks-and-desk-bases.html
Corner Desks,https://www.webstaurantstore.com/51211/desks-and-desk-bases.html?filter=type:corner-desks
Desk Add-Ons and Accessories,https://www.webstaurantstore.com/67489/desk-add-ons-and-accessories.html
Standing Desks,https://www.webstaurantstore.com/51211/desks-and-desk-bases.html?filter=type:standing-desks
Office Chairs and Stools,https://www.webstaurantstore.com/49587/office-chairs.html
Office Chair Mats,https://www.webstaurantstore.com/54465/office-chair-mats.html
Office Chair Parts and Accessories,https://www.webstaurantstore.com/52253/office-chair-parts-and-accessories.html
Footrests,https://www.webstaurantstore.com/56337/footrests-and-ottomans.html
"Lobby, Reception, and Lounge Seating",https://www.webstaurantstore.com/52493/lobby-reception-and-lounge-seating.html
Sofas,https://www.webstaurantstore.com/52493/lobby-reception-and-lounge-seating.html?filter=type:sofas
Benches,https://www.webstaurantstore.com/52493/lobby-reception-and-lounge-seating.html?filter=type:benches
Loveseats,https://www.webstaurantstore.com/52493/lobby-reception-and-lounge-seating.html?filter=type:loveseats
"Lobby, Reception, and Lounge Tables",https://www.webstaurantstore.com/52721/lobby-reception-and-lounge-tables.html
Ergonomic Chairs,https://www.webstaurantstore.com/49587/office-chairs.html?filter=features:ergonomic
Conference Tables,https://www.webstaurantstore.com/57607/conference-tables.html
Filing Cabinets,https://www.webstaurantstore.com/52235/filing-cabinets.html
Safes,https://www.webstaurantstore.com/52237/safes.html
Electronic Safes,https://www.webstaurantstore.com/52237/safes.html?filter=lock-type:electronic
Keyed Safes,https://www.webstaurantstore.com/52237/safes.html?filter=lock-type:keyed
Office Shelving,https://www.webstaurantstore.com/52239/office-shelving.html
Lamps,https://www.webstaurantstore.com/52223/lamps.html
Clocks,https://www.webstaurantstore.com/52219/clocks.html
Activity Tables,https://www.webstaurantstore.com/42551/activity-tables.html
Classroom Storage,https://www.webstaurantstore.com/56841/classroom-storage.html
Active Play,https://www.webstaurantstore.com/56843/active-play.html
Kids Activity Tables and Tabletops,https://www.webstaurantstore.com/56843/active-play.html?filter=type:tables-and-tabletops
Play Kitchens,https://www.webstaurantstore.com/56843/active-play.html?filter=type:play-kitchens
Lockers and Racks,https://www.webstaurantstore.com/56839/classroom-lockers.html
Nursery Furniture,https://www.webstaurantstore.com/61733/nursery-furniture.html
Metal Furniture,https://www.webstaurantstore.com/61733/nursery-furniture.html?filter=material:metal
Folding / Convertible Cribs,https://www.webstaurantstore.com/61733/nursery-furniture.html?filter=features:folding-convertible
Rocking Chairs,https://www.webstaurantstore.com/61733/nursery-furniture.html?filter=type:rockers
Baby Changing Tables and Diaper Changing Stations,https://www.webstaurantstore.com/889/baby-changing-stations-tables.html
Wood,https://www.webstaurantstore.com/45523/restaurant-high-chairs.html?filter=seat-material:wood
Parts and Accessories,https://www.webstaurantstore.com/43517/parts-and-accessories-for-high-chairs-and-booster-seats.html
Baby Bedding,https://www.webstaurantstore.com/61741/baby-bedding.html
Strollers,https://www.webstaurantstore.com/61735/strollers.html
Child Safety Gates,https://www.webstaurantstore.com/61737/child-safety-gates.html
Baby Furniture Parts & Accessories,https://www.webstaurantstore.com/61739/baby-furniture-parts-accessories.html
Early Education Art Supplies,https://www.webstaurantstore.com/53001/art-supplies.html
Early Childhood Education Art Supplies,https://www.webstaurantstore.com/53001/art-supplies.html?filter=usage:early-education
Paint,https://www.webstaurantstore.com/53001/art-supplies.html?filter=type:paints
Crayons,https://www.webstaurantstore.com/53001/art-supplies.html?filter=type:crayons
Construction Paper,https://www.webstaurantstore.com/53001/art-supplies.html?filter=type:construction-paper
Student Desks and Seating,https://www.webstaurantstore.com/45923/student-desk-chairs-and-tablet-arms.html
Cafeteria Tables,https://www.webstaurantstore.com/45907/cafeteria-tables.html
Seminar Tables,https://www.webstaurantstore.com/42555/seminar-tables.html
Luggage and Bellman Carts,https://www.webstaurantstore.com/42863/bellman-carts-luggage-carts.html
Bookcases,https://www.webstaurantstore.com/52245/bookcases.html
Chandeliers,https://www.webstaurantstore.com/63693/restaurant-lighting.html?filter=type:chandeliers
Island Lights,https://www.webstaurantstore.com/63693/restaurant-lighting.html?filter=type:island-lights
Commercial Light Bulbs,https://www.webstaurantstore.com/911/commercial-light-bulbs.html
LED Bulbs,https://www.webstaurantstore.com/911/commercial-light-bulbs.html?filter=type:led-bulbs
Fluorescent Bulbs,https://www.webstaurantstore.com/911/commercial-light-bulbs.html?filter=type:fluorescent-bulbs
Incandescent Bulbs,https://www.webstaurantstore.com/911/commercial-light-bulbs.html?filter=type:incandescent-bulbs
Teflon® Coated Bulbs,https://www.webstaurantstore.com/911/commercial-light-bulbs.html?filter=features:teflon-coated
Outdoor Lighting,https://www.webstaurantstore.com/67209/outdoor-lighting.html
Commercial Pergolas,https://www.webstaurantstore.com/63947/commercial-pergolas.html
Hotel Bed Frames and Mattresses,https://www.webstaurantstore.com/66655/hotel-bed-frames.html
Hotel Refrigeration,https://www.webstaurantstore.com/63727/hotel-refrigeration.html
Whiteboards and Dry-Erase Boards,https://www.webstaurantstore.com/3307/whiteboards-and-dry-erase-boards.html
Magnetic Boards,https://www.webstaurantstore.com/3307/whiteboards-and-dry-erase-boards.html?filter=features:magnetic
Mobile Boards,https://www.webstaurantstore.com/3307/whiteboards-and-dry-erase-boards.html?filter=installation-type:mobile
Glass Boards,https://www.webstaurantstore.com/3307/whiteboards-and-dry-erase-boards.html?filter=type:glass-boards
Podiums and Lecterns,https://www.webstaurantstore.com/42615/podiums-and-lecterns.html
Easels,https://www.webstaurantstore.com/3291/easels.html
Stages,https://www.webstaurantstore.com/45921/stages.html
Event Lighting & Special Effects,https://www.webstaurantstore.com/68165/event-lighting-special-effects.html
Decorative Trash Cans,https://www.webstaurantstore.com/943/decorative-trash-cans.html
Plastic Trash Cans,https://www.webstaurantstore.com/943/decorative-trash-cans.html?filter=material:plastic
Concrete Trash Cans,https://www.webstaurantstore.com/943/decorative-trash-cans.html?filter=material:concrete
Decorative Recycling Bins,https://www.webstaurantstore.com/943/decorative-trash-cans.html?filter=type:recycling-bins
LED & Neon Restaurant Signs,https://www.webstaurantstore.com/3309/window-door-led-signs.html
Cantilever Umbrellas,https://www.webstaurantstore.com/42563/outdoor-table-umbrellas-and-bases.html?filter=type:cantilever-umbrellas
Bases,https://www.webstaurantstore.com/42563/outdoor-table-umbrellas-and-bases.html?filter=type:bases
Bar Height,https://www.webstaurantstore.com/45773/folding-tables.html?filter=height-style:bar-height
Rectangular Tables,https://www.webstaurantstore.com/45773/folding-tables.html?filter=shape:rectangle
Round Tables,https://www.webstaurantstore.com/45773/folding-tables.html?filter=shape:round
Canopies and Accessories,https://www.webstaurantstore.com/54605/canopies-and-canopy-accessories.html
Event Game Supplies,https://www.webstaurantstore.com/35849/game-room-equipment.html
Pool / Billiards,https://www.webstaurantstore.com/35849/game-room-equipment.html?filter=game-type:pool-billiards
Foosball,https://www.webstaurantstore.com/35849/game-room-equipment.html?filter=game-type:foosball
Air Hockey,https://www.webstaurantstore.com/35849/game-room-equipment.html?filter=game-type:air-hockey
Portable Dance Floors,https://www.webstaurantstore.com/58739/portable-dance-floors.html
Decorative Outdoor Trash Cans,https://www.webstaurantstore.com/943/decorative-trash-cans.html?filter=usage:outdoor
Pet Waste Stations,https://www.webstaurantstore.com/1069/outdoor-trash-cans.html?filter=type:pet-waste-station
Trash Can Liners and Bags,https://www.webstaurantstore.com/537/trash-can-liners-garbage-bags.html
Contractor Trash Bags,https://www.webstaurantstore.com/537/trash-can-liners-garbage-bags.html?filter=type:contractor-trash-bags
Recycling Bags,https://www.webstaurantstore.com/537/trash-can-liners-garbage-bags.html?filter=type:recycling-bags
Clear Liners and Bags,https://www.webstaurantstore.com/537/trash-can-liners-garbage-bags.html?filter=color:clear
Commercial Paper Towels,https://www.webstaurantstore.com/46163/commercial-paper-towels.html
Household Paper Towels,https://www.webstaurantstore.com/46163/commercial-paper-towels.html?filter=type:household-paper-towels
Roll Paper Towels,https://www.webstaurantstore.com/46163/commercial-paper-towels.html?filter=type:roll-paper-towels
Folded Paper Towels,https://www.webstaurantstore.com/46163/commercial-paper-towels.html?filter=type:folded-paper-towels
Commercial Toilet Paper,https://www.webstaurantstore.com/46167/commercial-toilet-paper-and-toilet-tissue.html
Sanitizing and Disinfecting Surface Wipes,https://www.webstaurantstore.com/45551/pre-moistened-sanitizing-disinfectant-surface-wipes.html
Paper Guest Towels,https://www.webstaurantstore.com/21635/paper-guest-towels.html
Facial Tissues,https://www.webstaurantstore.com/479/facial-tissues.html
Toilet Seat Covers and Dispensers,https://www.webstaurantstore.com/45937/toilet-seat-covers-dispensers-and-combination-dispenser-disposal-units.html
Disposable Gloves,https://www.webstaurantstore.com/261/disposable-gloves.html
Degreasers,https://www.webstaurantstore.com/993/degreasers.html
Machine Dish Washing & Sanitizing Chemicals,https://www.webstaurantstore.com/4295/machine-dish-washing-sanitizing-chemicals.html
Manual Dishwashing Chemicals,https://www.webstaurantstore.com/4297/manual-dish-washing-sanitizing-chemicals.html
Oven Cleaner & Grill Cleaner,https://www.webstaurantstore.com/1001/oven-cleaner-grill-cleaner.html
Cutting Board / Block Whitener,https://www.webstaurantstore.com/20551/cutting-board-block-whitener.html
Coffee / Espresso / Tea Machine Cleaners,https://www.webstaurantstore.com/33035/coffee-espresso-machine-cleaners.html
Bar Glass Washing & Sanitizing Chemicals,https://www.webstaurantstore.com/4181/bar-glass-and-glass-washing-sanitizing-chemicals.html
Food Grade Lubricants and Food Safe Lubricants,https://www.webstaurantstore.com/999/food-grade-lubricants-and-food-safe-lubricants.html
All Purpose Cleaners,https://www.webstaurantstore.com/1019/all-purpose-cleaning-chemicals.html
Glass and Dishware Sanitizers,https://www.webstaurantstore.com/35539/glass-and-dishware-sanitizing-chemicals.html
Restroom Cleaning Chemicals,https://www.webstaurantstore.com/1029/restroom-cleaning-chemicals.html
Floor Care Chemicals,https://www.webstaurantstore.com/983/floor-care-chemicals.html
Floor Strippers,https://www.webstaurantstore.com/983/floor-care-chemicals.html?filter=type:floor-strippers
Cleaners & Degreasers,https://www.webstaurantstore.com/1025/glass-cleaning-chemicals.html
Sanitizing and Disinfecting Chemicals,https://www.webstaurantstore.com/35535/surface-sanitizing-and-disinfecting-chemicals.html
Housekeeping Chemicals,https://www.webstaurantstore.com/1017/housekeeping-chemicals.html
Vacuum Cleaners,https://www.webstaurantstore.com/1241/vacuum-cleaners.html
Cordless Vacuums,https://www.webstaurantstore.com/1241/vacuum-cleaners.html?filter=power-type:cordless
Backpack Vacuums,https://www.webstaurantstore.com/1241/vacuum-cleaners.html?filter=type:backpack-vacuums
Bagless Vacuums,https://www.webstaurantstore.com/1241/vacuum-cleaners.html?filter=style:bagless
Upright Vacuums,https://www.webstaurantstore.com/1241/vacuum-cleaners.html?filter=type:upright-vacuums
Wide Area Vacuums,https://www.webstaurantstore.com/1241/vacuum-cleaners.html?filter=type:wide-area-vacuums
Vacuum Cleaner Replacement Parts and Attachments,https://www.webstaurantstore.com/49731/vacuum-cleaner-replacement-parts-and-attachments.html
"Carpet Shampooers, Extractors, & Steamers",https://www.webstaurantstore.com/46043/carpet-shampooers-extraction-machines.html
Steamers,https://www.webstaurantstore.com/46043/carpet-shampooers-extraction-machines.html?filter=type:steamers
"Carpet Shampooers, Extractors, & Steamers Parts and Accessories",https://www.webstaurantstore.com/59525/carpet-shampooers-extractors-steamers-parts-and-accessories.html
Commercial Floor Scrubbers and Cleaning Machines,https://www.webstaurantstore.com/43615/floor-scrubbers-auto-scrubbers-and-accessories.html
Floor Machine Pads and Brushes,https://www.webstaurantstore.com/43617/auto-scrubber-brushes-pads.html
Auto Scrubber Parts and Accessories,https://www.webstaurantstore.com/49231/auto-scrubber-parts-and-accessories.html
Wet and Dry Vacs,https://www.webstaurantstore.com/42109/wet-dry-vacs.html
Wet / Dry Vac Bags and Accessories,https://www.webstaurantstore.com/42113/wet-dry-vac-bags-and-accessories.html
Specialty & Industrial Vacuums,https://www.webstaurantstore.com/65217/industrial-vacuums.html
Pressure Washers,https://www.webstaurantstore.com/56785/commercial-pressure-washers.html
Hot Water,https://www.webstaurantstore.com/56785/commercial-pressure-washers.html?filter=style:hot-water
Wall Mounted,https://www.webstaurantstore.com/56785/commercial-pressure-washers.html?filter=installation-type:wall-mounted
Pressure Washer Parts and Accessories,https://www.webstaurantstore.com/57599/pressure-washer-parts-and-accessories.html
Air Blowers / Carpet Dryers,https://www.webstaurantstore.com/877/air-blowers-carpet-dryers.html
Plastic Utility Trash Cans,https://www.webstaurantstore.com/69145/plastic-utility-trash-cans.html
Can / Lid Sets,https://www.webstaurantstore.com/69145/plastic-utility-trash-cans.html?filter=type:can-lid-sets
Lids,https://www.webstaurantstore.com/69145/plastic-utility-trash-cans.html?filter=type:lids
Rubbermaid Brute Trash Cans,https://www.webstaurantstore.com/69145/plastic-utility-trash-cans.html?filter=product-line:rubbermaid-brute
Space Saving Trash Cans,https://www.webstaurantstore.com/1183/space-saving-trash-cans.html
Wall Mounted Trash Cans,https://www.webstaurantstore.com/1183/space-saving-trash-cans.html?filter=style:wall-mounted
Half Round Trash Cans,https://www.webstaurantstore.com/1183/space-saving-trash-cans.html?filter=style:half-round
Corner Trash Cans,https://www.webstaurantstore.com/1183/space-saving-trash-cans.html?filter=style:corner
Undercounter Trash Cans,https://www.webstaurantstore.com/1183/space-saving-trash-cans.html?filter=style:undercounter
Trash Can Cabinets,https://www.webstaurantstore.com/943/decorative-trash-cans.html?filter=type:trash-can-cabinets
Stainless Steel Trash Cans,https://www.webstaurantstore.com/943/decorative-trash-cans.html?filter=material:stainless-steel
Wastebaskets,https://www.webstaurantstore.com/46105/kitchen-wastebaskets.html
Recycling Bins,https://www.webstaurantstore.com/1099/recycling-containers.html
Multi-Stream Recycling Stations,https://www.webstaurantstore.com/1099/recycling-containers.html?filter=type:multi-stream-systems
Curbside Recycling Bins,https://www.webstaurantstore.com/1099/recycling-containers.html?filter=type:curbside-recycling-bins
Heavy Duty Trash Cans,https://www.webstaurantstore.com/1069/outdoor-trash-cans.html?filter=material:heavy-duty-plastic
Waste / Windshield Wash Stations,https://www.webstaurantstore.com/1069/outdoor-trash-cans.html?filter=type:waste-windshield-wash-stations
Rollout Trash Cans,https://www.webstaurantstore.com/1069/outdoor-trash-cans.html?filter=style:rollout
Single and Double Rack Dishwashers,https://www.webstaurantstore.com/4317/single-rack-dishwashers-and-double-rack-dishwashers.html
Pot and Pan Washers,https://www.webstaurantstore.com/64711/pot-pan-washers.html
Undercounter Dishwashers,https://www.webstaurantstore.com/4321/under-counter-dishwashers.html
Glass Washer Machines,https://www.webstaurantstore.com/13265/glass-washer-machines.html
Pot and Pan Brushes,https://www.webstaurantstore.com/4237/pot-and-pan-brushes.html
Wok Brushes,https://www.webstaurantstore.com/4237/pot-and-pan-brushes.html?filter=type:wok-brushes
Test Strips and Meters,https://www.webstaurantstore.com/4239/test-strips.html
Dishwashing and Janitorial Gloves,https://www.webstaurantstore.com/1155/dishwashing-gloves.html
Latex Gloves,https://www.webstaurantstore.com/1155/dishwashing-gloves.html?filter=material:latex
Nitrile Gloves,https://www.webstaurantstore.com/1155/dishwashing-gloves.html?filter=material:nitrile
Flatware Retriever Lids,https://www.webstaurantstore.com/4229/flatware-retriever-lids.html
Hose Reels,https://www.webstaurantstore.com/9035/hose-reels-and-hose-reel-accessories.html
Open Reels,https://www.webstaurantstore.com/9035/hose-reels-and-hose-reel-accessories.html?filter=style:open
Enclosed Reels,https://www.webstaurantstore.com/9035/hose-reels-and-hose-reel-accessories.html?filter=style:enclosed
Wet Area Floor Mats,https://www.webstaurantstore.com/4233/wet-area-floor-mats.html
Drainage Mats,https://www.webstaurantstore.com/4233/wet-area-floor-mats.html?filter=type:drainage-mats
Rubber Mats,https://www.webstaurantstore.com/4233/wet-area-floor-mats.html?filter=material:rubber
Black Mats,https://www.webstaurantstore.com/4233/wet-area-floor-mats.html?filter=color:black
Scrubbers and Sponges,https://www.webstaurantstore.com/1175/scrubbers-sponges-and-wipers.html
Wine Glass Cleaners,https://www.webstaurantstore.com/4181/bar-glass-and-glass-washing-sanitizing-chemicals.html?filter=usage:wine-glass-cleaners
Water Softener Solar Salt,https://www.webstaurantstore.com/4325/water-softener-solar-salt.html
Wine Glass Racks,https://www.webstaurantstore.com/39727/glass-racks-cup-racks-and-extenders.html?filter=glass-type:wine-glasses
Shot Glass Racks,https://www.webstaurantstore.com/39727/glass-racks-cup-racks-and-extenders.html?filter=glass-type:shot-glasses
Dish and Flatware Racks,https://www.webstaurantstore.com/4205/dish-and-flatware-racks.html
Glass Rack Covers and Accessories,https://www.webstaurantstore.com/39733/glass-rack-covers-and-accessories.html
Commercial Laundry Machines,https://www.webstaurantstore.com/68127/commercial-laundry-machines.html
Coin-Operated,https://www.webstaurantstore.com/68127/commercial-laundry-machines.html?filter=operation:coin-operated
Laundry Carts,https://www.webstaurantstore.com/24815/laundry-carts.html
Commercial Laundry Detergent and Supplies,https://www.webstaurantstore.com/4293/commercial-laundry-detergent-and-supplies.html
Stacked Washer and Dryer Sets,https://www.webstaurantstore.com/68127/commercial-laundry-machines.html?filter=type:stacked-washer-and-dryer-sets
Hotel Room Ironing and Laundry Supplies,https://www.webstaurantstore.com/2793/hotel-room-ironing-and-laundry-supplies.html
Ironing Boards,https://www.webstaurantstore.com/2793/hotel-room-ironing-and-laundry-supplies.html?filter=type:ironing-boards
Clothes Irons,https://www.webstaurantstore.com/2793/hotel-room-ironing-and-laundry-supplies.html?filter=type:clothes-irons
Laundry Bags,https://www.webstaurantstore.com/2793/hotel-room-ironing-and-laundry-supplies.html?filter=type:laundry-bags
Janitorial Cleaning Carts,https://www.webstaurantstore.com/24807/janitor-carts-and-janitor-caddies.html
Janitorial Brushes,https://www.webstaurantstore.com/1037/janitorial-brushes.html
Wall and Floor Brushes,https://www.webstaurantstore.com/1037/janitorial-brushes.html?filter=type:wall-and-floor-brushes
Utility Brushes,https://www.webstaurantstore.com/1037/janitorial-brushes.html?filter=type:utility-brushes
Detail Brushes,https://www.webstaurantstore.com/1037/janitorial-brushes.html?filter=type:detail-brushes
Vehicle Brushes,https://www.webstaurantstore.com/1037/janitorial-brushes.html?filter=type:vehicle-brushes
Shoe Brushes,https://www.webstaurantstore.com/1037/janitorial-brushes.html?filter=type:shoe-brushes
Window Cleaning Tools and Accessories,https://www.webstaurantstore.com/1267/window-cleaning-tools-and-accessories.html
Squeegees,https://www.webstaurantstore.com/1267/window-cleaning-tools-and-accessories.html?filter=type:squeegees
Cleaning Kits,https://www.webstaurantstore.com/1267/window-cleaning-tools-and-accessories.html?filter=type:cleaning-kits
Strip Washers,https://www.webstaurantstore.com/1267/window-cleaning-tools-and-accessories.html?filter=type:strip-washers
Windshield Cleaners,https://www.webstaurantstore.com/1267/window-cleaning-tools-and-accessories.html?filter=usage:windshields
Scouring Pads,https://www.webstaurantstore.com/1175/scrubbers-sponges-and-wipers.html?filter=type:scouring-pads
Wet Mop Buckets / Wringers,https://www.webstaurantstore.com/1059/wet-mop-buckets-wringers.html
Wringers,https://www.webstaurantstore.com/1059/wet-mop-buckets-wringers.html?filter=type:wringers
Wet Mops,https://www.webstaurantstore.com/1061/wet-mops.html
Microfiber,https://www.webstaurantstore.com/1061/wet-mops.html?filter=material:microfiber
Cotton,https://www.webstaurantstore.com/1061/wet-mops.html?filter=material:cotton
Sponge,https://www.webstaurantstore.com/1061/wet-mops.html?filter=material:sponge
Wet Floor Signs,https://www.webstaurantstore.com/1057/wet-floor-signs.html
Cones,https://www.webstaurantstore.com/1057/wet-floor-signs.html?filter=type:cones
Commercial Brooms,https://www.webstaurantstore.com/909/lobby-brooms-and-warehouse-brooms.html
Lobby Brooms,https://www.webstaurantstore.com/909/lobby-brooms-and-warehouse-brooms.html?filter=broom-type:lobby-brooms
Whisk Brooms,https://www.webstaurantstore.com/909/lobby-brooms-and-warehouse-brooms.html?filter=broom-type:whisk-brooms
Push Brooms,https://www.webstaurantstore.com/909/lobby-brooms-and-warehouse-brooms.html?filter=broom-type:push-brooms
Dry Mops,https://www.webstaurantstore.com/1047/dry-mops.html
Cotton,https://www.webstaurantstore.com/1047/dry-mops.html?filter=material:cotton
Dry Mop Pads,https://www.webstaurantstore.com/1047/dry-mops.html?filter=type:dry-mop-pads
"Mop Handles, Frames, and Accessories",https://www.webstaurantstore.com/43989/mop-handles-and-mop-accessories.html
Wooden Handles,https://www.webstaurantstore.com/43989/mop-handles-and-mop-accessories.html?filter=handle-material:wood
Mop Kits,https://www.webstaurantstore.com/50205/mop-kits.html
Dustpans,https://www.webstaurantstore.com/907/dustpans.html
Cleaning Scrapers,https://www.webstaurantstore.com/68207/cleaning-scrapers.html
Squeegees,https://www.webstaurantstore.com/68265/squeegees.html
Retractable Hose Reels,https://www.webstaurantstore.com/9035/hose-reels-and-hose-reel-accessories.html?filter=return-style:retractable
Stainless Steel,https://www.webstaurantstore.com/9035/hose-reels-and-hose-reel-accessories.html?filter=material:stainless-steel
Microfiber Cloths & Mitts,https://www.webstaurantstore.com/3351/microfiber-cloths-mitts.html
Floor Squeegees,https://www.webstaurantstore.com/1191/floor-squeegees.html
Broom Handles and Accessories,https://www.webstaurantstore.com/67801/broom-handle-and-accessories.html
Commercial Paper Towel Dispensers,https://www.webstaurantstore.com/46165/commercial-paper-towel-dispensers.html
Dispenser / Trash Can Combinations,https://www.webstaurantstore.com/46165/commercial-paper-towel-dispensers.html?filter=features:dispenser-trash-can-combinations
Paper Towel Dispenser Parts and Accessories,https://www.webstaurantstore.com/69221/paper-towel-dispenser-parts-and-accessories.html
Commercial Toilet Paper Dispensers and Holders,https://www.webstaurantstore.com/1127/commercial-toilet-paper-dispensers-and-holders.html
Recessed Dispensers,https://www.webstaurantstore.com/1127/commercial-toilet-paper-dispensers-and-holders.html?filter=style:recessed
Electric Hand Dryers,https://www.webstaurantstore.com/1009/electric-hand-dryers.html
Electric Hand Dryer Parts and Accessories,https://www.webstaurantstore.com/47597/electric-hand-dryer-parts-and-accessories.html
Hand Soap and Sanitizer,https://www.webstaurantstore.com/48577/hand-soap-and-sanitizer.html
Foaming,https://www.webstaurantstore.com/48577/hand-soap-and-sanitizer.html?filter=style:foaming
Bags,https://www.webstaurantstore.com/48577/hand-soap-and-sanitizer.html?filter=package-type:bags
Refills,https://www.webstaurantstore.com/48577/hand-soap-and-sanitizer.html?filter=package-type:refills
Personal Sizes,https://www.webstaurantstore.com/48577/hand-soap-and-sanitizer.html?filter=package-type:personal-sizes
Commercial Toilets & Urinals,https://www.webstaurantstore.com/64567/commercial-toilets-urinals.html
Toilet and Urinal Parts and Accessories,https://www.webstaurantstore.com/57267/toilet-and-urinal-parts-and-accessories.html
Urinal Cakes and Urinal Screens,https://www.webstaurantstore.com/1219/urinal-cakes-and-urinal-screens.html
Bathroom & Urinal Mats,https://www.webstaurantstore.com/1239/urinal-mats-and-toilet-mats.html
Baby Changing Station Parts and Accessories,https://www.webstaurantstore.com/43525/baby-changing-station-table-parts-and-accessories.html
Baby Diapers and Wipes,https://www.webstaurantstore.com/69121/baby-diapers-and-wipes.html
Deodorizers / Air Fresheners & Dispensers,https://www.webstaurantstore.com/1119/deodorizers-air-fresheners-dispensers.html
Commercial Porta Potties,https://www.webstaurantstore.com/55609/portable-toilets-and-urinals.html
Portable Restroom Parts,https://www.webstaurantstore.com/69713/portable-toilets-parts-and-accessories.html
Portable Hand Washing Stations and Supplies,https://www.webstaurantstore.com/55611/portable-hand-washing-stations-and-supplies-.html
Digital Scales,https://www.webstaurantstore.com/3571/receiving-scales.html?filter=display-type:digital
Industrial Floor Scales,https://www.webstaurantstore.com/3571/receiving-scales.html?filter=type:industrial-floor-scales
Barcode Printers,https://www.webstaurantstore.com/65485/barcode-printers.html
Thermal Transfer Ribbons,https://www.webstaurantstore.com/65485/barcode-printers.html?filter=type:thermal-transfer-ribbons
Portable Barcode Printers,https://www.webstaurantstore.com/65485/barcode-printers.html?filter=type:portable-printers
Barcode Scanners,https://www.webstaurantstore.com/63951/barcode-scanners.html
Mobile Computers,https://www.webstaurantstore.com/64473/mobile-computers.html
Tablets and Accessories,https://www.webstaurantstore.com/65645/tablets-and-accessories.html
Label Printers & Accessories,https://www.webstaurantstore.com/64951/label-printers.html
Drills,https://www.webstaurantstore.com/66267/drills.html
Power Saws,https://www.webstaurantstore.com/67337/power-saws.html
Nail and Heat Guns,https://www.webstaurantstore.com/66919/heat-guns.html
Tool Sets,https://www.webstaurantstore.com/66251/tool-sets.html
Trimmers,https://www.webstaurantstore.com/68601/trimmers.html
Lawn Mowers,https://www.webstaurantstore.com/68605/lawn-mowers.html
Blowers,https://www.webstaurantstore.com/68597/blowers.html
Chainsaws,https://www.webstaurantstore.com/68599/chainsaws.html
Wheelbarrows and Garden Carts,https://www.webstaurantstore.com/68783/wheelbarrows-and-garden-carts-.html
Sprayers,https://www.webstaurantstore.com/63799/sprayers.html
Trash Pickup & Reaching Tools,https://www.webstaurantstore.com/1237/trash-pickup-reaching-tools.html
Rakes,https://www.webstaurantstore.com/68607/rakes.html
Measuring Tools,https://www.webstaurantstore.com/66253/measuring-tools.html
Levels,https://www.webstaurantstore.com/66253/measuring-tools.html?filter=type:levels
Tape Measures,https://www.webstaurantstore.com/66253/measuring-tools.html?filter=type:tape-measures
Cutting Tools,https://www.webstaurantstore.com/66257/cutting-tools.html
Hammers and Striking Tools,https://www.webstaurantstore.com/66255/hammers-striking-tools.html
Gardening Tools & Supplies,https://www.webstaurantstore.com/68603/gardening-tools-supplies.html
"Garden Hoses, Nozzles, and Faucets",https://www.webstaurantstore.com/64297/garden-hoses-nozzles.html
Snow Removal Equipment,https://www.webstaurantstore.com/66319/snow-removal-equipment.html
Ice Melt,https://www.webstaurantstore.com/45485/ice-melt.html
Electrical Tools,https://www.webstaurantstore.com/69793/electrical-tools.html
Tool Tethering,https://www.webstaurantstore.com/66279/tool-tethering.html
HVAC Tools,https://www.webstaurantstore.com/68449/hvac-tools.html
Plumbing Tools,https://www.webstaurantstore.com/67439/plumbing-tools.html
Drain Cleaning Tools,https://www.webstaurantstore.com/67847/drain-cleaning-tools.html
Box / Bag Cutters,https://www.webstaurantstore.com/21577/box-bag-cutters.html
Warehouse Stackers,https://www.webstaurantstore.com/58043/warehouse-stackers.html
Tilt & Lift Tables,https://www.webstaurantstore.com/58097/lift-tables.html
Industrial Hoists and Cranes,https://www.webstaurantstore.com/64569/industrial-hoists-and-cranes.html
Pallet Pullers,https://www.webstaurantstore.com/64569/industrial-hoists-and-cranes.html?filter=type:pallet-pullers
Forklift Parts & Attachments,https://www.webstaurantstore.com/67839/forklift-parts-attachments.html
Warehouse Stackers Parts & Accessories,https://www.webstaurantstore.com/67469/warehouse-stackers-parts-accessories.html
Step Ladders and Stools,https://www.webstaurantstore.com/69669/step-ladders.html
Extension and Straight Ladders,https://www.webstaurantstore.com/69673/extension-ladders.html
Rolling Ladders,https://www.webstaurantstore.com/69671/rolling-ladders.html
Work Platforms and Scaffolding,https://www.webstaurantstore.com/66305/work-platforms.html
Convertible Hand Trucks,https://www.webstaurantstore.com/24885/hand-trucks.html?filter=type:convertible-hand-trucks
Bulk Containers,https://www.webstaurantstore.com/66325/bulk-containers.html
Drum Openers,https://www.webstaurantstore.com/63655/drum-openers.html
Material Handling Parts,https://www.webstaurantstore.com/66403/material-handling-parts.html
Roller Conveyors,https://www.webstaurantstore.com/67405/roller-conveyors.html
Cargo Straps & Nets,https://www.webstaurantstore.com/66321/cargo-straps-nets.html
Loading Ramps,https://www.webstaurantstore.com/67825/loading-ramps.html
Dock Levelers,https://www.webstaurantstore.com/67829/dock-levelers.html
Loading Dock Bumpers,https://www.webstaurantstore.com/67835/loading-dock-bumpers.html
Dock Seals & Shelters,https://www.webstaurantstore.com/67833/dock-seals-shelters.html
Dock Lights,https://www.webstaurantstore.com/67831/loading-dock-lights.html
Aluminum Carts,https://www.webstaurantstore.com/14369/metal-bussing-utility-transport-carts.html?filter=material:aluminum
Pallet Trucks,https://www.webstaurantstore.com/58099/pallet-trucks.html
Motorized Tugs and Carts,https://www.webstaurantstore.com/54641/motorized-tugs-and-carts.html
Generators and Portable Power Stations,https://www.webstaurantstore.com/57519/commercial-generators.html
Inverter Generators,https://www.webstaurantstore.com/57519/commercial-generators.html?filter=type:inverter-generators
Gasoline,https://www.webstaurantstore.com/57519/commercial-generators.html?filter=fuel-type:gasoline
Dual Fuel,https://www.webstaurantstore.com/57519/commercial-generators.html?filter=fuel-type:dual-fuel
Industrial Drums,https://www.webstaurantstore.com/65205/industrial-drums.html
Drum Accessories,https://www.webstaurantstore.com/63653/drum-pumps-faucets.html
Spill Containment,https://www.webstaurantstore.com/65207/spill-containment.html
Walkie Talkies,https://www.webstaurantstore.com/58229/walkie-talkies.html
Batteries,https://www.webstaurantstore.com/58229/walkie-talkies.html?filter=type:batteries
Industrial Fans,https://www.webstaurantstore.com/59513/industrial-fans.html
Ceiling Fans,https://www.webstaurantstore.com/59513/industrial-fans.html?filter=type:ceiling-fans
Wall-Mount Fans,https://www.webstaurantstore.com/59513/industrial-fans.html?filter=type:wall-mount-fans
Drum Fans,https://www.webstaurantstore.com/59513/industrial-fans.html?filter=type:drum-fans
Pedestal-Mount Fans,https://www.webstaurantstore.com/59513/industrial-fans.html?filter=type:pedestal-mount-fans
Strapping Bands and Accessories,https://www.webstaurantstore.com/64155/strapping-bands-and-accessories.html
Buckles,https://www.webstaurantstore.com/64155/strapping-bands-and-accessories.html?filter=type:buckles
Polypropylene Strapping,https://www.webstaurantstore.com/64155/strapping-bands-and-accessories.html?filter=material:polypropylene
Steel Strapping,https://www.webstaurantstore.com/64155/strapping-bands-and-accessories.html?filter=material:steel
Strapping Equipment,https://www.webstaurantstore.com/65283/strapping-tools.html
Strapping Carts and Dispensers,https://www.webstaurantstore.com/69355/strapping-carts-and-dispensers.html
Industrial Shrink Wrap Machines,https://www.webstaurantstore.com/64579/industrial-shrink-wrap-machines.html
Twist Tie Machines,https://www.webstaurantstore.com/68027/twist-tie-machines.html
Package Sealers and Sealer Tape,https://www.webstaurantstore.com/14283/package-sealers-and-sealer-tape.html
Anti-Fatigue Mats,https://www.webstaurantstore.com/885/anti-fatigue-floor-mats.html
Carpet and Entrance Floor Mats,https://www.webstaurantstore.com/927/carpet-and-entrance-floor-mats.html
Drainage Mats,https://www.webstaurantstore.com/69265/drainage-mats.html
Wall-Mount Faucets,https://www.webstaurantstore.com/27957/wall-mount-faucets.html
Swing,https://www.webstaurantstore.com/27957/wall-mount-faucets.html?filter=spout-type:swing
Double Jointed,https://www.webstaurantstore.com/27957/wall-mount-faucets.html?filter=spout-type:double-jointed
Gooseneck,https://www.webstaurantstore.com/27957/wall-mount-faucets.html?filter=spout-type:gooseneck
Deck-Mount Faucets,https://www.webstaurantstore.com/27071/deck-mount-faucets.html
Double Jointed,https://www.webstaurantstore.com/27071/deck-mount-faucets.html?filter=spout-type:double-jointed
Gooseneck,https://www.webstaurantstore.com/27071/deck-mount-faucets.html?filter=spout-type:gooseneck
Touchless and Electronic Faucets,https://www.webstaurantstore.com/14963/hands-free-electronic-faucets.html
Single Lever Faucets,https://www.webstaurantstore.com/14961/single-lever-faucets.html
Metering Faucets,https://www.webstaurantstore.com/14977/metering-faucets.html
Medical Faucets,https://www.webstaurantstore.com/14975/medical-lavatory-surgical-sink-faucets.html
Laboratory Faucets and Gas Fixtures,https://www.webstaurantstore.com/14983/laboratory-faucets-and-gas-fixtures.html
Pet Grooming Faucets,https://www.webstaurantstore.com/42587/pet-grooming-faucets.html
Bath and Shower Fixtures,https://www.webstaurantstore.com/14979/bath-and-shower-fixtures.html
Pot and Kettle Filler Faucets,https://www.webstaurantstore.com/14969/pot-kettle-filler-faucets.html
"Faucet, Sink, & Drain Accessories",https://www.webstaurantstore.com/15003/faucet-sink-drain-accessories.html
Grease Traps,https://www.webstaurantstore.com/4235/grease-traps.html
Flush Valves,https://www.webstaurantstore.com/57267/toilet-and-urinal-parts-and-accessories.html?filter=type:flush-valves
Drinking Fountains and Bottle Fillers,https://www.webstaurantstore.com/47731/drinking-fountains-bubblers.html
Bottle Fillers,https://www.webstaurantstore.com/47731/drinking-fountains-bubblers.html?filter=type:bottle-fillers
ADA Compliant,https://www.webstaurantstore.com/47731/drinking-fountains-bubblers.html?filter=features:ada-compliant
Drinking Fountain Parts & Accessories,https://www.webstaurantstore.com/68197/drinking-fountain-parts-accessories.html
Water Heaters,https://www.webstaurantstore.com/39213/water-heaters.html
Tankless,https://www.webstaurantstore.com/39213/water-heaters.html?filter=style:tankless
Reverse Osmosis Water Filter Systems and Cartridges,https://www.webstaurantstore.com/68005/reverse-osmosis-water-filter-systems-cartridges.html
Commercial Water Filters and Systems,https://www.webstaurantstore.com/46601/filtration.html
Water Softeners,https://www.webstaurantstore.com/67495/water-softeners.html
Water Heater Parts and Accessories,https://www.webstaurantstore.com/52831/water-heater-parts-and-accessories.html
Floor Troughs and Drains,https://www.webstaurantstore.com/4279/floor-troughs-sinks.html
Baskets and Strainers,https://www.webstaurantstore.com/4279/floor-troughs-sinks.html?filter=type:baskets-and-strainers
Floor Sinks,https://www.webstaurantstore.com/4279/floor-troughs-sinks.html?filter=type:floor-sinks
Floor Troughs,https://www.webstaurantstore.com/4279/floor-troughs-sinks.html?filter=type:floor-troughs
Eye Wash Stations & Emergency Showers,https://www.webstaurantstore.com/977/eye-wash-stations.html
Piping and Tubing,https://www.webstaurantstore.com/67945/piping-and-tubing.html
Washdown Stations,https://www.webstaurantstore.com/899/washdown-stations.html
Electrical Tape,https://www.webstaurantstore.com/44479/electrical-tape.html
Electrical Wire,https://www.webstaurantstore.com/44489/electrical-wire.html
Cord and Plug Sets,https://www.webstaurantstore.com/44477/cord-and-plug-sets.html
Compact Fluorescent Bulbs,https://www.webstaurantstore.com/911/commercial-light-bulbs.html?filter=type:compact-fluorescent-bulbs
Emergency Lights and Exit Signs,https://www.webstaurantstore.com/961/emergency-lights-and-exit-signs.html
"Bulb Guards, Vapor Proof Lights and Accessories",https://www.webstaurantstore.com/915/bulb-guards-vapor-proof-lights-and-accessories.html
Guards and Covers,https://www.webstaurantstore.com/915/bulb-guards-vapor-proof-lights-and-accessories.html?filter=type:guards-and-covers
Bulb Changers,https://www.webstaurantstore.com/915/bulb-guards-vapor-proof-lights-and-accessories.html?filter=type:bulb-changers
Work Lights,https://www.webstaurantstore.com/62867/work-lights.html
Jobsite / Tower Lights,https://www.webstaurantstore.com/62867/work-lights.html?filter=type:jobsite-tower-lights
Portable Lights,https://www.webstaurantstore.com/62867/work-lights.html?filter=type:portable-lights
Industrial Fixtures & Warehouse Lighting,https://www.webstaurantstore.com/66223/industrial-fixtures-warehouse-lighting.html
Mini Splits,https://www.webstaurantstore.com/64719/mini-splits.html
Radiant Infrared Heaters,https://www.webstaurantstore.com/70007/radiant-infrared-heaters.html
Forced Air Heaters,https://www.webstaurantstore.com/70003/forced-air-heaters.html
Unit Heaters,https://www.webstaurantstore.com/70009/unit-heaters.html
Furnaces,https://www.webstaurantstore.com/70011/furnaces.html
Space Heaters,https://www.webstaurantstore.com/70001/space-heaters.html
Central Air Systems,https://www.webstaurantstore.com/68233/central-air-systems.html
Commercial Air Conditioners,https://www.webstaurantstore.com/13711/spot-air-conditioners-and-heat-pumps.html
Commercial Air Purifiers and Dehumidifiers,https://www.webstaurantstore.com/56155/commercial-air-purifiers-and-dehumidifiers.html
Commercial Air Filters,https://www.webstaurantstore.com/67927/commercial-air-filters.html
Office Fans,https://www.webstaurantstore.com/52299/fans.html
HVAC Ducting and Venting,https://www.webstaurantstore.com/67561/hvac-ducting-and-venting.html
Traffic Doors,https://www.webstaurantstore.com/48587/traffic-doors.html
Industrial Tarps,https://www.webstaurantstore.com/67431/industrial-tarps.html
"Epoxy, Cement, and Sealers",https://www.webstaurantstore.com/46941/epoxy-cement-and-sealers.html
Cardboard Shipping & Moving Boxes,https://www.webstaurantstore.com/52149/shipping-boxes.html
Standard Shipping Boxes,https://www.webstaurantstore.com/52149/shipping-boxes.html?filter=type:standard-rsc-shipping-boxes
Insulated Shipping Boxes and Packaging Supplies,https://www.webstaurantstore.com/44429/insulated-shipping-boxes.html
Coolers,https://www.webstaurantstore.com/44429/insulated-shipping-boxes.html?filter=type:coolers
Box Liners,https://www.webstaurantstore.com/44429/insulated-shipping-boxes.html?filter=type:box-liners
Insulated Mailers,https://www.webstaurantstore.com/44429/insulated-shipping-boxes.html?filter=type:insulated-mailers
Packing Paper,https://www.webstaurantstore.com/49149/packing-paper.html
"Stretch Wrap, Stretch Film, and Pallet Wrap",https://www.webstaurantstore.com/3577/stretch-wrap-stretch-film-and-pallet-wrap.html
Packing Tape,https://www.webstaurantstore.com/69911/packing-tape.html
Acrylic,https://www.webstaurantstore.com/69911/packing-tape.html?filter=adhesive-type:acrylic
Kraft,https://www.webstaurantstore.com/69911/packing-tape.html?filter=material:kraft-paper
Blue,https://www.webstaurantstore.com/69911/packing-tape.html?filter=color:blue
Clear,https://www.webstaurantstore.com/69911/packing-tape.html?filter=color:clear
White,https://www.webstaurantstore.com/69911/packing-tape.html?filter=color:white
Masking Tape,https://www.webstaurantstore.com/69913/masking-tape.html
General Purpose,https://www.webstaurantstore.com/69913/masking-tape.html?filter=grade:general-purpose
Contractor Grade,https://www.webstaurantstore.com/69913/masking-tape.html?filter=grade:contractor-grade
Industrial Grade,https://www.webstaurantstore.com/69913/masking-tape.html?filter=grade:industrial-grade
Utility Tape,https://www.webstaurantstore.com/69915/utility-tape.html
Duct Tape,https://www.webstaurantstore.com/69915/utility-tape.html?filter=type:duct-tape
Film Tape,https://www.webstaurantstore.com/69915/utility-tape.html?filter=type:film-tape
Weather Resistant,https://www.webstaurantstore.com/69915/utility-tape.html?filter=features:weather-resistant
Double-Sided,https://www.webstaurantstore.com/69915/utility-tape.html?filter=type:double-sided-tape
Tape Accessories,https://www.webstaurantstore.com/69909/tape-accessories.html
Tape Dispensers,https://www.webstaurantstore.com/69909/tape-accessories.html?filter=type:tape-dispensers
Tape Guns,https://www.webstaurantstore.com/69909/tape-accessories.html?filter=type:tape-guns
Label Dispensers,https://www.webstaurantstore.com/69909/tape-accessories.html?filter=type:label-dispensers
Lip and Tape Bags,https://www.webstaurantstore.com/63717/lip-and-tape-bags.html
Furniture Bags,https://www.webstaurantstore.com/69901/furniture-bags.html
Envelopes and Mailers,https://www.webstaurantstore.com/52171/envelopes-and-mailers.html
Corrugated Mailers,https://www.webstaurantstore.com/52171/envelopes-and-mailers.html?filter=type:corrugated-mailers
Padded Envelopes,https://www.webstaurantstore.com/52171/envelopes-and-mailers.html?filter=features:padded
Mailing and Shipping Labels,https://www.webstaurantstore.com/64677/mailing-shipping-labels.html
Industrial Label Machines & Accessories,https://www.webstaurantstore.com/67427/industrial-label-machines-accessories.html
Lug Racks and Bulk Movers,https://www.webstaurantstore.com/24853/lug-racks-and-bulk-movers.html
Self Dumping Hoppers,https://www.webstaurantstore.com/43471/self-dumping-hoppers.html
Commercial Thermostats,https://www.webstaurantstore.com/62875/commercial-thermostats.html
Building Insulation Rolls,https://www.webstaurantstore.com/68893/building-insulation-rolls.html
Desk Organizers and Storage,https://www.webstaurantstore.com/52467/desk-organizers-and-storage.html
Desk Accessories,https://www.webstaurantstore.com/52469/desk-accessories.html
Writing Supplies,https://www.webstaurantstore.com/51979/writing-supplies.html
Cash Registers and Cash Drawers,https://www.webstaurantstore.com/53635/cash-registers-and-cash-drawers.html
"Bill & Coin Counters, Wrappers, and Storage",https://www.webstaurantstore.com/53923/coin-counters-wrappers-and-storage.html
Calculators and Accessories,https://www.webstaurantstore.com/51971/calculators-and-accessories.html
Paper,https://www.webstaurantstore.com/51957/paper.html
Copy Paper,https://www.webstaurantstore.com/51957/paper.html?filter=type:copy-paper
Construction Paper,https://www.webstaurantstore.com/51957/paper.html?filter=type:construction-paper
Printable Labels,https://www.webstaurantstore.com/64681/printable-labels.html
Televisions,https://www.webstaurantstore.com/63651/televisions.html
Time Clock Systems & Accessories,https://www.webstaurantstore.com/52857/time-clock-systems.html
Computer Accessories,https://www.webstaurantstore.com/52185/computer-accessories.html
Rulers and Measuring Devices,https://www.webstaurantstore.com/51995/rulers-and-measuring-devices.html
"Calendars, Planners, and Personal Organizers",https://www.webstaurantstore.com/52023/calendars-planners-and-personal-organizers.html
Filing and Folders,https://www.webstaurantstore.com/52027/filing-and-folders.html
Paper Clips and Paper Fasteners,https://www.webstaurantstore.com/52007/paper-clips-and-fasteners.html
Mail Sorters,https://www.webstaurantstore.com/52167/mail-sorters.html
Binders,https://www.webstaurantstore.com/52381/binders.html
Bulletin Boards and Message Boards,https://www.webstaurantstore.com/42879/bulletin-boards-and-message-boards.html
Disposable Coffee Filters,https://www.webstaurantstore.com/731/disposable-coffee-filters.html
Commercial Coffee Stations,https://www.webstaurantstore.com/67845/commercial-coffee-stations.html
Hot Water Dispensers,https://www.webstaurantstore.com/13993/hot-water-dispensers.html
Vending Machines,https://www.webstaurantstore.com/64095/vending-machines.html
Single Serve Chip Bags,https://www.webstaurantstore.com/33877/bulk-chips.html?filter=package-type:single-serve
Snack Bars,https://www.webstaurantstore.com/68517/snack-bars.html
Protein Bars,https://www.webstaurantstore.com/68517/snack-bars.html?filter=type:protein-bars
Granola Bars,https://www.webstaurantstore.com/68517/snack-bars.html?filter=type:granola-bars
Cookies,https://www.webstaurantstore.com/65425/individually-wrapped-desserts.html?filter=type:cookies
Individually Wrapped Candy,https://www.webstaurantstore.com/48767/individually-wrapped-candy.html
Chewy Candies,https://www.webstaurantstore.com/48767/individually-wrapped-candy.html?filter=type:chewy-candies
Chocolates,https://www.webstaurantstore.com/48767/individually-wrapped-candy.html?filter=type:chocolates
Candy Bars,https://www.webstaurantstore.com/48767/individually-wrapped-candy.html?filter=type:candy-bars
Mints,https://www.webstaurantstore.com/48767/individually-wrapped-candy.html?filter=type:mints
Bottled Drinks,https://www.webstaurantstore.com/63991/bottled-drinks.html
Bottled Juice,https://www.webstaurantstore.com/63991/bottled-drinks.html?filter=type:juices
Bottled Tea,https://www.webstaurantstore.com/63991/bottled-drinks.html?filter=type:pre-brewed-tea
Candy Bars,https://www.webstaurantstore.com/48767/individually-wrapped-candy.html?filter=package-type:candy-bars
Candy Boxes,https://www.webstaurantstore.com/48767/individually-wrapped-candy.html?filter=package-type:box
Paper Hot Cup Lids,https://www.webstaurantstore.com/587/paper-hot-cup-lids.html
Water Coolers,https://www.webstaurantstore.com/58847/water-coolers.html
White,https://www.webstaurantstore.com/45835/plastic-disposable-plates.html?filter=color:white
Clear,https://www.webstaurantstore.com/45835/plastic-disposable-plates.html?filter=color:clear
Teaspoons,https://www.webstaurantstore.com/54139/plastic-cutlery-utensils.html?filter=type:teaspoons
Tongs,https://www.webstaurantstore.com/673/plastic-serving-utensils.html?filter=type:tongs
Serving Spoons,https://www.webstaurantstore.com/673/plastic-serving-utensils.html?filter=type:serving-spoons
Scoops,https://www.webstaurantstore.com/673/plastic-serving-utensils.html?filter=type:scoops
Round,https://www.webstaurantstore.com/353284/paper-plates.html?filter=shape:round
Square,https://www.webstaurantstore.com/353284/paper-plates.html?filter=shape:square
Round,https://www.webstaurantstore.com/353282/paper-bowls.html?filter=shape:round
Oval,https://www.webstaurantstore.com/353282/paper-bowls.html?filter=shape:oval
Bamboo,https://www.webstaurantstore.com/599/eco-friendly-dinnerware-.html?filter=material:bamboo
Sticky Notes,https://www.webstaurantstore.com/52099/sticky-notes.html
Fire Extinguishers,https://www.webstaurantstore.com/973/fire-extinguishers.html
ABC Extinguishers,https://www.webstaurantstore.com/973/fire-extinguishers.html?filter=fire-extinguisher-type:abc
Fire Extinguisher Cabinets and Brackets,https://www.webstaurantstore.com/969/fire-extinguisher-cabinets-and-fire-extinguisher-brackets.html
Vehicle Brackets,https://www.webstaurantstore.com/969/fire-extinguisher-cabinets-and-fire-extinguisher-brackets.html?filter=type:vehicle-brackets
Wall Brackets,https://www.webstaurantstore.com/969/fire-extinguisher-cabinets-and-fire-extinguisher-brackets.html?filter=type:wall-brackets
Carbon Monoxide and Smoke Detectors,https://www.webstaurantstore.com/67529/carbon-monoxide-and-smoke-detectors.html
Fire Safety Signs and Labels,https://www.webstaurantstore.com/971/fire-extinguisher-labels-and-fire-extinguisher-signs.html
First Aid Kits and Supplies,https://www.webstaurantstore.com/979/first-aid-kits.html
Medical Cabinets,https://www.webstaurantstore.com/45903/medical-cabinets.html
Water Rescue and Lifeguard Supplies,https://www.webstaurantstore.com/67637/water-rescue-lifeguard-supplies.html
Warehouse Signs,https://www.webstaurantstore.com/64049/warehouse-signs.html
Traffic and Parking Lot Signs,https://www.webstaurantstore.com/46979/parking-signs.html
Wayfinding and Directional Signs,https://www.webstaurantstore.com/69255/wayfinding-and-directional-signs.html
Hazard and Warning Signage,https://www.webstaurantstore.com/69251/hazard-and-warning-signage.html
Construction Signs,https://www.webstaurantstore.com/67429/construction-signs.html
PPE Safety Signs,https://www.webstaurantstore.com/69245/ppe-safety-signs.html
Safety Fencing,https://www.webstaurantstore.com/1171/safety-fencing.html
Parking Stops and Speed Bumps,https://www.webstaurantstore.com/65089/parking-stops-barriers.html
"Safety Cones, Panels, and Delineators",https://www.webstaurantstore.com/65587/safety-cones.html
Wall Guards,https://www.webstaurantstore.com/24931/stainless-steel-wall-guards.html
"Safety Guards, Railings, and Protectors",https://www.webstaurantstore.com/68193/safety-guards-railings.html
Traffic Barricades & Barriers,https://www.webstaurantstore.com/353280/traffic-barricades.html
Nitrile Gloves,https://www.webstaurantstore.com/261/disposable-gloves.html?filter=material:nitrile
Latex Gloves,https://www.webstaurantstore.com/261/disposable-gloves.html?filter=material:latex
Hybrid Gloves,https://www.webstaurantstore.com/261/disposable-gloves.html?filter=material:hybrid
Poly Gloves,https://www.webstaurantstore.com/261/disposable-gloves.html?filter=material:poly
Vinyl Gloves,https://www.webstaurantstore.com/261/disposable-gloves.html?filter=material:vinyl
Warehouse Gloves,https://www.webstaurantstore.com/54799/warehouse-gloves.html
Cold Protection,https://www.webstaurantstore.com/54799/warehouse-gloves.html?filter=application:cold-protection
Jersey Gloves,https://www.webstaurantstore.com/54799/warehouse-gloves.html?filter=application:jersey-gloves
Dyneema Gloves,https://www.webstaurantstore.com/3073/kitchen-gloves.html?filter=material:dyneema
Kevlar® Gloves,https://www.webstaurantstore.com/3073/kitchen-gloves.html?filter=material:dupont-kevlar
Spectra Gloves,https://www.webstaurantstore.com/3073/kitchen-gloves.html?filter=material:spectra
Stainless Steel Mesh Gloves,https://www.webstaurantstore.com/3073/kitchen-gloves.html?filter=material:stainless-steel-mesh
Sleeves,https://www.webstaurantstore.com/3073/kitchen-gloves.html?filter=type:sleeves
Heavy Duty Work Gloves,https://www.webstaurantstore.com/54791/heavy-duty-work-gloves.html
Kevlar® Gloves,https://www.webstaurantstore.com/54791/heavy-duty-work-gloves.html?filter=material:dupont-kevlar
Welding Gloves,https://www.webstaurantstore.com/54791/heavy-duty-work-gloves.html?filter=type:welding-gloves
Oven Gloves,https://www.webstaurantstore.com/3353/oven-mitts-gloves.html?filter=type:oven-gloves
Protective Safety Glasses,https://www.webstaurantstore.com/1161/protective-safety-glasses.html
Safety Glasses,https://www.webstaurantstore.com/1161/protective-safety-glasses.html?filter=type:safety-glasses
Goggles,https://www.webstaurantstore.com/1161/protective-safety-glasses.html?filter=type:goggles
Face Masks and Respirators,https://www.webstaurantstore.com/1163/respirators-dust-masks.html
Dust Masks & Respirators,https://www.webstaurantstore.com/1163/respirators-dust-masks.html?filter=type:dust-masks-respirators
Face Shields,https://www.webstaurantstore.com/1163/respirators-dust-masks.html?filter=type:face-shields
Protective Clothing,https://www.webstaurantstore.com/1159/protective-clothing.html
Coveralls,https://www.webstaurantstore.com/1159/protective-clothing.html?filter=type:coveralls
Lab Coats,https://www.webstaurantstore.com/1159/protective-clothing.html?filter=type:lab-coats
Shoe Covers,https://www.webstaurantstore.com/1159/protective-clothing.html?filter=type:shoe-covers
Sleeves,https://www.webstaurantstore.com/1159/protective-clothing.html?filter=type:sleeves
Industrial Footwear,https://www.webstaurantstore.com/67283/industrial-footwear.html
Overshoes,https://www.webstaurantstore.com/67283/industrial-footwear.html?filter=type:overshoes
Insulated,https://www.webstaurantstore.com/67283/industrial-footwear.html?filter=features:insulated
Shoe Care and Accessories,https://www.webstaurantstore.com/54681/shoe-care-and-accessories.html
PPE Accessories,https://www.webstaurantstore.com/68305/ppe-accessories.html
Back Supports,https://www.webstaurantstore.com/68305/ppe-accessories.html?filter=type:back-supports
Knee Pads,https://www.webstaurantstore.com/68305/ppe-accessories.html?filter=type:knee-pads
Wrist Straps,https://www.webstaurantstore.com/68305/ppe-accessories.html?filter=type:wrist-straps
Earplugs and Safety Ear Muffs,https://www.webstaurantstore.com/1157/earplugs.html
Reflective Safety Vests,https://www.webstaurantstore.com/68293/reflective-safety-vests.html
Custom Safety Vests,https://www.webstaurantstore.com/68293/reflective-safety-vests.html?filter=features:customizable
Industrial Work Pants and Coveralls,https://www.webstaurantstore.com/68299/industrial-work-pants.html
High-Visibility Pants,https://www.webstaurantstore.com/68299/industrial-work-pants.html?filter=features:high-visibility
Industrial Work Jackets,https://www.webstaurantstore.com/68297/industrial-work-jackets.html
High-Visibility Jackets,https://www.webstaurantstore.com/68297/industrial-work-jackets.html?filter=features:high-visibility
Industrial Work Shirts and Sweatshirts,https://www.webstaurantstore.com/68295/industrial-work-shirts.html
High-Visibility Shirts and Sweatshirts,https://www.webstaurantstore.com/68295/industrial-work-shirts.html?filter=features:high-visibility
Hard Hats and Head Protection,https://www.webstaurantstore.com/68303/safety-face-head-coverings.html
Eye Wash Stations and Emergency Showers Parts,https://www.webstaurantstore.com/49769/eye-wash-station-parts-and-accessories.html
Safety Mirrors,https://www.webstaurantstore.com/57365/safety-mirrors.html
High Volume Coffee Machine Urns,https://www.webstaurantstore.com/13961/high-volume-coffee-machine-urns.html
Gourmet Hors d'oeuvres,https://www.webstaurantstore.com/67607/gourmet-hors-d-oeuvres.html
Mozzarella Sticks & Fried Cheeses,https://www.webstaurantstore.com/67595/mozzarella-sticks-fried-cheeses.html
Cheese Curds,https://www.webstaurantstore.com/67595/mozzarella-sticks-fried-cheeses.html?filter=type:cheese-curds
Fries & Tater Tots,https://www.webstaurantstore.com/67593/fries-tater-tots.html
Fried Vegetable Appetizers,https://www.webstaurantstore.com/67601/fried-vegetable-appetizers.html
Onion Rings,https://www.webstaurantstore.com/67601/fried-vegetable-appetizers.html?filter=type:onions
Fried Pickles,https://www.webstaurantstore.com/67601/fried-vegetable-appetizers.html?filter=type:pickles
Frozen Entrees,https://www.webstaurantstore.com/54927/frozen-entrees.html
Pierogies,https://www.webstaurantstore.com/54927/frozen-entrees.html?filter=type:pierogies
Frozen Breakfast Entrees,https://www.webstaurantstore.com/68529/frozen-breakfast-entrees.html
Pre-Made Soups,https://www.webstaurantstore.com/54675/pre-made-soups.html
Dips and Spreads,https://www.webstaurantstore.com/60167/dips-and-spreads.html
Fresh Sauces,https://www.webstaurantstore.com/55701/fresh-sauces.html
Toiletries,https://www.webstaurantstore.com/12813/disposable-hotel-bath-amenities.html
Hangers and Accessories,https://www.webstaurantstore.com/67347/hangers-and-accessories.html
"Hotel Shower Curtains, Liners, Rods, and Accessories",https://www.webstaurantstore.com/47747/hotel-shower-curtains-liners-rods-and-accessories.html
"Hotel Room Towel Bars, Towel Racks, and Towel Rings",https://www.webstaurantstore.com/48199/hotel-room-towel-bars-towel-racks-and-towel-rings.html
Hotel Room Kitchen Appliances,https://www.webstaurantstore.com/42685/hotel-room-kitchen-appliances.html
Hotel Room Coffee Makers,https://www.webstaurantstore.com/2789/hotel-room-coffee-makers.html
Hotel Ice Buckets,https://www.webstaurantstore.com/10259/ice-buckets.html
Plastic Buckets,https://www.webstaurantstore.com/10259/ice-buckets.html?filter=material:plastic
Paper Buckets,https://www.webstaurantstore.com/10259/ice-buckets.html?filter=material:paper
Hotel Amenity Trays and Storage,https://www.webstaurantstore.com/68763/hotel-amenity-trays-storage.html
Tissue Box Covers,https://www.webstaurantstore.com/68763/hotel-amenity-trays-storage.html?filter=type:tissue-box-covers
Hotel Door Signs,https://www.webstaurantstore.com/68767/hotel-door-signs.html
Individually Wrapped Hotel Cups,https://www.webstaurantstore.com/68409/individually-wrapped-hotel-cups.html
Hotel Trash Cans,https://www.webstaurantstore.com/68765/hotel-trash-cans.html
Housekeeping Uniforms,https://www.webstaurantstore.com/353640/housekeeping-uniforms.html
Hotel Ice Machines,https://www.webstaurantstore.com/68771/hotel-ice-machines.html
Register Receipt Paper,https://www.webstaurantstore.com/463/register-receipt-paper-credit-card-paper-rolls-and-ribbon.html
Receipt Printers,https://www.webstaurantstore.com/63953/receipt-printers.html
Bottle Lane Organizers,https://www.webstaurantstore.com/38581/bottle-lane-organizers.html
Walk-In Refrigeration Doors,https://www.webstaurantstore.com/50583/walk-in-cooler-doors.html
Black Disposable Gloves,https://www.webstaurantstore.com/261/disposable-gloves.html?filter=color:black
Shopping Baskets,https://www.webstaurantstore.com/3531/shopping-baskets.html?filter=type:baskets
Curved Glass Deli Cases,https://www.webstaurantstore.com/21423/refrigerated-deli-cases.html?filter=glass-style:curved
Seafood Display Cases,https://www.webstaurantstore.com/21423/refrigerated-deli-cases.html?filter=type:seafood-display-cases
Deli Meat,https://www.webstaurantstore.com/55399/deli-meat.html
Ham,https://www.webstaurantstore.com/55399/deli-meat.html?filter=type:ham
Roast Beef,https://www.webstaurantstore.com/55399/deli-meat.html?filter=type:roast-beef
Turkey Breast,https://www.webstaurantstore.com/55399/deli-meat.html?filter=type:turkey-breast
Block Cheese,https://www.webstaurantstore.com/56751/block-cheese.html
American Cheese,https://www.webstaurantstore.com/56751/block-cheese.html?filter=cheese-type:american
Cheddar Cheese,https://www.webstaurantstore.com/56751/block-cheese.html?filter=cheese-type:cheddar
Mozzarella Cheese,https://www.webstaurantstore.com/56751/block-cheese.html?filter=cheese-type:mozzarella
Recycled Pulp Containers,https://www.webstaurantstore.com/11477/produce-containers.html?filter=material:recycled-pulp
Plastic Containers,https://www.webstaurantstore.com/11477/produce-containers.html?filter=material:plastic
Canning Jars and Accessories,https://www.webstaurantstore.com/57319/canning-jars-and-accessories.html
Lids,https://www.webstaurantstore.com/57319/canning-jars-and-accessories.html?filter=type:lids
Paper,https://www.webstaurantstore.com/15111/to-go-bags-and-take-out-bags.html?filter=material:paper
Insulated,https://www.webstaurantstore.com/15111/to-go-bags-and-take-out-bags.html?filter=features:insulated
Mustard,https://www.webstaurantstore.com/131/mustard-and-mustard-packets.html?filter=package-type:portion-control
Soy Sauce,https://www.webstaurantstore.com/85/condiment-portion-control-packs.html?filter=type:soy-sauce
Paper Cold Cup Lids,https://www.webstaurantstore.com/581/paper-cold-cup-lids.html
