sub_category_name,pdp_url
Merev falú családi medencék,https://auchan.hu/shop/bestway-femvazas-medence-szett-vizforgatoval-305x76-cm-56679.p-17979
Merev falú családi medencék,https://auchan.hu/shop/bestway-femvazas-medence-vizforgatoval-366x76-cm-56681.p-143951
Merev falú családi medencék,https://auchan.hu/shop/bestway-steel-pro-femvazas-medence-szett-366x122-cm.p-410837
"Masszázsmedencék, jakuzzi",https://auchan.hu/shop/mspa-szurobetet-felfujhato-jacuzzihoz-2-db.p-30412
"Masszázsmedencék, jakuzzi",https://auchan.hu/shop/bestway-lay-z-spa-hoszigetelt-masszazsmedence-takaro-180x66-cm.p-764328
"Masszázsmedencék, jakuzzi",https://auchan.hu/shop/bestway-baja-spa-masszazsmedence-175x66-cm.p-333308
"Masszázsmedencék, jakuzzi",https://auchan.hu/shop/bestway-lay-z-spa-san-francisco-hydrojet-pro-felfujhato-masszazsmedence-230x230x71-cm-60161.p-656072
"Masszázsmedencék, jakuzzi",https://auchan.hu/shop/mspa-felfujhato-jacuzzi-medence-6-szemelyes-kek.p-30410
"Masszázsmedencék, jakuzzi",https://auchan.hu/shop/intex-purespa-bubble-masszazsmedence-196x71-cm-28426.p-935701
"Masszázsmedencék, jakuzzi",https://auchan.hu/shop/bestway-lay-z-spa-hollywood-airjet-felfujhato-masszazsmedence-196x66cm-60059.p-510623
"Masszázsmedencék, jakuzzi",https://auchan.hu/shop/bestway-lay-z-spa-palm-springs-airjet-masszazsmedence-196x71-cm-hmc-010.p-342127
"Masszázsmedencék, jakuzzi",https://auchan.hu/shop/intex-purespa-jet-and-bubble-deluxe-masszazsmedence-201x71-cm-28458.p-935704
Masszázsmedence kiegészítők,https://auchan.hu/shop/intex-spa-pohartarto-26x22x18-cm-28500.p-935707
Masszázsmedence kiegészítők,https://auchan.hu/shop/intex-medence-szurobetet-masszazsmedencekhez-s1-tipusu-duopack-29001.p-935719
Masszázsmedence kiegészítők,https://auchan.hu/shop/bestway-lay-z-spa-szurobetet-60311.p-548028
Masszázsmedence kiegészítők,https://auchan.hu/shop/intex-spa-led-vilagitas-28503.p-935709
Masszázsmedence kiegészítők,https://auchan.hu/shop/intex-purespa-uloke-masszazsmedencehez-47x36x22-cm-28502.p-935708
Masszázsmedence kiegészítők,https://auchan.hu/shop/bestway-lay-z-spa-masszazsmedence-arnyekolo-183x94x109-cm-60304.p-410856
Masszázsmedence kiegészítők,https://auchan.hu/shop/spa-medencehez-uszo-vegyszer-adagolo.p-654886
Masszázsmedence kiegészítők,https://auchan.hu/shop/intex-spa-fejtamasz-24x19x6-cm-28506.p-935706
Masszázsmedence kiegészítők,https://auchan.hu/shop/gardenstar-spa-karbantarto-szett-felfujhato-masszazsmedencehez.p-654885
Puhafalú medencék,https://auchan.hu/shop/gardenstar-puhafalu-medence-150x41-cm.p-889942
Puhafalú medencék,https://auchan.hu/shop/bestway-puhafalu-medence-305x76-cm-57266.p-868872
Puhafalú medencék,https://auchan.hu/shop/bestway-puhafalu-medence-vizforgatoval-366x76-cm-57274.p-868875
Puhafalú medencék,https://auchan.hu/shop/bestway-puhafalu-medence-vizforgatoval-305x76-cm-57270.p-868874
"Családi medencék, pancsolók",https://auchan.hu/shop/bestway-ketgyurus-medence-61x15-cm-tobbfele.p-748588
"Családi medencék, pancsolók",https://auchan.hu/shop/intex-szines-bebi-medence-86x25-cm.p-935458
"Családi medencék, pancsolók",https://auchan.hu/shop/bestway-biztonsagi-bebi-csonak.p-2534
"Családi medencék, pancsolók",https://auchan.hu/shop/bestway-bebi-pancsolo-152x30-cm-51026.p-656077
"Családi medencék, pancsolók",https://auchan.hu/shop/bestway-merev-falu-gyerekmedence-122x25-cm.p-147326
"Családi medencék, pancsolók",https://auchan.hu/shop/pillango-szarny-matrac-193x176-cm.p-2030
"Családi medencék, pancsolók",https://auchan.hu/shop/szorf-matrac-taskaban-183x71-cm.p-2031
"Családi medencék, pancsolók",https://auchan.hu/shop/one2fun-tropical-csaladi-medence.p-410947
"Családi medencék, pancsolók",https://auchan.hu/shop/kastely-jatek-center-196x178x127-cm.p-2542
"Családi medencék, pancsolók",https://auchan.hu/shop/mancs-orjarat-karuszo.p-785018
"Családi medencék, pancsolók",https://auchan.hu/shop/stitch-karuszok.p-785012
Medence alátét és takarók,https://auchan.hu/shop/bestway-medence-takaro-262x175x51-cm.p-935506
Medence alátét és takarók,https://auchan.hu/shop/bestway-medence-alatetfolia-2-74x2-74m-58000.p-744088
Medence alátét és takarók,https://auchan.hu/shop/bestway-puhafalu-medence-takaro-244-cm.p-410851
Medence alátét és takarók,https://auchan.hu/shop/bestway-puhafalu-medencetakaro-305-cm-58033.p-744085
Medence alátét és takarók,https://auchan.hu/shop/intex-medence-takaro-305-cm-28030.p-935712
Medence alátét és takarók,https://auchan.hu/shop/bestway-medence-alatetfolia-3-35x3-35m-58001.p-744089
Medence alátét és takarók,https://auchan.hu/shop/intex-medence-takaro-366-cm-28031.p-935713
Medence alátét és takarók,https://auchan.hu/shop/bestway-medence-alatetfolia-3-96x3-96m-58002.p-744090
Medence alátét és takarók,https://auchan.hu/shop/puhafalu-medence-takaro-457-cm.p-2611
Medence alátét és takarók,https://auchan.hu/shop/bestway-medence-takarofolia-412x201x122-cm-58232.p-868861
Medence alátét és takarók,https://auchan.hu/shop/intex-medence-takaro-457-cm-28032.p-935714
Medence alátét és takarók,https://auchan.hu/shop/bestway-medence-alatetfolia-4-88x4-88-m-58003.p-807156
Szűrők és karbantartási eszközök,https://auchan.hu/shop/intex-ontapados-foltjavito-6-db-csomag.p-935505
Szűrők és karbantartási eszközök,https://auchan.hu/shop/gardenstar-vakuumos-tomlo-csatlakozo.p-497220
Szűrők és karbantartási eszközök,https://auchan.hu/shop/gardenstar-medence-tisztito-dorzsikefe-15-cm.p-523408
Szűrők és karbantartási eszközök,https://auchan.hu/shop/intex-medence-szurobetet-a-tipusu-108x50x200-mm-29000.p-935718
Szűrők és karbantartási eszközök,https://auchan.hu/shop/bestway-medence-szurobetet-106x106x203-mm-58012.p-744094
Szűrők és karbantartási eszközök,https://auchan.hu/shop/intex-medence-szurobetet-h-tipusu-11x11-cm-29007.p-935893
Szűrők és karbantartási eszközök,https://auchan.hu/shop/gardenstar-javito-keszlet-5-db-os.p-523402
Szűrők és karbantartási eszközök,https://auchan.hu/shop/gardenstar-homero-23-cm.p-935727
Szűrők és karbantartási eszközök,https://auchan.hu/shop/gardenstar-folozo-halo-155-8x30-5x2-cm.p-338270
Szűrők és karbantartási eszközök,https://auchan.hu/shop/gardenstar-muanyag-medence-kilepo-57x40-cm.p-523417
Szűrők és karbantartási eszközök,https://auchan.hu/shop/bestway-ii-medence-szurobetet-106x106x136-mm-58094.p-744066
Szűrők és karbantartási eszközök,https://auchan.hu/shop/gardenstar-klor-diffuzor-homerovel-tobbfele.p-560706
Vízkezelő vegyszerek és eszközök,https://auchan.hu/shop/gardenstar-uszo-vegyszer-adagolo-homerovel-5-cm.p-338267
Vízkezelő vegyszerek és eszközök,https://auchan.hu/shop/auchan-tipp-algaolo-uszodavegyszer-1-l.p-210026
Vízkezelő vegyszerek és eszközök,https://auchan.hu/shop/gardenstar-tisztito-flokkulalo-1-l.p-827702
Vízkezelő vegyszerek és eszközök,https://auchan.hu/shop/gardenstar-uszo-vegyszer-adagolo-7-cm-es-tablettahoz.p-342136
Vízkezelő vegyszerek és eszközök,https://auchan.hu/shop/gardenstar-elemzo-keszlet-ph-es-klor-medencek-es-jakuzzik-szamara.p-827684
Vízkezelő vegyszerek és eszközök,https://auchan.hu/shop/gardenstar-gyors-klor-tablettak-20-g-1-kg.p-827690
Vízkezelő vegyszerek és eszközök,https://auchan.hu/shop/gardenstar-50-tesztcsik-6-az-1-ben-medencek-es-jakuzzik-szamara.p-827686
Vízkezelő vegyszerek és eszközök,https://auchan.hu/shop/auchan-kedvenc-mini-kombi-klortabletta-uszodavegyszer-0-8-kg.p-210033
Vízkezelő vegyszerek és eszközök,https://auchan.hu/shop/gardenstar-teleltetes-3-l.p-827703
Vízkezelő vegyszerek és eszközök,https://auchan.hu/shop/algenix-5l.p-174616
Vízkezelő vegyszerek és eszközök,https://auchan.hu/shop/auchan-kedvenc-2-az1-ben-halos-kombi-klortabletta-0-8-kg-top-algaolo-uszodavegyszer-1l.p-210036
Vízkezelő vegyszerek és eszközök,https://auchan.hu/shop/gardenstar-ph-minusz-por-5-kg.p-827689
Vízkezelő vegyszerek és eszközök,https://auchan.hu/shop/gardenstar-ph-plus-5-kg.p-30315
"Felfújható játékok, matracok, csónakok",https://auchan.hu/shop/intex-felfujhato-allatok-tobbfele.p-17468
"Felfújható játékok, matracok, csónakok",https://auchan.hu/shop/bestway-felfujhato-parna-38x25x5-cm-tobbfele.p-399643
"Felfújható játékok, matracok, csónakok",https://auchan.hu/shop/bestway-szines-karuszo-20x20-cm-tobbfele.p-338280
"Felfújható játékok, matracok, csónakok",https://auchan.hu/shop/intex-strandlabda-mintas-33-cm-tobbfele.p-210415
"Felfújható játékok, matracok, csónakok",https://auchan.hu/shop/intex-uszogumi-42-cm-tobbfele.p-935486
"Felfújható játékok, matracok, csónakok",https://auchan.hu/shop/intex-karuszo-19x13x18-cm.p-338281
"Felfújható játékok, matracok, csónakok",https://auchan.hu/shop/neon-uszogumi-76-cm-tobb-szinben.p-764223
"Felfújható játékok, matracok, csónakok",https://auchan.hu/shop/intex-edes-allatka-uszogumi-tobbfele.p-410828
"Felfújható játékok, matracok, csónakok",https://auchan.hu/shop/one2fun-matrac-171x66-cm.p-2547
"Felfújható játékok, matracok, csónakok",https://auchan.hu/shop/bestway-autogumi-uszoov-91-cm.p-74755
"Felfújható játékok, matracok, csónakok",https://auchan.hu/shop/one2fun-uszogumi-tobbfele.p-410948
"Felfújható játékok, matracok, csónakok",https://auchan.hu/shop/bestway-unikornis-uszogumi-119x91-cm.p-273207
Strandjátékok,https://auchan.hu/shop/ecoiffier-kishajok-tobbfele.p-778097
Strandjátékok,https://auchan.hu/shop/one2fun-buvar-hal-3-db.p-2023
Strandjátékok,https://auchan.hu/shop/one2fun-celbadobo-tabla-36x36x0-3-cm.p-985358
Strandjátékok,https://auchan.hu/shop/one2fun-kezi-ventilator-tobbfele.p-338292
Strandjátékok,https://auchan.hu/shop/one2fun-hungarocell-repulo-tobbfele.p-338289
Strandjátékok,https://auchan.hu/shop/ecoiffier-munkagepek-tobbfele.p-779694
Strandjátékok,https://auchan.hu/shop/jellyfish-splasher-3-fele.p-793626
Strandjátékok,https://auchan.hu/shop/one2fun-horgasz-jatek.p-410965
Strandjátékok,https://auchan.hu/shop/one2fun-szivacs-uszorud-tobbfele.p-147296
Strandjátékok,https://auchan.hu/shop/one2fun-uszodeszka-48x30x3-cm.p-147297
Strandjátékok,https://auchan.hu/shop/one2fun-ventilatoros-spricni-tobbfele.p-935906
Strandjátékok,https://auchan.hu/shop/one2fun-korong-kilovo.p-2523
Vizipisztolyok,https://auchan.hu/shop/one2fun-vizipisztoly-11-cm-tobbfele.p-985347
Vizipisztolyok,https://auchan.hu/shop/one2fun-allatos-vizipisztoly-tobbfele.p-17488
Vizipisztolyok,https://auchan.hu/shop/one2fun-szivacs-vizipisztoly-35-cm.p-889738
Vizipisztolyok,https://auchan.hu/shop/one2fun-vizibomba-tobbfele.p-410970
Vizipisztolyok,https://auchan.hu/shop/one2fun-vizibomba-toltovel-50-db.p-17487
Vizipisztolyok,https://auchan.hu/shop/one2fun-vizipisztoly-33-cm.p-2020
Vizipisztolyok,https://auchan.hu/shop/one2fun-vizipisztoly-20-cm-tobbfele.p-273223
Vizipisztolyok,https://auchan.hu/shop/one2fun-vizipisztoly-szett-3-db-os-tobb-szinben.p-654868
Vizipisztolyok,https://auchan.hu/shop/one2fun-vizipisztoly-55-cm-tobbfele.p-548388
Vizipisztolyok,https://auchan.hu/shop/one2fun-tuzolto-vizipisztoly-tartoval.p-548387
Vizipisztolyok,https://auchan.hu/shop/one2fun-elekt-vizipisztoly.p-2548
Vizipisztolyok,https://auchan.hu/shop/one2fun-vizipisztoly-32-cm-tobb-szinu.p-764211
Buborékfújók és utántöltők,https://auchan.hu/shop/gabi-babahaz-buborekfujo-60-ml.p-889734
Buborékfújók és utántöltők,https://auchan.hu/shop/one2fun-allatos-buborekfujo-168-ml-tobbfele.p-17483
Buborékfújók és utántöltők,https://auchan.hu/shop/one2fun-buborekfujo-utantolto-500-ml-tobb-szinben.p-713689
Buborékfújók és utántöltők,https://auchan.hu/shop/one2fun-buborekfujo-utantolto-1-l-tobbfele.p-350927
Buborékfújók és utántöltők,https://auchan.hu/shop/one2fun-az-en-bubble-tea-poharam.p-889820
Buborékfújók és utántöltők,https://auchan.hu/shop/one2fun-szelforgos-buborekfujo-tobbfele.p-548378
Buborékfújók és utántöltők,https://auchan.hu/shop/one2fun-vicces-unikornis-buborekfujo-tobbfele.p-410952
Buborékfújók és utántöltők,https://auchan.hu/shop/mancs-buborekfujo-60-ml-tobbfele.p-656128
Buborékfújók és utántöltők,https://auchan.hu/shop/one2fun-mini-elektromos-allatos-buborekfujo-tobbfele.p-656129
Buborékfújók és utántöltők,https://auchan.hu/shop/one2fun-buborekfujo-pisztoly.p-2544
Buborékfújók és utántöltők,https://auchan.hu/shop/one2fun-elektromos-buborekfujo-pisztoly-capa-vagy-dino.p-889853
Buborékfújók és utántöltők,https://auchan.hu/shop/one2fun-elemes-funyiro-buborekfujo.p-273221
Kerti bútor szettek,https://auchan.hu/shop/gardenstar-textilen-szofa-szett-4-reszes.p-510678
Kerti bútor szettek,https://auchan.hu/shop/gardenstar-fonott-szofa-szett-4-reszes.p-987041
Kerti bútor szettek,https://auchan.hu/shop/gardenstar-szuzi-murattan-sarok-etkezogarnitura.p-400554
Étkezőgarnitúra és elemei,https://auchan.hu/shop/gardenstar-budapest-szek-azurkek.p-400527
Étkezőgarnitúra és elemei,https://auchan.hu/shop/gardenstar-budapest-szek-vilagos-szurke.p-400525
Étkezőgarnitúra és elemei,https://auchan.hu/shop/keter-mallorca-kartamaszos-muanyag-kerti-szek-grafit.p-1793
Étkezőgarnitúra és elemei,https://auchan.hu/shop/chicago-magas-tamlas-szek-antracit.p-914243
Étkezőgarnitúra és elemei,https://auchan.hu/shop/chicago-magas-tamlas-szek-feher.p-657177
Étkezőgarnitúra és elemei,https://auchan.hu/shop/chicago-magas-tamlas-szek-zold.p-659753
Étkezőgarnitúra és elemei,https://auchan.hu/shop/gardenstar-karfas-textil-szek-sotet-szurke.p-510684
Étkezőgarnitúra és elemei,https://auchan.hu/shop/gardenstar-budapest-szek-sotet-szurke.p-628087
Étkezőgarnitúra és elemei,https://auchan.hu/shop/keter-orlando-muanyag-kerti-asztal-grafit.p-1791
Étkezőgarnitúra és elemei,https://auchan.hu/shop/keter-lisa-muanyag-kerti-asztal-grafit.p-1794
Étkezőgarnitúra és elemei,https://auchan.hu/shop/duna-ovalis-asztal-antracit.p-914247
Étkezőgarnitúra és elemei,https://auchan.hu/shop/duna-ovalis-muanyag-asztal-feher-140x85x72-cm.p-452511
Balkon bútorok,https://auchan.hu/shop/california-szogletes-asztal-80-80-cm-muanyag-antracit-szinben.p-783225
Balkon bútorok,https://auchan.hu/shop/california-asztal-antracit-160x80-cm.p-926336
Balkon bútorok,https://auchan.hu/shop/gardenstar-napvitorla-3-6x3-6x3-6.p-914611
Balkon bútorok,https://auchan.hu/shop/gardenstar-orion-bisztro-szek-krem.p-400529
Balkon bútorok,https://auchan.hu/shop/gardenstar-orion-szek-fekete-feher.p-987045
Balkon bútorok,https://auchan.hu/shop/gardenstar-orion-szek-olivazold.p-987044
Balkon bútorok,https://auchan.hu/shop/gardenstar-orion-bisztro-asztal-szurke.p-272685
Balkon bútorok,https://auchan.hu/shop/gardenstar-acel-osszecsukhato-balkon-szett.p-987047
Balkon bútorok,https://auchan.hu/shop/keter-marie-ketszemelyes-murattan-kerti-kanape-grafit-65x113x74-cm.p-1790
Balkon bútorok,https://auchan.hu/shop/keter-marie-murattan-kerti-fotel-2-db-grafit-65x63x74-cm.p-1786
Relaxáló fotelek,https://auchan.hu/shop/fuggoszek-100x130-cm-natur.p-988104
Relaxáló fotelek,https://auchan.hu/shop/prelude-szek-antracit.p-914248
Relaxáló fotelek,https://auchan.hu/shop/starplus-prelude-otpozicios-allithato-tamlaju-fotel-feher-62x70x109-cm.p-828807
Relaxáló fotelek,https://auchan.hu/shop/starplus-prelude-otpozicios-allithato-tamlaju-fotel-zold-62x70x109-cm.p-828808
"Hinta- és függő ágyak, fotelek",https://auchan.hu/shop/gardenstar-vienna-hintaagy-170-cm.p-987053
"Hinta- és függő ágyak, fotelek",https://auchan.hu/shop/gardenstar-timi-fuggokosar-natur-szinben.p-769775
"Hinta- és függő ágyak, fotelek",https://auchan.hu/shop/gardenstar-fuggoagy-ruddal-200x80cm-feher.p-628427
"Hinta- és függő ágyak, fotelek",https://auchan.hu/shop/gardenstar-fuggoagy-fa-merevito-200x100-cm.p-914606
"Hinta- és függő ágyak, fotelek",https://auchan.hu/shop/hintaagy-teto-170-es-teto.p-881019
"Hinta- és függő ágyak, fotelek",https://auchan.hu/shop/hintaagy-teto-2-m-es.p-881020
"Hinta- és függő ágyak, fotelek",https://auchan.hu/shop/gardenstar-fuggoagy-tarto-allvany.p-517578
"Hinta- és függő ágyak, fotelek",https://auchan.hu/shop/hintaagy-parna-daralthabos-150cm-tobbfele.p-881066
"Hinta- és függő ágyak, fotelek",https://auchan.hu/shop/hintaagy-parna-daralthabos-170cm-tobbfele.p-881012
"Hinta- és függő ágyak, fotelek",https://auchan.hu/shop/hintaagy-parna-laphabos-200cm-tobbfele.p-881015
"Hinta- és függő ágyak, fotelek",https://auchan.hu/shop/zeusz-hintaagy-200-cm-dontheto-hattamla.p-769884
Napozóágyak,https://auchan.hu/shop/gardenstar-dontheto-napozoagy-homok.p-400560
Napozóágyak,https://auchan.hu/shop/gardenstar-dontheto-napozoagy-olivazold.p-987049
Napozóágyak,https://auchan.hu/shop/gardenstar-dontheto-napozoagy-sotet-szurke.p-400559
Napozóágyak,https://auchan.hu/shop/keter-jaipur-murattan-napozoagy-grafit-parna-nelkul.p-1795
Napozóágyak,https://auchan.hu/shop/gardenstar-adria-napozoagy-azurkek.p-987051
Napozóágyak,https://auchan.hu/shop/saturno-napozoagy-feher.p-536034
Napozóágyak,https://auchan.hu/shop/saturno-napozoagy-zold.p-536035
Napozóágyak,https://auchan.hu/shop/gardnestar-napagy-arnyekoloval.p-987052
Napozóágyak,https://auchan.hu/shop/gardenstar-dontheto-napozoagy-azurkek.p-628391
Napozóágyak,https://auchan.hu/shop/gardenstar-adria-napozoagy-sotet-szurke.p-510696
Gyermek bútorok,https://auchan.hu/shop/gyerek-bekas-kemping-szett.p-988112
Gyermek bútorok,https://auchan.hu/shop/gyerekszek-38x38x52-cm-tobb-szinben.p-783392
Gyermek bútorok,https://auchan.hu/shop/gyerekasztal.p-915647
Gyermek bútorok,https://auchan.hu/shop/gyerek-tigrises-kemping-szett.p-988111
Gyermek bútorok,https://auchan.hu/shop/kitty-gyerek-hintaagy.p-926330
Padok és tároló ládák,https://auchan.hu/shop/kerti-pad-180-cm.p-915649
Padok és tároló ládák,https://auchan.hu/shop/eemily-muanyag-kerti-tarolo-270-l.p-930590
Bútor párnák és ülőkék,https://auchan.hu/shop/gardnenstar-diszparna-40x40x10-cm-kek.p-987054
Bútor párnák és ülőkék,https://auchan.hu/shop/gardenstar-szekparna-90x48x5-cm-kek.p-914619
Bútor párnák és ülőkék,https://auchan.hu/shop/gardenstar-szekparna-90x48x5-cm-szurke.p-914617
Bútor párnák és ülőkék,https://auchan.hu/shop/gardenstar-szekparna-40x40x1cm-piros.p-628400
Bútor párnák és ülőkék,https://auchan.hu/shop/gardenstar-szekparna-74x40x2cm-piros.p-628403
Bútor párnák és ülőkék,https://auchan.hu/shop/gardenstar-szekparna-74x40x2cm-porcelan.p-628402
Bútor párnák és ülőkék,https://auchan.hu/shop/gardenstar-szekparna-40x40x5-cm-szurke-tuzott.p-914615
Bútor párnák és ülőkék,https://auchan.hu/shop/gardnenstar-diszparna-40x40x10-cm-szurke.p-987055
Bútor párnák és ülőkék,https://auchan.hu/shop/gardenstar-szekparna-40x40x5-cm-kek.p-914614
Bútor párnák és ülőkék,https://auchan.hu/shop/szekparna-megkotos-80x45x1-5-cm.p-838933
Bútor párnák és ülőkék,https://auchan.hu/shop/minimatt-szalonnasuto-parna.p-838951
Bútor párnák és ülőkék,https://auchan.hu/shop/hattamlas-szekparna-50x40-cm.p-999550
Ápoló és védő eszközök,https://auchan.hu/shop/gardenstar-grill-takaro-102x58x60cm.p-987064
Ápoló és védő eszközök,https://auchan.hu/shop/gardenstar-grill-takaro-150x60x90cm.p-987065
Ápoló és védő eszközök,https://auchan.hu/shop/gardenstar-grill-takaro-110x58x90cm.p-987066
Ápoló és védő eszközök,https://auchan.hu/shop/gardnestar-asztal-takaro-180x110x60-cm.p-987057
Ápoló és védő eszközök,https://auchan.hu/shop/gardnestar-asztal-takaro-200x130x60-cm.p-987058
Ápoló és védő eszközök,https://auchan.hu/shop/gardenstar-grill-takaro-70x80cm.p-987063
Pavilonok és kiegészítők,https://auchan.hu/shop/gardenstar-pavilon-ezustszurke-300x300x250-cm.p-403002
Pavilonok és kiegészítők,https://auchan.hu/shop/gardenstar-osszecsukhato-pavilon-3x3m.p-510689
Pavilonok és kiegészítők,https://auchan.hu/shop/gardenstar-pavilon-ablakkal-es-fuggonnyel.p-510690
"Napernyők, talpak",https://auchan.hu/shop/napernyo-strandra-1-7m.p-2646
"Napernyők, talpak",https://auchan.hu/shop/napernyo-strandra-1-6x1-8m.p-2644
"Napernyők, talpak",https://auchan.hu/shop/napernyo-185-cm.p-988109
"Napernyők, talpak",https://auchan.hu/shop/gardenstar-push-up-napernyo-2-7m-fahatasu.p-914610
"Napernyők, talpak",https://auchan.hu/shop/gardenstar-push-up-napernyo-2-7m-fahatasu.p-769778
"Napernyők, talpak",https://auchan.hu/shop/14-l-es-feher-muanyag-napernyotarto.p-588341
"Napernyők, talpak",https://auchan.hu/shop/14-l-es-muanyag-napernyotarto.p-769079
"Napernyők, talpak",https://auchan.hu/shop/muanyag-napernyotarto-rattan-20-liter-antracit.p-6282
"Napernyők, talpak",https://auchan.hu/shop/napernyo-160-cm.p-914998
"Napernyők, talpak",https://auchan.hu/shop/napernyo-160-cm-tobbfele.p-988108
"Napernyők, talpak",https://auchan.hu/shop/napernyo-dontheto-2-m-8-palcas-tobbfele.p-2643
"Napernyők, talpak",https://auchan.hu/shop/westside-napernyo-gyumolcs-o-160-cm.p-451591
Árnyékolók,https://auchan.hu/shop/napvitorla-300x300-cm.p-988107
Grillsajt,https://auchan.hu/shop/president-salakis-kremfeher-sajt-250-g.p-868937
Grillsajt,https://auchan.hu/shop/hajdu-chili-lime-grillsajt-240-g.p-844525
Grillsajt,https://auchan.hu/shop/hajdu-fustolt-grillenyica-200-g.p-87136
Grillsajt,https://auchan.hu/shop/hajdu-natur-grillsajt-240-g.p-541385
Grillsajt,https://auchan.hu/shop/auchan-kedvenc-grillsajt-fustolt-2-x-75-g.p-869250
Grillsajt,https://auchan.hu/shop/auchan-kedvenc-grillsajt-natur-2x75-g.p-869251
Grillsajt,https://auchan.hu/shop/auchan-kedvenc-grillsajt-zoldfuszeres-2x75-g.p-895649
Grillsajt,https://auchan.hu/shop/hajdu-grillsajt-gyros-fuszerekkel-240-g.p-221297
Grillsajt,https://auchan.hu/shop/karavan-grill-taller-natur-grillsajtkeszitmeny-tejszinnel-es-tojasfeherjevel-2-x-70-g-140-g.p-801661
Grillsajt,https://auchan.hu/shop/karavan-grill-taller-zoldfuszeres-grillsajtkeszitmeny-tejszinnel-es-tojassal-2-x-70-g-140-g.p-801660
Grillsajt,https://auchan.hu/shop/auchan-kedvenc-zsiros-felkemeny-natur-grillsajt-240-g.p-694467
Grillsajt,https://auchan.hu/shop/president-salakis-feta-150-g.p-404264
Grillkolbász,https://auchan.hu/shop/weber-grill-bacon-100g.p-32077
Grillkolbász,https://auchan.hu/shop/bajor-grillkolbasz-fustolt-fott-vedogazos-csomagolasban-240-g.p-471255
Grillkolbász,https://auchan.hu/shop/borsos-fokhagymas-grillkolbasz-fustolt-fott-vedogazos-csomagolasban-240-g.p-471257
Grillkolbász,https://auchan.hu/shop/kaiser-grillkolb-sajtos-210g.p-933934
Grillkolbász,https://auchan.hu/shop/kaiser-grillkolbasz-fokhagymas-210g.p-33392
Grillkolbász,https://auchan.hu/shop/kaiser-grillkolbasz-mix210g.p-933935
Grillkolbász,https://auchan.hu/shop/kaiser-sulthagymas-grillkolbasz-210g.p-33393
Grillkolbász,https://auchan.hu/shop/magyaros-csipos-grillkolbasz-fustolt-fott-vedogazos-csomagolasban-240-g.p-471256
Grillkolbász,https://auchan.hu/shop/sajtos-grillkolbasz-fustolt-fott-vedogazos-csomagolasban-240-g.p-471254
Grillkolbász,https://auchan.hu/shop/griller-padaricsomos-mozzarellas-250-g.p-33123
Grillkolbász,https://auchan.hu/shop/regimodi-borokas-szerecsendios-grillkolbasz-250g.p-32629
Grillkolbász,https://auchan.hu/shop/regimodi-cheddar-bazsalikom-gillkolbasz-250g.p-32632
Pácolt grill húsok,https://auchan.hu/shop/kometa-sertes-marha-hamburgerhus-250-g.p-807768
Pácolt grill húsok,https://auchan.hu/shop/kometa-sertes-marha-csevapcsicsa-360-g.p-892989
Pácolt grill húsok,https://auchan.hu/shop/csirke-combfile-buffalo-izesitessel-500g.p-32209
Pácolt grill húsok,https://auchan.hu/shop/csirke-combfile-fokhagymas-zoldfuszeres-izesitessel-500g.p-934712
Pácolt grill húsok,https://auchan.hu/shop/csirke-combfile-magyaros-izesitessel-500g.p-934710
Pácolt grill húsok,https://auchan.hu/shop/csirke-combfile-mezes-mustaros-izesitessel-500g.p-934711
Pácolt grill húsok,https://auchan.hu/shop/csirke-combfile-tandori-izesitessel-500g.p-32985
Pácolt grill húsok,https://auchan.hu/shop/friss-pacolt-csirke-felsocombfile-paradicsomos-salsa-500-g.p-693416
Pácolt grill húsok,https://auchan.hu/shop/angus-marha-hamburger-huspogacsa-250-g.p-926188
Pácolt grill húsok,https://auchan.hu/shop/csirke-mellfile-magyaros-izesitessel-500g.p-934722
Pácolt grill húsok,https://auchan.hu/shop/csirkemellfile-edes-csipos-pacban-500g.p-615543
Pácolt grill húsok,https://auchan.hu/shop/csirkemellfile-mezes-mustaros-500-g.p-695012
Tudatos táplálkozás,https://auchan.hu/shop/lunter-natur-tofu-180-g.p-939431
Tudatos táplálkozás,https://auchan.hu/shop/veganchef-tzatziki-krem-150-g.p-657678
Tudatos táplálkozás,https://auchan.hu/shop/lunter-bukkfaval-fustolt-tofu-180-g.p-939430
Tudatos táplálkozás,https://auchan.hu/shop/real-nature-tofu-natur-200-g.p-33040
Tudatos táplálkozás,https://auchan.hu/shop/lunter-grill-tofu-edes-csilivel-180-g.p-511635
Tudatos táplálkozás,https://auchan.hu/shop/real-nature-tofu-fustolt-200-g.p-33039
Tudatos táplálkozás,https://auchan.hu/shop/real-nature-tofu-indiai-200-g.p-33041
Tudatos táplálkozás,https://auchan.hu/shop/dijo-tortilla-wraps-elosutott-grillezett-lapos-buzabol-keszult-kenyer-250-g.p-939426
Tudatos táplálkozás,https://auchan.hu/shop/lunter-grill-tofu-fustos-bbq-180-g.p-805021
Tudatos táplálkozás,https://auchan.hu/shop/condito-glutenmentes-pizza-szosz-350-g.p-645677
Tudatos táplálkozás,https://auchan.hu/shop/demi-marshmallow-bbq-150-g.p-939807
Tudatos táplálkozás,https://auchan.hu/shop/real-nature-tofu-burger-100-g.p-33035
"Grill szószok, fűszerek, savanyúság",https://auchan.hu/shop/boller-laci-bacsi-fuszerei-zoldfuszeres-salataontet-fuszerkeverek-20-g.p-311556
"Grill szószok, fűszerek, savanyúság",https://auchan.hu/shop/lucullus-cezar-salataontet-por-12-g.p-784339
"Grill szószok, fűszerek, savanyúság",https://auchan.hu/shop/lucullus-fokhagymas-salataontet-por-12-g.p-784341
"Grill szószok, fűszerek, savanyúság",https://auchan.hu/shop/kotanyi-magyaros-salataontet-fuszerkeverek-13-g.p-385703
"Grill szószok, fűszerek, savanyúság",https://auchan.hu/shop/kotanyi-olaszos-salataontet-fuszerkeverek-13-g.p-387456
"Grill szószok, fűszerek, savanyúság",https://auchan.hu/shop/kotanyi-salataontet-ezersziget-13-g.p-939646
"Grill szószok, fűszerek, savanyúság",https://auchan.hu/shop/boller-varazspac-csipos-csirkesult-folyekony-fuszerkeverek-50-g.p-933979
"Grill szószok, fűszerek, savanyúság",https://auchan.hu/shop/boller-varazspac-edes-chilis-folyekony-fuszerkeverek-50-g.p-933978
"Grill szószok, fűszerek, savanyúság",https://auchan.hu/shop/boller-varazspac-fustos-alom-folyekony-fuszerkeverek-50-g.p-933977
"Grill szószok, fűszerek, savanyúság",https://auchan.hu/shop/boller-varazspac-fustos-harmonia-folyekony-fuszerkeverek-50-g.p-933972
"Grill szószok, fűszerek, savanyúság",https://auchan.hu/shop/izmester-fuszerkeverek-grillzoldseghez-es-sult-zoldseghez-30-g.p-184772
"Grill szószok, fűszerek, savanyúság",https://auchan.hu/shop/hame-gril-party-zoldfuszeres-grill-fuszerkeverek-25-g.p-801441
Fagyasztott grill termékek,https://auchan.hu/shop/fevita-gyorsfagyasztott-zsenge-friss-voroshagymakocka-300-g.p-98679
Fagyasztott grill termékek,https://auchan.hu/shop/auchan-kedvenc-gyorsfagyasztott-kerekitett-burgonyahasabok-ropogos-bevonattal-750-g.p-583322
Fagyasztott grill termékek,https://auchan.hu/shop/frosta-gyorsfagyasztott-elosutott-edesburgonyas-burger-2-db-216-g.p-583338
Fagyasztott grill termékek,https://auchan.hu/shop/frosta-gyorsfagyasztott-elosutott-karfiolos-brokkolis-burger-2-db-200-g.p-17557
Fagyasztott grill termékek,https://auchan.hu/shop/auchan-kedvenc-szeletelt-csiperkegomba-gyorsfagyasztott-1000-g.p-771213
Fagyasztott grill termékek,https://auchan.hu/shop/auchan-kedvenc-csipos-csirkeszarny-750-g.p-634883
Fagyasztott grill termékek,https://auchan.hu/shop/classic-gyorsfagyasztott-alaszkai-tokehalfile-540-g.p-636137
Fagyasztott grill termékek,https://auchan.hu/shop/delforg-gyorsfagyasztott-argentin-hekktorzs-900-g.p-852393
Fagyasztott grill termékek,https://auchan.hu/shop/gyorsfagyasztott-capaharcsafile-20-glazur-1-kg.p-401250
Fagyasztott grill termékek,https://auchan.hu/shop/frosta-lazacfile-180-g.p-763930
Fagyasztott grill termékek,https://auchan.hu/shop/ardo-voroshagyma-kocka-6-6-mm-1-kg.p-87724
Fagyasztott grill termékek,https://auchan.hu/shop/auchan-kedvenc-gyorsfagyasztott-tenger-gyumolcsei-keverek-500-400-g.p-522535
"Grillerek, halak és antipasti saláták",https://auchan.hu/shop/olymp-fresh-marinalt-mix-zold-es-kalamata-gorog-magozott-olajbogyo-100g.p-962998
"Grillerek, halak és antipasti saláták",https://auchan.hu/shop/olymp-zold-gorog-magozott-olajbogyo-fokhagymavla-es-fuszerrel-100g.p-962971
"Grillerek, halak és antipasti saláták",https://auchan.hu/shop/wiesbauer-bbq-griller-200-g.p-87852
"Grillerek, halak és antipasti saláták",https://auchan.hu/shop/wiesbauer-sajtos-griller-200-g.p-87847
"Grillerek, halak és antipasti saláták",https://auchan.hu/shop/paltsidis-tzatziki-200-g.p-905621
"Grillerek, halak és antipasti saláták",https://auchan.hu/shop/vici-mini-kiralyrak-izu-surimi-olajban-320-g.p-416640
"Grillerek, halak és antipasti saláták",https://auchan.hu/shop/sajttal-toltott-piros-paprika-fuszeres-olajban-250-g.p-434354
"Grillerek, halak és antipasti saláták",https://auchan.hu/shop/sajttal-toltott-sarga-paprika-350g.p-434092
"Grillerek, halak és antipasti saláták",https://auchan.hu/shop/sajttal-toltott-vegyes-tal-fuszeres-olajban-250g.p-434091
"Grillerek, halak és antipasti saláták",https://auchan.hu/shop/vici-garnelarak-izu-surimi-fokhagymas-olajban-320-g.p-15130
"Grillerek, halak és antipasti saláták",https://auchan.hu/shop/pucolt-koktelrak-150-g.p-427995
"Grillerek, halak és antipasti saláták",https://auchan.hu/shop/csomagolt-koktelrak-fuszervajban-160g.p-931606
Grill Pékáru,https://auchan.hu/shop/auchan-kedvenc-puffancs-100g.p-302630
Grill Pékáru,https://auchan.hu/shop/pantastico-retro-puffancs.p-635863
Grill Pékáru,https://auchan.hu/shop/jaus-hot-dog-kifli-4-x-62-5-g-250-g.p-358029
Grill Pékáru,https://auchan.hu/shop/jaus-elosutott-bagett-2-db-300-g.p-255710
Grill Pékáru,https://auchan.hu/shop/lecker-elosutott-egyiptomi-tipusu-tolteni-valo-pita-5-x-80-g.p-503006
Grill Pékáru,https://auchan.hu/shop/jaus-szezammagos-hamburger-zsemle-6-x-50-g-300-g.p-358018
Grill Pékáru,https://auchan.hu/shop/schulstad-gourmet-bistro-brioche-hamburgerzsemle-324-g.p-215879
Grill Pékáru,https://auchan.hu/shop/jaus-szezammagos-hamburger-zsemle-4-x-75-g-300-g.p-358024
Grill Pékáru,https://auchan.hu/shop/pantastico-pinsa-felkeszre-sutott-pizza-alap-230-g.p-628812
Grill Pékáru,https://auchan.hu/shop/roberto-tortillas-kenyer-napraforgoolajjal-4-db-240-g.p-812931
Húsok Bográcsozáshoz,https://auchan.hu/shop/auchan-kedvenc-sertes-lab-darabolva-vedogazos-csomagolasban.p-32095
Húsok Bográcsozáshoz,https://auchan.hu/shop/pick-friss-kockazott-serteslapocka-gulyashus-600-g.p-374825
Húsok Bográcsozáshoz,https://auchan.hu/shop/auchan-kedvenc-sertes-csulok-csont-nelkul-vedogazas-csomagolasban.p-180700
Húsok Bográcsozáshoz,https://auchan.hu/shop/auchan-kedvenc-sertes-lapockacsont-nelkul-kockazva-vedogazas-csomagolasban.p-65900
Húsok Bográcsozáshoz,https://auchan.hu/shop/kometa-somogyi-pinceporkolt-alap-1-5-kg.p-535788
Húsok Bográcsozáshoz,https://auchan.hu/shop/auchan-kedvenc-marha-gulyashus-vedogazas-csomagolasban.p-169640
Húsok Bográcsozáshoz,https://auchan.hu/shop/auchan-kedvenc-marhalabszar-darabolt-csont-nelkul-vedogazas-csomagolasban.p-169636
Húsok Bográcsozáshoz,https://auchan.hu/shop/vaddiszno-ragu.p-514804
Faszenes grillek,https://auchan.hu/shop/express-grill-fsc-100.p-691109
Faszenes grillek,https://auchan.hu/shop/gardenstar-korgrill-30-cm.p-402728
Faszenes grillek,https://auchan.hu/shop/gardenstar-weekend-grillsuto-kerek-50-cm.p-113653
Faszenes grillek,https://auchan.hu/shop/gardenstar-osszecsukhato-kerekes-faszenes-grill-60x70x82-cm.p-129170
Faszenes grillek,https://auchan.hu/shop/gardenstar-gombgrill-iceberg-63x62-5x98-cm.p-628889
Faszenes grillek,https://auchan.hu/shop/gardenstar-hobby-faszenes-grillsuto-129x56x90-cm.p-113654
Faszenes grillek,https://auchan.hu/shop/gardenstar-tuzrako-fem-fedellel.p-986181
Faszenes grillek,https://auchan.hu/shop/gardenstar-faszenes-bbq-suto-100x58x98-5-cm.p-628890
Gázgrillek,https://auchan.hu/shop/gardenstar-gaz-grill-3-plu-1-oldalego.p-914647
Grill kiegészítők,https://auchan.hu/shop/gardenstar-bambusz-nyars-20-cm-50-db-os.p-865625
Grill kiegészítők,https://auchan.hu/shop/gardenstar-bambusz-nyars-25-cm-100-db-os.p-865626
Grill kiegészítők,https://auchan.hu/shop/westside-alu-grilltalca-22-5-x-17-5-x-3-5-cm-3-db.p-452197
Grill kiegészítők,https://auchan.hu/shop/gardenstar-grill-kromozott-kolbaszsuto-17x8-cm.p-180925
Grill kiegészítők,https://auchan.hu/shop/bbq-grill-tanyer-keszlet-5-db.p-988724
Grill kiegészítők,https://auchan.hu/shop/grill-talca-keszlet-2-db.p-988722
Grill kiegészítők,https://auchan.hu/shop/westside-alu-grilltalca-35-x-24-x-2-5-cm-2-db.p-452198
Grill kiegészítők,https://auchan.hu/shop/citronella-gyertya-tartoban.p-434211
Grill kiegészítők,https://auchan.hu/shop/gardenstar-halsuto-dupla-racs-krom-30x130-cm.p-685569
Grill kiegészítők,https://auchan.hu/shop/citronella-gyertya-szines-9cm.p-309837
Grill kiegészítők,https://auchan.hu/shop/gardenstar-bbq-villa-fa-nyellel-44-cm.p-760149
Grill kiegészítők,https://auchan.hu/shop/asztali-bambuszfaklya-35-cm.p-592178
Bogrács és kiegészítők,https://auchan.hu/shop/fakanal-50cm.p-838662
Bogrács és kiegészítők,https://auchan.hu/shop/rozsdamentes-asztali-bogracs-0-8-l.p-773022
Bogrács és kiegészítők,https://auchan.hu/shop/fakanal-70cm.p-838663
Bogrács és kiegészítők,https://auchan.hu/shop/fakanal-90-cm.p-925656
Bogrács és kiegészítők,https://auchan.hu/shop/tuzrako-hamutalcas-40x40x24-cm.p-988726
Bogrács és kiegészítők,https://auchan.hu/shop/csiszolt-vasbogracs-10-l.p-84102
Bogrács és kiegészítők,https://auchan.hu/shop/langor-bogracshoz-35-cm.p-288848
Bogrács és kiegészítők,https://auchan.hu/shop/tuzrako-allvanyon.p-939251
Bogrács és kiegészítők,https://auchan.hu/shop/csiszolt-vasbogracs-14-l.p-84103
Bogrács és kiegészítők,https://auchan.hu/shop/halfozo-bogracs-fekete-8-l.p-251332
Bogrács és kiegészítők,https://auchan.hu/shop/zomancos-bogracs-38-cm-12l-fekete.p-251337
Bogrács és kiegészítők,https://auchan.hu/shop/halfozo-bogracs-fekete-14-l.p-251333
"Faszén, és egyéb tűzelőanyagok",https://auchan.hu/shop/terracotta-begyujto-kocka-32-db.p-884158
"Faszén, és egyéb tűzelőanyagok",https://auchan.hu/shop/auchan-kedvenc-faszen-3-kg.p-471144
Elektromos grillek,https://auchan.hu/shop/clatronic-rg-3592-grillsuto-raclette.p-743850
Elektromos grillek,https://auchan.hu/shop/esperanza-taleggio-ekg006-kontakt-grill.p-935130
Elektromos grillek,https://auchan.hu/shop/qilive-600189351-kontakt-grill-2200-w.p-984212
Elektromos grillek,https://auchan.hu/shop/russell-hobbs-17888-56-3in1-panini-suto-es-grill.p-767510
Elektromos grillek,https://auchan.hu/shop/tesla-mg201bx-grillsuto-900w-cserelheto-lapok-szendvics-gofri-grill.p-927780
Elektromos grillek,https://auchan.hu/shop/tefal-gc242832-panini-suto-es-grill.p-275359
Elektromos grillek,https://auchan.hu/shop/bosch-tcg3323-kontakt-grill-2000-w-fekete.p-806814
Elektromos grillek,https://auchan.hu/shop/proficook-pc-tyg-1143-teppanyaki-grill.p-740296
Elektromos grillek,https://auchan.hu/shop/tesla-gr500bg-grillsuto-2000w.p-927778
Elektromos grillek,https://auchan.hu/shop/braun-cg9040-aluminium-kontakt-grill.p-807833
Elektromos grillek,https://auchan.hu/shop/qilive-600145950-kontakt-grillsuto.p-804924
Elektromos grillek,https://auchan.hu/shop/qilive-600157683-asztali-barbeque-grill-2300-w.p-839512
Kerti party,https://auchan.hu/shop/auchan-madarkas-pohar-250-ml-6-db-cs.p-199908
Kerti party,https://auchan.hu/shop/auchan-madarkas-tanyer-23-cm-6-db-cs.p-199909
"Strand, Napfény, Vakáció",https://auchan.hu/shop/auchan-madarkas-labda.p-54115
"Strand, Napfény, Vakáció",https://auchan.hu/shop/auchan-mdarkas-torolkozo-70x140-cm.p-54413
"Strand, Napfény, Vakáció",https://auchan.hu/shop/auchan-gyerek-napszemuveg.p-55649
"Strand, Napfény, Vakáció",https://auchan.hu/shop/auchan-madarkas-baseball-sapka.p-55650
Felnőtt ruházat,https://auchan.hu/shop/felnott-polo-l.p-54399
Felnőtt ruházat,https://auchan.hu/shop/felnott-polo-l.p-54405
Felnőtt ruházat,https://auchan.hu/shop/felnott-polo-m.p-54398
Felnőtt ruházat,https://auchan.hu/shop/felnott-polo-m.p-54404
Felnőtt ruházat,https://auchan.hu/shop/felnott-polo-s.p-54397
Felnőtt ruházat,https://auchan.hu/shop/felnott-polo-s.p-54403
Felnőtt ruházat,https://auchan.hu/shop/felnott-polo-xl.p-54401
Felnőtt ruházat,https://auchan.hu/shop/felnott-polo-xl.p-54406
Felnőtt ruházat,https://auchan.hu/shop/felnott-polo-xxl.p-54402
Felnőtt ruházat,https://auchan.hu/shop/felnott-polo-xxl.p-54408
Gyermek ruházat,https://auchan.hu/shop/gyerek-rovid-ujju-polo-10-ev.p-54388
Gyermek ruházat,https://auchan.hu/shop/gyerek-rovid-ujju-polo-10-ev.p-54391
Gyermek ruházat,https://auchan.hu/shop/gyerek-rovid-ujju-polo-12-ev.p-54389
Gyermek ruházat,https://auchan.hu/shop/gyerek-rovid-ujju-polo-12-ev.p-54392
Gyermek ruházat,https://auchan.hu/shop/gyerek-rovid-ujju-polo-14-ev.p-54390
Gyermek ruházat,https://auchan.hu/shop/gyerek-rovid-ujju-polo-14-ev.p-54393
Gyermek ruházat,https://auchan.hu/shop/gyerek-rovid-ujju-polo-2-ev.p-54384
Gyermek ruházat,https://auchan.hu/shop/gyerek-rovid-ujju-polo-4-ev.p-54385
Gyermek ruházat,https://auchan.hu/shop/gyerek-rovid-ujju-polo-6-ev.p-54386
Gyermek ruházat,https://auchan.hu/shop/gyerek-rovid-ujju-polo-8-ev.p-54387
Gyermek ruházat,https://auchan.hu/shop/gyerek-rovid-ujju-polo-es-rovidnadrag-szett-104-cm.p-54372
Gyermek ruházat,https://auchan.hu/shop/gyerek-rovid-ujju-polo-es-rovidnadrag-szett-104-cm.p-54379
Bögre,https://auchan.hu/shop/bogre-enido.p-54409
Bögre,https://auchan.hu/shop/bogre-kave.p-54411
Bögre,https://auchan.hu/shop/bogre-ne-nezz.p-54410
Otthon melege,https://auchan.hu/shop/koteny-piros.p-54412
"Növényi UHT italok, szója italok",https://auchan.hu/shop/mizo-protein-csokolades-tejital-500-ml.p-981458
"Növényi UHT italok, szója italok",https://auchan.hu/shop/mizo-protein-vanilias-tejital-500-ml.p-981459
"Növényi UHT italok, szója italok",https://auchan.hu/shop/riso-scotti-bio-rizsital-1-l.p-704231
"Növényi UHT italok, szója italok",https://auchan.hu/shop/riso-scotti-rizsital-kalciummal-1-l.p-704232
"Növényi UHT italok, szója italok",https://auchan.hu/shop/happy-barista-uht-zabital-1-l.p-618978
"Növényi UHT italok, szója italok",https://auchan.hu/shop/riso-scotti-zabital-kalciummal-1-l.p-778507
"Növényi UHT italok, szója italok",https://auchan.hu/shop/the-bridge-bio-uht-glutenmentes-rizsital-1-l.p-362163
"Növényi UHT italok, szója italok",https://auchan.hu/shop/the-bridge-uht-bio-zabital-1-l.p-362172
"Növényi UHT italok, szója italok",https://auchan.hu/shop/joya-barista-kokuszital-uht-1-l.p-347902
"Növényi UHT italok, szója italok",https://auchan.hu/shop/joya-kokuszital-kalciummal-uht-1-l.p-875093
"Növényi UHT italok, szója italok",https://auchan.hu/shop/joya-mandulaital-kalciummal-0-cukor-uht-1-l.p-875094
"Növényi UHT italok, szója italok",https://auchan.hu/shop/joya-szojaital-vanilia-izu-uht-1-l.p-350844
Tartós (UHT) tej,https://auchan.hu/shop/mizo-uht-teljes-tej-3-5-1-l.p-796411
Tartós (UHT) tej,https://auchan.hu/shop/zilda-2-8-os-uht-a2-es-tej-1-l.p-976697
Tartós (UHT) tej,https://auchan.hu/shop/mizo-uht-zsirszegeny-laktozmentes-tej-1-5-1-l.p-366077
Tartós (UHT) tej,https://auchan.hu/shop/naszalytej-uht-tej-2-8-1-l.p-177744
Tartós (UHT) tej,https://auchan.hu/shop/naszalytej-uht-zsirszegeny-tej-1-5-1-l.p-335960
Tartós (UHT) tej,https://auchan.hu/shop/vedd-a-hazait-vedd-a-hazait-uht-tej-2-8-1-l.p-985438
Tartós (UHT) tej,https://auchan.hu/shop/mizo-uht-felzsiros-tej-2-8-1-l.p-920
Tartós (UHT) tej,https://auchan.hu/shop/vedd-a-hazait-vedd-a-hazait-uht-tej-1-5-1-l.p-985437
Tartós (UHT) tej,https://auchan.hu/shop/mizo-uht-zsirszegeny-tej-1-5-1-l.p-923
Tartós (UHT) tej,https://auchan.hu/shop/magyar-tej-uht-zsirszegeny-tej-1-5-1-l.p-631520
Tartós (UHT) tej,https://auchan.hu/shop/auchan-kedvenc-uht-tej-3-5-1-l.p-993825
Tartós (UHT) tej,https://auchan.hu/shop/auchan-kedvenc-uht-tej-2-8-1-l.p-550801
Tejitalok,https://auchan.hu/shop/pottyos-kakao-200-ml.p-215449
Tejitalok,https://auchan.hu/shop/pottyos-kakaos-tej-300-ml.p-689551
Tejitalok,https://auchan.hu/shop/hell-ice-coffee-cappuccino-uht-ital-tejjel-es-kavekivonattal-250-ml.p-268374
Tejitalok,https://auchan.hu/shop/hell-ice-coffee-decaf-latte-uht-ital-tejjel-es-koffeinmentes-kavekivonattal-250-ml.p-914984
Tejitalok,https://auchan.hu/shop/hell-ice-coffee-double-espresso-uht-ital-tejjel-es-kavekivonattal-250-ml.p-465567
Tejitalok,https://auchan.hu/shop/hell-ice-coffee-latte-uht-ital-tejjel-es-kavekivonattal-250-ml.p-268376
Tejitalok,https://auchan.hu/shop/hell-ice-coffee-slim-vanilla-uht-bourbon-vanilia-izu-ital-tejjel-kavekivonattal-250-ml.p-268375
Tejitalok,https://auchan.hu/shop/ice-coffee-pink-latte-eper-es-feher-csokoladeizu-uht-ital-tejjel-es-kavekivonattal-250-ml.p-832842
Tejitalok,https://auchan.hu/shop/mizo-coffee-selection-espresso-uht-zsirszegeny-kaves-tej-250-ml.p-892999
Tejitalok,https://auchan.hu/shop/mizo-coffee-selection-flat-white-uht-zsirszegeny-kaves-tej-250-ml.p-892998
Tejitalok,https://auchan.hu/shop/mizo-coffee-selection-kapuciner-uht-zsirszegeny-kaves-tej-250-ml.p-892997
Tejitalok,https://auchan.hu/shop/mizo-coffee-selection-kokusz-mandula-izu-latte-uht-zsirszegeny-kaves-tej-edesitoszerekkel-250-ml.p-892991
Egyedi tej,https://auchan.hu/shop/garaboncias-hazi-aludttej-0-5-l.p-509943
Egyedi tej,https://auchan.hu/shop/lactel-ultramagas-homersekleten-hokezelt-zsirszegeny-kecsketej-1-l.p-365688
Friss tej,https://auchan.hu/shop/abauj-dobozos-tej-1-5-1-l.p-578337
Friss tej,https://auchan.hu/shop/abauj-tej-dobozos-2-8-1-l.p-578339
Friss tej,https://auchan.hu/shop/mizo-esl-zsirszegeny-tej-1-5-1-l.p-52679
Friss tej,https://auchan.hu/shop/magyar-tej-esl-tej-2-8-1-l.p-482787
Friss tej,https://auchan.hu/shop/magyar-es-finom-tej-2-8-1-l.p-856867
Friss tej,https://auchan.hu/shop/mizo-esl-tej-1-5-1-5-l-pet.p-725352
Friss tej,https://auchan.hu/shop/mizo-esl-tej-2-8-1-5-l-pet.p-725353
Friss tej,https://auchan.hu/shop/mizo-esl-teljes-tej-3-5-1-l.p-427600
Tojás 6-10 db,https://auchan.hu/shop/farm-tojas-premium-omega-3-tojas-m-6-db.p-366298
Tojás 6-10 db,https://auchan.hu/shop/auchan-kedvenc-friss-tojas-a-osztaly-m-meret-10-db.p-889720
Tojás 6-10 db,https://auchan.hu/shop/auchan-kedvenc-friss-tojas-a-osztaly-m-meret-10-db.p-718834
Tojás 6-10 db,https://auchan.hu/shop/szijarto-friss-tojas-m-meret-10-db.p-59504
Tojás 6-10 db,https://auchan.hu/shop/johazi-friss-tojas-a-osztaly-m-meret-10-db.p-895544
Tojás 6-10 db,https://auchan.hu/shop/szijarto-jumbo-friss-tojas-l-xl-10-db.p-564419
Tojás 6-10 db,https://auchan.hu/shop/farm-tojas-farm-premium-gmo-mentes-farm-tojas-m-10-db.p-874966
Tojás 6-10 db,https://auchan.hu/shop/auchan-kedvenc-szabad-tartasu-tojas-a-osztaly-m-meret-10-db.p-559813
Tojás 12-20 db,https://auchan.hu/shop/szijarto-friss-tojas-m-18-db.p-106838
Tojás 12-20 db,https://auchan.hu/shop/farm-premium-melyalmos-15-m-l-meret.p-686111
Tojás 30 db,https://auchan.hu/shop/auchan-kedvenc-m-es-tojas-30-db.p-565038
Tojás 30 db,https://auchan.hu/shop/auchan-kedvenc-friss-tojas-a-osztaly-m-meret-30-db.p-889722
Tojás 30 db,https://auchan.hu/shop/szijarto-szalmonella-ellen-kezelt-tojas-l-30-db.p-408699
Tojás 30 db,https://auchan.hu/shop/auchan-kedvenc-ketreces-tartasbol-szarmazo-tojas-a-osztaly-m-meret-30-db.p-559814
Tojás 30 db,https://auchan.hu/shop/johazi-friss-tojas-a-osztaly-m-meret-30-db.p-927581
Fürtojás,https://auchan.hu/shop/furjtojas-15-db.p-978188
"Sajtok sütéshez, főzéshez",https://auchan.hu/shop/arla-kremsajt-natur-300-g.p-831324
"Sajtok sütéshez, főzéshez",https://auchan.hu/shop/german-white-elelmiszerkeszitmeny-sovany-tejbol-irobol-es-novenyi-zsirbol-500-g.p-547416
"Sajtok sütéshez, főzéshez",https://auchan.hu/shop/fitaki-original-lagy-sajt-500-g.p-98408
"Sajtok sütéshez, főzéshez",https://auchan.hu/shop/reszelt-mozzarella-sajt-500-g.p-866442
"Sajtok sütéshez, főzéshez",https://auchan.hu/shop/apetina-kremfeher-lagy-sajt-500-g.p-233685
"Sajtok sütéshez, főzéshez",https://auchan.hu/shop/auchan-kedvenc-trappista-sajt-ft-kg.p-523323
"Sajtok sütéshez, főzéshez",https://auchan.hu/shop/reszelt-gouda-sajt-500g.p-893110
"Sajtok sütéshez, főzéshez",https://auchan.hu/shop/ammerland-klasszikus-sajt-40-3-kg.p-781867
"Sajtok sütéshez, főzéshez",https://auchan.hu/shop/parmigiano-reggiano-sajt-200g.p-212454
Szeletelt és lapka sajtok,https://auchan.hu/shop/ammerlander-szeletelt-trappista-sajt-125-g.p-699588
Szeletelt és lapka sajtok,https://auchan.hu/shop/auchan-kedvenc-edami-sajt-szeletelt-125-g.p-144072
Szeletelt és lapka sajtok,https://auchan.hu/shop/auchan-tipp-fustolt-omlesztett-sajt-szeletek-natur-100-g.p-786870
Szeletelt és lapka sajtok,https://auchan.hu/shop/auchan-tipp-omlesztett-sajt-csipos-100-g.p-786871
Szeletelt és lapka sajtok,https://auchan.hu/shop/auchan-tipp-omlesztett-sajt-sonkas-100-g.p-786872
Szeletelt és lapka sajtok,https://auchan.hu/shop/auchan-kedvenc-szeletelt-mozzarella-125-g.p-786869
Szeletelt és lapka sajtok,https://auchan.hu/shop/auchan-tipp-omlesztett-szendvicsfeltet-150-g.p-791179
Szeletelt és lapka sajtok,https://auchan.hu/shop/auchan-tipp-omlesztett-sajt-toast-150-g.p-791178
Szeletelt és lapka sajtok,https://auchan.hu/shop/magyar-trappista-sajt-zsiros-felkemeny-szeletelt-trappista-sajt-125-g.p-452978
Szeletelt és lapka sajtok,https://auchan.hu/shop/hajdu-edam-szeletelt-fustolt-sajt-100-g.p-19733
Szeletelt és lapka sajtok,https://auchan.hu/shop/tolle-fust-izu-szeletelt-trappista-sajt-125-g.p-223697
Szeletelt és lapka sajtok,https://auchan.hu/shop/tolle-light-szeletelt-trappista-sajt-125-g.p-360131
Reszelt sajt,https://auchan.hu/shop/auchan-kedvenc-ementali-sajt-reszelt-100-g.p-564216
Reszelt sajt,https://auchan.hu/shop/zanetti-reszelt-szaritott-felzsiros-kemeny-sajt-50-g.p-35352
Reszelt sajt,https://auchan.hu/shop/fallini-formaggi-szaritott-reszelt-sajtok-kevereke-40-g.p-744302
Reszelt sajt,https://auchan.hu/shop/auchan-kedvenc-tavola-in-italia-grana-padano-reszelt-sajt-60-g.p-895205
Reszelt sajt,https://auchan.hu/shop/hajdu-reszelt-gouda-200-g.p-6476
Reszelt sajt,https://auchan.hu/shop/auchan-kedvenc-tavola-in-italia-parmigiano-reggiano-reszelt-sajt-60-g.p-914021
Reszelt sajt,https://auchan.hu/shop/auchan-kedvenc-tavola-in-italia-grana-pandano-reszelt-sajt-120-g.p-895207
Reszelt sajt,https://auchan.hu/shop/fallini-reszelt-sajt-80-g.p-460579
Reszelt sajt,https://auchan.hu/shop/dziugas-mix-pizza-reszelt-sajtkeverek-200-g.p-689679
Reszelt sajt,https://auchan.hu/shop/dziugas-pasta-mix-reszelt-sajt-200-g.p-689678
Reszelt sajt,https://auchan.hu/shop/parmigiano-reggiano-dop-sajtforgacsok-eredetvedett-felzsiros-kemenysajt-100-g.p-935966
"Friss, kenhető és ömlesztett sajtok",https://auchan.hu/shop/auchan-tipp-sajtkerm-natur-100-g.p-897736
"Friss, kenhető és ömlesztett sajtok",https://auchan.hu/shop/auchan-tipp-sajtkrem-sonkas-100-g.p-895962
"Friss, kenhető és ömlesztett sajtok",https://auchan.hu/shop/auchan-tipp-sajtkrem-zoldfuszeres-100-g.p-895948
"Friss, kenhető és ömlesztett sajtok",https://auchan.hu/shop/kisteleki-csipospaprikas-kenheto-felzsiros-omlesztett-sajt-90-g.p-594166
"Friss, kenhető és ömlesztett sajtok",https://auchan.hu/shop/kisteleki-metelohagymas-kenheto-felzsiros-omlesztett-sajt-90-g.p-594168
"Friss, kenhető és ömlesztett sajtok",https://auchan.hu/shop/kisteleki-pulykasonkas-kenheto-felzsiros-omlesztett-sajt-90-g.p-594163
"Friss, kenhető és ömlesztett sajtok",https://auchan.hu/shop/kisteleki-tejszines-kenheto-felzsiros-omlesztett-sajt-90-g.p-594158
"Friss, kenhető és ömlesztett sajtok",https://auchan.hu/shop/talleros-natur-kenheto-zsirszegeny-omlesztett-sajt-100-g.p-693966
"Friss, kenhető és ömlesztett sajtok",https://auchan.hu/shop/bomilact-piknik-csipos-paprikas-omlesztett-kremsajt-100-g.p-402389
"Friss, kenhető és ömlesztett sajtok",https://auchan.hu/shop/bomilact-piknik-gombas-omlesztett-kremsajt-100-g.p-402385
"Friss, kenhető és ömlesztett sajtok",https://auchan.hu/shop/bomilact-piknik-medvehagymas-omlesztett-kremsajt-100-g.p-402387
"Friss, kenhető és ömlesztett sajtok",https://auchan.hu/shop/bomilact-piknik-tejfolos-vajas-omlesztett-kremsajt-100-g.p-402388
"Camambert, brie és egyéb lágy sajtok",https://auchan.hu/shop/palpusztai-sajt.p-135921
"Camambert, brie és egyéb lágy sajtok",https://auchan.hu/shop/president-camembert-chilis-zsirdus-lagy-sajt-90-g.p-485145
"Camambert, brie és egyéb lágy sajtok",https://auchan.hu/shop/president-natur-camembert-sajt-90-g.p-485143
"Camambert, brie és egyéb lágy sajtok",https://auchan.hu/shop/president-zoldborsos-camembert-sajt-90-g.p-485147
"Camambert, brie és egyéb lágy sajtok",https://auchan.hu/shop/hochland-creme-friss-kremsajt-zoldfuszeres-200-g.p-981457
"Camambert, brie és egyéb lágy sajtok",https://auchan.hu/shop/bon-fromage-camembert-natur-feher-nemespenesszel-erlelt-zsiros-lagysajt-120-g.p-747749
"Camambert, brie és egyéb lágy sajtok",https://auchan.hu/shop/auchan-tipp-le-champ-joli-nemespenesszel-erlelt-zsiros-lagy-sajt-200-g.p-211011
"Camambert, brie és egyéb lágy sajtok",https://auchan.hu/shop/tihany-valogatas-inyenc-camembert-light-natur-zsiros-lagysajt-120-g.p-968489
"Camambert, brie és egyéb lágy sajtok",https://auchan.hu/shop/boursin-fokhagymas-fuszeres-lagy-sajt-150-g.p-215888
"Camambert, brie és egyéb lágy sajtok",https://auchan.hu/shop/auchan-tipp-zsirdus-feher-nemespenesszel-ero-lagy-sajt-180-g.p-690619
"Camambert, brie és egyéb lágy sajtok",https://auchan.hu/shop/president-camembert-light-felzsiros-lagy-sajt-120-g.p-232869
"Camambert, brie és egyéb lágy sajtok",https://auchan.hu/shop/president-camembert-sajt-120-g.p-237310
Félkemény sajt,https://auchan.hu/shop/tolle-darabolt-trappista-sajt-185-g.p-309580
Félkemény sajt,https://auchan.hu/shop/auchan-kedvenc-35-napig-erlelt-trappista-sajt-300-g.p-964167
Félkemény sajt,https://auchan.hu/shop/dziugas-kemeny-felzsiros-sajt-100-g.p-411084
Félkemény sajt,https://auchan.hu/shop/dublin-dairy-ir-cheddar-reszelt-150-g.p-831451
Félkemény sajt,https://auchan.hu/shop/patinas-zold-pesto-trappista-sajt-150-g.p-545794
Félkemény sajt,https://auchan.hu/shop/auchan-kedvenc-maasdam-sajt-330-g.p-772723
Félkemény sajt,https://auchan.hu/shop/kase-konig-zsiros-kemeny-darabolt-voros-cheddar-sajt.p-965077
Félkemény sajt,https://auchan.hu/shop/karavan-klasszikus-natur-fustolt-zsiros-omlesztett-sajt-200-g.p-739535
Félkemény sajt,https://auchan.hu/shop/havasi-sajt-190-g.p-138481
Félkemény sajt,https://auchan.hu/shop/caciotta-chili-rucola-130-g.p-864515
Félkemény sajt,https://auchan.hu/shop/old-amsterdam-mild-130-g.p-963661
Félkemény sajt,https://auchan.hu/shop/auchan-nivo-cheeesy-tejtermek-cheddar-sajttal-szeletelt-340-g.p-619372
Kemény sajt,https://auchan.hu/shop/parmareggio-reszel-sajt-mix-70-g.p-786762
Kemény sajt,https://auchan.hu/shop/kase-konig-nagylyuku-felzsiros-felkemeny-darabolt-sajt.p-764070
Kemény sajt,https://auchan.hu/shop/auchan-tipp-darabolt-mimolette-250-g.p-867436
Kemény sajt,https://auchan.hu/shop/pannonia-mester-ementali-darabolt-zsiros-kemeny-erjedesi-lyukas-sajt-200-g.p-510861
Kemény sajt,https://auchan.hu/shop/om-bergkase-45-250-g.p-804614
Kemény sajt,https://auchan.hu/shop/szarvasi-picante-kergeben-erlelt-kemeny-sajt-200-g.p-517979
Kemény sajt,https://auchan.hu/shop/truly-irish-feher-zsiros-kemeny-cheddar-sajt-200-g.p-692497
Kemény sajt,https://auchan.hu/shop/truly-irish-voros-zsiros-kemeny-cheddar-sajt-200-g.p-692498
Kemény sajt,https://auchan.hu/shop/auchan-collection-severino-erlelt-sajt-200-g.p-939666
Kemény sajt,https://auchan.hu/shop/dziugas-kemeny-felzsiros-sajt-180-g.p-930036
Kemény sajt,https://auchan.hu/shop/dublin-dairy-ir-cheddar-feher-erett-sajt-200-g.p-788181
Kemény sajt,https://auchan.hu/shop/szarvasi-cervinus-fenomenale-kergeben-erlelt-kemeny-sajt-200-g.p-517980
Kékpenészes sajtok,https://auchan.hu/shop/tihany-valogatas-inyenc-camembert-erdei-gombas-zsirdus-lagy-sajt-120-g.p-805039
Kékpenészes sajtok,https://auchan.hu/shop/tihany-valogatas-inyenc-camembert-natur-zsirdus-lagy-sajt-120-g.p-805041
Kékpenészes sajtok,https://auchan.hu/shop/tihany-valogatas-inyenc-camembert-zoldborsos-zsirdus-lagy-sajt-120-g.p-805038
Kékpenészes sajtok,https://auchan.hu/shop/tihany-valogatas-inyenc-camembert-zoldfuszeres-zsirdus-lagy-sajt-120-g.p-805040
Kékpenészes sajtok,https://auchan.hu/shop/tihany-valogatas-inyenc-camembert-tokmagos-zsirdus-lagy-sajt-120-g.p-968433
Kékpenészes sajtok,https://auchan.hu/shop/auchan-collection-mmm-bleu-d-auvergne-oem-sajt-125-g.p-558814
Kékpenészes sajtok,https://auchan.hu/shop/auchan-kedvenc-camembert-sajt-250-g.p-137866
Kékpenészes sajtok,https://auchan.hu/shop/castello-danablu-50-dan-zsirdus-kekpenesszel-ero-felkemeny-sajt-100-g.p-35282
Kékpenészes sajtok,https://auchan.hu/shop/castello-danablu-60-dan-zsirdus-kekpenesszel-ero-felkemeny-sajt-100-g.p-455234
Kékpenészes sajtok,https://auchan.hu/shop/auchan-kedvenc-roquefort-oem-juhsajt-4x25-g.p-558811
Kékpenészes sajtok,https://auchan.hu/shop/auchan-kedvenc-tavola-in-italia-gorgonzola-150-g.p-895624
Kékpenészes sajtok,https://auchan.hu/shop/auchan-kedvenc-roquefort-juhsajt-oem-150-g.p-510505
Grill és snack sajtok,https://auchan.hu/shop/szarvasi-mozzarella-snack-20-g.p-580295
Grill és snack sajtok,https://auchan.hu/shop/szarvasi-mozzarella-snack-fustolt-20-g.p-580296
Grill és snack sajtok,https://auchan.hu/shop/la-vache-qui-rit-cheez-dippers-omlesztett-kenheto-zsiros-sajtkeszitmeny-kenyerrudacskakkal-35-g.p-592143
Grill és snack sajtok,https://auchan.hu/shop/lvqr-omlesztett-kenheto-zsiros-sajtkeszitmeny-pizzas-izu-kenyerrudakkal-35-g.p-806154
Grill és snack sajtok,https://auchan.hu/shop/medve-sajti-pajtik-fonatka-natur-mozzarella-sajt-snack-4-db-33-g.p-927529
Grill és snack sajtok,https://auchan.hu/shop/hajdu-parenyica-105-g.p-815566
Grill és snack sajtok,https://auchan.hu/shop/cheesupers-sajtrudacskak-80-g.p-787390
Grill és snack sajtok,https://auchan.hu/shop/karavan-felkemeny-felzsiros-fustolt-parenyica-sajt-105-g.p-461248
Kecske és juh sajtok,https://auchan.hu/shop/garaboncias-natur-kecskesajtos-sajtkrem-100-g.p-840960
Kecske és juh sajtok,https://auchan.hu/shop/auchan-kedvenc-pyramide-de-chevre-kecskesajt-150-g.p-493388
Kecske és juh sajtok,https://auchan.hu/shop/goat-farm-kecske-juh-kremes-sajt-100-g.p-787301
Kecske és juh sajtok,https://auchan.hu/shop/auchan-kedvenc-buche-de-chevre-kecsketejbol-keszult-sajt-180-g.p-510509
Kecske és juh sajtok,https://auchan.hu/shop/president-petits-chevres-zsiros-lagy-natur-kecskesajt-6-db-100-g.p-924934
Kecske és juh sajtok,https://auchan.hu/shop/hotos-manouri-sajt-p-d-o-150-g.p-936868
Kecske és juh sajtok,https://auchan.hu/shop/garaboncias-kecskesajt-mix-150-g.p-595563
Kecske és juh sajtok,https://auchan.hu/shop/president-palet-de-chevre-zsiros-lagy-kecskesajt-pasztorozott-kecsketejbol-120-g.p-381162
Kecske és juh sajtok,https://auchan.hu/shop/garaboncias-zsiros-felkemeny-olaszfuszeres-kecskesajt-200-g.p-915172
Kecske és juh sajtok,https://auchan.hu/shop/garaboncias-bazsalikomos-kecske-kremsajt-golyo-napraforgo-olajban-250-g.p-595951
Kecske és juh sajtok,https://auchan.hu/shop/garaboncias-snidlinges-kecske-kremsajt-golyo-napraforgo-olajban-250-g.p-595950
Kecske és juh sajtok,https://auchan.hu/shop/auchan-premium-mmm-ossau-iraty-oem-zsiros-felkemeny-juhsajt-180-g.p-520426
Natúr kefir,https://auchan.hu/shop/auchan-kedvenc-kefir-elofloras-homogenezett-3-5-175-g.p-517914
Natúr kefir,https://auchan.hu/shop/abauj-kefir-175-g.p-578346
Natúr kefir,https://auchan.hu/shop/nadudvari-elofloras-kefir-150-g.p-538434
Natúr kefir,https://auchan.hu/shop/auchan-collection-gazdatol-az-asztalig-elofloras-kefir-3-8-175-g.p-423152
Natúr kefir,https://auchan.hu/shop/auchan-kedvenc-elofloras-kefir-3-5-450-g.p-517915
Natúr kefir,https://auchan.hu/shop/tarka-kefir-3-5-330-g.p-520518
Natúr kefir,https://auchan.hu/shop/auchan-kedvenc-kaukazusi-kefir-450-g.p-310723
Natúr kefir,https://auchan.hu/shop/abauj-kaukazusi-kefir-dobozos-3-450-g.p-880998
Natúr kefir,https://auchan.hu/shop/danone-zsirszegeny-kaukazusi-kefir-330-g.p-656329
Natúr kefir,https://auchan.hu/shop/milli-natur-kaukazusi-kefir-300-g.p-832507
Natúr kefir,https://auchan.hu/shop/magyar-kefir-kefir-3-2-300-g.p-733701
Natúr kefir,https://auchan.hu/shop/muller-kalinka-zsirszegeny-kefir-1-5-500-g.p-580738
Tejföl - 20% zsírtartalom,https://auchan.hu/shop/magyar-tejfol-20-os-tejfol-140-g.p-540820
Tejföl - 20% zsírtartalom,https://auchan.hu/shop/abauj-tejfol-20-175-g.p-578348
Tejföl - 20% zsírtartalom,https://auchan.hu/shop/zoldfarm-bio-tejfol-20-150-g.p-206080
Tejföl - 20% zsírtartalom,https://auchan.hu/shop/mizo-tejfol-20-330-g.p-600124
Tejföl - 20% zsírtartalom,https://auchan.hu/shop/auchan-kedvenc-tejfol-pasztorozott-homogenezett-20-450-g.p-519024
Tejföl - 20% zsírtartalom,https://auchan.hu/shop/magyar-tejfol-tejfol-20-330-g.p-509676
Tejföl - 20% zsírtartalom,https://auchan.hu/shop/nadudvari-elofloras-tejfol-20-330-g.p-563056
Tejföl - 20% zsírtartalom,https://auchan.hu/shop/parmalat-chef-elofloras-tejfol-20-330-g.p-874894
Tejföl - 20% zsírtartalom,https://auchan.hu/shop/zott-primo-tejfol-20-330-g.p-341477
Tejföl - 20% zsírtartalom,https://auchan.hu/shop/abauj-tejfol-20-450-g.p-811522
Tejföl - 20% zsírtartalom,https://auchan.hu/shop/nadudvari-elofloras-tejfol-20-700-g.p-402370
Tejföl - 20% zsírtartalom,https://auchan.hu/shop/auchan-kedvenc-tejfol-20-850-g.p-519025
Tejföl - 16% zsírtartalom,https://auchan.hu/shop/auchan-tipp-tippfol-20-800-g.p-800952
Tejföl - 12% zsírtartalom,https://auchan.hu/shop/magyar-tejfol-felzsiros-tejfol-12-140-g.p-878881
Tejföl - 12% zsírtartalom,https://auchan.hu/shop/auchan-kedvenc-tejfol-pasztorozott-homogenezett-12-450-g.p-519021
Tejföl - 12% zsírtartalom,https://auchan.hu/shop/magyar-tejfol-12-os-felzsiros-tejfol-330-g.p-856534
Tejföl - 12% zsírtartalom,https://auchan.hu/shop/zott-primo-felzsiros-tejfol-12-330-g.p-365905
Tejföl - 12% zsírtartalom,https://auchan.hu/shop/nadudvari-elofloras-felzsiros-tejfol-12-700-g.p-929376
Tejföl - 12% zsírtartalom,https://auchan.hu/shop/auchan-kedvenc-tejfol-12-850-g.p-519022
Tejföl - 12% zsírtartalom,https://auchan.hu/shop/magyar-tejfol-12-os-tejfol-800-g.p-747842
Író,https://auchan.hu/shop/abauj-iro-450-g.p-199605
Joghurt italok,https://auchan.hu/shop/zott-jogobella-elofloras-zsirszegeny-joghurtos-ital-250-g.p-509938
Joghurt italok,https://auchan.hu/shop/zott-jogobella-joghurtos-ital-250-g.p-557410
Joghurt italok,https://auchan.hu/shop/zott-jogobella-joghurtos-ital-250-g.p-557414
Joghurt italok,https://auchan.hu/shop/parmalat-zsirszegeny-epres-ivojoghurt-330-g.p-695177
Joghurt italok,https://auchan.hu/shop/parmalat-zsirszegeny-erdei-gyumolcsos-ivojoghurt-330-g.p-695022
Joghurt italok,https://auchan.hu/shop/parmalat-zsirszegeny-meggyes-ivojoghurt-330-g.p-695176
Joghurt italok,https://auchan.hu/shop/parmalat-zsirszegeny-oszibarackos-ivojoghurt-330.p-695021
Joghurt italok,https://auchan.hu/shop/danone-eper-izu-ihato-fermentalt-tejkeszitmeny-310-g.p-959303
Joghurt italok,https://auchan.hu/shop/danone-activia-granatalma-malna-izu-ital-320-g.p-981044
Joghurt italok,https://auchan.hu/shop/good-milk-joghurtital-0-1-eper-500-g.p-545357
Joghurt italok,https://auchan.hu/shop/parmalat-smoothie-almas-bananos-kivis-zsirszegeny-savanyu-tejkeszitmeny-matcha-teaval-330-g.p-953581
Joghurt italok,https://auchan.hu/shop/parmalat-smoothie-ananaszos-bananos-narancsos-zsirszegeny-savanyu-tejkeszitmeny-kurkumaval-330-g.p-953616
Natúr és görög joghurt,https://auchan.hu/shop/nadudvari-zsirszegeny-elofloras-natur-joghurt-150-g.p-929375
Natúr és görög joghurt,https://auchan.hu/shop/nadudvari-elofloras-natur-joghurt-150-g.p-601847
Natúr és görög joghurt,https://auchan.hu/shop/mizo-natur-joghurt-150-g.p-368242
Natúr és görög joghurt,https://auchan.hu/shop/zott-primo-natur-elofloras-joghurt-150-g.p-703767
Natúr és görög joghurt,https://auchan.hu/shop/szultan-ayran-frissito-ital-joghurttal-250-ml.p-730719
Natúr és görög joghurt,https://auchan.hu/shop/magyar-joghurt-natur-joghurt-300-g.p-733700
Natúr és görög joghurt,https://auchan.hu/shop/kukkonia-dus-feher-natur-joghurt-150-g.p-6330
Natúr és görög joghurt,https://auchan.hu/shop/zilda-natur-joghurt-250-ml.p-851044
Natúr és görög joghurt,https://auchan.hu/shop/bakoma-greek-natur-joghurt-180-g.p-480118
Natúr és görög joghurt,https://auchan.hu/shop/nadudvari-elofloras-natur-joghurt-330-g.p-929374
Natúr és görög joghurt,https://auchan.hu/shop/zott-primo-greek-style-elofloras-zsiros-natur-joghurt-330-g.p-703765
Natúr és görög joghurt,https://auchan.hu/shop/cserpes-sajtmuhely-natur-joghurt-elofloras-250-g.p-400113
Gyümölcs joghurt,https://auchan.hu/shop/zott-jogobella-elofloras-joghurt-150-g.p-12226
Gyümölcs joghurt,https://auchan.hu/shop/zott-jogobella-elofloras-joghurt-150-g.p-160342
Gyümölcs joghurt,https://auchan.hu/shop/zott-jogobella-elofloras-joghurt-150-g.p-484915
Gyümölcs joghurt,https://auchan.hu/shop/zott-jogobella-elofloras-joghurt-150-g.p-87829
Gyümölcs joghurt,https://auchan.hu/shop/zott-jogobella-musli-elofloras-joghurt-muzlivel-200-g.p-230404
Gyümölcs joghurt,https://auchan.hu/shop/zott-jogobella-panna-cotta-elofloras-joghurt-150-g.p-868893
Gyümölcs joghurt,https://auchan.hu/shop/mini-mooore-malnas-joghurt-150-g.p-660086
Gyümölcs joghurt,https://auchan.hu/shop/mini-mooore-epres-joghurt-150-g.p-660124
Gyümölcs joghurt,https://auchan.hu/shop/mini-mooore-kekszes-joghurt-150-g.p-660125
Gyümölcs joghurt,https://auchan.hu/shop/mini-mooore-vanilias-izu-joghurt-150-g.p-660126
Gyümölcs joghurt,https://auchan.hu/shop/nadudvari-fitness-elofloras-reteges-kremjoghurt-erdei-gyumolcsokkel-180-g.p-746925
Gyümölcs joghurt,https://auchan.hu/shop/zott-szivecske-zsirszegeny-joghurt-315-g.p-441958
Light gyümölcsjoghurtok,https://auchan.hu/shop/zott-szivecske-zsirszegeny-joghurt-125-g.p-441955
Light gyümölcsjoghurtok,https://auchan.hu/shop/zott-jogobella-0-elofloras-sovany-joghurt-edesitoszerekkel-150-g.p-847333
Light gyümölcsjoghurtok,https://auchan.hu/shop/zott-jogobella-light-zsirszegeny-joghurt-cukorral-es-edesitoszerrel-150-g.p-160341
Light gyümölcsjoghurtok,https://auchan.hu/shop/zott-jogobella-elofloras-joghurt-hozzaadott-cukor-nelkul-150-g.p-273379
Light gyümölcsjoghurtok,https://auchan.hu/shop/zott-jogobella-joghurt-hozzaadott-cukor-nelkul-150-g.p-423248
Light gyümölcsjoghurtok,https://auchan.hu/shop/danone-yopro-bananos-sovany-joghurt-foldimogyoro-aromaval-edesitoszerekkel-160-g.p-763970
Light gyümölcsjoghurtok,https://auchan.hu/shop/danone-yopro-sovany-joghurt-afonyaval-edesitoszerekkel-magneziummal-es-folsavval-160-g.p-763971
Light gyümölcsjoghurtok,https://auchan.hu/shop/danone-yopro-sovany-joghurt-eperrel-edesitoszerekkel-160-g.p-932977
Light gyümölcsjoghurtok,https://auchan.hu/shop/danone-yopro-sztracsatellaizu-sovany-joghurt-edesitoszerekkel-magneziummal-es-folsavval-160-g.p-763969
Ízesített joghurtok,https://auchan.hu/shop/danone-oikos-elofloras-epres-kremjoghurt-125-g.p-827929
Ízesített joghurtok,https://auchan.hu/shop/zott-jogobella-elofloras-joghurt-150-g.p-929738
Ízesített joghurtok,https://auchan.hu/shop/danone-oikos-edes-kettes-elofloras-edesitett-joghurt-eperszosszal-118-g.p-634905
Ízesített joghurtok,https://auchan.hu/shop/danone-oikos-edes-kettes-elofloras-edesitett-joghurt-meggyszosszal-118-g.p-634904
Ízesített joghurtok,https://auchan.hu/shop/danone-oikos-edes-kettes-elofloras-edesitett-joghurt-piros-gyumolcsos-szosszal-118-g.p-871009
Ízesített joghurtok,https://auchan.hu/shop/landliebe-oszibarackos-maracujas-vagy-szeder-joghurt-150-g.p-785342
Ízesített joghurtok,https://auchan.hu/shop/danone-oikos-edes-kettes-elofloras-edesitett-joghurt-csokoladeval-bevont-kukoricapelyhekkel-102-g.p-871011
Ízesített joghurtok,https://auchan.hu/shop/danone-bananizu-es-erdei-gyumolcsizu-elofloras-zsirszegeny-joghurt-4-x-125-g-500-g.p-86845
Ízesített joghurtok,https://auchan.hu/shop/danone-citromizu-elofloras-zsirszegeny-joghurt-4-x-125-g-500-g.p-87139
Ízesített joghurtok,https://auchan.hu/shop/danone-eperizu-elofloras-zsirszegeny-joghurt-4-x-125-g.p-86846
Ízesített joghurtok,https://auchan.hu/shop/danone-meggyizu-elofloras-zsirszegeny-joghurt-4-x-125-g-500-g.p-86848
Ízesített joghurtok,https://auchan.hu/shop/danone-sargabarackizu-elofloras-zsirszegeny-joghurt-125-g.p-86849
Réteges gyümölcs joghurt,https://auchan.hu/shop/nadudvari-elofloras-epres-zsirszegeny-gyumolcsjoghurt-125-g.p-748240
Réteges gyümölcs joghurt,https://auchan.hu/shop/zott-jogobella-elofloras-zsiros-mascarpone-izu-joghurt-150-g.p-836784
Réteges gyümölcs joghurt,https://auchan.hu/shop/nadudvari-reteges-elofloras-kremjoghurt-afonyaval-180-g.p-656803
Réteges gyümölcs joghurt,https://auchan.hu/shop/nadudvari-reteges-elofloras-kremjoghurt-erdei-gyumolcsokkel-180-g.p-656804
Réteges gyümölcs joghurt,https://auchan.hu/shop/nadudvari-reteges-elofloras-kremjoghurt-kajszibarackkal-180-g.p-656802
Réteges gyümölcs joghurt,https://auchan.hu/shop/zilda-epres-joghurt-250-ml.p-850975
Réteges gyümölcs joghurt,https://auchan.hu/shop/zilda-meggyes-joghurt-250-ml.p-851042
Réteges gyümölcs joghurt,https://auchan.hu/shop/zilda-sult-almas-joghurt-250-ml.p-851043
Réteges gyümölcs joghurt,https://auchan.hu/shop/cserpes-sajtmuhely-malnas-elofloras-joghurt-250-g.p-400117
Réteges gyümölcs joghurt,https://auchan.hu/shop/auchan-kedvenc-gazdatol-az-asztalig-meggyes-reteges-joghurt-200-g.p-969957
Réteges gyümölcs joghurt,https://auchan.hu/shop/cserpes-sajtmuhely-epres-joghurt-elofloras-250-g.p-400116
Réteges gyümölcs joghurt,https://auchan.hu/shop/cserpes-sajtmuhely-erdei-gyumolcsos-elofloras-joghurt-250-g.p-400115
Félzsíros túró,https://auchan.hu/shop/auchan-kedvenc-felzsiros-tehenturo-250-g.p-248242
Félzsíros túró,https://auchan.hu/shop/abauj-turo-250-g.p-550691
Félzsíros túró,https://auchan.hu/shop/nadudvari-felzsiros-turo-250-g.p-477010
Félzsíros túró,https://auchan.hu/shop/auchan-kedvenc-felzsiros-rogos-turo-500-g.p-616671
Félzsíros túró,https://auchan.hu/shop/milli-felzsiros-rogos-turo-250-g.p-730377
Félzsíros túró,https://auchan.hu/shop/garaboncias-leveles-tehenturo-250-g.p-926845
Félzsíros túró,https://auchan.hu/shop/jasztej-felzsiros-tehenturo-450-g.p-656389
Félzsíros túró,https://auchan.hu/shop/milli-felzsiros-rogos-turo-450-g.p-831623
Félzsíros túró,https://auchan.hu/shop/nadudvari-felzsiros-tehenturo-450-g.p-477015
"Zsírszegény, sovány túró",https://auchan.hu/shop/real-nature-zsirszegeny-etkezesi-tehenturo-250-g.p-494841
"Zsírszegény, sovány túró",https://auchan.hu/shop/nadudvari-fitness-sovany-turo-250-g.p-270081
"Zsírszegény, sovány túró",https://auchan.hu/shop/nadudvari-zsirszegeny-turo-250-g.p-477014
Juh és kecsketúró,https://auchan.hu/shop/hajdu-juhturo-100-g.p-233712
Juh és kecsketúró,https://auchan.hu/shop/bryndza-lagy-zsiros-sajt-juh-es-tehentejbol-125-g.p-179544
Juh és kecsketúró,https://auchan.hu/shop/garaboncias-natur-juhturo-200-g.p-89269
Juh és kecsketúró,https://auchan.hu/shop/erdelyi-tomlos-felzsiros-gomolyaturo-250-g.p-216580
Juh és kecsketúró,https://auchan.hu/shop/kisteleki-juhturo-200-g.p-56044
Cottage cheese,https://auchan.hu/shop/szarvasi-ricotta-savosajt-250-g.p-221325
Cottage cheese,https://auchan.hu/shop/cheeseland-natur-zsirszegeny-cottage-cheese-150-g.p-896238
Cottage cheese,https://auchan.hu/shop/president-kenheto-krem-friss-sajttal-es-tejszinnel-180-g.p-764298
Növényi krém,https://auchan.hu/shop/hulala-napraforgoolajbol-keszult-uht-fozokrem-200-g.p-541846
Növényi krém,https://auchan.hu/shop/meggle-cukraszhab-uht-edesitett-habalap-200-ml.p-855282
Növényi krém,https://auchan.hu/shop/hulala-novenyi-zsir-es-olajalapu-edesitett-uht-habkeszitmeny-200-ml.p-98492
Növényi krém,https://auchan.hu/shop/the-bridge-uht-glutenmentes-bio-rizskrem-fozeshez-200-ml.p-900472
Növényi krém,https://auchan.hu/shop/the-bridge-uht-glutenmentes-bio-kokusz-fozotejszin-200-ml.p-423218
Növényi krém,https://auchan.hu/shop/meggle-uht-cukraszhab-500-ml.p-425142
Növényi krém,https://auchan.hu/shop/ecomil-bio-mandula-fozoalap-200-ml.p-87919
Növényi krém,https://auchan.hu/shop/hulala-novenyi-zsir-es-olajalapu-edesitett-uht-habkeszitmeny-500-ml.p-76914
Növényi krém,https://auchan.hu/shop/hulala-novenyi-zsir-es-olajalapu-edesitett-uht-habkeszitmeny-1000-ml.p-11106
Sűrített tej,https://auchan.hu/shop/mleko-suritett-tej-150-g.p-6432
Sűrített tej,https://auchan.hu/shop/maresi-light-reszben-folozott-hokezelt-tejkeszitmeny-250-g.p-12670
Sűrített tej,https://auchan.hu/shop/maresi-original-suritett-tej-7-5-250-g.p-12680
Sűrített tej,https://auchan.hu/shop/maresi-original-500-g.p-203689
"Habtejszín, kávétejszín",https://auchan.hu/shop/meggle-uht-teljes-tej-kavehoz-10-x-7-5-g.p-532977
"Habtejszín, kávétejszín",https://auchan.hu/shop/zott-ultrapasztorozott-kavetejszin-10-x-10-g-100-g.p-382582
"Habtejszín, kávétejszín",https://auchan.hu/shop/nanna-kavetejszin-10-x-10-g.p-572142
"Habtejszín, kávétejszín",https://auchan.hu/shop/milram-irish-cream-izesitesu-kavetejszin-10-10-x-14-g.p-482587
"Habtejszín, kávétejszín",https://auchan.hu/shop/kukkonia-uht-10-kavetejszin-30x10-ml.p-6656
"Habtejszín, kávétejszín",https://auchan.hu/shop/meggle-uht-habtejszin-30-200-ml.p-532976
"Habtejszín, kávétejszín",https://auchan.hu/shop/milli-uht-habtejszin-30-250-ml.p-364531
"Habtejszín, kávétejszín",https://auchan.hu/shop/meggle-creme-decor-uht-cukrozott-novenyi-zsir-alapu-keszitmeny-hab-keszitesehez-500-ml.p-144157
"Habtejszín, kávétejszín",https://auchan.hu/shop/president-professionnel-31-os-uht-habtejszin-1-l.p-949347
Habspray,https://auchan.hu/shop/auchan-tipp-habspray-250-g-241-ml.p-691085
Habspray,https://auchan.hu/shop/nanna-habspray-241-ml.p-810766
Habspray,https://auchan.hu/shop/completa-light-uht-cukrozott-tejszin-spray-18-250-ml.p-138273
Habspray,https://auchan.hu/shop/completa-original-uht-cukrozott-tejszin-spray-26-250-ml.p-138272
Habspray,https://auchan.hu/shop/milli-professzionalis-uht-tejszinhab-spray-513-g.p-799194
Habspray,https://auchan.hu/shop/hulala-gran-dessert-habspray-724-g.p-985435
Főzőtejszín,https://auchan.hu/shop/meggle-uht-fozotejszin-10-200-ml.p-532974
Főzőtejszín,https://auchan.hu/shop/magyar-fozotejszin-180-ml.p-583064
Főzőtejszín,https://auchan.hu/shop/meggle-uht-fozotejszin-20-200-ml.p-594952
Főzőtejszín,https://auchan.hu/shop/parmalat-chef-uht-fozotejszin-20-200-g.p-9420
Főzőtejszín,https://auchan.hu/shop/meggle-uht-fozotejszin-10-500-ml.p-206430
Főzőtejszín,https://auchan.hu/shop/mizo-uht-fozotejszin-20-200-ml.p-615905
Főzőtejszín,https://auchan.hu/shop/milli-uht-fozotejszin-20-2-x-200-ml.p-427476
Főzőtejszín,https://auchan.hu/shop/meggle-uht-fozotejszin-20-500-ml.p-491725
Hűtött snack,https://auchan.hu/shop/zott-monte-snack-tejes-csokolades-mogyoros-kremmel-toltott-sutemeny-29-g.p-785795
Hűtött snack,https://auchan.hu/shop/kinder-milk-slice-oszibarack-maracuja-28-g.p-30026
Hűtött snack,https://auchan.hu/shop/kinder-tejszelet-tejes-kremmel-toltott-sutemeny-28-g.p-50785
Hűtött snack,https://auchan.hu/shop/pottyos-tejsuti-tejes-kremmel-toltott-kakaos-piskota-csokolade-bevonattal-28-g.p-69607
Hűtött snack,https://auchan.hu/shop/pottyos-tejsuti-tejes-kremmel-toltott-kakaos-piskota-hozzaadott-cukor-nelkul-edesitoszerekkel-20-g.p-736894
Hűtött snack,https://auchan.hu/shop/kinder-pingui-cacao-tejes-es-kakaos-kremmel-toltott-sutemeny-etcsokolade-bevonattal-30-g.p-50786
Hűtött snack,https://auchan.hu/shop/kinder-pingui-tropical-coco-csokoladeval-bevont-tejes-es-kokuszos-kremmel-toltott-sutemeny-30-g.p-503417
Hűtött snack,https://auchan.hu/shop/kinder-paradiso-piskotadesszert-tejes-kremmel-toltve-citrom-izesitessel-29-g.p-201913
Hűtött snack,https://auchan.hu/shop/maroni-gesztenye-marci-gesztenyerud-kakaos-bevonomasszaval-martva-epres-toltelekkel-51-g.p-627898
Hűtött snack,https://auchan.hu/shop/maroni-gesztenye-marci-gesztenyerud-kakaos-bevonomasszaval-martva-malnas-toltelekkel-51-g.p-627899
Hűtött snack,https://auchan.hu/shop/minions-choco-bananas-hutott-tej-snack-27-g.p-616022
Hűtött snack,https://auchan.hu/shop/pottyos-guru-0-turodesszert-kakaos-etbevonattal-citromos-kremtoltelekkel-30-g.p-807519
Gyerek desszertek,https://auchan.hu/shop/zott-monte-uht-csokolades-mogyoros-tejalapu-desszert-kakaos-drazseval-70-g.p-746249
Gyerek desszertek,https://auchan.hu/shop/zott-monte-choko-flakes-vagy-waffle-sticks-csokolades-mogyoros-tejdesszert-125-g.p-879131
Gyerek desszertek,https://auchan.hu/shop/zott-monte-csokolades-mogyoros-tejdesszert-125-g.p-267255
Gyerek desszertek,https://auchan.hu/shop/zott-monte-csokolades-mogyoros-tejdesszert-150-g.p-580303
Gyerek desszertek,https://auchan.hu/shop/zott-monte-white-tejdesszert-150-g.p-84500
Gyerek desszertek,https://auchan.hu/shop/muller-mix-joghurt-tej-es-feher-csokoladeval-bevont-kakao-es-tejkremes-ostya-parnacskaval-130-g.p-148484
Gyerek desszertek,https://auchan.hu/shop/muller-mix-makadamia-dio-izesitesu-joghurt-csokoladeval-bevont-gabona-keszitmennyel-130-g.p-148483
Gyerek desszertek,https://auchan.hu/shop/muller-mix-vanilia-izesitesu-joghurt-csokoladeval-bevont-puffasztott-rizsgolyokkal-130-g.p-148481
Gyerek desszertek,https://auchan.hu/shop/dr-oetker-paula-csokoladeizu-puding-vaniliaizu-foltokkal-2-x-100-g-200-g.p-734360
Gyerek desszertek,https://auchan.hu/shop/dr-oetker-paula-vaniliaizu-puding-csokoladeizu-foltokkal-2-x-100-g-200-g.p-734359
Gyerek desszertek,https://auchan.hu/shop/zott-monte-csokolades-mogyoros-tejdesszert-4-x-55-g-220-g.p-429806
Gyerek desszertek,https://auchan.hu/shop/zott-monte-csokolades-mogyoros-tejdesszert-4-x-55-g-220-g.p-369277
Puding,https://auchan.hu/shop/zott-monte-csokolades-mogyoros-tejdesszert-30-cukorral-150-g.p-459259
Puding,https://auchan.hu/shop/landliebe-natur-grizpuding-150-g.p-819084
Puding,https://auchan.hu/shop/zott-protein-kakaos-puding-edesitoszerekkel-200-g.p-675460
Puding,https://auchan.hu/shop/zott-protein-karamell-puding-edesitoszerekkel-200-g.p-737962
Puding,https://auchan.hu/shop/zott-protein-vanilia-puding-edesitoszerekkel-200-g.p-675459
Puding,https://auchan.hu/shop/zott-szivecske-kakaos-puding-vaniliaizu-ontettel-4-x-125-g.p-381652
Puding,https://auchan.hu/shop/zott-szivecske-vaniliaizu-puding-kakaos-ontettel-4-x-125-g.p-381651
Puding,https://auchan.hu/shop/auchan-kedvenc-krem-tejdesszert-csokolade-izu-4-125-g.p-523348
Puding,https://auchan.hu/shop/dr-oetker-grizpuding-eper-180-g.p-33276
Puding,https://auchan.hu/shop/dr-oetker-magas-feherjetartalmu-grizpuding-edesitoszerekkel-200-g.p-647050
Puding,https://auchan.hu/shop/danone-yopro-csokolade-es-mogyoroizu-tejdesszert-edesitoszerrel-magneziummal-es-folsavval-180-g.p-759988
Puding,https://auchan.hu/shop/danone-yopro-vaniliaizu-tejdesszert-edesitoszerrel-magneziummal-es-folsavval-180-g.p-760141
Túró desszert,https://auchan.hu/shop/auchan-tipp-natur-rudi-kakaos-desszert-rud-etbevonattal-23-g.p-815524
Túró desszert,https://auchan.hu/shop/placcs-turodesszert-natur-30-g.p-720339
Túró desszert,https://auchan.hu/shop/cserpes-sajtmuhely-trudi-felzsiros-turodesszert-kakaos-etbevonattal-30-g.p-400124
Túró desszert,https://auchan.hu/shop/mizo-turo-rudi-natur-tejcsokolade-bevonattal-51-g.p-20933
Túró desszert,https://auchan.hu/shop/pottyos-turo-rudi-desszertkeszitmeny-kakaos-etbevonattal-epres-toltelekkel-30-g.p-5006
Túró desszert,https://auchan.hu/shop/pottyos-turo-rudi-natur-turodesszert-30-g.p-5015
Túró desszert,https://auchan.hu/shop/pottyos-turo-rudi-natur-turodesszert-tejes-bevonattal-30-g.p-200697
Túró desszert,https://auchan.hu/shop/mizo-turo-rudi-natur-turodesszert-tejcsokolade-bevonattal-2-x-15-g-30-g.p-678644
Túró desszert,https://auchan.hu/shop/pottyos-orias-turo-rudi-desszertkeszitmeny-kakaos-tejbevonattal-kokusszal-51g.p-410410
Túró desszert,https://auchan.hu/shop/pottyos-orias-turo-rudi-natur-turodesszert-kakaos-etbevonattal-51-g.p-72494
Túró desszert,https://auchan.hu/shop/pottyos-orias-turo-rudi-natur-turodesszert-tejbevonoval-51-g.p-335722
Túró desszert,https://auchan.hu/shop/pottyos-turo-rudi-brownie-izu-turodesszert-kakaos-etbevonattal-edesitoszerekkel-35-g.p-742473
Krémtúró,https://auchan.hu/shop/auchan-kedvenc-kekszes-kremturo-90-g.p-689568
Krémtúró,https://auchan.hu/shop/auchan-kedvenc-vanilias-kremturo-90-g.p-689569
Krémtúró,https://auchan.hu/shop/milli-epres-kremturo-90-g.p-993454
Krémtúró,https://auchan.hu/shop/milli-kremturo-lagy-kekszdarabokkal-90-g.p-580349
Krémtúró,https://auchan.hu/shop/milli-kremturo-malnas-sajtortas-0-90-g.p-19001
Krémtúró,https://auchan.hu/shop/milli-meggyes-makos-retes-izu-kremturo-90-g.p-787314
Krémtúró,https://auchan.hu/shop/milli-vanilias-kremturo-90-g.p-580346
Krémtúró,https://auchan.hu/shop/milli-vanilias-kremturo-hozzaadott-cukor-nelkul-edesitoszerekkel-90-g.p-547971
Krémtúró,https://auchan.hu/shop/milli-vanilias-mazsolas-kremturo-90-g.p-580347
Krémtúró,https://auchan.hu/shop/danone-oikos-vaniliaizu-kremturo-130-g.p-716661
Krémtúró,https://auchan.hu/shop/milli-xxl-kremturo-lagy-kekszdarabokkal-150-g.p-657088
Krémtúró,https://auchan.hu/shop/milli-xxl-vanilias-kremturo-150-g.p-659701
Tejberizs,https://auchan.hu/shop/milkland-tejberizs-vegyes-izek-150-g.p-660009
Tejberizs,https://auchan.hu/shop/zott-belriso-tejberizs-200-g.p-916308
Tejberizs,https://auchan.hu/shop/zott-belriso-tejberizs-200-g.p-916309
Tejberizs,https://auchan.hu/shop/muller-riso-tejberizs-desszert-korte-keszitmennyel-175-g.p-690948
Tejberizs,https://auchan.hu/shop/muller-riso-tejberizs-desszert-meggy-keszitmennyel-200-g.p-67937
Tejberizs,https://auchan.hu/shop/muller-riso-tejberizs-desszert-csokolade-izu-keszitmennyel-200-g.p-15311
Tejberizs,https://auchan.hu/shop/muller-riso-tejberizs-desszert-eper-keszitmennyel-200-g.p-98425
Tejberizs,https://auchan.hu/shop/muller-riso-tejberizs-desszert-fahej-keszitmennyel-200-g.p-67938
Tejberizs,https://auchan.hu/shop/muller-riso-tejberizs-desszert-pisztacia-izu-keszitmennyel-200-g.p-813788
Tejberizs,https://auchan.hu/shop/muller-riso-tejberizs-desszert-vanilia-izu-keszitmennyel-200-g.p-67941
Tejberizs,https://auchan.hu/shop/muller-riso-zero-classic-tejberizs-desszert-edesitoszerekkel-200-g.p-293898
Tejberizs,https://auchan.hu/shop/muller-riso-protein-tejberizs-desszert-edesitoszerekkel-180-g.p-470391
Sütemények,https://auchan.hu/shop/mazsi-tiramisu-180-g.p-435367
Sütemények,https://auchan.hu/shop/mazsi-profiteroles-habkremmel-toltott-fankocskak-kakaos-ontettel-220-g.p-402808
Sütemények,https://auchan.hu/shop/mazsi-feketeerdo-desszert-220-g.p-402810
Sütemények,https://auchan.hu/shop/mazsi-zero-somloi-galuska-200-g.p-802639
Sütemények,https://auchan.hu/shop/mazsi-somloi-galuska-260-g.p-402802
Egyéb sütemények,https://auchan.hu/shop/mazsi-somloi-galuska-900-g.p-32909
Habosított desszert,https://auchan.hu/shop/danone-oikos-habdesszert-habositott-tejtermek-afonyas-ontettel-125-g.p-545442
Habosított desszert,https://auchan.hu/shop/danone-oikos-habdesszert-habositott-tejtermek-epres-ontettel-125-g.p-545255
Habosított desszert,https://auchan.hu/shop/auchan-kedvenc-liegeois-kave-izu-tejdesszert-tejszinhabbal-4-x-100-g.p-842376
Habosított desszert,https://auchan.hu/shop/auchan-kedvenc-liegeois-vanilia-izu-tejszines-desszert-karamella-ontettel-4-x-100-g.p-558603
Habos puding,https://auchan.hu/shop/zott-liegeois-epres-tejszinhabos-puding-175-g.p-948180
Habos puding,https://auchan.hu/shop/zott-liegeois-kakaos-tejszinhabos-puding-175-g.p-12952
Habos puding,https://auchan.hu/shop/zott-liegeois-vaniliaizu-tejszinhabos-puding-175-g.p-12953
Habos puding,https://auchan.hu/shop/zott-cremore-duo-csokolades-desszert-kakaos-tejszinhabbal-190-g.p-278627
Habos puding,https://auchan.hu/shop/zott-cremore-duo-csokolades-desszert-tejszinhabbal-190-g.p-272818
Habos puding,https://auchan.hu/shop/zott-cremore-duo-kaves-desszert-kave-izu-tejszinhabbal-190-g.p-636658
Habos puding,https://auchan.hu/shop/zott-cremore-duo-vanilia-desszert-tejszinhabbal-190-g.p-278626
Habos puding,https://auchan.hu/shop/zott-monte-csokolades-mogyoros-tejalapu-desszert-gabonagolyokkal-70-g.p-858239
Habos puding,https://auchan.hu/shop/ehrmann-grand-desszert-dupla-csokolades-190-g.p-719319
Habos puding,https://auchan.hu/shop/auchan-kedvenc-liegeois-csokolade-izu-tejdesszert-tejszinhabbal-4-x-100-g.p-842377
Habos puding,https://auchan.hu/shop/auchan-kedvenc-liegeois-vanilia-izu-tejdesszert-tejszinhabbal-4-x-80-g.p-842375
Egyéb desszertek,https://auchan.hu/shop/danone-danette-csokoladeizu-es-tejkremes-ketretegu-puding-4-x-70-g.p-89448
Egyéb desszertek,https://auchan.hu/shop/mazsi-profiterol-kakaos-kremmel-toltott-fankocskak-habkremben-220-g.p-402805
Egyéb desszertek,https://auchan.hu/shop/auchan-kedvenc-krem-desszert-vanilias-4x125-g.p-894348
Egyéb desszertek,https://auchan.hu/shop/auchan-kedvenc-krem-dresszert-karamell-4-x-125-g.p-894349
Egyéb desszertek,https://auchan.hu/shop/zott-protein-uht-kakaos-desszert-edesitoszerekkel-200-g.p-892984
Egyéb desszertek,https://auchan.hu/shop/auchan-kedvenc-csokolade-vanilia-karamell-izu-kremdesszert-12x125-g.p-842374
Egyéb desszertek,https://auchan.hu/shop/danone-yopro-karamellizu-tejdesszert-edesitoszerrel-magneziummal-es-folsavval-180-g.p-915059
Egyéb desszertek,https://auchan.hu/shop/dr-oetker-feherjeben-gazdag-csokoladeizu-mousse-edesitoszerekkel-200-g.p-31619
"Csészés, kenhető margarin",https://auchan.hu/shop/auchan-tipp-margarin-25-zsirtartalmu-500-g.p-823651
"Csészés, kenhető margarin",https://auchan.hu/shop/delma-sandwich-20-zsirtartalmu-margarin-225-g.p-785584
"Csészés, kenhető margarin",https://auchan.hu/shop/bords-eve-enyhen-sozott-csokkentett-zsirtartalmu-margarin-250-g.p-307350
"Csészés, kenhető margarin",https://auchan.hu/shop/venusz-light-multivitamin-40-zsirtartalmu-margarin-450-g.p-782368
"Csészés, kenhető margarin",https://auchan.hu/shop/venusz-light-sos-32-zsirtartalmu-margarin-450-g.p-782371
"Csészés, kenhető margarin",https://auchan.hu/shop/venusz-light-vajizu-32-zsirtartalmu-margarin-450-g.p-782370
"Csészés, kenhető margarin",https://auchan.hu/shop/delma-sandwich-20-zsirtartalmu-margarin-450-g.p-690416
"Csészés, kenhető margarin",https://auchan.hu/shop/bords-eve-natur-csokkentett-zsirtartalmu-margarin-500-g.p-471086
"Csészés, kenhető margarin",https://auchan.hu/shop/venusz-jodozott-sos-55-zsirtartalmu-margarin-450-g.p-565772
"Csészés, kenhető margarin",https://auchan.hu/shop/venusz-klasszik-55-zsirtartalmu-margarin-450-g.p-894852
"Csészés, kenhető margarin",https://auchan.hu/shop/liga-kenomargarin-450-g.p-720348
"Csészés, kenhető margarin",https://auchan.hu/shop/flora-gold-margarin-400-g.p-829166
Vaj,https://auchan.hu/shop/meggle-markazott-vaj-20-g.p-206395
Vaj,https://auchan.hu/shop/kukkonia-vaj-100-g.p-3056
Vaj,https://auchan.hu/shop/mizo-enyhen-sozott-csokkentett-zsirtartalmu-vaj-100-g.p-674753
Vaj,https://auchan.hu/shop/magyar-vaj-teavaj-100-g.p-482779
Vaj,https://auchan.hu/shop/mizo-vaj-82-100-g.p-98998
Vaj,https://auchan.hu/shop/kukkonia-vaj-250-g.p-3094
Vaj,https://auchan.hu/shop/rochefort-belga-vaj-100-g.p-540888
Vaj,https://auchan.hu/shop/nika-termizalt-bryndzakrem-sajttal-es-metelohagymaval-130-g.p-925335
Vaj,https://auchan.hu/shop/rama-79-zsirtartalmu-margarin-200-g.p-692263
Vaj,https://auchan.hu/shop/rama-culinesse-novenyi-zsirok-es-olajok-folyekony-kevereke-suteshez-es-fozeshez-500-ml.p-894910
Vaj,https://auchan.hu/shop/auchan-kedvenc-vaj-80-200-g.p-44210
Vaj,https://auchan.hu/shop/magyar-vaj-teavaj-200-g.p-898034
Vajkrém,https://auchan.hu/shop/mizo-csokkentett-zsirtartalmu-vaj-100-g.p-675395
Vajkrém,https://auchan.hu/shop/camping-vajkrem-natur-150-g.p-982813
Vajkrém,https://auchan.hu/shop/auchan-kedvenc-magyaros-vajkrem-250-g.p-176381
Vajkrém,https://auchan.hu/shop/auchan-kedvenc-marvanysajtos-vajkrem-250-g.p-176382
Vajkrém,https://auchan.hu/shop/auchan-kedvenc-natur-vajkrem-kenheto-felzsiros-40-250-g.p-176379
Vajkrém,https://auchan.hu/shop/auchan-kedvenc-zoldfuszeres-vajkrem-250-g.p-176380
Vajkrém,https://auchan.hu/shop/milli-fokhagymas-zoldfuszeres-szendvicskrem-200-g.p-567478
Vajkrém,https://auchan.hu/shop/milli-fustolt-sajtos-szendvicskrem-200-g.p-114026
Vajkrém,https://auchan.hu/shop/milli-marvanysajtos-szendvicskrem-200.p-567472
Vajkrém,https://auchan.hu/shop/nadudvari-e-mentes-magyaros-vajkrem-180-g.p-898159
Vajkrém,https://auchan.hu/shop/nadudvari-e-mentes-natur-vajkrem-180-g.p-828407
Vajkrém,https://auchan.hu/shop/nadudvari-e-mentes-snidlinges-vajkrem-180-g.p-828408
Kőrözött,https://auchan.hu/shop/nadudvari-csipos-korozott-135-g.p-694077
Kőrözött,https://auchan.hu/shop/nadudvari-hazias-korozott-135-g.p-694316
Kőrözött,https://auchan.hu/shop/nadudvari-metelohagymas-korozott-135-g.p-694076
Sütőmargarin,https://auchan.hu/shop/venusz-natur-sutomargarin-70-zsirtartalmu-margarin-250-g.p-565773
Sütőmargarin,https://auchan.hu/shop/liga-laktozmentes-csokkentett-zsirtartalmu-margarin-250-g.p-506696
Sütőmargarin,https://auchan.hu/shop/rama-buttery-taste-70-zsirtartalmu-margarin-250-g.p-752652
Sütőmargarin,https://auchan.hu/shop/rama-70-zsirtartalmu-margarin-500-g.p-2919
Növényi italok,https://auchan.hu/shop/joya-zab-0-cukor-uht-1-l.p-309151
Növényi italok,https://auchan.hu/shop/joya-barista-kremes-szojaital-uht-1-l.p-227554
Növényi italok,https://auchan.hu/shop/alpro-csokoladeizu-szojaital-hozzaadott-kalciummal-es-vitaminokkal-1-l.p-369319
Növényi italok,https://auchan.hu/shop/alpro-cukormentes-kokuszital-hozzaadott-kalciummal-es-vitaminokkal-1-l.p-223848
Növényi italok,https://auchan.hu/shop/alpro-cukormentes-mandulaital-hozzaadott-kalciummal-es-vitaminokkal-1-l.p-993809
Növényi italok,https://auchan.hu/shop/alpro-cukormentes-zabital-hozzaadott-kalciummal-es-vitaminokkal-1-l.p-223849
"Növényi joghurtok, italok",https://auchan.hu/shop/alpro-fermentalt-kokuszkeszitmeny-120-g.p-410443
"Növényi joghurtok, italok",https://auchan.hu/shop/alpro-fermentalt-kokuszkeszitmeny-malnaval-120-g.p-410464
"Növényi joghurtok, italok",https://auchan.hu/shop/alpro-fermentalt-szojakeszitmeny-eperrel-hozzaadott-kalciummal-es-vitaminokkal-150-g.p-245948
"Növényi joghurtok, italok",https://auchan.hu/shop/alpro-fermentalt-szojakeszitmeny-kekafonyas-hozzaadott-kalciummal-es-vitaminokkal-150-g.p-89245
"Növényi joghurtok, italok",https://auchan.hu/shop/alpro-fermentalt-szojakeszitmeny-vorosafonyas-malnas-hozzaadott-kalciummal-es-vitaminokkal-150-g.p-89246
"Növényi joghurtok, italok",https://auchan.hu/shop/alpro-oszibarackos-fermentalt-szojakeszitmeny-hozzaadott-kalciummal-es-vitaminokkal-150-g.p-89255
"Növényi joghurtok, italok",https://auchan.hu/shop/alpro-fermentalt-szojakeszitmeny-eperrel-cseresznyevel-datolyaval-135-g.p-635893
"Növényi joghurtok, italok",https://auchan.hu/shop/alpro-fermentalt-szojakeszitmeny-mangoval-hozzaadott-kalciummal-es-vitaminokkal-135-g.p-635892
Desszertek,https://auchan.hu/shop/alpro-vanilia-izu-szojadesszert-125-g.p-561846
Desszertek,https://auchan.hu/shop/alpro-fermentalt-kokuszkeszitmeny-csokoladedarabokkal-120-g.p-635894
"Főzőkrém, tejföl",https://auchan.hu/shop/fino-vegajo-vegafol-novenyi-alapu-keszitmeny-150-g.p-519346
"Főzőkrém, tejföl",https://auchan.hu/shop/meggle-uht-fozokrem-novenyi-zsirral-15-200-ml.p-340585
"Főzőkrém, tejföl",https://auchan.hu/shop/dr-oetker-creme-vega-vegan-laktozmentes-novenyi-krem-suteshez-es-fozeshez-150-g.p-184735
"Főzőkrém, tejföl",https://auchan.hu/shop/alpro-rizs-fozokrem-250-ml.p-873423
"Főzőkrém, tejföl",https://auchan.hu/shop/alpro-szojakeszitmeny-habkesziteshez-250-ml.p-518270
"Vaj, szendvicskrém",https://auchan.hu/shop/rama-novenyi-alapu-vajalternativa-natur-250-g.p-693086
"Vaj, szendvicskrém",https://auchan.hu/shop/veganchef-vegan-cheddar-izu-szendvicskrem-150-g.p-495423
"Vaj, szendvicskrém",https://auchan.hu/shop/veganchef-vegan-natur-szendvicskrem-150-g.p-495421
"Vaj, szendvicskrém",https://auchan.hu/shop/violife-creamy-original-kenheto-keszitmeny-150-g.p-274936
"Speciális, vegán sajt",https://auchan.hu/shop/veganchef-cheddar-izesitesu-vegan-tomb-200-g.p-552992
Bio zöldség,https://auchan.hu/shop/bio-uborka.p-903514
Bio gyümölcs,https://auchan.hu/shop/bio-citrom-400-g.p-578023
"Alma, körte",https://auchan.hu/shop/idared-alma-ledig.p-7106
"Alma, körte",https://auchan.hu/shop/jonagold-alma-ledig.p-22222
"Alma, körte",https://auchan.hu/shop/red-prince-alma-ledig.p-838673
"Alma, körte",https://auchan.hu/shop/golden-alma-ledig.p-7108
"Alma, körte",https://auchan.hu/shop/royal-gala-alma-ledig.p-24448
"Alma, körte",https://auchan.hu/shop/korte-1-kg.p-44815
"Alma, körte",https://auchan.hu/shop/granny-smith-alma-ledig.p-24455
Banán és egzotikumok,https://auchan.hu/shop/szajerett-avokado-ft-db.p-2909
Banán és egzotikumok,https://auchan.hu/shop/granatalma.p-500056
Banán és egzotikumok,https://auchan.hu/shop/banan-ledig.p-7123
Banán és egzotikumok,https://auchan.hu/shop/mango-szajerett-ft-db.p-21761
Banán és egzotikumok,https://auchan.hu/shop/piros-grapefruit-ledig.p-44647
Banán és egzotikumok,https://auchan.hu/shop/ananasz-ledig.p-199600
Banán és egzotikumok,https://auchan.hu/shop/avokado-700-g.p-694321
Banán és egzotikumok,https://auchan.hu/shop/gyomber-ledig.p-767083
Citrusfélék és kiwi,https://auchan.hu/shop/lime-ft-db.p-288915
Citrusfélék és kiwi,https://auchan.hu/shop/narancs-1-kg.p-278867
Citrusfélék és kiwi,https://auchan.hu/shop/lime-300-g.p-573615
Citrusfélék és kiwi,https://auchan.hu/shop/auchan-kedvenc-facsarni-valo-citrom-1-kg.p-675024
Szőlő és bogyós gyümölcsök,https://auchan.hu/shop/szolo-feher-magnelkuli-500-g.p-474087
Szőlő és bogyós gyümölcsök,https://auchan.hu/shop/auchan-kedvenc-afonya-125-g.p-764051
Szőlő és bogyós gyümölcsök,https://auchan.hu/shop/szolo-rose-magnelkuli-500g.p-474090
Szőlő és bogyós gyümölcsök,https://auchan.hu/shop/an-malna-125g.p-764048
Szőlő és bogyós gyümölcsök,https://auchan.hu/shop/afonya-500-g.p-994661
Szőlő és bogyós gyümölcsök,https://auchan.hu/shop/auchan-kedvenc-afonya-500-g.p-764049
Szőlő és bogyós gyümölcsök,https://auchan.hu/shop/foldieper-talkas-500-g.p-149692
Dinnye,https://auchan.hu/shop/gorogdinnye-ledig.p-7130
Dinnye,https://auchan.hu/shop/gorogdinnye-magszegeny-ledig.p-221186
Dinnye,https://auchan.hu/shop/sargadinnye-ledig.p-7132
Dinnye,https://auchan.hu/shop/mezdinnye-ledig.p-269265
Dinnye,https://auchan.hu/shop/sargadinnye-piel-de-sapo-ledig.p-344063
Szezonális gyümölcsök,https://auchan.hu/shop/sarga-husu-nektarin-ledig.p-42191
Szezonális gyümölcsök,https://auchan.hu/shop/nektarin-sarga-husu-1-kg.p-344990
Szezonális gyümölcsök,https://auchan.hu/shop/sargabarack-ledig.p-7154
Szezonális gyümölcsök,https://auchan.hu/shop/oszibarack-sarga-husu-1-kg.p-344976
Szezonális gyümölcsök,https://auchan.hu/shop/sargabarack-1-kg.p-122498
Szezonális gyümölcsök,https://auchan.hu/shop/porkolt-foldimogyoro-ledig.p-889195
Burgonya,https://auchan.hu/shop/uj-piros-parazs-burgonya-1-kg.p-180099
Burgonya,https://auchan.hu/shop/piros-ujburgonya-ledig.p-6921
Burgonya,https://auchan.hu/shop/edes-burgonya-ledig.p-24419
Burgonya,https://auchan.hu/shop/sarga-ujburgonya-d-pack-2-5-kg.p-730691
Burgonya,https://auchan.hu/shop/piros-ujburgonya-d-pack-2-5-kg.p-730693
Burgonya,https://auchan.hu/shop/piros-ujburgonya-5-kg.p-730832
"Brokkoli, káposzta, karfiol",https://auchan.hu/shop/uj-fejes-kaposzta-ledig.p-58962
"Brokkoli, káposzta, karfiol",https://auchan.hu/shop/voros-kaposzta-ledig.p-6923
"Brokkoli, káposzta, karfiol",https://auchan.hu/shop/uj-kelkaposzta-ledig.p-903436
"Brokkoli, káposzta, karfiol",https://auchan.hu/shop/brokkoli-500-g.p-149701
"Brokkoli, káposzta, karfiol",https://auchan.hu/shop/karfiol-ft-db.p-500093
"Paradicsom, paprika",https://auchan.hu/shop/hegyes-eros-paprika.p-498621
"Paradicsom, paprika",https://auchan.hu/shop/chili-mix-75-g.p-569390
"Paradicsom, paprika",https://auchan.hu/shop/etkezesi-feher-paprika-500-g.p-22294
"Paradicsom, paprika",https://auchan.hu/shop/magyar-koktelparadicsom-250-g.p-464313
"Paradicsom, paprika",https://auchan.hu/shop/lecsopaprika-750-g.p-465854
"Paradicsom, paprika",https://auchan.hu/shop/gazdatol-az-asztalig-felegyhazi-paradicsom-ledig.p-465857
"Paradicsom, paprika",https://auchan.hu/shop/koktel-szilva-furtos-paradicsom-500-g.p-223801
"Paradicsom, paprika",https://auchan.hu/shop/gazdatol-az-asztalig-furtos-paradicsom-700-g.p-434421
"Paradicsom, paprika",https://auchan.hu/shop/paradicsom-furtoskoktel-500-g.p-765618
"Paradicsom, paprika",https://auchan.hu/shop/sarga-piros-szilva-paradicsom-vodros-450-g.p-718664
"Paradicsom, paprika",https://auchan.hu/shop/hegyes-eros-paprika-500-g.p-134820
"Paradicsom, paprika",https://auchan.hu/shop/veresi-piroska-380g.p-563548
"Gyökérzöldség, leveszöldségek",https://auchan.hu/shop/karalabe-ft-db.p-500092
"Gyökérzöldség, leveszöldségek",https://auchan.hu/shop/sargarepa-1-kg.p-22268
"Gyökérzöldség, leveszöldségek",https://auchan.hu/shop/zellergumo-ledig.p-6954
"Gyökérzöldség, leveszöldségek",https://auchan.hu/shop/zellerszar.p-927620
"Gyökérzöldség, leveszöldségek",https://auchan.hu/shop/leveszoldseg-1-kg.p-380421
"Gyökérzöldség, leveszöldségek",https://auchan.hu/shop/petrezselyemgyoker-ledig.p-830858
Uborka,https://auchan.hu/shop/kigyouborka-ft-db.p-500104
Uborka,https://auchan.hu/shop/uborka-kovaszolni-valo-ledig.p-45018
Hagyma,https://auchan.hu/shop/voroshagyma-500-g.p-158023
Hagyma,https://auchan.hu/shop/voroshagyma-1-kg.p-469359
Hagyma,https://auchan.hu/shop/voroshagyma-3-db.p-129417
Hagyma,https://auchan.hu/shop/lilahagyma-500-g.p-158024
Hagyma,https://auchan.hu/shop/fokhagyma-3-db-csomag.p-129424
Hagyma,https://auchan.hu/shop/lilahagyma-3-db.p-129421
Hagyma,https://auchan.hu/shop/porehagyma.p-500100
Hagyma,https://auchan.hu/shop/voroshagyma-2-kg.p-44817
Hagyma,https://auchan.hu/shop/lilahagyma-1-kg.p-129422
Hagyma,https://auchan.hu/shop/fokhagyma-500-g.p-984807
Hagyma,https://auchan.hu/shop/voroshagyma-5-kg.p-40662
"Borsó, bab, kukorica",https://auchan.hu/shop/csemege-kukorica.p-500074
Gomba,https://auchan.hu/shop/laskagomba-200-g.p-411390
Gomba,https://auchan.hu/shop/barna-csiperke-250-g.p-87197
Gomba,https://auchan.hu/shop/auchan-kedvenc-feher-csiperkegomba-500-g.p-984042
"Cukkini, padlizsán, tökféle",https://auchan.hu/shop/fozotok-ledig.p-6984
"Cukkini, padlizsán, tökféle",https://auchan.hu/shop/cukkini-ledig.p-6979
"Cukkini, padlizsán, tökféle",https://auchan.hu/shop/kanadai-sutotok-ledig.p-6986
"Cukkini, padlizsán, tökféle",https://auchan.hu/shop/padlizsan-ledig.p-24369
Egyéb zöldségek,https://auchan.hu/shop/cekla-ledig.p-6948
Egyéb zöldségek,https://auchan.hu/shop/honapos-retek-300-g.p-168734
Friss saláta,https://auchan.hu/shop/gazdatol-az-asztalig-fejes-salata.p-510983
Friss saláta,https://auchan.hu/shop/gazdatol-az-asztalig-jegsalata.p-511241
Savanyúság,https://auchan.hu/shop/auchan-kedvenc-savanyitott-kaposzta-zacskos-800-g.p-936840
Savanyúság,https://auchan.hu/shop/auchan-kedvenc-savanyitott-kaposzta-zacskos-800-g.p-936761
Savanyúság,https://auchan.hu/shop/auchan-kedvenc-csemege-izesitesu-savanyitott-uborka-500-g.p-947230
Savanyúság,https://auchan.hu/shop/auchan-kedvenc-savanyitott-kaposztasalata-vodros-500-g.p-947265
Savanyúság,https://auchan.hu/shop/auchan-kedvenc-savanyitott-kaposztasalata-vodros-500-g.p-947233
Savanyúság,https://auchan.hu/shop/auchan-kedvenc-vegyes-darabos-savanyusag-vodros-500-g.p-947274
Savanyúság,https://auchan.hu/shop/auchan-kedvenc-vegyes-darabos-savanyusag-vodros-500-g.p-947242
Savanyúság,https://auchan.hu/shop/auchan-kedvenc-csemege-izesitesu-savanyitott-uborka-vodros-500-g.p-947262
Aszalványok és liofilizált termékek,https://auchan.hu/shop/banan-chips-100g.p-718995
Aszalványok és liofilizált termékek,https://auchan.hu/shop/datolya-200g.p-165777
Aszalványok és liofilizált termékek,https://auchan.hu/shop/kandirozott-ananasz-10g.p-719035
Aszalványok és liofilizált termékek,https://auchan.hu/shop/kalifa-szaritott-datolya-200-g.p-132086
Aszalványok és liofilizált termékek,https://auchan.hu/shop/naturfood-aszalt-edesitett-voros-afonya-100-g.p-668026
Aszalványok és liofilizált termékek,https://auchan.hu/shop/auchan-gazdatol-az-asztalig-almakocka-30g.p-982397
Aszalványok és liofilizált termékek,https://auchan.hu/shop/auchan-gazdatol-az-asztalig-almaszirom-30-g.p-982396
Aszalványok és liofilizált termékek,https://auchan.hu/shop/naturfood-kandirozott-gyomber-100-g.p-971708
Aszalványok és liofilizált termékek,https://auchan.hu/shop/naturfood-tropi-mix-kandirozott-tropusi-gyumolcsok-kevereke-100-g.p-817244
Aszalványok és liofilizált termékek,https://auchan.hu/shop/kalifa-datolyapaszta-400-g.p-748294
Aszalványok és liofilizált termékek,https://auchan.hu/shop/kalifa-szaritott-magozott-datolya-200-g.p-275456
Aszalványok és liofilizált termékek,https://auchan.hu/shop/naturfood-aszalt-mango-80-g.p-817246
Magok,https://auchan.hu/shop/kalifa-natur-lenmag-250-g.p-359849
Magok,https://auchan.hu/shop/auchan-kedvenc-hantolt-napraforgo-200-g.p-879163
Magok,https://auchan.hu/shop/naturfood-hantolt-foldimogyoro-200-g.p-995794
Magok,https://auchan.hu/shop/maroni-hamozott-gesztenye-snack-80-g.p-85353
Magok,https://auchan.hu/shop/naturfood-magkoktel-olajos-magvak-kevereke-salatahoz-100-g.p-824205
Magok,https://auchan.hu/shop/naturfood-szezammag-200g.p-668031
Magok,https://auchan.hu/shop/maroni-hamozott-sult-gesztenye-100-g.p-841039
Magok,https://auchan.hu/shop/naturfood-kesudio-100-g.p-668037
Magok,https://auchan.hu/shop/auchan-tipp-foldimogyoro-hejas-porkolt-400-g.p-914625
Magok,https://auchan.hu/shop/ensa-foldimogyoro-400-g.p-748271
Magok,https://auchan.hu/shop/naturfood-mandulabel-100-g.p-668047
Magok,https://auchan.hu/shop/naturfood-fenyomag-50g.p-824204
Magmixek,https://auchan.hu/shop/naturfood-protein-sport-mix-100g.p-983287
Magmixek,https://auchan.hu/shop/naturfood-diakcsemege-mazsola-porkolt-foldimogyoro-es-diofelek-kevereke-200-g.p-668038
Magmixek,https://auchan.hu/shop/naturfood-magmix-diofelek-kevereke-100-g.p-599720
Magmixek,https://auchan.hu/shop/kalifa-diakcsemege-aszalt-gyumolcsok-es-magvak-kevereke-200-g.p-107352
Magmixek,https://auchan.hu/shop/auchan-tipp-diakcsemege-500-g.p-636608
Magmixek,https://auchan.hu/shop/seeberger-diakcsemege-diofelek-es-mazsola-kevereke-150-g.p-994496
Magmixek,https://auchan.hu/shop/naturfood-aszalt-voros-afonya-es-kesudio-300g.p-821783
Magmixek,https://auchan.hu/shop/seeberger-caribic-royal-aszalt-gyumolcsok-es-diofelek-kevereke-200-g.p-730296
Magmixek,https://auchan.hu/shop/seeberger-kenezett-aszalt-mangocsikok-100-g.p-583465
Magmixek,https://auchan.hu/shop/seeberger-diofelek-es-szaritott-gyumolcsok-kevereke-reszben-cukrozott-150-g.p-994495
"Mártott, ízesített termékek",https://auchan.hu/shop/true-dates-magnelkuli-izesitett-datolya-sour-cola-100g.p-984961
"Mártott, ízesített termékek",https://auchan.hu/shop/tejcsokis-kokuszkocka-150g.p-719375
"Mártott, ízesített termékek",https://auchan.hu/shop/naturfood-csokis-afonya-100-g.p-668049
"Mártott, ízesített termékek",https://auchan.hu/shop/real-nature-etcsokolades-mandula-75-g.p-895265
"Mártott, ízesített termékek",https://auchan.hu/shop/real-nature-etcsokolades-meggy-75-g.p-895263
"Mártott, ízesített termékek",https://auchan.hu/shop/porkolt-mandula-tejcsokolade-sos-karamell-bevonattal-150-g.p-536032
"Mártott, ízesített termékek",https://auchan.hu/shop/true-dates-magnelkuli-izesitett-datolya-sour-apple-100g.p-985161
"Mártott, ízesített termékek",https://auchan.hu/shop/real-nature-feher-csokolades-meggy-75-g.p-895262
"Mártott, ízesített termékek",https://auchan.hu/shop/real-nature-feher-csokolades-kokuszos-mandula-75-g.p-895264
"Mártott, ízesített termékek",https://auchan.hu/shop/real-nature-karamellas-mandula-75-g.p-895546
"Mártott, ízesített termékek",https://auchan.hu/shop/real-nature-tejcsokolades-fahejas-mandula-75-g.p-895549
"Mártott, ízesített termékek",https://auchan.hu/shop/dr-ensa-liofilizalt-malna-feher-csokoladeban-80-g.p-831227
"Saláta, mixek",https://auchan.hu/shop/szazszorszep-mix-100g.p-964592
"Saláta, mixek",https://auchan.hu/shop/eisberg-ranch-mix-friss-salatakeverek-110-g.p-433453
"Saláta, mixek",https://auchan.hu/shop/eisberg-kaposztasalata-friss-salatakeverek-180-g.p-260144
"Saláta, mixek",https://auchan.hu/shop/eisberg-friss-rucola-80-g.p-298255
"Saláta, mixek",https://auchan.hu/shop/mosatlan-misticanza-mix-125g.p-34504
"Saláta, mixek",https://auchan.hu/shop/mosatlan-rukkola-es-radicchio-mix-125g.p-34505
"Saláta, mixek",https://auchan.hu/shop/eisberg-betyar-mix-190-g.p-656989
"Saláta, mixek",https://auchan.hu/shop/eisberg-pantlika-mix-friss-salata-es-zoldsegkeverek-190-g.p-675566
"Saláta, mixek",https://auchan.hu/shop/eisberg-puszta-friss-salata-es-zoldsegkeverek-190-g.p-692499
"Saláta, mixek",https://auchan.hu/shop/mosatlan-bebi-spenot-125g.p-34506
"Saláta, mixek",https://auchan.hu/shop/mosatlan-rukkola-salata-125g.p-34536
"Saláta, mixek",https://auchan.hu/shop/eisberg-green-drink-friss-salata-es-zoldsegkeverek-izletes-smoothie-keszitesehez-160-g.p-114178
Salátaöntet,https://auchan.hu/shop/eisberg-cezar-salataontet-50-ml.p-428902
Salátaöntet,https://auchan.hu/shop/eisberg-ezersziget-salataontet-50-ml.p-428900
Salátaöntet,https://auchan.hu/shop/eisberg-joghurtos-salataontet-50-ml.p-497286
Salátaöntet,https://auchan.hu/shop/univer-kapros-salataontet-50-ml.p-211434
Salátaöntet,https://auchan.hu/shop/univer-ezersziget-glutenmentes-salataontet-50-ml.p-211433
Salátaöntet,https://auchan.hu/shop/eisberg-hidegen-sajtolt-mogyoroolaj-es-pisztaciaolaj-keverek-20-ml.p-840100
Salátaöntet,https://auchan.hu/shop/univer-joghurtos-medvehagymas-salataontet-230-g.p-993599
Salátaöntet,https://auchan.hu/shop/univer-ezersziget-salataontet-235-g.p-993597
Salátaöntet,https://auchan.hu/shop/univer-fokhagymas-salataontet-230-g.p-993598
Salátaöntet,https://auchan.hu/shop/univer-kapros-salataontet-235-g.p-993600
Salátaöntet,https://auchan.hu/shop/univer-tzatziki-salataontet-230-g.p-993601
Salátaöntet,https://auchan.hu/shop/kuhne-balzsamecetes-ontet-250-ml.p-215086
Vágott fűszernövény,https://auchan.hu/shop/kapor-szaraz-ft-csomo.p-804672
Vágott fűszernövény,https://auchan.hu/shop/petrezselyem-csomos-xl.p-412690
Vágott fűszernövény,https://auchan.hu/shop/kapor-csomo-xl.p-412692
Cserepes fűszernövény,https://auchan.hu/shop/menta-gasztro.p-388240
Árpa,https://auchan.hu/shop/arpagyongy-dara-500g.p-674837
Szezámmag,https://auchan.hu/shop/biopont-bio-szaritott-szezammag-200-g.p-616598
Borsó,https://auchan.hu/shop/hantolt-feles-sargaborso-550g.p-894428
Borsó,https://auchan.hu/shop/paco-hantolt-feles-sargaborso-500-g.p-149687
Borsó,https://auchan.hu/shop/csicseriborso-500g.p-688823
Bulgur,https://auchan.hu/shop/teller-bulgur-200-g.p-600105
Bulgur,https://auchan.hu/shop/biopont-bio-bulgur-400-g.p-427198
Bulgur,https://auchan.hu/shop/gasztro-kamra-bulgur-1kg.p-976693
Bulgur,https://auchan.hu/shop/paco-bulgur-1-kg.p-985666
Hajdina,https://auchan.hu/shop/teller-hantolt-natur-hajdina-200-g.p-600100
Hajdina,https://auchan.hu/shop/teller-hantolt-porkolt-hajdina-200-g.p-600099
Hajdina,https://auchan.hu/shop/hantolt-hajdina-500g.p-764413
Kuszkusz,https://auchan.hu/shop/teller-kuszkusz-200-g.p-600103
Kuszkusz,https://auchan.hu/shop/paco-etkezesi-kuszkusz-500-g.p-994514
Kuszkusz,https://auchan.hu/shop/kuszkusz-teljes-kiorlesu-buzabol-500g.p-636780
Lencse,https://auchan.hu/shop/teller-voros-lencse-200-g.p-600107
Lencse,https://auchan.hu/shop/tarka-leveskeverek-gerslivel-500g.p-636781
Lencse,https://auchan.hu/shop/tunderkert-lencse-400g.p-756604
Lencse,https://auchan.hu/shop/kalifa-lencse-500-g.p-414665
Lencse,https://auchan.hu/shop/tunderkert-voroslencse-400-g.p-657686
Lencse,https://auchan.hu/shop/biopac-bio-lencse-400-g.p-535864
Lencse,https://auchan.hu/shop/beluga-fekete-lencse-500-g.p-657119
Lencse,https://auchan.hu/shop/teller-nagymagvu-etkezesi-lencse-500-g.p-711520
Lencse,https://auchan.hu/shop/tarka-lencsekeverek-teljes-kiorlesu-pehellyel-500-g.p-636787
Magféle,https://auchan.hu/shop/pilaf-500g-bulgur-lencsel-borso-es-szaritott-zoldsegkeverek.p-806781
Magféle,https://auchan.hu/shop/tunderkert-negymagvas-mix-200g.p-659692
Magféle,https://auchan.hu/shop/kalifa-chia-mag-200-g.p-660034
Mák,https://auchan.hu/shop/etkezesi-mak-200g.p-688795
Mazsola,https://auchan.hu/shop/gold-pack-jumbo-mazsola-200-g.p-832456
"Napraforgó, tökmag",https://auchan.hu/shop/naturfood-hejnelkuli-tokmag-100-g.p-668050
Quinoa,https://auchan.hu/shop/tunderkert-quinoa-200-g.p-687914
Köles,https://auchan.hu/shop/teller-hantolt-koles-200-g.p-600104
Köles,https://auchan.hu/shop/paco-hantolt-koles-500g.p-272050
Bab,https://auchan.hu/shop/happy-frucht-feher-oriasbab-400-g.p-135972
Bab,https://auchan.hu/shop/kerti-izek-etkezesi-szaraz-tarkabab-400-g.p-86312
Bab,https://auchan.hu/shop/tunderkert-chilibab-400g.p-659695
Bab,https://auchan.hu/shop/mungobab-500-g.p-688900
Bab,https://auchan.hu/shop/paco-etkezesi-tarkabab-500-g.p-149761
Bab,https://auchan.hu/shop/teller-etkezesi-szaraz-nagyszemu-tarkabab-500-g.p-700960
Bab,https://auchan.hu/shop/tunderkert-viragbab-fekete-feher-400g.p-658608
Bab,https://auchan.hu/shop/tunderkert-viragbab-orias-feher-400g.p-675173
Dió,https://auchan.hu/shop/paco-wellnut-klasszikus-orolt-diot-helyettesito-keverek-250-g.p-149793
Dió,https://auchan.hu/shop/hunicon-diotoltelek-200-g.p-817567
Dió,https://auchan.hu/shop/paco-cukrozott-daralt-dio-200-g.p-428887
Dió,https://auchan.hu/shop/backmit-daralt-dio-200-g.p-985624
Dió,https://auchan.hu/shop/naturfood-pekandio-100-g.p-817249
Mandula,https://auchan.hu/shop/mogyi-mandulabel-100-g.p-279009
Mandula,https://auchan.hu/shop/gold-pack-szeletelt-mandula-100-g.p-381737
Mandula,https://auchan.hu/shop/backmit-daralt-mandula-200-g.p-823699
Gyümölcs desszert,https://auchan.hu/shop/auchan-kedvenc-alma-banan-gyumolcsdesszert-4-x-100-g.p-739220
Gyümölcs desszert,https://auchan.hu/shop/auchan-kedvenc-alma-sargabarack-gyumolcsdesszert-4-x-100-g.p-739219
Gyümölcs desszert,https://auchan.hu/shop/alma-mangopure-hozzaadott-cukor-nelkul-4-x-100-g.p-743875
Friss gyümölcslé,https://auchan.hu/shop/auchan-kecvenc-smoothie-alma-eper-tozegfonya-200ml.p-897957
Friss gyümölcslé,https://auchan.hu/shop/auchan-kedvenc-smoothie-alma-mango-sutotok-gyomber-200ml.p-897959
Friss gyümölcslé,https://auchan.hu/shop/auchan-kedvenc-smoothie-alma-ribizli-mango-200ml.p-897955
Friss gyümölcslé,https://auchan.hu/shop/andros-shot-antiox-feketeribizli-gyomber-ital-c-vitaminnal-es-magneziummal-55-ml.p-738598
Friss gyümölcslé,https://auchan.hu/shop/andros-shot-energy-kiwi-gyomber-ital-c-vitaminnal-es-magneziummal-55-ml.p-738599
Friss gyümölcslé,https://auchan.hu/shop/andros-shot-immunity-lime-es-gyomber-ital-c-vitaminnal-es-magneziummal-55-ml.p-738600
Friss gyümölcslé,https://auchan.hu/shop/sio-erdei-piros-bogyos-smoothie-0-25-l.p-851090
Friss gyümölcslé,https://auchan.hu/shop/sio-frissito-zold-kiwi-smoothie-0-25-l.p-850458
Friss gyümölcslé,https://auchan.hu/shop/sio-kek-balaton-smoothie-0-25-l.p-840145
Friss gyümölcslé,https://auchan.hu/shop/sio-smoothie-immun-vitamin-c-inulin-vegyes-gyumolcs-es-zoldsegital-0-25-l.p-850459
Friss gyümölcslé,https://auchan.hu/shop/sio-smoothie-relax-vegyes-gyumolcsital-0-25-l.p-836581
Friss gyümölcslé,https://auchan.hu/shop/sio-tropusi-mango-smoothie-0-25-l.p-840144
Fánk,https://auchan.hu/shop/sargabarackos-fank-65g.p-837875
Fánk,https://auchan.hu/shop/epres-fank-55g.p-9314
Fánk,https://auchan.hu/shop/gyurus-fank-csokolade-izu-bevonattal-55g.p-21745
Fánk,https://auchan.hu/shop/almas-toltott-fank-fahejas-cukorral-65g.p-19661
Fánk,https://auchan.hu/shop/cukros-fank-48g.p-199704
Fánk,https://auchan.hu/shop/gyurus-fank-szines-cukros-szorassal-57g.p-21744
Fánk,https://auchan.hu/shop/bismarck-fank-vanilia-izu-kremmel-65g.p-988899
Fánk,https://auchan.hu/shop/auchan-fankos-doboz-19x19x6-5-cm.p-914686
Fánk,https://auchan.hu/shop/dubaji-stilusu-kremmel-toltott-fank-65-g.p-988900
Pogácsa,https://auchan.hu/shop/sajtos-pogacsa-80g.p-988689
Pogácsa,https://auchan.hu/shop/sajtos-pogacsa-80g.p-2506
Pogácsa,https://auchan.hu/shop/tepertos-hatszog-75g.p-988710
Édes friss péksütemény,https://auchan.hu/shop/turos-taska-100g.p-988687
Édes friss péksütemény,https://auchan.hu/shop/juharszirupos-pekandkios-fonat-88-g.p-787324
Édes friss péksütemény,https://auchan.hu/shop/glutenmentes-almas-pite-100g.p-656304
Édes friss péksütemény,https://auchan.hu/shop/glutenmentes-szilvas-pite-100-g.p-864518
Sós friss péksütemény,https://auchan.hu/shop/tepertos-hatszog-75g.p-2121
Sós friss péksütemény,https://auchan.hu/shop/lecsos-majas-kocka-90g.p-34386
Sós friss péksütemény,https://auchan.hu/shop/auchan-kedvenc-pizzas-csiga-100-g.p-213621
Sós friss péksütemény,https://auchan.hu/shop/pizzas-csiga-100g.p-988386
Sós friss péksütemény,https://auchan.hu/shop/virslis-parna-100g.p-2165
Sós friss péksütemény,https://auchan.hu/shop/gouda-izu-sajtkremes-rud-90g.p-47296
Sós friss péksütemény,https://auchan.hu/shop/sonkas-sajtos-croissant-95g.p-535794
Sós friss péksütemény,https://auchan.hu/shop/mini-sajtos-rolo-6-db-200-g.p-345145
Édes leveles darabos,https://auchan.hu/shop/teljes-kiorlesu-becsi-zsemle-50g.p-1996
Édes leveles darabos,https://auchan.hu/shop/auchan-kedvenc-kakaos-csiga-100-g.p-213623
Édes leveles darabos,https://auchan.hu/shop/kakaos-csiga-100g.p-988381
Édes leveles darabos,https://auchan.hu/shop/auchan-kedvenc-turos-taska-100-g.p-213624
Édes leveles darabos,https://auchan.hu/shop/francia-vajas-croissant-52g.p-141105
Édes leveles darabos,https://auchan.hu/shop/burkifli-makos-100g.p-2163
Édes leveles darabos,https://auchan.hu/shop/wellness-croissant-68g.p-647052
Édes leveles darabos,https://auchan.hu/shop/csokis-croissnat-100g.p-987277
Édes leveles darabos,https://auchan.hu/shop/burkifli-dios-100g.p-2070
Friss kenyér,https://auchan.hu/shop/auchan-kedvenc-feher-kenyer-500-g.p-721725
Friss kenyér,https://auchan.hu/shop/auchan-kedvenc-vandor-kenyer-500-g.p-753408
Friss kenyér,https://auchan.hu/shop/auchan-kedvenc-feher-kenyer-1-kg.p-721682
Friss kenyér,https://auchan.hu/shop/kovaszos-vekni-450g.p-987479
Friss kenyér,https://auchan.hu/shop/kovaszos-burgonyas-vekni-450g.p-987276
Friss kenyér,https://auchan.hu/shop/rusztikus-baguette-285-g.p-144757
Friss kenyér,https://auchan.hu/shop/auchan-kedvenc-csavart-gyoker-500-g.p-380490
Friss kenyér,https://auchan.hu/shop/csavart-gyoker-500-g.p-733439
Friss kenyér,https://auchan.hu/shop/cseh-kovaszos-rozs-vekni-480g.p-34013
Friss kenyér,https://auchan.hu/shop/auchan-kedvenc-regi-falusi-kovaszos-kenyer-1-kg.p-194793
Friss kenyér,https://auchan.hu/shop/ceres-bukki-parasztkenyer-500-g.p-571284
Friss kenyér,https://auchan.hu/shop/feher-vekni-500-g.p-233082
Tartós kenyér,https://auchan.hu/shop/felbarna-toast-500-g.p-639328
Tartós kenyér,https://auchan.hu/shop/pantastico-8-magvas-toast-szeletek-napraforgoolajjal-400-g.p-347868
Tartós kenyér,https://auchan.hu/shop/pantastico-durum-toast-szeletek-extra-szuz-olivaolajjal-400-g.p-347867
Tartós kenyér,https://auchan.hu/shop/kenyertar-teljes-kiorlesu-szeletelt-buzakenyer-500-g.p-839049
Tartós kenyér,https://auchan.hu/shop/kenyertar-szeletelt-fuszeres-rozsos-kenyer-500-g.p-839050
Tartós kenyér,https://auchan.hu/shop/kanizsa-pekseg-teljes-kiorlesu-szeletelt-rozsos-kenyer-500-g.p-216709
Tartós kenyér,https://auchan.hu/shop/pantastico-feher-toast-szeletek-extra-szuz-olivaolajjal-400-g.p-347870
Tartós kenyér,https://auchan.hu/shop/pantastico-teljes-kiorlesu-vollkorn-toast-szeletek-napraforgoolajjal-400-g.p-347869
Tartós kenyér,https://auchan.hu/shop/ceres-napicipo-buzakenyer-buzaliszttel-400-g.p-745245
Tartós kenyér,https://auchan.hu/shop/ceres-napicipo-kenyer-magokkal-400-g.p-745244
Tartós kenyér,https://auchan.hu/shop/kanizsa-pekseg-szeletelt-zalai-kovaszos-cipo-400-g.p-216686
Tartós kenyér,https://auchan.hu/shop/roberto-buzalisztbol-keszult-kenyer-szojaszemekkel-400-g.p-812932
Kenyér specialitás,https://auchan.hu/shop/pantastico-pinsa-teljes-kiorlesu-felkeszre-sutott-pizza-alap-230-g.p-628765
Kenyér specialitás,https://auchan.hu/shop/ceres-napicipo-teljes-kiorlesu-kenyer-400-g.p-745422
Kalácsfélék,https://auchan.hu/shop/mini-kalacs-80g.p-2162
Kalácsfélék,https://auchan.hu/shop/auchan-kedvenc-finom-fonott-kalacs-400g.p-84781
Kalácsfélék,https://auchan.hu/shop/auchan-kedvenc-foszlos-kalacs-400g.p-429229
Kalácsfélék,https://auchan.hu/shop/fonott-kalacs-400g.p-986635
Kalácsfélék,https://auchan.hu/shop/kakaos-fonott-kalacs-400g.p-986633
Kalácsfélék,https://auchan.hu/shop/kakaos-kalacs-400g.p-98277
Kalácsfélék,https://auchan.hu/shop/la-fornee-doree-csokis-parna-270-g.p-271431
Kalácsfélék,https://auchan.hu/shop/rudacska-csokidarabokkal-280-g.p-271433
Kalácsfélék,https://auchan.hu/shop/ceres-selyemkalacs-350-g.p-196434
Kalácsfélék,https://auchan.hu/shop/olz-kalacs-500-g.p-730358
Kalácsfélék,https://auchan.hu/shop/ceres-suto-csaszarkalacs-kakaos-toltelekkel-450-g.p-280911
Kalácsfélék,https://auchan.hu/shop/kakos-fonat-csokis-400-g.p-147054
Zsemlefélék,https://auchan.hu/shop/csaszarzsemle-60g.p-988331
Zsemlefélék,https://auchan.hu/shop/auchan-kedvenc-zsemle-52-g.p-83103
Zsemlefélék,https://auchan.hu/shop/bagett-zsemle-52-g.p-411085
Zsemlefélék,https://auchan.hu/shop/bimbo-bagel-classic-300-g.p-852444
Kifli,https://auchan.hu/shop/auchan-kedvenc-retro-kifli-60-g.p-143400
Kifli,https://auchan.hu/shop/retro-kifli-60g.p-988380
Stangli és szendvicsalapok,https://auchan.hu/shop/auchan-kedvenc-sajttal-szort-stangli-75g.p-132546
Stangli és szendvicsalapok,https://auchan.hu/shop/sajttal-szort-stangli-75g.p-2312
Stangli és szendvicsalapok,https://auchan.hu/shop/vanilia-izu-tekercs-300-g.p-271432
Édes teasütemény,https://auchan.hu/shop/bombi-kakaos-bevonomasszaba-martott-sargabarackos-lekvarral-toltott-puszedli-50-g.p-797994
Édes teasütemény,https://auchan.hu/shop/bombi-kakaos-bevonomasszaba-martott-vegyes-gyumolcsos-epres-lekvarral-toltott-puszedli-50-g.p-797993
Édes teasütemény,https://auchan.hu/shop/bombi-kakaos-bevonomasszaba-martott-vegyes-gyumolcsos-szilvas-lekvarral-toltott-puszedli-50-g.p-797995
Édes teasütemény,https://auchan.hu/shop/marlenka-classic-mezes-snack-50-g.p-853093
Édes teasütemény,https://auchan.hu/shop/marlenka-mezes-kakaos-snack-50-g.p-853092
Édes teasütemény,https://auchan.hu/shop/auchan-kedvenc-vegyes-mezes-puszedli-400-g.p-808172
Édes teasütemény,https://auchan.hu/shop/makos-parnacska-250g.p-987876
Édes teasütemény,https://auchan.hu/shop/szilvas-papucs-250g.p-987877
Édes teasütemény,https://auchan.hu/shop/ischler-linzer-280-g.p-867250
Édes teasütemény,https://auchan.hu/shop/benei-kis-isler-kis-linzer-koszoru-vegyes-edes-teasutemeny-230-g.p-91899
Édes teasütemény,https://auchan.hu/shop/marlenka-mezes-kakaos-torta-100-g.p-855451
Édes teasütemény,https://auchan.hu/shop/marlenka-mezes-torta-dioval-100-g.p-855450
Sós teasütemény,https://auchan.hu/shop/benei-sos-teasutemeny-250-g.p-389278
Sós teasütemény,https://auchan.hu/shop/sos-sajtos-teasutemeny-400-g.p-137579
Sós teasütemény,https://auchan.hu/shop/sos-teasutemeny-komenyes-400-g.p-136271
Sós teasütemény,https://auchan.hu/shop/sos-teasutemeny-szezamos-400-g.p-136270
Sós teasütemény,https://auchan.hu/shop/benei-sos-teasutemeny-1000-g.p-202231
Marcipán,https://auchan.hu/shop/szamos-marcipan-massza-150-g.p-330796
Sütemény alapanyag,https://auchan.hu/shop/thymos-sutopor-12-g.p-278106
Sütemény alapanyag,https://auchan.hu/shop/thymos-eleszto-aktiv-szaritott-10-g.p-276561
Sütemény alapanyag,https://auchan.hu/shop/benei-edes-ostyalap-200-g.p-693907
Sütemény alapanyag,https://auchan.hu/shop/tornyos-mezes-lapok-420-g.p-82089
Sütemény alapanyag,https://auchan.hu/shop/tornyos-sutemeny-lapok-6-db-420-g.p-78546
Sütemény alapanyag,https://auchan.hu/shop/globetti-tortalap-gyumolcstortahoz-200-g.p-13084
Sütemény alapanyag,https://auchan.hu/shop/kepviselofank-130-g.p-78545
Sütemény alapanyag,https://auchan.hu/shop/globetti-tortalap-400-g.p-13085
Sütemény alapanyag,https://auchan.hu/shop/ceres-piskotatekercs-320-g.p-196442
Nemzetközi tartós pékáru,https://auchan.hu/shop/tortillove-buzatortilla-240-g.p-760887
Nemzetközi tartós pékáru,https://auchan.hu/shop/tortillove-multigrain-tortilla-240-g.p-760886
Nemzetközi tartós pékáru,https://auchan.hu/shop/tortillove-teljes-kiorlesu-tortilla-240-g.p-760888
Nemzetközi tartós pékáru,https://auchan.hu/shop/tartos-pur-pur-cipo-350g.p-465423
Nemzetközi tartós pékáru,https://auchan.hu/shop/zanuy-buza-tortilla-8-db-320-g.p-929679
Nemzetközi tartós pékáru,https://auchan.hu/shop/old-el-paso-tortilla-lepenyek-buzalisztbol-8-db-326-g.p-410411
Nemzetközi tartós pékáru,https://auchan.hu/shop/poco-loco-original-tortilla-8-db-320-g.p-968059
Extrudált snack,https://auchan.hu/shop/saltas-flips-mogyoros-extrudalt-kukorica-snack-90-g.p-270867
Extrudált snack,https://auchan.hu/shop/liza-snack-original-rofi-ropi-sertesborbol-keszult-ropogos-snack-40-g.p-32668
Extrudált snack,https://auchan.hu/shop/everyday-waffella-rozs-lepeny-100g.p-465524
Puffasztott snack,https://auchan.hu/shop/mogyi-mons-flips-foldimogyoros-40-g.p-985119
Puffasztott snack,https://auchan.hu/shop/mogyi-mons-flips-sajtos-40-g.p-985117
Puffasztott snack,https://auchan.hu/shop/mogyi-mons-stix-ketchup-35-g.p-985115
Puffasztott snack,https://auchan.hu/shop/abonett-classic-pizzas-extrudalt-kenyer-100-g.p-449725
Puffasztott snack,https://auchan.hu/shop/puffasztott-buza-natur-100-g.p-101958
Puffasztott snack,https://auchan.hu/shop/puffasztott-buza-sos-100-g.p-101977
Puffasztott snack,https://auchan.hu/shop/puffasztott-rizs-natur-100g.p-101975
Puffasztott snack,https://auchan.hu/shop/puffasztott-rizs-sos-100-g.p-101981
Puffasztott snack,https://auchan.hu/shop/biopont-glutenmentes-bio-rizsgolyo-spenottal-es-porehagymaval-60-g.p-931674
Puffasztott snack,https://auchan.hu/shop/chio-hula-hops-sos-70-g.p-20314
Puffasztott snack,https://auchan.hu/shop/mogyi-mons-flips-foldimogyoros-90-g.p-985118
Puffasztott snack,https://auchan.hu/shop/mogyi-mons-flips-sajtos-90-g.p-985116
Kétszersült,https://auchan.hu/shop/abonett-glutenmentes-mogyoros-szendvics-edesitoszerrel-26-g.p-258552
Kétszersült,https://auchan.hu/shop/abonett-glutenmentes-sajtos-snidlinges-szendvics-26-g.p-258547
Kétszersült,https://auchan.hu/shop/abonett-classic-rozsos-extrudalt-kenyer-100-g.p-510658
Kétszersült,https://auchan.hu/shop/abonett-glutenmentes-kukoricas-extrudalt-kenyer-100-g.p-570333
Kétszersült,https://auchan.hu/shop/abonett-bio-glutenmentes-extrudalt-kenyer-hajdinaval-100-g.p-215740
Kétszersült,https://auchan.hu/shop/maretti-sult-fokhagyma-izesitesu-piritott-ketszersult-karikak-70-g.p-778804
Kétszersült,https://auchan.hu/shop/tuc-bake-rolls-bacon-izu-ketszersult-80-g.p-72847
Kétszersült,https://auchan.hu/shop/tuc-bake-rolls-fokhagymas-ketszersult-80-g.p-931132
Kétszersült,https://auchan.hu/shop/tuc-bake-rolls-ketszersult-tengeri-soval-80-g.p-72846
Kétszersült,https://auchan.hu/shop/maretti-paradicsom-oliva-es-oregano-izesitesu-piritott-ketszersult-karikak-70-g.p-737626
Kétszersült,https://auchan.hu/shop/finn-crisp-original-vekony-ropogos-rozskenyerke-200-g.p-843782
Kétszersült,https://auchan.hu/shop/wasa-fibre-elelmi-rostokban-gazdag-rozsliszttel-keszult-sutoipari-termek-230-g.p-256132
Paleo sütemények,https://auchan.hu/shop/vik-paleo-ischler-100-g.p-91846
Paleo sütemények,https://auchan.hu/shop/vik-sos-karamellas-mogyoros-tortaszelet-100-g.p-91843
Torta,https://auchan.hu/shop/rafino-kocka-260g.p-982672
Torta,https://auchan.hu/shop/auchan-kedvenc-somloi-galuska-ft-kg.p-238855
Torta,https://auchan.hu/shop/auchan-kedvenc-fekete-erdo-torta-16-szeletes-ft-kg.p-238772
Torta,https://auchan.hu/shop/auchan-kedvenc-oroszkrem-torta-ft-kg.p-238832
Torta,https://auchan.hu/shop/auchan-kedvenc-oroszkrem-torta-szelet-ft-kg.p-29998
Torta,https://auchan.hu/shop/auchan-kedvenc-erdei-gyumolcstorta-ft-kg.p-238761
Torta,https://auchan.hu/shop/auchan-kedvenc-sacher-torta-16-szeletes-ft-kg.p-238848
Torta,https://auchan.hu/shop/auchan-kedvenc-csokis-keksz-izu-torta-16-szeletes-ft-kg.p-478213
Torta,https://auchan.hu/shop/csokis-keksztorta-szelet.p-512541
Torta,https://auchan.hu/shop/auchan-kedvenc-belga-csokis-torta-szelet-ft-kg.p-372970
Torta,https://auchan.hu/shop/auchan-kedvenc-belga-csokolades-8-sz-torta-ft-kg.p-370397
Torta,https://auchan.hu/shop/csokolades-citromos-mignon-cukorral-es-edesitoszerrel-2-db.p-786771
Szalámi,https://auchan.hu/shop/tauris-austria-fustolt-mozaikos-huskeszitmeny-55-g.p-246489
Szalámi,https://auchan.hu/shop/tauris-csipos-szeletelt-fustolt-mozaikos-huskeszitmeny-55-g.p-246488
Szalámi,https://auchan.hu/shop/tauris-karpat-szalami-55-g.p-246480
Szalámi,https://auchan.hu/shop/tauris-mix-szeletelt-fustolt-mozaikos-huskeszitmeny-55-g.p-246484
Szalámi,https://auchan.hu/shop/tauris-paprikas-diakcsemege-55-g.p-246483
Szalámi,https://auchan.hu/shop/tauris-toreador-szeletelt-fustolt-mozaikos-huskeszitmeny-55-g.p-246482
Szalámi,https://auchan.hu/shop/auchan-tipp-csemege-szelet-75-g.p-848841
Szalámi,https://auchan.hu/shop/auchan-tipp-csipos-szelet-75-g.p-874166
Szalámi,https://auchan.hu/shop/auchan-tipp-paprikas-szelet-75-g.p-870617
Szalámi,https://auchan.hu/shop/auchan-tipp-szelet-mix-75-g.p-874167
Szalámi,https://auchan.hu/shop/auchan-kedvenc-csemege-szalami-szeletelt-75-g.p-916699
Szalámi,https://auchan.hu/shop/auchan-kedvenc-csipos-szalami-szeletelt-75-g.p-916700
Kolbász,https://auchan.hu/shop/privat-hus-szeletelt-csemege-vastagkolbasz-60-g.p-232862
Kolbász,https://auchan.hu/shop/privat-hus-szeletelt-paprikas-vastagkolbasz-60-g.p-232860
Kolbász,https://auchan.hu/shop/auchan-kedvenc-csemege-vastagkolbasz-szeletelt-70-g.p-916625
Kolbász,https://auchan.hu/shop/auchan-kedvenc-csipos-vastagkolbasz-szeletelt-70-g.p-916626
Kolbász,https://auchan.hu/shop/auchan-kedvenc-paprikas-vastagkolbasz-szeletelt-70-g.p-916627
Kolbász,https://auchan.hu/shop/privat-hus-szeletelt-parasztkolbasz-60-g.p-211827
Kolbász,https://auchan.hu/shop/auchan-kedvenc-csabai-szarazkolbasz-szeletelt-80-g.p-746263
Kolbász,https://auchan.hu/shop/auchan-kedvenc-gyulai-kolbasz-szeletelt-80-g.p-746265
Kolbász,https://auchan.hu/shop/pick-pickstick-snack-csemege-60-g.p-872873
Kolbász,https://auchan.hu/shop/pick-pickstick-snack-csipos-60-g.p-872874
Kolbász,https://auchan.hu/shop/szentandrasi-paprikas-pulyka-vastagkolbasz-80-g.p-402334
Kolbász,https://auchan.hu/shop/gyulai-kolbasz-szeletelt-80-g.p-392355
Párizsi,https://auchan.hu/shop/sertes-parizsi-60g.p-467584
Párizsi,https://auchan.hu/shop/gallicoop-premier-fust-izesitesu-szeletelt-pulyka-parizsi-110-g.p-917065
Párizsi,https://auchan.hu/shop/falni-jo-csemege-szeletelt-csirkehusbol-keszult-termek-100-g.p-507499
Párizsi,https://auchan.hu/shop/alfoldi-sertes-parizsi-szeletelt-150-g.p-223851
Párizsi,https://auchan.hu/shop/fokhagymas-sertes-parizsi-szeletelt-150-g.p-215793
Párizsi,https://auchan.hu/shop/paprikas-sertes-parizsi-150-g.p-216536
Párizsi,https://auchan.hu/shop/master-good-szeletelt-sajtos-csirke-parizsi-90-g.p-824827
Párizsi,https://auchan.hu/shop/master-good-klasszik-szeletelt-csirke-parizsi-90-g.p-824826
Párizsi,https://auchan.hu/shop/kometa-utravalo-szeletelt-sajtos-sertesparizsi-8-szelet-125-g.p-572230
Párizsi,https://auchan.hu/shop/kometa-szeletelt-sertesparizsi-150-g.p-782349
Párizsi,https://auchan.hu/shop/wiesbauer-delikat-parizsi-80-g.p-413449
Párizsi,https://auchan.hu/shop/finonimo-pulyka-parizsi-500-g.p-746758
Baromfisonka,https://auchan.hu/shop/gallicoop-szeletelt-francia-barofi-szelet-100-g.p-930793
Baromfisonka,https://auchan.hu/shop/efef-szendvics-csemege-csirkemellbol-100-g.p-579162
Baromfisonka,https://auchan.hu/shop/tauris-csirkemell-szelet-80-g.p-855620
Baromfisonka,https://auchan.hu/shop/efef-szeletelt-pulykamell-sonka-paprika-izu-bevonattal-90-g.p-818622
Baromfisonka,https://auchan.hu/shop/gallicoop-koros-szeletelt-pulyka-mellsonka-100-g.p-660122
Baromfisonka,https://auchan.hu/shop/gallio-premium-pulykacombsonka-sult-es-fust-izu-80g.p-982901
Baromfisonka,https://auchan.hu/shop/kaiser-szeletelt-fustolt-csirkemell-sonka-75-g.p-915170
Baromfisonka,https://auchan.hu/shop/efef-royal-king-szeletelt-csirkemell-sonka-100-g.p-149034
Baromfisonka,https://auchan.hu/shop/francia-baromfiszelet-500-g.p-13822
Baromfisonka,https://auchan.hu/shop/auchan-kedvenc-francia-sonka-szeletelt-100-g.p-911294
Baromfisonka,https://auchan.hu/shop/auchan-kedvenc-sertes-sonka-fust-izu-szeletelt-90-g.p-894362
Baromfisonka,https://auchan.hu/shop/gallio-szeletelt-aszalt-paradicsomos-pulykamell-sonka-100-g.p-519524
Sertéssonka,https://auchan.hu/shop/auchan-tipp-szeletelt-karaj-100-g.p-767348
Sertéssonka,https://auchan.hu/shop/auchan-tipp-csemege-sonka-100-g.p-728481
Sertéssonka,https://auchan.hu/shop/tauris-sertes-combsonka-70-g.p-142936
Sertéssonka,https://auchan.hu/shop/tauris-fustolt-fott-tarja-szeletelt-80-g.p-855619
Sertéssonka,https://auchan.hu/shop/auchan-kedvenc-fustolt-sult-paprikas-sonka-90g.p-927048
Sertéssonka,https://auchan.hu/shop/auchan-nivo-fustolt-sult-sonka-90g.p-927049
Sertéssonka,https://auchan.hu/shop/kometa-szeletelt-extra-sonka-80-g.p-628719
Sertéssonka,https://auchan.hu/shop/familie-wein-fekete-erdei-nyers-fustolt-szeletelt-lassan-pacolt-sonka-sertescombbol-100-g.p-844695
Sertéssonka,https://auchan.hu/shop/corvin-sonka-100-g.p-675393
Sertéssonka,https://auchan.hu/shop/kaiser-szeletelt-csemege-fustolt-karaj-100-g.p-230385
Sertéssonka,https://auchan.hu/shop/kaiser-szeletelt-debreceni-sonka-100-g.p-230379
Sertéssonka,https://auchan.hu/shop/kaiser-szeletelt-monarchia-sonka-100-g.p-857261
Felvágott,https://auchan.hu/shop/fokhagymas-szelet-60g.p-467583
Felvágott,https://auchan.hu/shop/olasz-felvagott-60g.p-467582
Felvágott,https://auchan.hu/shop/zala-felvagott-60g.p-467581
Felvágott,https://auchan.hu/shop/tauris-szeletelt-kemp-loncs-80-g.p-870620
Felvágott,https://auchan.hu/shop/tauris-zoldseges-szelet-80-g.p-870619
Felvágott,https://auchan.hu/shop/gallicoop-szeletelt-veronai-pulyka-szelet-120-g.p-13819
Felvágott,https://auchan.hu/shop/kometa-szeletelt-fokhagymas-szelet-125-g.p-842795
Felvágott,https://auchan.hu/shop/kometa-szeletelt-olasz-felvagott-125-g.p-572231
Felvágott,https://auchan.hu/shop/kometa-utravalo-szeletelt-becsi-felvagott-12-szelet-125-g.p-842794
Felvágott,https://auchan.hu/shop/kometa-utravalo-szeletelt-zala-felvagott-12-szelet-125-g.p-572232
Felvágott,https://auchan.hu/shop/wiesbauer-tura-felvagott-80-g.p-413445
Felvágott,https://auchan.hu/shop/wiesbauer-puszta-huskenyer-80-g.p-413448
"Krinolin, szafaládé",https://auchan.hu/shop/darno-krinolin-300-g.p-348988
"Krinolin, szafaládé",https://auchan.hu/shop/darno-szafalade-2x150-g.p-348986
"Virsli és sütni, főzni való húskészítmények",https://auchan.hu/shop/auchan-tipp-baromfivirsli-fustolt-hamozott-virsli-100-g.p-800270
"Virsli és sütni, főzni való húskészítmények",https://auchan.hu/shop/kaiser-mini-frankfurter-100-g.p-400798
"Virsli és sütni, főzni való húskészítmények",https://auchan.hu/shop/orsi-hamozott-fustolt-orsli-140-g.p-276570
"Virsli és sütni, főzni való húskészítmények",https://auchan.hu/shop/orsi-hamozott-sajtos-orsli-140-g.p-276565
"Virsli és sütni, főzni való húskészítmények",https://auchan.hu/shop/falni-jo-fust-izesitesu-hot-dog-140-g.p-483681
"Virsli és sütni, főzni való húskészítmények",https://auchan.hu/shop/falni-jo-fust-izesitesu-sajtos-hot-dog-140-g.p-574300
"Virsli és sütni, főzni való húskészítmények",https://auchan.hu/shop/pick-pickolino-sajtos-virsli-serteshusbol-140-g.p-148496
"Virsli és sütni, főzni való húskészítmények",https://auchan.hu/shop/pick-pickolino-virsli-serteshusbol-140-g.p-91322
"Virsli és sütni, főzni való húskészítmények",https://auchan.hu/shop/master-good-fustli-csipos-fust-izesitesu-virsli-csirkehusbol-jalapeno-paprikaval-140-g.p-507493
"Virsli és sütni, főzni való húskészítmények",https://auchan.hu/shop/master-good-fustli-italiano-140-g.p-982386
"Virsli és sütni, főzni való húskészítmények",https://auchan.hu/shop/master-good-fustli-klasszik-fust-izesitesu-virsli-csirkehusbol-140-g.p-85471
"Virsli és sütni, főzni való húskészítmények",https://auchan.hu/shop/master-good-fustli-sajtos-fust-izesitesu-virsli-csirkehusbol-140-g.p-97078
