sub_category_name,sub_category_url,product_name,website,product_price,image1,image2,image3,description,product_url
Hülsenfrüchte,https://sortiment.lidl.ch/de/obst-gemuse/hulsenfruchte,Ebly Zartweizen,lidl.ch,6.99,https://sortiment.lidl.ch/media/catalog/product/cache/b4d8daca087e724c0fba4501ead491d0/8/9/8998_PSXX.jpg,,,,https://sortiment.lidl.ch/de/catalog/product/view/id/17137/s/ebly-zartweizen-0008998/category/149/
Hülsenfrüchte,https://sortiment.lidl.ch/de/obst-gemuse/hulsenfruchte,Bio Quinoa tricolore / weiss,lidl.ch,3.55,https://sortiment.lidl.ch/media/catalog/product/cache/b4d8daca087e724c0fba4501ead491d0/1/1/119437_Tricolore_PSXX.jpg,https://sortiment.lidl.ch/media/catalog/product/cache/b4d8daca087e724c0fba4501ead491d0/1/1/119437_Weiss_PSXX.jpg,,,https://sortiment.lidl.ch/de/catalog/product/view/id/12437/s/bio-quinoa-tricolore-weiss-0119437/category/149/
Hülsenfrüchte,https://sortiment.lidl.ch/de/obst-gemuse/hulsenfruchte,Bio Hülsenfrüchte,lidl.ch,1.89,https://sortiment.lidl.ch/media/catalog/product/cache/b4d8daca087e724c0fba4501ead491d0/1/1/119562_Erbsen_PSXX.jpg,https://sortiment.lidl.ch/media/catalog/product/cache/b4d8daca087e724c0fba4501ead491d0/1/1/119562_Kichererbsen_PSXX.jpg,https://sortiment.lidl.ch/media/catalog/product/cache/b4d8daca087e724c0fba4501ead491d0/1/1/119562_Linsen_PSXX.jpg,diverse Sorten,https://sortiment.lidl.ch/de/catalog/product/view/id/12412/s/bio-huelsenfruechte-0119562/category/149/
Früchte,https://sortiment.lidl.ch/de/obst-gemuese/obst,Pfirsiche,lidl.ch,2.99,,,,"Herkunft, variabel",https://sortiment.lidl.ch/de/catalog/product/view/id/21521/s/pfirsiche-0080401/category/150/
Früchte,https://sortiment.lidl.ch/de/obst-gemuese/obst,Nektarinen,lidl.ch,2.99,,,,"Herkunft, variabel",https://sortiment.lidl.ch/de/catalog/product/view/id/21520/s/nektarinen-0080386/category/150/
Früchte,https://sortiment.lidl.ch/de/obst-gemuese/obst,Kirschen im Beutel,lidl.ch,9.9,https://sortiment.lidl.ch/media/catalog/product/cache/b4d8daca087e724c0fba4501ead491d0/8/0/80356_KirschenmitBeutel_PSXX.jpg,,,"Herkunft, variabel",https://sortiment.lidl.ch/de/catalog/product/view/id/21511/s/kirschen-im-beutel-0080356/category/150/
Früchte,https://sortiment.lidl.ch/de/obst-gemuese/obst,Avocado,lidl.ch,1.29,,,,"Herkunft, variabel",https://sortiment.lidl.ch/de/catalog/product/view/id/21369/s/avocado-0080737/category/150/
Früchte,https://sortiment.lidl.ch/de/obst-gemuese/obst,Schweizer Apfel grün,lidl.ch,2.19,https://sortiment.lidl.ch/media/catalog/product/cache/b4d8daca087e724c0fba4501ead491d0/8/0/80189_OGAX.jpg,,,,https://sortiment.lidl.ch/de/catalog/product/view/id/20970/s/schweizer-apfel-gruen-0080189/category/150/
Früchte,https://sortiment.lidl.ch/de/obst-gemuese/obst,Avocado,lidl.ch,1.99,https://sortiment.lidl.ch/media/catalog/product/cache/b4d8daca087e724c0fba4501ead491d0/8/0/80620_OGAX.jpg,,,"Herkunft, variabel",https://sortiment.lidl.ch/de/catalog/product/view/id/20677/s/avocado-0080620/category/150/
Früchte,https://sortiment.lidl.ch/de/obst-gemuese/obst,Orangen,lidl.ch,4.99,https://sortiment.lidl.ch/media/catalog/product/cache/b4d8daca087e724c0fba4501ead491d0/8/0/80144_OGAX.jpg,,,"Herkunft, variabel",https://sortiment.lidl.ch/de/catalog/product/view/id/20675/s/orangen-0080144/category/150/
Früchte,https://sortiment.lidl.ch/de/obst-gemuese/obst,Bio Ingwer lose,lidl.ch,4.99,https://sortiment.lidl.ch/media/catalog/product/cache/b4d8daca087e724c0fba4501ead491d0/8/1/81724_Bio_Ingwer_lose_OGFG.jpg,,,"Herkunft, variabel",https://sortiment.lidl.ch/de/catalog/product/view/id/20297/s/bio-ingwer-lose-0081724/category/150/
Früchte,https://sortiment.lidl.ch/de/obst-gemuese/obst,Beerenmix,lidl.ch,4.49,,,,"Herkunft, variabel",https://sortiment.lidl.ch/de/catalog/product/view/id/19452/s/beerenmix-0080871/category/150/
Früchte,https://sortiment.lidl.ch/de/obst-gemuese/obst,Schweizer Erdbeeren,lidl.ch,5.99,https://sortiment.lidl.ch/media/catalog/product/cache/b4d8daca087e724c0fba4501ead491d0/8/0/80810_OGAX.jpg,https://sortiment.lidl.ch/media/catalog/product/cache/b4d8daca087e724c0fba4501ead491d0/8/0/80810_OGFG.jpg,,,https://sortiment.lidl.ch/de/catalog/product/view/id/19373/s/schweizer-erdbeeren-0080810/category/150/
Früchte,https://sortiment.lidl.ch/de/obst-gemuese/obst,Bio Baby Wassermelone,lidl.ch,2.75,https://sortiment.lidl.ch/media/catalog/product/cache/b4d8daca087e724c0fba4501ead491d0/8/1/81654_OGAX.jpg,https://sortiment.lidl.ch/media/catalog/product/cache/b4d8daca087e724c0fba4501ead491d0/8/1/81654_OGFG.jpg,,"Herkunft, variabel",https://sortiment.lidl.ch/de/catalog/product/view/id/19372/s/bio-baby-wassermelone-0081654/category/150/
Früchte,https://sortiment.lidl.ch/de/obst-gemuese/obst,Zuckermelone Piel de Sapo,lidl.ch,2.99,https://sortiment.lidl.ch/media/catalog/product/cache/b4d8daca087e724c0fba4501ead491d0/8/0/80580_OGAX.jpg,https://sortiment.lidl.ch/media/catalog/product/cache/b4d8daca087e724c0fba4501ead491d0/8/0/80580_OGFG.jpg,,"Herkunft, variabel",https://sortiment.lidl.ch/de/catalog/product/view/id/19371/s/zuckermelone-piel-de-sapo-0080580/category/150/
Früchte,https://sortiment.lidl.ch/de/obst-gemuese/obst,Honigmelone,lidl.ch,1.69,https://sortiment.lidl.ch/media/catalog/product/cache/b4d8daca087e724c0fba4501ead491d0/8/0/80550_OGAX.jpg,https://sortiment.lidl.ch/media/catalog/product/cache/b4d8daca087e724c0fba4501ead491d0/8/0/80550_OGFG.jpg,,"Herkunft, variabel",https://sortiment.lidl.ch/de/catalog/product/view/id/19370/s/honigmelone-0080550/category/150/
Früchte,https://sortiment.lidl.ch/de/obst-gemuese/obst,Kiwi,lidl.ch,3.49,https://sortiment.lidl.ch/media/catalog/product/cache/b4d8daca087e724c0fba4501ead491d0/8/0/80680_OGAX.jpg,https://sortiment.lidl.ch/media/catalog/product/cache/b4d8daca087e724c0fba4501ead491d0/8/0/80680_OGFG.jpg,,"Herkunft, variabel",https://sortiment.lidl.ch/de/catalog/product/view/id/19106/s/kiwi-0080680/category/150/
Früchte,https://sortiment.lidl.ch/de/obst-gemuese/obst,Cantaloupmelone,lidl.ch,2.99,https://sortiment.lidl.ch/media/catalog/product/cache/b4d8daca087e724c0fba4501ead491d0/8/0/80535_OGAX.jpg,https://sortiment.lidl.ch/media/catalog/product/cache/b4d8daca087e724c0fba4501ead491d0/8/0/80535_OGFG.jpg,,"Herkunft, variabel",https://sortiment.lidl.ch/de/catalog/product/view/id/18877/s/cantaloupmelone-0080535/category/150/
Früchte,https://sortiment.lidl.ch/de/obst-gemuese/obst,Galiamelone,lidl.ch,2.79,https://sortiment.lidl.ch/media/catalog/product/cache/b4d8daca087e724c0fba4501ead491d0/8/0/80545_OGAX.jpg,https://sortiment.lidl.ch/media/catalog/product/cache/b4d8daca087e724c0fba4501ead491d0/8/0/80545_OGFG.jpg,,"Herkunft, variabel",https://sortiment.lidl.ch/de/catalog/product/view/id/18728/s/galiamelone-0080545/category/150/
Früchte,https://sortiment.lidl.ch/de/obst-gemuese/obst,Mandarinen,lidl.ch,3.79,https://sortiment.lidl.ch/media/catalog/product/cache/b4d8daca087e724c0fba4501ead491d0/8/0/80090_OGAX.jpg,https://sortiment.lidl.ch/media/catalog/product/cache/b4d8daca087e724c0fba4501ead491d0/8/0/80090_OGFG.jpg,,"Herkunft, variabel",https://sortiment.lidl.ch/de/catalog/product/view/id/18500/s/mandarinen-0080090/category/150/
Früchte,https://sortiment.lidl.ch/de/obst-gemuese/obst,Mango,lidl.ch,2.79,https://sortiment.lidl.ch/media/catalog/product/cache/b4d8daca087e724c0fba4501ead491d0/8/0/80715_PSXX.jpg,,,"Herkunft, variabel",https://sortiment.lidl.ch/de/catalog/product/view/id/18376/s/mango-0080715/category/150/
Früchte,https://sortiment.lidl.ch/de/obst-gemuese/obst,Heidelbeeren,lidl.ch,3.95,https://sortiment.lidl.ch/media/catalog/product/cache/b4d8daca087e724c0fba4501ead491d0/8/0/80818_Heidelbeeren_OGFG.jpg,,,"Herkunft, variabel",https://sortiment.lidl.ch/de/catalog/product/view/id/15968/s/heidelbeeren-0080818/category/150/
Früchte,https://sortiment.lidl.ch/de/obst-gemuese/obst,Kirschen,lidl.ch,3.99,https://sortiment.lidl.ch/media/catalog/product/cache/b4d8daca087e724c0fba4501ead491d0/8/0/80363_OGFG.jpg,,,"Herkunft, variabel",https://sortiment.lidl.ch/de/catalog/product/view/id/15878/s/kirschen-0080363/category/150/
Früchte,https://sortiment.lidl.ch/de/obst-gemuese/obst,Fairtrade Baby Bananen,lidl.ch,3.69,https://sortiment.lidl.ch/media/catalog/product/cache/b4d8daca087e724c0fba4501ead491d0/8/0/80021_OGFG.jpg,,,"Herkunft, Ecuador",https://sortiment.lidl.ch/de/catalog/product/view/id/15826/s/fairtrade-baby-bananen-0080021/category/150/
Früchte,https://sortiment.lidl.ch/de/obst-gemuese/obst,Zitronen,lidl.ch,1.79,https://sortiment.lidl.ch/media/catalog/product/cache/b4d8daca087e724c0fba4501ead491d0/8/0/80171_OGAX.jpg,,,"Herkunft, variabel",https://sortiment.lidl.ch/de/catalog/product/view/id/15786/s/zitronen-0080171/category/150/
Früchte,https://sortiment.lidl.ch/de/obst-gemuese/obst,Bio Birnen,lidl.ch,2.99,https://sortiment.lidl.ch/media/catalog/product/cache/b4d8daca087e724c0fba4501ead491d0/8/1/81580_OGAX.jpg,https://sortiment.lidl.ch/media/catalog/product/cache/b4d8daca087e724c0fba4501ead491d0/8/1/81580_OGFG.jpg,,"Herkunft, variabel",https://sortiment.lidl.ch/de/catalog/product/view/id/14749/s/bio-birnen-0081580/category/150/
Früchte,https://sortiment.lidl.ch/de/obst-gemuese/obst,Saftorangen,lidl.ch,2.1,https://sortiment.lidl.ch/media/catalog/product/cache/b4d8daca087e724c0fba4501ead491d0/8/0/80155_OGFG_1.jpg,,,"Herkunft, variabel",https://sortiment.lidl.ch/de/catalog/product/view/id/14074/s/saftorangen-0080155/category/150/
Früchte,https://sortiment.lidl.ch/de/obst-gemuese/obst,Baby Wassermelonen,lidl.ch,1.99,https://sortiment.lidl.ch/media/catalog/product/cache/b4d8daca087e724c0fba4501ead491d0/8/0/80537_OGFG.jpg,,,"Herkunft, variabel",https://sortiment.lidl.ch/de/catalog/product/view/id/13976/s/baby-wassermelonen-0080537/category/150/
Früchte,https://sortiment.lidl.ch/de/obst-gemuese/obst,Limette,lidl.ch,0.49,https://sortiment.lidl.ch/media/catalog/product/cache/b4d8daca087e724c0fba4501ead491d0/8/0/80066_OGFG_1.jpg,,,"Herkunft, variabel",https://sortiment.lidl.ch/de/catalog/product/view/id/13946/s/limette-0080066/category/150/
Früchte,https://sortiment.lidl.ch/de/obst-gemuese/obst,Schweizer Äpfel rot,lidl.ch,3.69,https://sortiment.lidl.ch/media/catalog/product/cache/b4d8daca087e724c0fba4501ead491d0/8/0/80229_OGFG.jpg,,,,https://sortiment.lidl.ch/de/catalog/product/view/id/13891/s/schweizer-aepfel-rot-0080229/category/150/
Früchte,https://sortiment.lidl.ch/de/obst-gemuese/obst,Schweizer Äpfel rot,lidl.ch,2.79,https://sortiment.lidl.ch/media/catalog/product/cache/b4d8daca087e724c0fba4501ead491d0/8/0/80220_OGFG.jpg,,,,https://sortiment.lidl.ch/de/catalog/product/view/id/13737/s/schweizer-aepfel-rot-0080220/category/150/
Früchte,https://sortiment.lidl.ch/de/obst-gemuese/obst,Orangen,lidl.ch,1.95,https://sortiment.lidl.ch/media/catalog/product/cache/b4d8daca087e724c0fba4501ead491d0/8/0/80135_OGFG.jpg,,,"Herkunft, variabel",https://sortiment.lidl.ch/de/catalog/product/view/id/13690/s/orangen-0080135/category/150/
Früchte,https://sortiment.lidl.ch/de/obst-gemuese/obst,Mango,lidl.ch,1.49,https://sortiment.lidl.ch/media/catalog/product/cache/b4d8daca087e724c0fba4501ead491d0/8/0/80711_OGFG.jpg,,,,https://sortiment.lidl.ch/de/catalog/product/view/id/12928/s/mango-0080711/category/150/
Früchte,https://sortiment.lidl.ch/de/obst-gemuese/obst,Bio Kiwi grün,lidl.ch,2.99,https://sortiment.lidl.ch/media/catalog/product/cache/b4d8daca087e724c0fba4501ead491d0/8/1/81676_OGFG.jpg,,,"Herkunft, variabel",https://sortiment.lidl.ch/de/catalog/product/view/id/12921/s/bio-kiwi-gruen-0081676/category/150/
Früchte,https://sortiment.lidl.ch/de/obst-gemuese/obst,Bio Avocado,lidl.ch,1.39,https://sortiment.lidl.ch/media/catalog/product/cache/b4d8daca087e724c0fba4501ead491d0/8/1/81671_OGFG.jpg,,,"Herkunft, variabel",https://sortiment.lidl.ch/de/catalog/product/view/id/12919/s/bio-avocado-0081671/category/150/
Früchte,https://sortiment.lidl.ch/de/obst-gemuese/obst,Fairtrade Passionsfrucht,lidl.ch,0.79,https://sortiment.lidl.ch/media/catalog/product/cache/b4d8daca087e724c0fba4501ead491d0/8/0/80747_OGFG.jpg,,,"Herkunft, variabel",https://sortiment.lidl.ch/de/catalog/product/view/id/12916/s/fairtrade-passionsfrucht-0080747/category/150/
Früchte,https://sortiment.lidl.ch/de/obst-gemuese/obst,Physalis,lidl.ch,1.79,https://sortiment.lidl.ch/media/catalog/product/cache/b4d8daca087e724c0fba4501ead491d0/8/0/80735_OGFG_2.jpg,,,"Herkunft, variabel",https://sortiment.lidl.ch/de/catalog/product/view/id/12913/s/physalis-0080735/category/150/
Früchte,https://sortiment.lidl.ch/de/obst-gemuese/obst,Papaya,lidl.ch,2.99,https://sortiment.lidl.ch/media/catalog/product/cache/b4d8daca087e724c0fba4501ead491d0/8/0/80725_OGFG_1.jpg,,,"Herkunft, variabel",https://sortiment.lidl.ch/de/catalog/product/view/id/12911/s/papaya-0080725/category/150/
Früchte,https://sortiment.lidl.ch/de/obst-gemuese/obst,Kiwi Gold,lidl.ch,2.19,https://sortiment.lidl.ch/media/catalog/product/cache/b4d8daca087e724c0fba4501ead491d0/8/0/80690_OGFG.jpg,,,"Herkunft, variabel",https://sortiment.lidl.ch/de/catalog/product/view/id/12906/s/kiwi-gold-0080690/category/150/
Früchte,https://sortiment.lidl.ch/de/obst-gemuese/obst,Kiwi,lidl.ch,0.65,https://sortiment.lidl.ch/media/catalog/product/cache/b4d8daca087e724c0fba4501ead491d0/8/0/80676_OGFG.jpg,,,"Herkunft, variabel",https://sortiment.lidl.ch/de/catalog/product/view/id/12905/s/kiwi-0080676/category/150/
Früchte,https://sortiment.lidl.ch/de/obst-gemuese/obst,Kaki,lidl.ch,0.79,https://sortiment.lidl.ch/media/catalog/product/cache/b4d8daca087e724c0fba4501ead491d0/8/0/80656_OGFG.jpg,,,"Herkunft, variabel",https://sortiment.lidl.ch/de/catalog/product/view/id/12902/s/kaki-0080656/category/150/
Früchte,https://sortiment.lidl.ch/de/obst-gemuese/obst,Granatapfel,lidl.ch,1.79,https://sortiment.lidl.ch/media/catalog/product/cache/b4d8daca087e724c0fba4501ead491d0/8/0/80646_OGFG.jpg,,,"Herkunft, variabel",https://sortiment.lidl.ch/de/catalog/product/view/id/12901/s/granatapfel-0080646/category/150/
Früchte,https://sortiment.lidl.ch/de/obst-gemuese/obst,Avocado,lidl.ch,1.79,https://sortiment.lidl.ch/media/catalog/product/cache/b4d8daca087e724c0fba4501ead491d0/8/0/80619_OGFG.jpg,,,"Herkunft, variabel",https://sortiment.lidl.ch/de/catalog/product/view/id/12896/s/avocado-0080619/category/150/
Früchte,https://sortiment.lidl.ch/de/obst-gemuese/obst,Ananas Extra sweet,lidl.ch,2.29,https://sortiment.lidl.ch/media/catalog/product/cache/b4d8daca087e724c0fba4501ead491d0/8/0/80611_OGFG.jpg,,,"Herkunft, variabel",https://sortiment.lidl.ch/de/catalog/product/view/id/12895/s/ananas-extra-sweet-0080611/category/150/
Früchte,https://sortiment.lidl.ch/de/obst-gemuese/obst,Grapefruit,lidl.ch,0.59,https://sortiment.lidl.ch/media/catalog/product/cache/b4d8daca087e724c0fba4501ead491d0/8/0/80041_OGFG.jpg,,,"Herkunft, variabel",https://sortiment.lidl.ch/de/catalog/product/view/id/12893/s/grapefruit-0080041/category/150/
Früchte,https://sortiment.lidl.ch/de/obst-gemuese/obst,Mandarinen,lidl.ch,2.49,https://sortiment.lidl.ch/media/catalog/product/cache/b4d8daca087e724c0fba4501ead491d0/8/0/80085_OGFG.jpg,,,"Herkunft, variabel",https://sortiment.lidl.ch/de/catalog/product/view/id/12891/s/mandarinen-0080085/category/150/
Früchte,https://sortiment.lidl.ch/de/obst-gemuese/obst,Bio Zitronen,lidl.ch,1.49,,,,"Herkunft, variabel",https://sortiment.lidl.ch/de/catalog/product/view/id/12890/s/bio-zitronen-0081540/category/150/
Früchte,https://sortiment.lidl.ch/de/obst-gemuese/obst,Bio Zitronen,lidl.ch,0.45,https://sortiment.lidl.ch/media/catalog/product/cache/b4d8daca087e724c0fba4501ead491d0/8/1/81536_OGFG.jpg,,,"Herkunft, variabel",https://sortiment.lidl.ch/de/catalog/product/view/id/12889/s/bio-zitronen-0081536/category/150/
Früchte,https://sortiment.lidl.ch/de/obst-gemuese/obst,Bio Orangen,lidl.ch,1.99,https://sortiment.lidl.ch/media/catalog/product/cache/b4d8daca087e724c0fba4501ead491d0/8/1/81532_PSXX.jpg,,,"Herkunft, variabel",https://sortiment.lidl.ch/de/catalog/product/view/id/12888/s/bio-orangen-0081532/category/150/
Früchte,https://sortiment.lidl.ch/de/obst-gemuese/obst,Zitrone,lidl.ch,0.39,https://sortiment.lidl.ch/media/catalog/product/cache/b4d8daca087e724c0fba4501ead491d0/8/0/80161_OGFG.jpg,,,"Herkunft, variabel",https://sortiment.lidl.ch/de/catalog/product/view/id/12885/s/zitrone-0080161/category/150/
Früchte,https://sortiment.lidl.ch/de/obst-gemuese/obst,Orangen,lidl.ch,2.79,https://sortiment.lidl.ch/media/catalog/product/cache/b4d8daca087e724c0fba4501ead491d0/8/0/80142_OGAX.jpg,,,"Herkunft, variabel",https://sortiment.lidl.ch/de/catalog/product/view/id/12882/s/orangen-0080142/category/150/
Früchte,https://sortiment.lidl.ch/de/obst-gemuese/obst,Bio Heidelbeeren,lidl.ch,1.99,https://sortiment.lidl.ch/media/catalog/product/cache/b4d8daca087e724c0fba4501ead491d0/8/1/81685_OGFG.jpg,,,"Herkunft, variabel",https://sortiment.lidl.ch/de/catalog/product/view/id/12866/s/bio-heidelbeeren-0081685/category/150/
Früchte,https://sortiment.lidl.ch/de/obst-gemuese/obst,Himbeeren,lidl.ch,3.59,https://sortiment.lidl.ch/media/catalog/product/cache/b4d8daca087e724c0fba4501ead491d0/8/0/80838_OGFG.jpg,,,"Herkunft, variabel",https://sortiment.lidl.ch/de/catalog/product/view/id/12863/s/himbeeren-0080838/category/150/
Früchte,https://sortiment.lidl.ch/de/obst-gemuese/obst,Himbeeren,lidl.ch,1.79,https://sortiment.lidl.ch/media/catalog/product/cache/b4d8daca087e724c0fba4501ead491d0/8/0/80835_OGFG.jpg,,,"Herkunft, variabel",https://sortiment.lidl.ch/de/catalog/product/view/id/12862/s/himbeeren-0080835/category/150/
Früchte,https://sortiment.lidl.ch/de/obst-gemuese/obst,Heidelbeeren,lidl.ch,2.99,https://sortiment.lidl.ch/media/catalog/product/cache/b4d8daca087e724c0fba4501ead491d0/8/0/80823_OGFG.jpg,,,"Herkunft, variabel",https://sortiment.lidl.ch/de/catalog/product/view/id/12860/s/heidelbeeren-0080823/category/150/
Früchte,https://sortiment.lidl.ch/de/obst-gemuese/obst,Schweizer Erdbeeren,lidl.ch,4.49,https://sortiment.lidl.ch/media/catalog/product/cache/b4d8daca087e724c0fba4501ead491d0/8/0/80801_OGFG_1.jpg,,,,https://sortiment.lidl.ch/de/catalog/product/view/id/12852/s/schweizer-erdbeeren-0080801/category/150/
Früchte,https://sortiment.lidl.ch/de/obst-gemuese/obst,Brombeeren,lidl.ch,1.69,https://sortiment.lidl.ch/media/catalog/product/cache/b4d8daca087e724c0fba4501ead491d0/8/0/80790_OGAX.jpg,https://sortiment.lidl.ch/media/catalog/product/cache/b4d8daca087e724c0fba4501ead491d0/8/0/80790_OGFG.jpg,,"Herkunft, variabel",https://sortiment.lidl.ch/de/catalog/product/view/id/12851/s/brombeeren-0080790/category/150/
Früchte,https://sortiment.lidl.ch/de/obst-gemuese/obst,Plattpfirsiche,lidl.ch,2.49,https://sortiment.lidl.ch/media/catalog/product/cache/b4d8daca087e724c0fba4501ead491d0/8/0/80446_OGFG.jpg,,,"Herkunft, variabel",https://sortiment.lidl.ch/de/catalog/product/view/id/12850/s/plattpfirsiche-0080446/category/150/
Früchte,https://sortiment.lidl.ch/de/obst-gemuese/obst,Bio Nektarinen,lidl.ch,2.79,https://sortiment.lidl.ch/media/catalog/product/cache/b4d8daca087e724c0fba4501ead491d0/8/1/81591_OGAX.jpg,https://sortiment.lidl.ch/media/catalog/product/cache/b4d8daca087e724c0fba4501ead491d0/8/1/81591_OGFG.jpg,,"Herkunft, variabel",https://sortiment.lidl.ch/de/catalog/product/view/id/12846/s/bio-nektarinen-0081591/category/150/
Früchte,https://sortiment.lidl.ch/de/obst-gemuese/obst,Plattnektarinen,lidl.ch,2.99,https://sortiment.lidl.ch/media/catalog/product/cache/b4d8daca087e724c0fba4501ead491d0/8/0/80451_OGAX.jpg,,,"Herkunft, variabel",https://sortiment.lidl.ch/de/catalog/product/view/id/12843/s/plattnektarinen-0080451/category/150/
Früchte,https://sortiment.lidl.ch/de/obst-gemuese/obst,Plattpfirsiche,lidl.ch,4.99,https://sortiment.lidl.ch/media/catalog/product/cache/b4d8daca087e724c0fba4501ead491d0/8/0/80445_OGFG.jpg,,,"Herkunft, variabel",https://sortiment.lidl.ch/de/catalog/product/view/id/12842/s/plattpfirsiche-0080445/category/150/
Früchte,https://sortiment.lidl.ch/de/obst-gemuese/obst,Pflaumen dunkel,lidl.ch,2.49,https://sortiment.lidl.ch/media/catalog/product/cache/b4d8daca087e724c0fba4501ead491d0/8/0/80415_OGFG.jpg,,,"Herkunft, variabel",https://sortiment.lidl.ch/de/catalog/product/view/id/12839/s/pflaumen-dunkel-0080415/category/150/
Früchte,https://sortiment.lidl.ch/de/obst-gemuese/obst,Pflaumen,lidl.ch,3.49,https://sortiment.lidl.ch/media/catalog/product/cache/b4d8daca087e724c0fba4501ead491d0/8/0/80410_OGFG.jpg,,,"Herkunft, variabel",https://sortiment.lidl.ch/de/catalog/product/view/id/12838/s/pflaumen-0080410/category/150/
Früchte,https://sortiment.lidl.ch/de/obst-gemuese/obst,Pfirsiche,lidl.ch,3.49,https://sortiment.lidl.ch/media/catalog/product/cache/b4d8daca087e724c0fba4501ead491d0/8/0/80403_OGFG.jpg,,,"Herkunft, variabel",https://sortiment.lidl.ch/de/catalog/product/view/id/12836/s/pfirsiche-0080403/category/150/
Früchte,https://sortiment.lidl.ch/de/obst-gemuese/obst,Pfirsiche,lidl.ch,4.49,https://sortiment.lidl.ch/media/catalog/product/cache/b4d8daca087e724c0fba4501ead491d0/8/0/80395_OGFG.jpg,,,"Herkunft, variabel",https://sortiment.lidl.ch/de/catalog/product/view/id/12835/s/pfirsiche-0080395/category/150/
Früchte,https://sortiment.lidl.ch/de/obst-gemuese/obst,Nektarinen,lidl.ch,3.49,https://sortiment.lidl.ch/media/catalog/product/cache/b4d8daca087e724c0fba4501ead491d0/8/0/80388_OGFG.jpg,,,"Herkunft, variabel",https://sortiment.lidl.ch/de/catalog/product/view/id/12834/s/nektarinen-0080388/category/150/
Früchte,https://sortiment.lidl.ch/de/obst-gemuese/obst,Nektarinen,lidl.ch,2.99,https://sortiment.lidl.ch/media/catalog/product/cache/b4d8daca087e724c0fba4501ead491d0/8/0/80380_OGFG.jpg,,,"Herkunft, variabel",https://sortiment.lidl.ch/de/catalog/product/view/id/12832/s/nektarinen-0080380/category/150/
Früchte,https://sortiment.lidl.ch/de/obst-gemuese/obst,Kirschen,lidl.ch,12.9,https://sortiment.lidl.ch/media/catalog/product/cache/b4d8daca087e724c0fba4501ead491d0/8/0/80355_OGFG.jpg,,,"Herkunft, variabel",https://sortiment.lidl.ch/de/catalog/product/view/id/12831/s/kirschen-0080355/category/150/
Früchte,https://sortiment.lidl.ch/de/obst-gemuese/obst,Aprikosen,lidl.ch,4.99,https://sortiment.lidl.ch/media/catalog/product/cache/b4d8daca087e724c0fba4501ead491d0/8/0/80346_OGFG.jpg,,,,https://sortiment.lidl.ch/de/catalog/product/view/id/12830/s/aprikosen-0080346/category/150/
Früchte,https://sortiment.lidl.ch/de/obst-gemuese/obst,Aprikosen,lidl.ch,5.79,https://sortiment.lidl.ch/media/catalog/product/cache/b4d8daca087e724c0fba4501ead491d0/8/0/80340_OGFG.jpg,,,"Herkunft, variabel",https://sortiment.lidl.ch/de/catalog/product/view/id/12828/s/aprikosen-0080340/category/150/
Früchte,https://sortiment.lidl.ch/de/obst-gemuese/obst,Schweizer Äpfel grün,lidl.ch,2.79,https://sortiment.lidl.ch/media/catalog/product/cache/b4d8daca087e724c0fba4501ead491d0/8/0/80188_OGAX.jpg,https://sortiment.lidl.ch/media/catalog/product/cache/b4d8daca087e724c0fba4501ead491d0/8/0/80188_OGFG.jpg,,,https://sortiment.lidl.ch/de/catalog/product/view/id/12827/s/schweizer-aepfel-gruen-0080188/category/150/
Früchte,https://sortiment.lidl.ch/de/obst-gemuese/obst,Schweizer Bio Äpfel rot,lidl.ch,2.45,https://sortiment.lidl.ch/media/catalog/product/cache/b4d8daca087e724c0fba4501ead491d0/8/1/81560_OGFG.jpg,https://sortiment.lidl.ch/media/catalog/product/cache/b4d8daca087e724c0fba4501ead491d0/8/1/81560_PSXX.jpg,,,https://sortiment.lidl.ch/de/catalog/product/view/id/12824/s/schweizer-bio-aepfel-rot-0081560/category/150/
Früchte,https://sortiment.lidl.ch/de/obst-gemuese/obst,Nashi Birnen,lidl.ch,0.75,https://sortiment.lidl.ch/media/catalog/product/cache/b4d8daca087e724c0fba4501ead491d0/8/0/80316_NashiBirnen_OGFG.jpg,,,"Herkunft, variabel",https://sortiment.lidl.ch/de/catalog/product/view/id/12821/s/nashi-birnen-0080316/category/150/
Früchte,https://sortiment.lidl.ch/de/obst-gemuese/obst,Birnen,lidl.ch,2.39,https://sortiment.lidl.ch/media/catalog/product/cache/b4d8daca087e724c0fba4501ead491d0/8/0/80281_OGFG.jpg,,,"Herkunft, variabel",https://sortiment.lidl.ch/de/catalog/product/view/id/12817/s/birnen-0080281/category/150/
Früchte,https://sortiment.lidl.ch/de/obst-gemuese/obst,Birnen lose,lidl.ch,2.79,https://sortiment.lidl.ch/media/catalog/product/cache/b4d8daca087e724c0fba4501ead491d0/8/0/80275_OGFG.jpg,,,,https://sortiment.lidl.ch/de/catalog/product/view/id/12816/s/birnen-lose-0080275/category/150/
Früchte,https://sortiment.lidl.ch/de/obst-gemuese/obst,Schweizer Äpfel rot,lidl.ch,3.95,https://sortiment.lidl.ch/media/catalog/product/cache/b4d8daca087e724c0fba4501ead491d0/8/0/80236_OGFG.jpg,,,,https://sortiment.lidl.ch/de/catalog/product/view/id/12815/s/schweizer-aepfel-rot-0080236/category/150/
Früchte,https://sortiment.lidl.ch/de/obst-gemuese/obst,Schweizer Äpfel rot,lidl.ch,2.79,https://sortiment.lidl.ch/media/catalog/product/cache/b4d8daca087e724c0fba4501ead491d0/8/0/80227_OGFG.jpg,,,,https://sortiment.lidl.ch/de/catalog/product/view/id/12813/s/schweizer-aepfel-rot-0080227/category/150/
Früchte,https://sortiment.lidl.ch/de/obst-gemuese/obst,Äpfel Pink Lady,lidl.ch,4.49,https://sortiment.lidl.ch/media/catalog/product/cache/b4d8daca087e724c0fba4501ead491d0/8/0/80215_OGFG.jpg,,,"Herkunft, variabel",https://sortiment.lidl.ch/de/catalog/product/view/id/12812/s/aepfel-pink-lady-0080215/category/150/
Früchte,https://sortiment.lidl.ch/de/obst-gemuese/obst,Schweizer Äpfel grün,lidl.ch,2.79,https://sortiment.lidl.ch/media/catalog/product/cache/b4d8daca087e724c0fba4501ead491d0/8/0/80185_OGFG.jpg,,,,https://sortiment.lidl.ch/de/catalog/product/view/id/12810/s/schweizer-aepfel-gruen-0080185/category/150/
Früchte,https://sortiment.lidl.ch/de/obst-gemuese/obst,Wassermelone,lidl.ch,1.79,https://sortiment.lidl.ch/media/catalog/product/cache/b4d8daca087e724c0fba4501ead491d0/8/0/80575_OGFG.jpg,,,"Herkunft, variabel",https://sortiment.lidl.ch/de/catalog/product/view/id/12806/s/wassermelone-0080575/category/150/
Früchte,https://sortiment.lidl.ch/de/obst-gemuese/obst,Wassermelone,lidl.ch,1.29,https://sortiment.lidl.ch/media/catalog/product/cache/b4d8daca087e724c0fba4501ead491d0/8/0/80570_OGFG.jpg,,,"Herkunft, variabel",https://sortiment.lidl.ch/de/catalog/product/view/id/12805/s/wassermelone-0080570/category/150/
Früchte,https://sortiment.lidl.ch/de/obst-gemuese/obst,Trauben hell kernlos,lidl.ch,1.75,https://sortiment.lidl.ch/media/catalog/product/cache/b4d8daca087e724c0fba4501ead491d0/8/0/80505_OGFG.jpg,,,"Herkunft, variabel",https://sortiment.lidl.ch/de/catalog/product/view/id/12790/s/trauben-hell-kernlos-0080505/category/150/
Früchte,https://sortiment.lidl.ch/de/obst-gemuese/obst,Trauben rot,lidl.ch,2.99,https://sortiment.lidl.ch/media/catalog/product/cache/b4d8daca087e724c0fba4501ead491d0/8/0/80490_OGFG.jpg,,,"Herkunft, variabel",https://sortiment.lidl.ch/de/catalog/product/view/id/12789/s/trauben-rot-0080490/category/150/
Früchte,https://sortiment.lidl.ch/de/obst-gemuese/obst,Trauben rot kernlos,lidl.ch,2.49,https://sortiment.lidl.ch/media/catalog/product/cache/b4d8daca087e724c0fba4501ead491d0/8/0/80485_OGFG.jpg,,,"Herkunft, variabel",https://sortiment.lidl.ch/de/catalog/product/view/id/12788/s/trauben-rot-kernlos-0080485/category/150/
Früchte,https://sortiment.lidl.ch/de/obst-gemuese/obst,Trauben Mix,lidl.ch,2.39,https://sortiment.lidl.ch/media/catalog/product/cache/b4d8daca087e724c0fba4501ead491d0/8/0/80475_OGFG_1.jpg,,,"Herkunft, variabel",https://sortiment.lidl.ch/de/catalog/product/view/id/12786/s/trauben-mix-0080475/category/150/
Früchte,https://sortiment.lidl.ch/de/obst-gemuese/obst,Fairtrade Bio Bananen,lidl.ch,2.69,https://sortiment.lidl.ch/media/catalog/product/cache/b4d8daca087e724c0fba4501ead491d0/8/1/81510_OGFG.jpg,,,"Herkunft, variabel",https://sortiment.lidl.ch/de/catalog/product/view/id/12782/s/fairtrade-bio-bananen-0081510/category/150/
Früchte,https://sortiment.lidl.ch/de/obst-gemuese/obst,Bananen,lidl.ch,1.19,https://sortiment.lidl.ch/media/catalog/product/cache/b4d8daca087e724c0fba4501ead491d0/8/0/80000_OGFG.jpg,,,"Herkunft, variabel",https://sortiment.lidl.ch/de/catalog/product/view/id/12780/s/bananen-0080000/category/150/
Gemüse,https://sortiment.lidl.ch/de/obst-gemuese/gemuese,Schweizer Zuckermais,lidl.ch,2.85,,,,,https://sortiment.lidl.ch/de/catalog/product/view/id/21565/s/schweizer-zuckermais-0082862/category/160/
Gemüse,https://sortiment.lidl.ch/de/obst-gemuese/gemuese,Schweizer Bio Auberginen,lidl.ch,6.49,https://sortiment.lidl.ch/media/catalog/product/cache/b4d8daca087e724c0fba4501ead491d0/8/4/84397_BioAubergine_FKBA.jpg,,,,https://sortiment.lidl.ch/de/catalog/product/view/id/21541/s/schweizer-bio-auberginen-0084397/category/160/
Gemüse,https://sortiment.lidl.ch/de/obst-gemuese/gemuese,Schweizer Kartoffeln,lidl.ch,2.89,,,,festkochend,https://sortiment.lidl.ch/de/catalog/product/view/id/21416/s/schweizer-kartoffeln-0083205/category/160/
Gemüse,https://sortiment.lidl.ch/de/obst-gemuese/gemuese,Basilikum im Topf XXL,lidl.ch,2.49,,,,"Herkunft, variabel",https://sortiment.lidl.ch/de/catalog/product/view/id/21412/s/basilikum-im-topf-xxl-0083540/category/160/
Gemüse,https://sortiment.lidl.ch/de/obst-gemuese/gemuese,Schweizer Bio Snack Gurken,lidl.ch,1.99,,,,,https://sortiment.lidl.ch/de/catalog/product/view/id/21343/s/schweizer-bio-snack-gurken-0084522/category/160/
Gemüse,https://sortiment.lidl.ch/de/obst-gemuese/gemuese,Schweizer Mini Tomaten mix,lidl.ch,2.49,https://sortiment.lidl.ch/media/catalog/product/cache/b4d8daca087e724c0fba4501ead491d0/8/2/82423_OGAX.jpg,,,,https://sortiment.lidl.ch/de/catalog/product/view/id/21244/s/schweizer-mini-tomaten-mix-0082423/category/160/
Gemüse,https://sortiment.lidl.ch/de/obst-gemuese/gemuese,Minze geschnitten,lidl.ch,1.49,,,,"Herkunft, variabel",https://sortiment.lidl.ch/de/catalog/product/view/id/21107/s/minze-geschnitten-0083073/category/160/
Gemüse,https://sortiment.lidl.ch/de/obst-gemuese/gemuese,Paprika grün Spitz Grill & Back,lidl.ch,1.79,,,,"Herkunft, variabel",https://sortiment.lidl.ch/de/catalog/product/view/id/21072/s/paprika-gruen-spitz-grill-back-0082553/category/160/
Gemüse,https://sortiment.lidl.ch/de/obst-gemuese/gemuese,Koriander,lidl.ch,0.99,,,,"Herkunft, variabel",https://sortiment.lidl.ch/de/catalog/product/view/id/20939/s/koriander-0083110/category/160/
Gemüse,https://sortiment.lidl.ch/de/obst-gemuese/gemuese,Dill,lidl.ch,1.99,,,,"Herkunft, variabel",https://sortiment.lidl.ch/de/catalog/product/view/id/20870/s/dill-0083080/category/160/
Gemüse,https://sortiment.lidl.ch/de/obst-gemuese/gemuese,Cherryrispentomaten,lidl.ch,3.79,https://sortiment.lidl.ch/media/catalog/product/cache/b4d8daca087e724c0fba4501ead491d0/8/2/82387_OGAX.jpg,,,"Herkunft, variabel",https://sortiment.lidl.ch/de/catalog/product/view/id/20784/s/cherryrispentomaten-0082387/category/160/
Gemüse,https://sortiment.lidl.ch/de/obst-gemuese/gemuese,Paprika rot,lidl.ch,1.89,https://sortiment.lidl.ch/media/catalog/product/cache/b4d8daca087e724c0fba4501ead491d0/8/2/82620_OGAX.jpg,,,"Herkunft, variabel",https://sortiment.lidl.ch/de/catalog/product/view/id/20756/s/paprika-rot-0082620/category/160/
Gemüse,https://sortiment.lidl.ch/de/obst-gemuese/gemuese,Schweizer Karotten,lidl.ch,2.89,https://sortiment.lidl.ch/media/catalog/product/cache/b4d8daca087e724c0fba4501ead491d0/8/2/82762_OGAX.jpg,,,,https://sortiment.lidl.ch/de/catalog/product/view/id/20571/s/schweizer-karotten-0082762/category/160/
Gemüse,https://sortiment.lidl.ch/de/obst-gemuese/gemuese,Bio Paprika Mix,lidl.ch,1.99,https://sortiment.lidl.ch/media/catalog/product/cache/b4d8daca087e724c0fba4501ead491d0/8/4/84406_OGAX.jpg,,,"Herkunft, variabel",https://sortiment.lidl.ch/de/catalog/product/view/id/20570/s/bio-paprika-mix-0084406/category/160/
Gemüse,https://sortiment.lidl.ch/de/obst-gemuese/gemuese,Schweizer Bio Rüebli Mix,lidl.ch,2.39,,,,,https://sortiment.lidl.ch/de/catalog/product/view/id/20013/s/schweizer-bio-rueebli-mix-0084609/category/160/
Gemüse,https://sortiment.lidl.ch/de/obst-gemuese/gemuese,Soloknoblauch,lidl.ch,2.49,,,,"Herkunft, variabel",https://sortiment.lidl.ch/de/catalog/product/view/id/19679/s/soloknoblauch-0082709/category/160/
Gemüse,https://sortiment.lidl.ch/de/obst-gemuese/gemuese,Schweizer Rispentomaten,lidl.ch,3.89,https://sortiment.lidl.ch/media/catalog/product/cache/b4d8daca087e724c0fba4501ead491d0/8/2/82466_OGAX.jpg,,,,https://sortiment.lidl.ch/de/catalog/product/view/id/19262/s/schweizer-rispentomaten-0082466/category/160/
Gemüse,https://sortiment.lidl.ch/de/obst-gemuese/gemuese,Schweizer Cherryrispen-,lidl.ch,4.49,https://sortiment.lidl.ch/media/catalog/product/cache/b4d8daca087e724c0fba4501ead491d0/8/2/82393_PSXX.jpg,,,tomaten,https://sortiment.lidl.ch/de/catalog/product/view/id/19222/s/schweizer-cherryrispen--0082393/category/160/
Gemüse,https://sortiment.lidl.ch/de/obst-gemuese/gemuese,Schweizer Gurken,lidl.ch,1.49,https://sortiment.lidl.ch/media/catalog/product/cache/b4d8daca087e724c0fba4501ead491d0/8/2/82233_OGAX.jpg,https://sortiment.lidl.ch/media/catalog/product/cache/b4d8daca087e724c0fba4501ead491d0/8/2/82233_OGFG.jpg,,,https://sortiment.lidl.ch/de/catalog/product/view/id/19153/s/schweizer-gurken-0082233/category/160/
Gemüse,https://sortiment.lidl.ch/de/obst-gemuese/gemuese,Schweizer Kartoffeln,lidl.ch,2.89,https://sortiment.lidl.ch/media/catalog/product/cache/b4d8daca087e724c0fba4501ead491d0/8/3/83245_OGAX.jpg,https://sortiment.lidl.ch/media/catalog/product/cache/b4d8daca087e724c0fba4501ead491d0/8/3/83245_OGFG.jpg,,vorw. festkochend,https://sortiment.lidl.ch/de/catalog/product/view/id/18224/s/schweizer-kartoffeln-0083245/category/160/
Gemüse,https://sortiment.lidl.ch/de/obst-gemuese/gemuese,"Spitzpaprika grün, scharf",lidl.ch,1.99,https://sortiment.lidl.ch/media/catalog/product/cache/b4d8daca087e724c0fba4501ead491d0/8/2/82577_OGAX.jpg,https://sortiment.lidl.ch/media/catalog/product/cache/b4d8daca087e724c0fba4501ead491d0/8/2/82577_OGFG.jpg,,"Herkunft, variabel",https://sortiment.lidl.ch/de/catalog/product/view/id/17603/s/spitzpaprika-gruen-scharf-0082577/category/160/
Gemüse,https://sortiment.lidl.ch/de/obst-gemuese/gemuese,Schweizer Kartoffeln,lidl.ch,2.89,https://sortiment.lidl.ch/media/catalog/product/cache/b4d8daca087e724c0fba4501ead491d0/8/3/83225_OGAX.jpg,https://sortiment.lidl.ch/media/catalog/product/cache/b4d8daca087e724c0fba4501ead491d0/8/3/83225_OGFG.jpg,,,https://sortiment.lidl.ch/de/catalog/product/view/id/17301/s/schweizer-kartoffeln-0083225/category/160/
Gemüse,https://sortiment.lidl.ch/de/obst-gemuese/gemuese,Schweizer Kartoffeln,lidl.ch,2.89,https://sortiment.lidl.ch/media/catalog/product/cache/b4d8daca087e724c0fba4501ead491d0/8/3/83275_OGAX.jpg,https://sortiment.lidl.ch/media/catalog/product/cache/b4d8daca087e724c0fba4501ead491d0/8/3/83275_OGFG.jpg,,mehligkochend,https://sortiment.lidl.ch/de/catalog/product/view/id/16980/s/schweizer-kartoffeln-0083275/category/160/
Gemüse,https://sortiment.lidl.ch/de/obst-gemuese/gemuese,Blumenkohl und Broccoli Mini Mix,lidl.ch,2.49,https://sortiment.lidl.ch/media/catalog/product/cache/b4d8daca087e724c0fba4501ead491d0/8/2/82887_OGFG.jpg,,,"Herkunft, variabel",https://sortiment.lidl.ch/de/catalog/product/view/id/16547/s/blumenkohl-und-broccoli-mini-mix-0082887/category/160/
Gemüse,https://sortiment.lidl.ch/de/obst-gemuese/gemuese,Schweizer Saucenzwiebeln Mix,lidl.ch,0.99,https://sortiment.lidl.ch/media/catalog/product/cache/b4d8daca087e724c0fba4501ead491d0/8/3/83343_OGFG.jpg,,,,https://sortiment.lidl.ch/de/catalog/product/view/id/16529/s/schweizer-saucenzwiebeln-mix-0083343/category/160/
Gemüse,https://sortiment.lidl.ch/de/obst-gemuese/gemuese,Schweizer Rüebli,lidl.ch,1.99,https://sortiment.lidl.ch/media/catalog/product/cache/b4d8daca087e724c0fba4501ead491d0/8/2/82755_OGAX.jpg,https://sortiment.lidl.ch/media/catalog/product/cache/b4d8daca087e724c0fba4501ead491d0/8/2/82755_OGFG.jpg,,,https://sortiment.lidl.ch/de/catalog/product/view/id/16457/s/schweizer-rueebli-0082755/category/160/
Gemüse,https://sortiment.lidl.ch/de/obst-gemuese/gemuese,Schweizer Pak Choi,lidl.ch,2.79,https://sortiment.lidl.ch/media/catalog/product/cache/b4d8daca087e724c0fba4501ead491d0/8/2/82923_OGAX.jpg,https://sortiment.lidl.ch/media/catalog/product/cache/b4d8daca087e724c0fba4501ead491d0/8/2/82923_OGFG.jpg,,,https://sortiment.lidl.ch/de/catalog/product/view/id/16197/s/schweizer-pak-choi-0082923/category/160/
Gemüse,https://sortiment.lidl.ch/de/obst-gemuese/gemuese,Schweizer Dattelcherrytomaten,lidl.ch,3.29,https://sortiment.lidl.ch/media/catalog/product/cache/b4d8daca087e724c0fba4501ead491d0/8/2/82410_OGAX.jpg,,,,https://sortiment.lidl.ch/de/catalog/product/view/id/16087/s/schweizer-dattelcherrytomaten-0082410/category/160/
Gemüse,https://sortiment.lidl.ch/de/obst-gemuese/gemuese,Schweizer Kartoffeln,lidl.ch,1.75,https://sortiment.lidl.ch/media/catalog/product/cache/b4d8daca087e724c0fba4501ead491d0/8/3/83223_OGAX.jpg,,,,https://sortiment.lidl.ch/de/catalog/product/view/id/16055/s/schweizer-kartoffeln-0083223/category/160/
Gemüse,https://sortiment.lidl.ch/de/obst-gemuese/gemuese,Bio Champignons braun,lidl.ch,1.99,https://sortiment.lidl.ch/media/catalog/product/cache/b4d8daca087e724c0fba4501ead491d0/8/4/84597_OGFG.jpg,,,"Herkunft, variabel",https://sortiment.lidl.ch/de/catalog/product/view/id/15947/s/bio-champignons-braun-0084597/category/160/
Gemüse,https://sortiment.lidl.ch/de/obst-gemuese/gemuese,Schweizer Schalotten,lidl.ch,1.79,https://sortiment.lidl.ch/media/catalog/product/cache/b4d8daca087e724c0fba4501ead491d0/8/3/83377_OGFG.jpg,,,,https://sortiment.lidl.ch/de/catalog/product/view/id/15555/s/schweizer-schalotten-0083377/category/160/
Gemüse,https://sortiment.lidl.ch/de/obst-gemuese/gemuese,Schweizer Zwiebeln gelb,lidl.ch,1.49,https://sortiment.lidl.ch/media/catalog/product/cache/b4d8daca087e724c0fba4501ead491d0/8/3/83331_OGFG.jpg,,,,https://sortiment.lidl.ch/de/catalog/product/view/id/15449/s/schweizer-zwiebeln-gelb-0083331/category/160/
Gemüse,https://sortiment.lidl.ch/de/obst-gemuese/gemuese,Spitzpeperoni hellgrün,lidl.ch,1.99,https://sortiment.lidl.ch/media/catalog/product/cache/b4d8daca087e724c0fba4501ead491d0/8/2/82569_OGFG.jpg,,,"Herkunft, variabel",https://sortiment.lidl.ch/de/catalog/product/view/id/15399/s/spitzpeperoni-hellgruen-0082569/category/160/
Gemüse,https://sortiment.lidl.ch/de/obst-gemuese/gemuese,Schweizer Rüebli,lidl.ch,1.99,https://sortiment.lidl.ch/media/catalog/product/cache/b4d8daca087e724c0fba4501ead491d0/8/2/82761_PSXX.jpg,,,,https://sortiment.lidl.ch/de/catalog/product/view/id/15344/s/schweizer-rueebli-0082761/category/160/
Gemüse,https://sortiment.lidl.ch/de/obst-gemuese/gemuese,Bio Snack Rüebli,lidl.ch,1.79,https://sortiment.lidl.ch/media/catalog/product/cache/b4d8daca087e724c0fba4501ead491d0/8/4/84449_OGFG.jpg,https://sortiment.lidl.ch/media/catalog/product/cache/b4d8daca087e724c0fba4501ead491d0/8/4/84449_PSXX.jpg,,"Herkunft, variabel",https://sortiment.lidl.ch/de/catalog/product/view/id/14853/s/bio-snack-rueebli-0084449/category/160/
Gemüse,https://sortiment.lidl.ch/de/obst-gemuese/gemuese,Bio Buschbohnen,lidl.ch,3.39,https://sortiment.lidl.ch/media/catalog/product/cache/b4d8daca087e724c0fba4501ead491d0/8/4/84387_OGFG.jpg,,,"Herkunft, variabel",https://sortiment.lidl.ch/de/catalog/product/view/id/14170/s/bio-buschbohnen-0084387/category/160/
Gemüse,https://sortiment.lidl.ch/de/obst-gemuese/gemuese,Schweizer Bio Romana,lidl.ch,2.99,https://sortiment.lidl.ch/media/catalog/product/cache/b4d8daca087e724c0fba4501ead491d0/8/4/84426_OGFG.jpg,,,,https://sortiment.lidl.ch/de/catalog/product/view/id/13774/s/schweizer-bio-romana-0084426/category/160/
Gemüse,https://sortiment.lidl.ch/de/obst-gemuese/gemuese,Bio Baby Spinat,lidl.ch,1.29,https://sortiment.lidl.ch/media/catalog/product/cache/b4d8daca087e724c0fba4501ead491d0/8/4/84440_OGFG.jpg,,,"Herkunft, variabel",https://sortiment.lidl.ch/de/catalog/product/view/id/13744/s/bio-baby-spinat-0084440/category/160/
Gemüse,https://sortiment.lidl.ch/de/obst-gemuese/gemuese,Dattelcherry-Tomaten,lidl.ch,4.95,https://sortiment.lidl.ch/media/catalog/product/cache/b4d8daca087e724c0fba4501ead491d0/8/2/82411_OGFG.jpg,,,"Herkunft, variabel",https://sortiment.lidl.ch/de/catalog/product/view/id/13741/s/dattelcherry-tomaten-0082411/category/160/
Gemüse,https://sortiment.lidl.ch/de/obst-gemuese/gemuese,Schweizer Kohlrabi,lidl.ch,1.59,https://sortiment.lidl.ch/media/catalog/product/cache/b4d8daca087e724c0fba4501ead491d0/8/2/82735_OGFG.jpg,,,,https://sortiment.lidl.ch/de/catalog/product/view/id/13738/s/schweizer-kohlrabi-0082735/category/160/
Gemüse,https://sortiment.lidl.ch/de/obst-gemuese/gemuese,Schweizer Fenchel,lidl.ch,3.49,https://sortiment.lidl.ch/media/catalog/product/cache/b4d8daca087e724c0fba4501ead491d0/8/2/82690_OGFG.jpg,,,,https://sortiment.lidl.ch/de/catalog/product/view/id/13691/s/schweizer-fenchel-0082690/category/160/
Gemüse,https://sortiment.lidl.ch/de/obst-gemuese/gemuese,Süsskartoffeln,lidl.ch,1.79,https://sortiment.lidl.ch/media/catalog/product/cache/b4d8daca087e724c0fba4501ead491d0/8/0/80755_OGFG_1.jpg,,,"Herkunft, variabel",https://sortiment.lidl.ch/de/catalog/product/view/id/12917/s/suesskartoffeln-0080755/category/160/
Gemüse,https://sortiment.lidl.ch/de/obst-gemuese/gemuese,Schweizer Blumenkohl,lidl.ch,3.49,https://sortiment.lidl.ch/media/catalog/product/cache/b4d8daca087e724c0fba4501ead491d0/8/2/82875_OGFG.jpg,,,,https://sortiment.lidl.ch/de/catalog/product/view/id/11887/s/schweizer-blumenkohl-0082875/category/160/
Gemüse,https://sortiment.lidl.ch/de/obst-gemuese/gemuese,Schweizer Weisskabis,lidl.ch,1.99,https://sortiment.lidl.ch/media/catalog/product/cache/b4d8daca087e724c0fba4501ead491d0/8/2/82955_2_OGFG.jpg,,,,https://sortiment.lidl.ch/de/catalog/product/view/id/11879/s/schweizer-weisskabis-0082955/category/160/
Gemüse,https://sortiment.lidl.ch/de/obst-gemuese/gemuese,Schweizer Pak Choi,lidl.ch,2.79,,,,,https://sortiment.lidl.ch/de/catalog/product/view/id/11876/s/schweizer-pak-choi-0082922/category/160/
Gemüse,https://sortiment.lidl.ch/de/obst-gemuese/gemuese,Schweizer Chinakohl,lidl.ch,3.79,https://sortiment.lidl.ch/media/catalog/product/cache/b4d8daca087e724c0fba4501ead491d0/8/2/82910_OGFG_1.jpg,,,,https://sortiment.lidl.ch/de/catalog/product/view/id/11874/s/schweizer-chinakohl-0082910/category/160/
Gemüse,https://sortiment.lidl.ch/de/obst-gemuese/gemuese,Broccoli,lidl.ch,1.49,https://sortiment.lidl.ch/media/catalog/product/cache/b4d8daca087e724c0fba4501ead491d0/8/2/82904_OGFG.jpg,,,"Herkunft, variabel",https://sortiment.lidl.ch/de/catalog/product/view/id/11873/s/broccoli-0082904/category/160/
Gemüse,https://sortiment.lidl.ch/de/obst-gemuese/gemuese,Schweizer Broccoli,lidl.ch,4.49,https://sortiment.lidl.ch/media/catalog/product/cache/b4d8daca087e724c0fba4501ead491d0/8/2/82895_OGFG.jpg,,,,https://sortiment.lidl.ch/de/catalog/product/view/id/11872/s/schweizer-broccoli-0082895/category/160/
Gemüse,https://sortiment.lidl.ch/de/obst-gemuese/gemuese,Schweizer Eisbergsalat,lidl.ch,1.79,https://sortiment.lidl.ch/media/catalog/product/cache/b4d8daca087e724c0fba4501ead491d0/8/2/82031_OGFG.jpg,,,,https://sortiment.lidl.ch/de/catalog/product/view/id/11867/s/schweizer-eisbergsalat-0082031/category/160/
Gemüse,https://sortiment.lidl.ch/de/obst-gemuese/gemuese,Rucola,lidl.ch,0.79,https://sortiment.lidl.ch/media/catalog/product/cache/b4d8daca087e724c0fba4501ead491d0/8/2/82135_OGFG.jpg,,,"Herkunft, variabel",https://sortiment.lidl.ch/de/catalog/product/view/id/11865/s/rucola-0082135/category/160/
Gemüse,https://sortiment.lidl.ch/de/obst-gemuese/gemuese,Schweizer Eichblattsalat,lidl.ch,1.89,https://sortiment.lidl.ch/media/catalog/product/cache/b4d8daca087e724c0fba4501ead491d0/8/2/82026_OGFG.jpg,,,,https://sortiment.lidl.ch/de/catalog/product/view/id/11862/s/schweizer-eichblattsalat-0082026/category/160/
Gemüse,https://sortiment.lidl.ch/de/obst-gemuese/gemuese,Schweizer Kopfsalat,lidl.ch,1.79,https://sortiment.lidl.ch/media/catalog/product/cache/b4d8daca087e724c0fba4501ead491d0/8/2/82071_OGFG.jpg,,,,https://sortiment.lidl.ch/de/catalog/product/view/id/11861/s/schweizer-kopfsalat-0082071/category/160/
Gemüse,https://sortiment.lidl.ch/de/obst-gemuese/gemuese,Schweizer Bio Rucola,lidl.ch,1.49,https://sortiment.lidl.ch/media/catalog/product/cache/b4d8daca087e724c0fba4501ead491d0/8/4/84520_OGFG.jpg,,,,https://sortiment.lidl.ch/de/catalog/product/view/id/11858/s/schweizer-bio-rucola-0084520/category/160/
Gemüse,https://sortiment.lidl.ch/de/obst-gemuese/gemuese,Schweizer Bio Eisbergsalat,lidl.ch,2.39,https://sortiment.lidl.ch/media/catalog/product/cache/b4d8daca087e724c0fba4501ead491d0/8/4/84505_OGFG.jpg,,,,https://sortiment.lidl.ch/de/catalog/product/view/id/11855/s/schweizer-bio-eisbergsalat-0084505/category/160/
Gemüse,https://sortiment.lidl.ch/de/obst-gemuese/gemuese,Schweizer Bio Eichblattsalat,lidl.ch,1.99,https://sortiment.lidl.ch/media/catalog/product/cache/b4d8daca087e724c0fba4501ead491d0/8/4/84425_OGFG_1.jpg,,,,https://sortiment.lidl.ch/de/catalog/product/view/id/11854/s/schweizer-bio-eichblattsalat-0084425/category/160/
Gemüse,https://sortiment.lidl.ch/de/obst-gemuese/gemuese,Schweizer Kopfsalatherzen,lidl.ch,2.79,https://sortiment.lidl.ch/media/catalog/product/cache/b4d8daca087e724c0fba4501ead491d0/8/2/82150_OGAX.jpg,https://sortiment.lidl.ch/media/catalog/product/cache/b4d8daca087e724c0fba4501ead491d0/8/2/82150_OGFG.jpg,,,https://sortiment.lidl.ch/de/catalog/product/view/id/11852/s/schweizer-kopfsalatherzen-0082150/category/160/
Gemüse,https://sortiment.lidl.ch/de/obst-gemuese/gemuese,Schweizer Triosalat mit,lidl.ch,1.79,https://sortiment.lidl.ch/media/catalog/product/cache/b4d8daca087e724c0fba4501ead491d0/8/2/82114_OGFG.jpg,https://sortiment.lidl.ch/media/catalog/product/cache/b4d8daca087e724c0fba4501ead491d0/8/2/82114_OGFG_001.jpg,,Wurzelballen,https://sortiment.lidl.ch/de/catalog/product/view/id/11849/s/schweizer-triosalat-mit-0082114/category/160/
Gemüse,https://sortiment.lidl.ch/de/obst-gemuese/gemuese,Schweizer Kopfsalat rot,lidl.ch,1.79,https://sortiment.lidl.ch/media/catalog/product/cache/b4d8daca087e724c0fba4501ead491d0/8/2/82072_OGFG.jpg,,,,https://sortiment.lidl.ch/de/catalog/product/view/id/11848/s/schweizer-kopfsalat-rot-0082072/category/160/
Gemüse,https://sortiment.lidl.ch/de/obst-gemuese/gemuese,Schweizer Kopfsalatherzen,lidl.ch,2.79,https://sortiment.lidl.ch/media/catalog/product/cache/b4d8daca087e724c0fba4501ead491d0/8/2/82069_OGFG.jpg,https://sortiment.lidl.ch/media/catalog/product/cache/b4d8daca087e724c0fba4501ead491d0/8/2/82069_OGFG_001.jpg,,,https://sortiment.lidl.ch/de/catalog/product/view/id/11847/s/schweizer-kopfsalatherzen-0082069/category/160/
Gemüse,https://sortiment.lidl.ch/de/obst-gemuese/gemuese,Endivien Lavata,lidl.ch,1.99,https://sortiment.lidl.ch/media/catalog/product/cache/b4d8daca087e724c0fba4501ead491d0/8/2/82041_OGFG.jpg,,,"Herkunft, variabel",https://sortiment.lidl.ch/de/catalog/product/view/id/11845/s/endivien-lavata-0082041/category/160/
Gemüse,https://sortiment.lidl.ch/de/obst-gemuese/gemuese,Schweizer Chicorée,lidl.ch,1.99,https://sortiment.lidl.ch/media/catalog/product/cache/b4d8daca087e724c0fba4501ead491d0/8/2/82015_OGFG.jpg,,,,https://sortiment.lidl.ch/de/catalog/product/view/id/11844/s/schweizer-chicoree-0082015/category/160/
Gemüse,https://sortiment.lidl.ch/de/obst-gemuese/gemuese,Schweizer Bio Rispentomaten,lidl.ch,4.29,https://sortiment.lidl.ch/media/catalog/product/cache/b4d8daca087e724c0fba4501ead491d0/8/4/84570_OGFG.jpg,,,,https://sortiment.lidl.ch/de/catalog/product/view/id/11841/s/schweizer-bio-rispentomaten-0084570/category/160/
Gemüse,https://sortiment.lidl.ch/de/obst-gemuese/gemuese,Schweizer Bio Dattelcherry-,lidl.ch,3.99,https://sortiment.lidl.ch/media/catalog/product/cache/b4d8daca087e724c0fba4501ead491d0/8/4/84560_OGFG.jpg,,,tomaten,https://sortiment.lidl.ch/de/catalog/product/view/id/11839/s/schweizer-bio-dattelcherry--0084560/category/160/
Gemüse,https://sortiment.lidl.ch/de/obst-gemuese/gemuese,Schweizer Tomaten San Marzano,lidl.ch,4.49,https://sortiment.lidl.ch/media/catalog/product/cache/b4d8daca087e724c0fba4501ead491d0/8/2/82505_OGFG.jpg,,,,https://sortiment.lidl.ch/de/catalog/product/view/id/11836/s/schweizer-tomaten-san-marzano-0082505/category/160/
Gemüse,https://sortiment.lidl.ch/de/obst-gemuese/gemuese,Schweizer Tomaten Coeur de Boeuf,lidl.ch,4.49,https://sortiment.lidl.ch/media/catalog/product/cache/b4d8daca087e724c0fba4501ead491d0/8/2/82500_OGFG.jpg,,,,https://sortiment.lidl.ch/de/catalog/product/view/id/11835/s/schweizer-tomaten-coeur-de-boeuf-0082500/category/160/
Gemüse,https://sortiment.lidl.ch/de/obst-gemuese/gemuese,Schweizer Tomaten,lidl.ch,3.49,https://sortiment.lidl.ch/media/catalog/product/cache/b4d8daca087e724c0fba4501ead491d0/8/2/82480_OGFG.jpg,,,,https://sortiment.lidl.ch/de/catalog/product/view/id/11832/s/schweizer-tomaten-0082480/category/160/
Gemüse,https://sortiment.lidl.ch/de/obst-gemuese/gemuese,Romatomaten,lidl.ch,1.99,https://sortiment.lidl.ch/media/catalog/product/cache/b4d8daca087e724c0fba4501ead491d0/8/2/82446_OGFG.jpg,,,"Herkunft, variabel",https://sortiment.lidl.ch/de/catalog/product/view/id/11830/s/romatomaten-0082446/category/160/
Gemüse,https://sortiment.lidl.ch/de/obst-gemuese/gemuese,Schweizer Cherry-Rispentomaten,lidl.ch,3.99,https://sortiment.lidl.ch/media/catalog/product/cache/b4d8daca087e724c0fba4501ead491d0/8/2/82437_OGFG_1.jpg,,,,https://sortiment.lidl.ch/de/catalog/product/view/id/11829/s/schweizer-cherry-rispentomaten-0082437/category/160/
Gemüse,https://sortiment.lidl.ch/de/obst-gemuese/gemuese,Schweizer Lauchzwiebeln,lidl.ch,1.59,https://sortiment.lidl.ch/media/catalog/product/cache/b4d8daca087e724c0fba4501ead491d0/8/2/82236_OGFG.jpg,,,,https://sortiment.lidl.ch/de/catalog/product/view/id/11821/s/schweizer-lauchzwiebeln-0082236/category/160/
Gemüse,https://sortiment.lidl.ch/de/obst-gemuese/gemuese,Bio Zucchetti,lidl.ch,3.99,https://sortiment.lidl.ch/media/catalog/product/cache/b4d8daca087e724c0fba4501ead491d0/8/4/84545_OGFG.jpg,,,"Herkunft, variabel",https://sortiment.lidl.ch/de/catalog/product/view/id/11819/s/bio-zucchetti-0084545/category/160/
Gemüse,https://sortiment.lidl.ch/de/obst-gemuese/gemuese,Schweizer Auberginen,lidl.ch,3.79,https://sortiment.lidl.ch/media/catalog/product/cache/b4d8daca087e724c0fba4501ead491d0/8/2/82180_OGFG.jpg,,,,https://sortiment.lidl.ch/de/catalog/product/view/id/11818/s/schweizer-auberginen-0082180/category/160/
Gemüse,https://sortiment.lidl.ch/de/obst-gemuese/gemuese,Bio Gurke,lidl.ch,2.29,https://sortiment.lidl.ch/media/catalog/product/cache/b4d8daca087e724c0fba4501ead491d0/8/4/84535_OGFG.jpg,,,"Herkunft, variabel",https://sortiment.lidl.ch/de/catalog/product/view/id/11816/s/bio-gurke-0084535/category/160/
Gemüse,https://sortiment.lidl.ch/de/obst-gemuese/gemuese,Schweizer Zucchetti,lidl.ch,3.95,https://sortiment.lidl.ch/media/catalog/product/cache/b4d8daca087e724c0fba4501ead491d0/8/2/82345_OGFG.jpg,,,,https://sortiment.lidl.ch/de/catalog/product/view/id/11808/s/schweizer-zucchetti-0082345/category/160/
Gemüse,https://sortiment.lidl.ch/de/obst-gemuese/gemuese,Stangenbohnen,lidl.ch,2.29,https://sortiment.lidl.ch/media/catalog/product/cache/b4d8daca087e724c0fba4501ead491d0/8/2/82327_OGFG.jpg,,,"Herkunft, variabel",https://sortiment.lidl.ch/de/catalog/product/view/id/11807/s/stangenbohnen-0082327/category/160/
Gemüse,https://sortiment.lidl.ch/de/obst-gemuese/gemuese,Schweizer Spinat,lidl.ch,3.49,https://sortiment.lidl.ch/media/catalog/product/cache/b4d8daca087e724c0fba4501ead491d0/8/2/82319_OGFG.jpg,,,,https://sortiment.lidl.ch/de/catalog/product/view/id/11806/s/schweizer-spinat-0082319/category/160/
Gemüse,https://sortiment.lidl.ch/de/obst-gemuese/gemuese,Spargeln grün,lidl.ch,3.99,https://sortiment.lidl.ch/media/catalog/product/cache/b4d8daca087e724c0fba4501ead491d0/8/2/82302_OGFG.jpg,,,"Herkunft, variabel",https://sortiment.lidl.ch/de/catalog/product/view/id/11803/s/spargeln-gruen-0082302/category/160/
Gemüse,https://sortiment.lidl.ch/de/obst-gemuese/gemuese,Spargelspitzen grün,lidl.ch,4.39,https://sortiment.lidl.ch/media/catalog/product/cache/b4d8daca087e724c0fba4501ead491d0/8/2/82299_OGFG.jpg,,,"Herkunft, variabel",https://sortiment.lidl.ch/de/catalog/product/view/id/11802/s/spargelspitzen-gruen-0082299/category/160/
Gemüse,https://sortiment.lidl.ch/de/obst-gemuese/gemuese,Schweizer Radieschen,lidl.ch,1.49,https://sortiment.lidl.ch/media/catalog/product/cache/b4d8daca087e724c0fba4501ead491d0/8/2/82275_OGFG.jpg,,,,https://sortiment.lidl.ch/de/catalog/product/view/id/11801/s/schweizer-radieschen-0082275/category/160/
Gemüse,https://sortiment.lidl.ch/de/obst-gemuese/gemuese,Schweizer Stangenlauch,lidl.ch,4.49,https://sortiment.lidl.ch/media/catalog/product/cache/b4d8daca087e724c0fba4501ead491d0/8/2/82255_OGFG.jpg,,,,https://sortiment.lidl.ch/de/catalog/product/view/id/11798/s/schweizer-stangenlauch-0082255/category/160/
Gemüse,https://sortiment.lidl.ch/de/obst-gemuese/gemuese,Schweizer Gurke Nostrano,lidl.ch,3.49,https://sortiment.lidl.ch/media/catalog/product/cache/b4d8daca087e724c0fba4501ead491d0/8/2/82225_OGFG.jpg,,,,https://sortiment.lidl.ch/de/catalog/product/view/id/11795/s/schweizer-gurke-nostrano-0082225/category/160/
Gemüse,https://sortiment.lidl.ch/de/obst-gemuese/gemuese,Buschbohnen,lidl.ch,2.29,https://sortiment.lidl.ch/media/catalog/product/cache/b4d8daca087e724c0fba4501ead491d0/8/2/82212_OGFG.jpg,,,"Herkunft, variabel",https://sortiment.lidl.ch/de/catalog/product/view/id/11792/s/buschbohnen-0082212/category/160/
Gemüse,https://sortiment.lidl.ch/de/obst-gemuese/gemuese,Schweizer Bio Zwiebeln,lidl.ch,2.19,https://sortiment.lidl.ch/media/catalog/product/cache/b4d8daca087e724c0fba4501ead491d0/8/4/84665_OGFG.jpg,,,,https://sortiment.lidl.ch/de/catalog/product/view/id/11791/s/schweizer-bio-zwiebeln-0084665/category/160/
Gemüse,https://sortiment.lidl.ch/de/obst-gemuese/gemuese,Schweizer Bio Kartoffeln,lidl.ch,2.29,https://sortiment.lidl.ch/media/catalog/product/cache/b4d8daca087e724c0fba4501ead491d0/8/4/84660_OGFG.jpg,,,festkochend,https://sortiment.lidl.ch/de/catalog/product/view/id/11788/s/schweizer-bio-kartoffeln-0084660/category/160/
Gemüse,https://sortiment.lidl.ch/de/obst-gemuese/gemuese,Zwiebeln rot,lidl.ch,1.29,https://sortiment.lidl.ch/media/catalog/product/cache/b4d8daca087e724c0fba4501ead491d0/8/3/83352_OGFG.jpg,,,,https://sortiment.lidl.ch/de/catalog/product/view/id/11787/s/zwiebeln-rot-0083352/category/160/
Gemüse,https://sortiment.lidl.ch/de/obst-gemuese/gemuese,Schweizer Zwiebeln,lidl.ch,2.49,https://sortiment.lidl.ch/media/catalog/product/cache/b4d8daca087e724c0fba4501ead491d0/8/3/83333_OGFG.jpg,,,,https://sortiment.lidl.ch/de/catalog/product/view/id/11786/s/schweizer-zwiebeln-0083333/category/160/
Gemüse,https://sortiment.lidl.ch/de/obst-gemuese/gemuese,Schweizer Zwiebeln gelb,lidl.ch,1.39,https://sortiment.lidl.ch/media/catalog/product/cache/b4d8daca087e724c0fba4501ead491d0/8/3/83325_OGFG.jpg,,,,https://sortiment.lidl.ch/de/catalog/product/view/id/11785/s/schweizer-zwiebeln-gelb-0083325/category/160/
Gemüse,https://sortiment.lidl.ch/de/obst-gemuese/gemuese,Baked Potatoes,lidl.ch,5.6,https://sortiment.lidl.ch/media/catalog/product/cache/b4d8daca087e724c0fba4501ead491d0/8/3/83318_OGAX.jpg,https://sortiment.lidl.ch/media/catalog/product/cache/b4d8daca087e724c0fba4501ead491d0/8/3/83318_OGFG.jpg,,,https://sortiment.lidl.ch/de/catalog/product/view/id/11784/s/baked-potatoes-0083318/category/160/
Gemüse,https://sortiment.lidl.ch/de/obst-gemuese/gemuese,Schweizer Frühkartoffeln,lidl.ch,2.49,https://sortiment.lidl.ch/media/catalog/product/cache/b4d8daca087e724c0fba4501ead491d0/8/3/83142_OGFG.jpg,,,,https://sortiment.lidl.ch/de/catalog/product/view/id/11778/s/schweizer-fruehkartoffeln-0083142/category/160/
Gemüse,https://sortiment.lidl.ch/de/obst-gemuese/gemuese,Schweizer Gartenkräuter,lidl.ch,2.99,https://sortiment.lidl.ch/media/catalog/product/cache/b4d8daca087e724c0fba4501ead491d0/8/3/83090_Basilikum_PSXX.jpg,https://sortiment.lidl.ch/media/catalog/product/cache/b4d8daca087e724c0fba4501ead491d0/8/3/83090_Petersilie_gekraust_PSXX.jpg,https://sortiment.lidl.ch/media/catalog/product/cache/b4d8daca087e724c0fba4501ead491d0/8/3/83090_Petersilie_glatt_PSXX.jpg,,https://sortiment.lidl.ch/de/catalog/product/view/id/11774/s/schweizer-gartenkraeuter-0083090/category/160/
Gemüse,https://sortiment.lidl.ch/de/obst-gemuese/gemuese,Champignons weiss,lidl.ch,1.59,https://sortiment.lidl.ch/media/catalog/product/cache/b4d8daca087e724c0fba4501ead491d0/8/3/83017_OGFG.jpg,,,"Herkunft, variabel",https://sortiment.lidl.ch/de/catalog/product/view/id/11766/s/champignons-weiss-0083017/category/160/
Gemüse,https://sortiment.lidl.ch/de/obst-gemuese/gemuese,Schweizer Champignons,lidl.ch,1.99,https://sortiment.lidl.ch/media/catalog/product/cache/b4d8daca087e724c0fba4501ead491d0/8/3/83015_OGFG.jpg,,,weiss,https://sortiment.lidl.ch/de/catalog/product/view/id/11765/s/schweizer-champignons-0083015/category/160/
Gemüse,https://sortiment.lidl.ch/de/obst-gemuese/gemuese,Schweizer Champignons,lidl.ch,1.99,https://sortiment.lidl.ch/media/catalog/product/cache/b4d8daca087e724c0fba4501ead491d0/8/3/83006_OGFG.jpg,,,braun,https://sortiment.lidl.ch/de/catalog/product/view/id/11763/s/schweizer-champignons-0083006/category/160/
Gemüse,https://sortiment.lidl.ch/de/obst-gemuese/gemuese,Zuckermais gekocht,lidl.ch,1.69,https://sortiment.lidl.ch/media/catalog/product/cache/b4d8daca087e724c0fba4501ead491d0/8/2/82864_OGFG.jpg,,,"Herkunft, variabel",https://sortiment.lidl.ch/de/catalog/product/view/id/11762/s/zuckermais-gekocht-0082864/category/160/
Gemüse,https://sortiment.lidl.ch/de/obst-gemuese/gemuese,Schweizer Bio Randen,lidl.ch,3.95,https://sortiment.lidl.ch/media/catalog/product/cache/b4d8daca087e724c0fba4501ead491d0/8/4/84634_OGFG.jpg,,,,https://sortiment.lidl.ch/de/catalog/product/view/id/11759/s/schweizer-bio-randen-0084634/category/160/
Gemüse,https://sortiment.lidl.ch/de/obst-gemuese/gemuese,Schweizer Bio Rüebli,lidl.ch,2.99,https://sortiment.lidl.ch/media/catalog/product/cache/b4d8daca087e724c0fba4501ead491d0/8/4/84611_OGFG.jpg,,,,https://sortiment.lidl.ch/de/catalog/product/view/id/11755/s/schweizer-bio-rueebli-0084611/category/160/
Gemüse,https://sortiment.lidl.ch/de/obst-gemuese/gemuese,Schweizer Bio Fenchel,lidl.ch,3.79,https://sortiment.lidl.ch/media/catalog/product/cache/b4d8daca087e724c0fba4501ead491d0/8/4/84605_OGFG.jpg,,,,https://sortiment.lidl.ch/de/catalog/product/view/id/11754/s/schweizer-bio-fenchel-0084605/category/160/
Gemüse,https://sortiment.lidl.ch/de/obst-gemuese/gemuese,Zuckermais,lidl.ch,2.79,https://sortiment.lidl.ch/media/catalog/product/cache/b4d8daca087e724c0fba4501ead491d0/8/2/82860_OGAX.jpg,https://sortiment.lidl.ch/media/catalog/product/cache/b4d8daca087e724c0fba4501ead491d0/8/2/82860_OGFG.jpg,,"Herkunft, variabel",https://sortiment.lidl.ch/de/catalog/product/view/id/11747/s/zuckermais-0082860/category/160/
Gemüse,https://sortiment.lidl.ch/de/obst-gemuese/gemuese,Schweizer Stangensellerie,lidl.ch,4.99,https://sortiment.lidl.ch/media/catalog/product/cache/b4d8daca087e724c0fba4501ead491d0/8/2/82845_OGFG.jpg,,,,https://sortiment.lidl.ch/de/catalog/product/view/id/11746/s/schweizer-stangensellerie-0082845/category/160/
Gemüse,https://sortiment.lidl.ch/de/obst-gemuese/gemuese,Schweizer Rettich,lidl.ch,1.99,https://sortiment.lidl.ch/media/catalog/product/cache/b4d8daca087e724c0fba4501ead491d0/8/2/82811_OGFG.jpg,,,,https://sortiment.lidl.ch/de/catalog/product/view/id/11742/s/schweizer-rettich-0082811/category/160/
Gemüse,https://sortiment.lidl.ch/de/obst-gemuese/gemuese,Schweizer Knollensellerie,lidl.ch,2.29,https://sortiment.lidl.ch/media/catalog/product/cache/b4d8daca087e724c0fba4501ead491d0/8/2/82720_OGFG.jpg,,,,https://sortiment.lidl.ch/de/catalog/product/view/id/11738/s/schweizer-knollensellerie-0082720/category/160/
Gemüse,https://sortiment.lidl.ch/de/obst-gemuese/gemuese,Knoblauch,lidl.ch,0.99,https://sortiment.lidl.ch/media/catalog/product/cache/b4d8daca087e724c0fba4501ead491d0/8/2/82711_OGFG.jpg,,,"Herkunft, variabel",https://sortiment.lidl.ch/de/catalog/product/view/id/11737/s/knoblauch-0082711/category/160/
Gemüse,https://sortiment.lidl.ch/de/obst-gemuese/gemuese,Bio Peperoni Mix,lidl.ch,2.19,https://sortiment.lidl.ch/media/catalog/product/cache/b4d8daca087e724c0fba4501ead491d0/8/4/84587_OGFG.jpg,,,"Herkunft, variabel",https://sortiment.lidl.ch/de/catalog/product/view/id/11731/s/bio-peperoni-mix-0084587/category/160/
Gemüse,https://sortiment.lidl.ch/de/obst-gemuese/gemuese,Peperoncini Mix,lidl.ch,0.95,https://sortiment.lidl.ch/media/catalog/product/cache/b4d8daca087e724c0fba4501ead491d0/8/2/82660_OGFG.jpg,,,"Herkunft, variabel",https://sortiment.lidl.ch/de/catalog/product/view/id/11729/s/peperoncini-mix-0082660/category/160/
Gemüse,https://sortiment.lidl.ch/de/obst-gemuese/gemuese,Spitzpeperoni rot,lidl.ch,1.59,https://sortiment.lidl.ch/media/catalog/product/cache/b4d8daca087e724c0fba4501ead491d0/8/2/82637_OGAX.jpg,https://sortiment.lidl.ch/media/catalog/product/cache/b4d8daca087e724c0fba4501ead491d0/8/2/82637_OGFG.jpg,,"Herkunft, variabel",https://sortiment.lidl.ch/de/catalog/product/view/id/11728/s/spitzpeperoni-rot-0082637/category/160/
Gemüse,https://sortiment.lidl.ch/de/obst-gemuese/gemuese,Peperoni Mix,lidl.ch,1.89,https://sortiment.lidl.ch/media/catalog/product/cache/b4d8daca087e724c0fba4501ead491d0/8/2/82586_OGFG.jpg,,,"Herkunft, variabel",https://sortiment.lidl.ch/de/catalog/product/view/id/11723/s/peperoni-mix-0082586/category/160/
Gemüse,https://sortiment.lidl.ch/de/obst-gemuese/gemuese,Spitzpeperoni gelb,lidl.ch,1.59,https://sortiment.lidl.ch/media/catalog/product/cache/b4d8daca087e724c0fba4501ead491d0/8/2/82541_Plastikreduktion_Nachher_OGFG.jpg,,,"Herkunft, variabel",https://sortiment.lidl.ch/de/catalog/product/view/id/11721/s/spitzpeperoni-gelb-0082541/category/160/
Brot,https://sortiment.lidl.ch/de/brot-backwaren/brot,Mini Ovale BBQ Chicken,lidl.ch,1.99,https://sortiment.lidl.ch/media/catalog/product/cache/b4d8daca087e724c0fba4501ead491d0/1/0/1015163_FKBA.jpg,https://sortiment.lidl.ch/media/catalog/product/cache/b4d8daca087e724c0fba4501ead491d0/1/0/1015163_FKBF.jpg,,,https://sortiment.lidl.ch/de/catalog/product/view/id/21428/s/mini-ovale-bbq-chicken-1015163/category/91/
Brot,https://sortiment.lidl.ch/de/brot-backwaren/brot,Poulet Wienerli im Teig mit Senf,lidl.ch,1.99,,,,,https://sortiment.lidl.ch/de/catalog/product/view/id/21424/s/poulet-wienerli-im-teig-mit-senf-1017843/category/91/
Brot,https://sortiment.lidl.ch/de/brot-backwaren/brot,Gallus Sauerteigbrot,lidl.ch,3.99,https://sortiment.lidl.ch/media/catalog/product/cache/b4d8daca087e724c0fba4501ead491d0/5/1/5114343_FKBA.jpg,https://sortiment.lidl.ch/media/catalog/product/cache/b4d8daca087e724c0fba4501ead491d0/5/1/5114343_FKBF.jpg,,,https://sortiment.lidl.ch/de/catalog/product/view/id/21379/s/gallus-sauerteigbrot-5114343/category/91/
Brot,https://sortiment.lidl.ch/de/brot-backwaren/brot,Ruchmehl Knopf,lidl.ch,2.99,https://sortiment.lidl.ch/media/catalog/product/cache/b4d8daca087e724c0fba4501ead491d0/1/0/1014692_FKBA.jpg,https://sortiment.lidl.ch/media/catalog/product/cache/b4d8daca087e724c0fba4501ead491d0/1/0/1014692_FKBF.jpg,,,https://sortiment.lidl.ch/de/catalog/product/view/id/21378/s/ruchmehl-knopf-1014692/category/91/
Brot,https://sortiment.lidl.ch/de/brot-backwaren/brot,Sauerteigbrot in Panettoneform,lidl.ch,2.99,https://sortiment.lidl.ch/media/catalog/product/cache/b4d8daca087e724c0fba4501ead491d0/1/0/1014690_1_FKBF.jpg,https://sortiment.lidl.ch/media/catalog/product/cache/b4d8daca087e724c0fba4501ead491d0/1/0/1014690_2_FKBF.jpg,https://sortiment.lidl.ch/media/catalog/product/cache/b4d8daca087e724c0fba4501ead491d0/1/0/1014690_FKBA.jpg,,https://sortiment.lidl.ch/de/catalog/product/view/id/21377/s/sauerteigbrot-in-panettoneform-1014690/category/91/
Brot,https://sortiment.lidl.ch/de/brot-backwaren/brot,Pizza Salami,lidl.ch,1.99,,,,"DE, -",https://sortiment.lidl.ch/de/catalog/product/view/id/21211/s/pizza-salami-6020179/category/91/
Brot,https://sortiment.lidl.ch/de/brot-backwaren/brot,Focaccia mit Tomaten und Oliven,lidl.ch,2.69,https://sortiment.lidl.ch/media/catalog/product/cache/b4d8daca087e724c0fba4501ead491d0/6/0/6018828_FocacciaTomatenOliven_FKBF.jpg,,,,https://sortiment.lidl.ch/de/catalog/product/view/id/21210/s/focaccia-mit-tomaten-und-oliven-6018828/category/91/
Brot,https://sortiment.lidl.ch/de/brot-backwaren/brot,Spinatstrudel,lidl.ch,1.99,https://sortiment.lidl.ch/media/catalog/product/cache/b4d8daca087e724c0fba4501ead491d0/1/0/1017838_FKBF.jpg,,,-Cod,https://sortiment.lidl.ch/de/catalog/product/view/id/21209/s/spinatstrudel-1017838/category/91/
Brot,https://sortiment.lidl.ch/de/brot-backwaren/brot,Mini-Butter Croissant,lidl.ch,0.29,,,,,https://sortiment.lidl.ch/de/catalog/product/view/id/21207/s/mini-butter-croissant-1021785/category/91/
Brot,https://sortiment.lidl.ch/de/brot-backwaren/brot,Rustico Gipfeli,lidl.ch,0.85,https://sortiment.lidl.ch/media/catalog/product/cache/b4d8daca087e724c0fba4501ead491d0/1/0/1017991_FKBF.jpg,,,,https://sortiment.lidl.ch/de/catalog/product/view/id/21206/s/rustico-gipfeli-1017991/category/91/
Brot,https://sortiment.lidl.ch/de/brot-backwaren/brot,Croissant Creme-Brulee,lidl.ch,0.99,https://sortiment.lidl.ch/media/catalog/product/cache/b4d8daca087e724c0fba4501ead491d0/1/8/186004_CroissantCremeBruule_FKBF.jpg,,,,https://sortiment.lidl.ch/de/catalog/product/view/id/21202/s/croissant-creme-brulee-0186004/category/91/
Brot,https://sortiment.lidl.ch/de/brot-backwaren/brot,Semmeli,lidl.ch,0.69,https://sortiment.lidl.ch/media/catalog/product/cache/b4d8daca087e724c0fba4501ead491d0/1/0/1017842_FKBF.jpg,,,,https://sortiment.lidl.ch/de/catalog/product/view/id/21200/s/semmeli-1017842/category/91/
Brot,https://sortiment.lidl.ch/de/brot-backwaren/brot,Baumnuss-Honig Brötli,lidl.ch,0.99,https://sortiment.lidl.ch/media/catalog/product/cache/b4d8daca087e724c0fba4501ead491d0/1/0/1007009_FKBF.jpg,,,,https://sortiment.lidl.ch/de/catalog/product/view/id/21199/s/baumnuss-honig-broetli-1007009/category/91/
Brot,https://sortiment.lidl.ch/de/brot-backwaren/brot,Laugenstange,lidl.ch,0.59,https://sortiment.lidl.ch/media/catalog/product/cache/b4d8daca087e724c0fba4501ead491d0/1/5/158287_FKBF.jpg,,,,https://sortiment.lidl.ch/de/catalog/product/view/id/21198/s/laugenstange-0158287/category/91/
Brot,https://sortiment.lidl.ch/de/brot-backwaren/brot,Ruchbrot,lidl.ch,0.99,,,,,https://sortiment.lidl.ch/de/catalog/product/view/id/21197/s/ruchbrot-5114326/category/91/
Brot,https://sortiment.lidl.ch/de/brot-backwaren/brot,Rustico Holzofenbrot,lidl.ch,3.49,https://sortiment.lidl.ch/media/catalog/product/cache/b4d8daca087e724c0fba4501ead491d0/5/1/5113439_FKBA.jpg,https://sortiment.lidl.ch/media/catalog/product/cache/b4d8daca087e724c0fba4501ead491d0/5/1/5113439_FKBF.jpg,,"DE, -",https://sortiment.lidl.ch/de/catalog/product/view/id/21196/s/rustico-holzofenbrot-5113439/category/91/
Brot,https://sortiment.lidl.ch/de/brot-backwaren/brot,Laugencroissant,lidl.ch,0.99,https://sortiment.lidl.ch/media/catalog/product/cache/b4d8daca087e724c0fba4501ead491d0/1/0/1017840_FKBF.jpg,,,,https://sortiment.lidl.ch/de/catalog/product/view/id/21171/s/laugencroissant-1017840/category/91/
Brot,https://sortiment.lidl.ch/de/brot-backwaren/brot,Flammkuchen mit Rohsch.& Zwiebeln,lidl.ch,1.49,https://sortiment.lidl.ch/media/catalog/product/cache/b4d8daca087e724c0fba4501ead491d0/2/0/208623_FKBF.jpg,https://sortiment.lidl.ch/media/catalog/product/cache/b4d8daca087e724c0fba4501ead491d0/2/0/208623_Flammkuchen_FKBF.jpg,,"DE, -",https://sortiment.lidl.ch/de/catalog/product/view/id/20892/s/flammkuchen-mit-rohsch-zwiebeln-0208623/category/91/
Brot,https://sortiment.lidl.ch/de/brot-backwaren/brot,Mini Pancetta Provola Zwiebel,lidl.ch,1.99,https://sortiment.lidl.ch/media/catalog/product/cache/b4d8daca087e724c0fba4501ead491d0/1/0/1015165_FKBF.jpg,https://sortiment.lidl.ch/media/catalog/product/cache/b4d8daca087e724c0fba4501ead491d0/1/0/1015165_FKBF_alt.jpg,,"DE, -",https://sortiment.lidl.ch/de/catalog/product/view/id/20869/s/mini-pancetta-provola-zwiebel-1015165/category/91/
Brot,https://sortiment.lidl.ch/de/brot-backwaren/brot,Mini Berliner Himbeere,lidl.ch,0.49,,,,,https://sortiment.lidl.ch/de/catalog/product/view/id/20657/s/mini-berliner-himbeere-0204471/category/91/
Brot,https://sortiment.lidl.ch/de/brot-backwaren/brot,Halbweissbrot,lidl.ch,0.99,,,,,https://sortiment.lidl.ch/de/catalog/product/view/id/20579/s/halbweissbrot-5114091/category/91/
Brot,https://sortiment.lidl.ch/de/brot-backwaren/brot,Brioche Croissant Cremefüllung,lidl.ch,1.69,https://sortiment.lidl.ch/media/catalog/product/cache/b4d8daca087e724c0fba4501ead491d0/2/2/229747_Briocheteig_croissant_Cremefuellung_FKBA.jpg,https://sortiment.lidl.ch/media/catalog/product/cache/b4d8daca087e724c0fba4501ead491d0/2/2/229747_FKBF.jpg,,,https://sortiment.lidl.ch/de/catalog/product/view/id/20463/s/brioche-croissant-cremefuellung-0229747/category/91/
Brot,https://sortiment.lidl.ch/de/brot-backwaren/brot,Dubai-Style Croissant,lidl.ch,1.99,,,,-Cod,https://sortiment.lidl.ch/de/catalog/product/view/id/20210/s/dubai-style-croissant-5575454/category/91/
Brot,https://sortiment.lidl.ch/de/brot-backwaren/brot,Weizen Knusperbrot,lidl.ch,2.99,https://sortiment.lidl.ch/media/catalog/product/cache/b4d8daca087e724c0fba4501ead491d0/1/0/1002917_FKBF.jpg,,,,https://sortiment.lidl.ch/de/catalog/product/view/id/20208/s/weizen-knusperbrot-1002917/category/91/
Brot,https://sortiment.lidl.ch/de/brot-backwaren/brot,Krustenkranz,lidl.ch,2.79,https://sortiment.lidl.ch/media/catalog/product/cache/b4d8daca087e724c0fba4501ead491d0/5/1/5113447_FKBF.jpg,,,,https://sortiment.lidl.ch/de/catalog/product/view/id/20023/s/krustenkranz-5113447/category/91/
Brot,https://sortiment.lidl.ch/de/brot-backwaren/brot,Pistaziencroissant,lidl.ch,0.95,https://sortiment.lidl.ch/media/catalog/product/cache/b4d8daca087e724c0fba4501ead491d0/7/3/7308968_FKBA.jpg,,,,https://sortiment.lidl.ch/de/catalog/product/view/id/19720/s/pistaziencroissant-7308968/category/91/
Brot,https://sortiment.lidl.ch/de/brot-backwaren/brot,Olivenstange,lidl.ch,0.99,https://sortiment.lidl.ch/media/catalog/product/cache/b4d8daca087e724c0fba4501ead491d0/6/0/6000293_Olivenstangen_FKBA.jpg,,,,https://sortiment.lidl.ch/de/catalog/product/view/id/19718/s/olivenstange-6000293/category/91/
Brot,https://sortiment.lidl.ch/de/brot-backwaren/brot,Börekstange Spinat und Käse,lidl.ch,0.85,https://sortiment.lidl.ch/media/catalog/product/cache/b4d8daca087e724c0fba4501ead491d0/6/2/6205048_Boerekstange_FKBF.jpg,,,,https://sortiment.lidl.ch/de/catalog/product/view/id/19231/s/boerekstange-spinat-und-kaese-6205048/category/91/
Brot,https://sortiment.lidl.ch/de/brot-backwaren/brot,Nuss-Nougat Gipfeli,lidl.ch,1.39,https://sortiment.lidl.ch/media/catalog/product/cache/b4d8daca087e724c0fba4501ead491d0/2/2/227543_FKBA_001.jpg,https://sortiment.lidl.ch/media/catalog/product/cache/b4d8daca087e724c0fba4501ead491d0/2/2/227543_FKBF.jpg,,,https://sortiment.lidl.ch/de/catalog/product/view/id/19230/s/nuss-nougat-gipfeli-0227543/category/91/
Brot,https://sortiment.lidl.ch/de/brot-backwaren/brot,Pizza Prosciutto,lidl.ch,1.99,,,,,https://sortiment.lidl.ch/de/catalog/product/view/id/19178/s/pizza-prosciutto-0221880/category/91/
Brot,https://sortiment.lidl.ch/de/brot-backwaren/brot,Schoggibrötli mit Cremefüllung,lidl.ch,1.29,,,,,https://sortiment.lidl.ch/de/catalog/product/view/id/19177/s/schoggibroetli-mit-cremefuellung-0226140/category/91/
Brot,https://sortiment.lidl.ch/de/brot-backwaren/brot,Schoko-Vanille Twister,lidl.ch,1.29,https://sortiment.lidl.ch/media/catalog/product/cache/b4d8daca087e724c0fba4501ead491d0/8/5/85266_FKBA.jpg,https://sortiment.lidl.ch/media/catalog/product/cache/b4d8daca087e724c0fba4501ead491d0/8/5/85266_Schokovanilleschlaufe_FKBF.jpg,,,https://sortiment.lidl.ch/de/catalog/product/view/id/19176/s/schoko-vanille-twister-0085266/category/91/
Brot,https://sortiment.lidl.ch/de/brot-backwaren/brot,Brioche Croissant Schokolade,lidl.ch,1.69,https://sortiment.lidl.ch/media/catalog/product/cache/b4d8daca087e724c0fba4501ead491d0/2/3/230002_FKBA.jpg,https://sortiment.lidl.ch/media/catalog/product/cache/b4d8daca087e724c0fba4501ead491d0/2/3/230002_FKBF.jpg,,,https://sortiment.lidl.ch/de/catalog/product/view/id/19052/s/brioche-croissant-schokolade-0230002/category/91/
Brot,https://sortiment.lidl.ch/de/brot-backwaren/brot,Nuss-Nougat Berliner,lidl.ch,0.99,https://sortiment.lidl.ch/media/catalog/product/cache/b4d8daca087e724c0fba4501ead491d0/2/1/215518_FKBF.jpg,,,,https://sortiment.lidl.ch/de/catalog/product/view/id/18973/s/nuss-nougat-berliner-0215518/category/91/
Brot,https://sortiment.lidl.ch/de/brot-backwaren/brot,Pistazienberliner,lidl.ch,1.49,https://sortiment.lidl.ch/media/catalog/product/cache/b4d8daca087e724c0fba4501ead491d0/5/5/5563593_FKBF.jpg,,,,https://sortiment.lidl.ch/de/catalog/product/view/id/18842/s/pistazienberliner-5563593/category/91/
Brot,https://sortiment.lidl.ch/de/brot-backwaren/brot,Schinken-Käse-Croissant,lidl.ch,1.49,https://sortiment.lidl.ch/media/catalog/product/cache/b4d8daca087e724c0fba4501ead491d0/2/2/227544_FKBA.jpg,https://sortiment.lidl.ch/media/catalog/product/cache/b4d8daca087e724c0fba4501ead491d0/2/2/227544_FKBF.jpg,,,https://sortiment.lidl.ch/de/catalog/product/view/id/18793/s/schinken-kaese-croissant-0227544/category/91/
Brot,https://sortiment.lidl.ch/de/brot-backwaren/brot,Fladenbrot Somun,lidl.ch,1.49,https://sortiment.lidl.ch/media/catalog/product/cache/b4d8daca087e724c0fba4501ead491d0/6/9/6902979_FKBF.jpg,,,,https://sortiment.lidl.ch/de/catalog/product/view/id/18597/s/fladenbrot-somun-6902979/category/91/
Brot,https://sortiment.lidl.ch/de/brot-backwaren/brot,Dubai-Style Berliner,lidl.ch,1.49,https://sortiment.lidl.ch/media/catalog/product/cache/b4d8daca087e724c0fba4501ead491d0/2/2/228129_FKBF.jpg,,,,https://sortiment.lidl.ch/de/catalog/product/view/id/18568/s/dubai-style-berliner-0228129/category/91/
Brot,https://sortiment.lidl.ch/de/brot-backwaren/brot,Milka Mini Donuts,lidl.ch,2.49,https://sortiment.lidl.ch/media/catalog/product/cache/b4d8daca087e724c0fba4501ead491d0/1/7/174561_Milkaminidonuts_FKBF.jpg,https://sortiment.lidl.ch/media/catalog/product/cache/b4d8daca087e724c0fba4501ead491d0/1/7/174561_PSXX.jpg,,"Kennzeichnung, siehe Verpackung",https://sortiment.lidl.ch/de/catalog/product/view/id/18560/s/milka-mini-donuts-0174561/category/91/
Brot,https://sortiment.lidl.ch/de/brot-backwaren/brot,Pastel de Nata,lidl.ch,0.79,https://sortiment.lidl.ch/media/catalog/product/cache/b4d8daca087e724c0fba4501ead491d0/1/2/128974_FSOB.jpg,,,,https://sortiment.lidl.ch/de/catalog/product/view/id/18539/s/pastel-de-nata-0128974/category/91/
Brot,https://sortiment.lidl.ch/de/brot-backwaren/brot,Cheese Twist,lidl.ch,1.49,https://sortiment.lidl.ch/media/catalog/product/cache/b4d8daca087e724c0fba4501ead491d0/2/0/207369_FKBF.jpg,,,,https://sortiment.lidl.ch/de/catalog/product/view/id/18385/s/cheese-twist-0207369/category/91/
Brot,https://sortiment.lidl.ch/de/brot-backwaren/brot,Vanilleberliner,lidl.ch,0.99,https://sortiment.lidl.ch/media/catalog/product/cache/b4d8daca087e724c0fba4501ead491d0/2/1/215995_Vanilekrapfen_FKBF.jpg,,,,https://sortiment.lidl.ch/de/catalog/product/view/id/18383/s/vanilleberliner-0215995/category/91/
Brot,https://sortiment.lidl.ch/de/brot-backwaren/brot,Safran Brot,lidl.ch,2.99,https://sortiment.lidl.ch/media/catalog/product/cache/b4d8daca087e724c0fba4501ead491d0/5/1/5112441_FKBF.jpg,,,,https://sortiment.lidl.ch/de/catalog/product/view/id/18074/s/safran-brot-5112441/category/91/
Brot,https://sortiment.lidl.ch/de/brot-backwaren/brot,Holzofenpinsa Tomate Mozzarella,lidl.ch,1.49,https://sortiment.lidl.ch/media/catalog/product/cache/b4d8daca087e724c0fba4501ead491d0/1/8/185214_Holzofenpinsa_FKBF.jpg,,,,https://sortiment.lidl.ch/de/catalog/product/view/id/17648/s/holzofenpinsa-tomate-mozzarella-0185214/category/91/
Brot,https://sortiment.lidl.ch/de/brot-backwaren/brot,Hartweizenmehl Ciabatta,lidl.ch,0.89,https://sortiment.lidl.ch/media/catalog/product/cache/b4d8daca087e724c0fba4501ead491d0/6/0/6013779_FKBF.jpg,,,,https://sortiment.lidl.ch/de/catalog/product/view/id/16987/s/hartweizenmehl-ciabatta-6013779/category/91/
Brot,https://sortiment.lidl.ch/de/brot-backwaren/brot,Hartweizenbrötchen,lidl.ch,0.39,https://sortiment.lidl.ch/media/catalog/product/cache/b4d8daca087e724c0fba4501ead491d0/6/0/6010322_FKBF.jpg,,,,https://sortiment.lidl.ch/de/catalog/product/view/id/16986/s/hartweizenbroetchen-6010322/category/91/
Brot,https://sortiment.lidl.ch/de/brot-backwaren/brot,Mini-Sandwich,lidl.ch,0.25,https://sortiment.lidl.ch/media/catalog/product/cache/b4d8daca087e724c0fba4501ead491d0/6/0/6008910_FKBF.jpg,,,,https://sortiment.lidl.ch/de/catalog/product/view/id/16795/s/mini-sandwich-6008910/category/91/
Brot,https://sortiment.lidl.ch/de/brot-backwaren/brot,Simit,lidl.ch,0.79,https://sortiment.lidl.ch/media/catalog/product/cache/b4d8daca087e724c0fba4501ead491d0/1/6/160434_FKBF.jpg,,,,https://sortiment.lidl.ch/de/catalog/product/view/id/16422/s/simit-0160434/category/91/
Brot,https://sortiment.lidl.ch/de/brot-backwaren/brot,Halbweissbrot,lidl.ch,0.99,https://sortiment.lidl.ch/media/catalog/product/cache/b4d8daca087e724c0fba4501ead491d0/5/1/5112442_FKBF.jpg,,,,https://sortiment.lidl.ch/de/catalog/product/view/id/16355/s/halbweissbrot-5112442/category/91/
Brot,https://sortiment.lidl.ch/de/brot-backwaren/brot,Vanille Donut gefüllt,lidl.ch,0.99,https://sortiment.lidl.ch/media/catalog/product/cache/b4d8daca087e724c0fba4501ead491d0/2/0/207509_FKBA.jpg,https://sortiment.lidl.ch/media/catalog/product/cache/b4d8daca087e724c0fba4501ead491d0/2/0/207509_FKBF.jpg,,,https://sortiment.lidl.ch/de/catalog/product/view/id/16323/s/vanille-donut-gefuellt-0207509/category/91/
Brot,https://sortiment.lidl.ch/de/brot-backwaren/brot,Baguette Croustille,lidl.ch,1.59,https://sortiment.lidl.ch/media/catalog/product/cache/b4d8daca087e724c0fba4501ead491d0/1/4/144723_FKBF.jpg,,,,https://sortiment.lidl.ch/de/catalog/product/view/id/16309/s/baguette-croustille-0144723/category/91/
Brot,https://sortiment.lidl.ch/de/brot-backwaren/brot,Terra Natura Tessinerbrot,lidl.ch,1.99,https://sortiment.lidl.ch/media/catalog/product/cache/b4d8daca087e724c0fba4501ead491d0/2/0/205407_FKBF.jpg,,,,https://sortiment.lidl.ch/de/catalog/product/view/id/16210/s/terra-natura-tessinerbrot-0205407/category/91/
Brot,https://sortiment.lidl.ch/de/brot-backwaren/brot,Pane Maggia,lidl.ch,2.99,https://sortiment.lidl.ch/media/catalog/product/cache/b4d8daca087e724c0fba4501ead491d0/2/0/205406_FKBF.jpg,,,,https://sortiment.lidl.ch/de/catalog/product/view/id/16208/s/pane-maggia-0205406/category/91/
Brot,https://sortiment.lidl.ch/de/brot-backwaren/brot,Terra Natura Baguette Rustique,lidl.ch,2.99,https://sortiment.lidl.ch/media/catalog/product/cache/b4d8daca087e724c0fba4501ead491d0/5/1/5111837_FKBF.jpg,,,,https://sortiment.lidl.ch/de/catalog/product/view/id/16188/s/terra-natura-baguette-rustique-5111837/category/91/
Brot,https://sortiment.lidl.ch/de/brot-backwaren/brot,Terra Natura Krustenbaguette,lidl.ch,2.99,https://sortiment.lidl.ch/media/catalog/product/cache/b4d8daca087e724c0fba4501ead491d0/5/1/5111838_FKBF.jpg,,,,https://sortiment.lidl.ch/de/catalog/product/view/id/16169/s/terra-natura-krustenbaguette-5111838/category/91/
Brot,https://sortiment.lidl.ch/de/brot-backwaren/brot,Grosi's Butterzopf,lidl.ch,3.99,https://sortiment.lidl.ch/media/catalog/product/cache/b4d8daca087e724c0fba4501ead491d0/5/1/5111836_FKBF.jpg,,,,https://sortiment.lidl.ch/de/catalog/product/view/id/16140/s/grosi-s-butterzopf-5111836/category/91/
Brot,https://sortiment.lidl.ch/de/brot-backwaren/brot,Silserkranz,lidl.ch,2.79,https://sortiment.lidl.ch/media/catalog/product/cache/b4d8daca087e724c0fba4501ead491d0/5/1/5111451_Silserkranz_FKBF.jpg,,,,https://sortiment.lidl.ch/de/catalog/product/view/id/15945/s/silserkranz-5111451/category/91/
Brot,https://sortiment.lidl.ch/de/brot-backwaren/brot,"Mini Donuts Zimt & Zucker, 9er",lidl.ch,3.99,https://sortiment.lidl.ch/media/catalog/product/cache/b4d8daca087e724c0fba4501ead491d0/1/5/153770_FKBF.jpg,https://sortiment.lidl.ch/media/catalog/product/cache/b4d8daca087e724c0fba4501ead491d0/1/5/153770_PSXX.jpg,,"Kennzeichnung, siehe Verpackung",https://sortiment.lidl.ch/de/catalog/product/view/id/15746/s/mini-donuts-zimt-zucker-9er-0153770/category/91/
Brot,https://sortiment.lidl.ch/de/brot-backwaren/brot,Terra Natura Butterbrezel,lidl.ch,1.65,https://sortiment.lidl.ch/media/catalog/product/cache/b4d8daca087e724c0fba4501ead491d0/5/1/5110979_FKBF.jpg,,,"Kennzeichnung, siehe Verpackung",https://sortiment.lidl.ch/de/catalog/product/view/id/15724/s/terra-natura-butterbrezel-5110979/category/91/
Brot,https://sortiment.lidl.ch/de/brot-backwaren/brot,High Protein Brötli mit Skyr,lidl.ch,0.89,https://sortiment.lidl.ch/media/catalog/product/cache/b4d8daca087e724c0fba4501ead491d0/1/7/176789_FKBF.jpg,,,,https://sortiment.lidl.ch/de/catalog/product/view/id/15688/s/high-protein-broetli-mit-skyr-0176789/category/91/
Brot,https://sortiment.lidl.ch/de/brot-backwaren/brot,Schoko-Donut,lidl.ch,0.89,https://sortiment.lidl.ch/media/catalog/product/cache/b4d8daca087e724c0fba4501ead491d0/1/8/182155_FKBF.jpg,,,,https://sortiment.lidl.ch/de/catalog/product/view/id/15616/s/schoko-donut-0182155/category/91/
Brot,https://sortiment.lidl.ch/de/brot-backwaren/brot,Ruchbrot,lidl.ch,0.99,https://sortiment.lidl.ch/media/catalog/product/cache/b4d8daca087e724c0fba4501ead491d0/5/1/5110467_FKBF.jpg,,,,https://sortiment.lidl.ch/de/catalog/product/view/id/15568/s/ruchbrot-5110467/category/91/
Brot,https://sortiment.lidl.ch/de/brot-backwaren/brot,Buurebrot,lidl.ch,2.59,https://sortiment.lidl.ch/media/catalog/product/cache/b4d8daca087e724c0fba4501ead491d0/5/1/5110468_FKBF.jpg,,,,https://sortiment.lidl.ch/de/catalog/product/view/id/15559/s/buurebrot-5110468/category/91/
Brot,https://sortiment.lidl.ch/de/brot-backwaren/brot,Dunkles Bio Holzofenbrot,lidl.ch,3.49,https://sortiment.lidl.ch/media/catalog/product/cache/b4d8daca087e724c0fba4501ead491d0/1/6/164255_FKBF_1.jpg,,,,https://sortiment.lidl.ch/de/catalog/product/view/id/15377/s/dunkles-bio-holzofenbrot-0164255/category/91/
Brot,https://sortiment.lidl.ch/de/brot-backwaren/brot,Helles Bio Holzofenbrot,lidl.ch,2.85,https://sortiment.lidl.ch/media/catalog/product/cache/b4d8daca087e724c0fba4501ead491d0/1/6/164253_FKBF_1.jpg,,,,https://sortiment.lidl.ch/de/catalog/product/view/id/15376/s/helles-bio-holzofenbrot-0164253/category/91/
Brot,https://sortiment.lidl.ch/de/brot-backwaren/brot,Terra Natura Krustenbaguette,lidl.ch,2.99,https://sortiment.lidl.ch/media/catalog/product/cache/b4d8daca087e724c0fba4501ead491d0/1/5/153446_FKBF_1.jpg,,,,https://sortiment.lidl.ch/de/catalog/product/view/id/15216/s/terra-natura-krustenbaguette-0153446/category/91/
Brot,https://sortiment.lidl.ch/de/brot-backwaren/brot,Berliner Mehrfruchtfüllung,lidl.ch,4.49,https://sortiment.lidl.ch/media/catalog/product/cache/b4d8daca087e724c0fba4501ead491d0/1/6/164840_FKBF.jpg,https://sortiment.lidl.ch/media/catalog/product/cache/b4d8daca087e724c0fba4501ead491d0/1/6/164840_PSXX.jpg,,,https://sortiment.lidl.ch/de/catalog/product/view/id/14864/s/berliner-mehrfruchtfuellung-0164840/category/91/
Brot,https://sortiment.lidl.ch/de/brot-backwaren/brot,Laugenbrezel,lidl.ch,0.67,https://sortiment.lidl.ch/media/catalog/product/cache/b4d8daca087e724c0fba4501ead491d0/1/4/145636_FKBF_1.jpg,,,,https://sortiment.lidl.ch/de/catalog/product/view/id/14620/s/laugenbrezel-0145636/category/91/
Brot,https://sortiment.lidl.ch/de/brot-backwaren/brot,Baguettine,lidl.ch,0.69,https://sortiment.lidl.ch/media/catalog/product/cache/b4d8daca087e724c0fba4501ead491d0/1/2/128975_FKBF_1.jpg,,,,https://sortiment.lidl.ch/de/catalog/product/view/id/14619/s/baguettine-0128975/category/91/
Brot,https://sortiment.lidl.ch/de/brot-backwaren/brot,Butterzopf,lidl.ch,3.29,https://sortiment.lidl.ch/media/catalog/product/cache/b4d8daca087e724c0fba4501ead491d0/5/1/5103560_FKBF_1.jpg,,,,https://sortiment.lidl.ch/de/catalog/product/view/id/13723/s/butterzopf-5103560/category/91/
Brot,https://sortiment.lidl.ch/de/brot-backwaren/brot,Baguette française,lidl.ch,0.87,https://sortiment.lidl.ch/media/catalog/product/cache/b4d8daca087e724c0fba4501ead491d0/2/8/28211_FKBF.jpg,,,,https://sortiment.lidl.ch/de/catalog/product/view/id/13682/s/baguette-francaise-0028211/category/91/
Brot,https://sortiment.lidl.ch/de/brot-backwaren/brot,Mehrkornbrot,lidl.ch,2.59,https://sortiment.lidl.ch/media/catalog/product/cache/b4d8daca087e724c0fba4501ead491d0/1/6/1628_FKBF.jpg,,,,https://sortiment.lidl.ch/de/catalog/product/view/id/13662/s/mehrkornbrot-0001628/category/91/
Brot,https://sortiment.lidl.ch/de/brot-backwaren/brot,Maisbrot,lidl.ch,2.99,https://sortiment.lidl.ch/media/catalog/product/cache/b4d8daca087e724c0fba4501ead491d0/2/6/2600_FKBF.jpg,,,,https://sortiment.lidl.ch/de/catalog/product/view/id/13639/s/maisbrot-0002600/category/91/
Brot,https://sortiment.lidl.ch/de/brot-backwaren/brot,Laugenknopf,lidl.ch,0.89,https://sortiment.lidl.ch/media/catalog/product/cache/b4d8daca087e724c0fba4501ead491d0/9/7/97556_FKBF.jpg,,,,https://sortiment.lidl.ch/de/catalog/product/view/id/13628/s/laugenknopf-0097556/category/91/
Brot,https://sortiment.lidl.ch/de/brot-backwaren/brot,Himbeer Vanille Plunder,lidl.ch,1.59,https://sortiment.lidl.ch/media/catalog/product/cache/b4d8daca087e724c0fba4501ead491d0/5/1/5105007_FKBF_2.jpg,,,,https://sortiment.lidl.ch/de/catalog/product/view/id/11590/s/himbeer-vanille-plunder-5105007/category/91/
Brot,https://sortiment.lidl.ch/de/brot-backwaren/brot,Vanillestange,lidl.ch,0.99,https://sortiment.lidl.ch/media/catalog/product/cache/b4d8daca087e724c0fba4501ead491d0/5/1/5104962_FKBA.jpg,https://sortiment.lidl.ch/media/catalog/product/cache/b4d8daca087e724c0fba4501ead491d0/5/1/5104962_FKBF.jpg,,,https://sortiment.lidl.ch/de/catalog/product/view/id/11588/s/vanillestange-5104962/category/91/
Brot,https://sortiment.lidl.ch/de/brot-backwaren/brot,Berliner mit Mehrfruchtfüllung,lidl.ch,0.79,https://sortiment.lidl.ch/media/catalog/product/cache/b4d8daca087e724c0fba4501ead491d0/1/1/114732_FKBF.jpg,,,,https://sortiment.lidl.ch/de/catalog/product/view/id/11585/s/berliner-mit-mehrfruchtfuellung-0114732/category/91/
Brot,https://sortiment.lidl.ch/de/brot-backwaren/brot,Schoggibrötli,lidl.ch,0.99,https://sortiment.lidl.ch/media/catalog/product/cache/b4d8daca087e724c0fba4501ead491d0/5/7/57732_FKBF.jpg,,,,https://sortiment.lidl.ch/de/catalog/product/view/id/11583/s/schoggibroetli-0057732/category/91/
Brot,https://sortiment.lidl.ch/de/brot-backwaren/brot,Urdinkel Bio Holzofenbrot,lidl.ch,3.99,https://sortiment.lidl.ch/media/catalog/product/cache/b4d8daca087e724c0fba4501ead491d0/5/1/5105700_FKBF.jpg,https://sortiment.lidl.ch/media/catalog/product/cache/b4d8daca087e724c0fba4501ead491d0/5/1/5105700_Front_FKBA.jpg,,,https://sortiment.lidl.ch/de/catalog/product/view/id/11575/s/urdinkel-bio-holzofenbrot-5105700/category/91/
Brot,https://sortiment.lidl.ch/de/brot-backwaren/brot,Ciabatta classic,lidl.ch,1.39,https://sortiment.lidl.ch/media/catalog/product/cache/b4d8daca087e724c0fba4501ead491d0/1/1/118251_FKBF.jpg,,,,https://sortiment.lidl.ch/de/catalog/product/view/id/11572/s/ciabatta-classic-0118251/category/91/
Brot,https://sortiment.lidl.ch/de/brot-backwaren/brot,Krustenbrot,lidl.ch,2.89,https://sortiment.lidl.ch/media/catalog/product/cache/b4d8daca087e724c0fba4501ead491d0/9/2/92778_FKBF.jpg,,,,https://sortiment.lidl.ch/de/catalog/product/view/id/11571/s/krustenbrot-0092778/category/91/
Brot,https://sortiment.lidl.ch/de/brot-backwaren/brot,Butterweggli,lidl.ch,0.65,https://sortiment.lidl.ch/media/catalog/product/cache/b4d8daca087e724c0fba4501ead491d0/1/3/133204_FKBF_1.jpg,,,,https://sortiment.lidl.ch/de/catalog/product/view/id/11555/s/butterweggli-0133204/category/91/
Brot,https://sortiment.lidl.ch/de/brot-backwaren/brot,Kürbiskern-Brötli,lidl.ch,0.89,https://sortiment.lidl.ch/media/catalog/product/cache/b4d8daca087e724c0fba4501ead491d0/9/2/92782_FKBF.jpg,,,,https://sortiment.lidl.ch/de/catalog/product/view/id/11552/s/kuerbiskern-broetli-0092782/category/91/
Brot,https://sortiment.lidl.ch/de/brot-backwaren/brot,Weizenbrötli,lidl.ch,0.39,https://sortiment.lidl.ch/media/catalog/product/cache/b4d8daca087e724c0fba4501ead491d0/9/2/92781_FKBF.jpg,,,,https://sortiment.lidl.ch/de/catalog/product/view/id/11551/s/weizenbroetli-0092781/category/91/
Brot,https://sortiment.lidl.ch/de/brot-backwaren/brot,Schinkengipfeli,lidl.ch,1.39,https://sortiment.lidl.ch/media/catalog/product/cache/b4d8daca087e724c0fba4501ead491d0/5/1/5104340_FKBF.jpg,,,,https://sortiment.lidl.ch/de/catalog/product/view/id/11534/s/schinkengipfeli-5104340/category/91/
Brot,https://sortiment.lidl.ch/de/brot-backwaren/brot,Pizza Margherita (Aktion nur im Tessin gültig),lidl.ch,1.39,https://sortiment.lidl.ch/media/catalog/product/cache/b4d8daca087e724c0fba4501ead491d0/1/2/129123_FKBF_1.jpg,,,,https://sortiment.lidl.ch/de/catalog/product/view/id/11532/s/pizza-margherita-0129123/category/91/
Brot,https://sortiment.lidl.ch/de/brot-backwaren/brot,Pizza Calzone Margherita,lidl.ch,3.49,https://sortiment.lidl.ch/media/catalog/product/cache/b4d8daca087e724c0fba4501ead491d0/1/2/126949_FKBF.jpg,,,,https://sortiment.lidl.ch/de/catalog/product/view/id/11531/s/pizza-calzone-margherita-0126949/category/91/
Brot,https://sortiment.lidl.ch/de/brot-backwaren/brot,Buttercroissant,lidl.ch,0.59,https://sortiment.lidl.ch/media/catalog/product/cache/b4d8daca087e724c0fba4501ead491d0/1/2/121471_FKBF.jpg,,,,https://sortiment.lidl.ch/de/catalog/product/view/id/11530/s/buttercroissant-0121471/category/91/
Kuchen & Gebäck,https://sortiment.lidl.ch/de/catalog/category/view/s/kuchen-gebaeck/id/92/,Piadina Romagnola,lidl.ch,1.69,https://sortiment.lidl.ch/media/catalog/product/cache/b4d8daca087e724c0fba4501ead491d0/6/0/6010345_PSXX.jpg,,,mit Olivenöl,https://sortiment.lidl.ch/de/catalog/product/view/id/20576/s/piadina-romagnola-6010345/category/92/
Kuchen & Gebäck,https://sortiment.lidl.ch/de/catalog/category/view/s/kuchen-gebaeck/id/92/,Mini Muffins,lidl.ch,1.99,https://sortiment.lidl.ch/media/catalog/product/cache/b4d8daca087e724c0fba4501ead491d0/7/4/7409394_Mini_Chocolate_Muffins_PSXX.jpg,https://sortiment.lidl.ch/media/catalog/product/cache/b4d8daca087e724c0fba4501ead491d0/7/4/7409394_Mini_Vanilla_Muffins_PSXX.jpg,,"Mit Schokostücken, Vanille",https://sortiment.lidl.ch/de/catalog/product/view/id/20444/s/mini-muffins-7409394/category/92/
Kuchen & Gebäck,https://sortiment.lidl.ch/de/catalog/category/view/s/kuchen-gebaeck/id/92/,Madeleines,lidl.ch,2.49,https://sortiment.lidl.ch/media/catalog/product/cache/b4d8daca087e724c0fba4501ead491d0/5/6/5619297_Madeleines_mit_Butter_PSXX.jpg,,,,https://sortiment.lidl.ch/de/catalog/product/view/id/20433/s/madeleines-5619297/category/92/
Kuchen & Gebäck,https://sortiment.lidl.ch/de/catalog/category/view/s/kuchen-gebaeck/id/92/,Gefüllte Croissants,lidl.ch,1.99,https://sortiment.lidl.ch/media/catalog/product/cache/b4d8daca087e724c0fba4501ead491d0/1/1/115217_Nougat_PSXX.jpg,,,"Nuss-Nougat, Erdbeer",https://sortiment.lidl.ch/de/catalog/product/view/id/20363/s/gefuellte-croissants-0115217/category/92/
Kuchen & Gebäck,https://sortiment.lidl.ch/de/catalog/category/view/s/kuchen-gebaeck/id/92/,Silserbrötchen,lidl.ch,2.49,,,,,https://sortiment.lidl.ch/de/catalog/product/view/id/20341/s/silserbroetchen-5620298/category/92/
Kuchen & Gebäck,https://sortiment.lidl.ch/de/catalog/category/view/s/kuchen-gebaeck/id/92/,Ölz Schulmaus,lidl.ch,2.95,,,,,https://sortiment.lidl.ch/de/catalog/product/view/id/20340/s/oelz-schulmaus-1004960/category/92/
Kuchen & Gebäck,https://sortiment.lidl.ch/de/catalog/category/view/s/kuchen-gebaeck/id/92/,Gifflar Zimtröllchen,lidl.ch,3.59,https://sortiment.lidl.ch/media/catalog/product/cache/b4d8daca087e724c0fba4501ead491d0/5/1/5113870_leichte_Designanpassung_PSXX.jpg,,,,https://sortiment.lidl.ch/de/catalog/product/view/id/20331/s/gifflar-zimtroellchen-5113870/category/92/
Kuchen & Gebäck,https://sortiment.lidl.ch/de/catalog/category/view/s/kuchen-gebaeck/id/92/,Lütticher Waffeln,lidl.ch,3.99,https://sortiment.lidl.ch/media/catalog/product/cache/b4d8daca087e724c0fba4501ead491d0/7/4/7400192_Luettcher_Waffeln_PSXX.jpg,https://sortiment.lidl.ch/media/catalog/product/cache/b4d8daca087e724c0fba4501ead491d0/7/4/7400192_PSXX.jpg,,"Zucker, Schokolade",https://sortiment.lidl.ch/de/catalog/product/view/id/20078/s/luetticher-waffeln-7400192/category/92/
Kuchen & Gebäck,https://sortiment.lidl.ch/de/catalog/category/view/s/kuchen-gebaeck/id/92/,Goldkrüstchen,lidl.ch,2.75,https://sortiment.lidl.ch/media/catalog/product/cache/b4d8daca087e724c0fba4501ead491d0/2/0/205315_Goldkruestchen_PSXX.jpg,,,,https://sortiment.lidl.ch/de/catalog/product/view/id/20074/s/goldkruestchen-0205315/category/92/
Kuchen & Gebäck,https://sortiment.lidl.ch/de/catalog/category/view/s/kuchen-gebaeck/id/92/,Ölz Birnweggen,lidl.ch,2.65,,,,,https://sortiment.lidl.ch/de/catalog/product/view/id/19884/s/oelz-birnweggen-1004949/category/92/
Kuchen & Gebäck,https://sortiment.lidl.ch/de/catalog/category/view/s/kuchen-gebaeck/id/92/,Ölz Mini Nuss Stangen,lidl.ch,2.65,,,,,https://sortiment.lidl.ch/de/catalog/product/view/id/19882/s/oelz-mini-nuss-stangen-1004947/category/92/
Kuchen & Gebäck,https://sortiment.lidl.ch/de/catalog/category/view/s/kuchen-gebaeck/id/92/,Ölz Linzer Schnitte,lidl.ch,2.49,,,,,https://sortiment.lidl.ch/de/catalog/product/view/id/19881/s/oelz-linzer-schnitte-1004945/category/92/
Kuchen & Gebäck,https://sortiment.lidl.ch/de/catalog/category/view/s/kuchen-gebaeck/id/92/,Ölz Nuss Schnecken,lidl.ch,2.55,,,,,https://sortiment.lidl.ch/de/catalog/product/view/id/19880/s/oelz-nuss-schnecken-1004943/category/92/
Kuchen & Gebäck,https://sortiment.lidl.ch/de/catalog/category/view/s/kuchen-gebaeck/id/92/,Dar-Vida Sandwich,lidl.ch,4.95,,,,"Choco, Tomate, Frischkäse",https://sortiment.lidl.ch/de/catalog/product/view/id/19879/s/dar-vida-sandwich-5113541/category/92/
Kuchen & Gebäck,https://sortiment.lidl.ch/de/catalog/category/view/s/kuchen-gebaeck/id/92/,Dar-Vida Thymian & Salz Family Pack,lidl.ch,6.95,https://sortiment.lidl.ch/media/catalog/product/cache/b4d8daca087e724c0fba4501ead491d0/5/1/5113536_PSXX.jpg,,,,https://sortiment.lidl.ch/de/catalog/product/view/id/19791/s/dar-vida-thymian-salz-family-pack-5113536/category/92/
Kuchen & Gebäck,https://sortiment.lidl.ch/de/catalog/category/view/s/kuchen-gebaeck/id/92/,DAR-VIDA Cracker,lidl.ch,3.95,https://sortiment.lidl.ch/media/catalog/product/cache/b4d8daca087e724c0fba4501ead491d0/5/1/5113535_Fromage_PSXX.jpg,https://sortiment.lidl.ch/media/catalog/product/cache/b4d8daca087e724c0fba4501ead491d0/5/1/5113535_TomatenBasilikum_PSXX.jpg,,"mit Käse, Tomate-Basilikum",https://sortiment.lidl.ch/de/catalog/product/view/id/19751/s/dar-vida-cracker-5113535/category/92/
Kuchen & Gebäck,https://sortiment.lidl.ch/de/catalog/category/view/s/kuchen-gebaeck/id/92/,American Style Soft Cookies,lidl.ch,2.49,https://sortiment.lidl.ch/media/catalog/product/cache/b4d8daca087e724c0fba4501ead491d0/6/6/6605177_01_PSXX.jpg,https://sortiment.lidl.ch/media/catalog/product/cache/b4d8daca087e724c0fba4501ead491d0/6/6/6605177_02_PSXX.jpg,,Diverse Sorten,https://sortiment.lidl.ch/de/catalog/product/view/id/19717/s/american-style-soft-cookies-6605177/category/92/
Kuchen & Gebäck,https://sortiment.lidl.ch/de/catalog/category/view/s/kuchen-gebaeck/id/92/,Linzertorte,lidl.ch,11.89,https://sortiment.lidl.ch/media/catalog/product/cache/b4d8daca087e724c0fba4501ead491d0/5/1/5112535_FKBF.jpg,https://sortiment.lidl.ch/media/catalog/product/cache/b4d8daca087e724c0fba4501ead491d0/5/1/5112535_KaF_Wick_PORT.jpg,https://sortiment.lidl.ch/media/catalog/product/cache/b4d8daca087e724c0fba4501ead491d0/5/1/5112535_PSXX.jpg,,https://sortiment.lidl.ch/de/catalog/product/view/id/19688/s/linzertorte-5112535/category/92/
Kuchen & Gebäck,https://sortiment.lidl.ch/de/catalog/category/view/s/kuchen-gebaeck/id/92/,Hamburger Brötli,lidl.ch,1.59,https://sortiment.lidl.ch/media/catalog/product/cache/b4d8daca087e724c0fba4501ead491d0/1/4/147653_PSXX.jpg,,,,https://sortiment.lidl.ch/de/catalog/product/view/id/19664/s/hamburger-broetli-0147653/category/92/
Kuchen & Gebäck,https://sortiment.lidl.ch/de/catalog/category/view/s/kuchen-gebaeck/id/92/,Hot Dog-Brötli,lidl.ch,1.65,https://sortiment.lidl.ch/media/catalog/product/cache/b4d8daca087e724c0fba4501ead491d0/2/2/22689_HotDogBroetchen_PSXX.jpg,,,,https://sortiment.lidl.ch/de/catalog/product/view/id/19663/s/hot-dog-broetli-0022689/category/92/
Kuchen & Gebäck,https://sortiment.lidl.ch/de/catalog/category/view/s/kuchen-gebaeck/id/92/,Burger Buns,lidl.ch,2.29,https://sortiment.lidl.ch/media/catalog/product/cache/b4d8daca087e724c0fba4501ead491d0/2/0/201828_PSXX.jpg,,,4 Stück,https://sortiment.lidl.ch/de/catalog/product/view/id/19470/s/burger-buns-0201828/category/92/
Kuchen & Gebäck,https://sortiment.lidl.ch/de/catalog/category/view/s/kuchen-gebaeck/id/92/,"Muffins gefüllt, 4er",lidl.ch,2.99,https://sortiment.lidl.ch/media/catalog/product/cache/b4d8daca087e724c0fba4501ead491d0/1/6/166431_01_PSXX.jpg,https://sortiment.lidl.ch/media/catalog/product/cache/b4d8daca087e724c0fba4501ead491d0/1/6/166431_02_PSXX.jpg,,"Mit Zitronenfüllung, Cheese-Cake",https://sortiment.lidl.ch/de/catalog/product/view/id/19402/s/muffins-gefuellt-4er-0166431/category/92/
Kuchen & Gebäck,https://sortiment.lidl.ch/de/catalog/category/view/s/kuchen-gebaeck/id/92/,High Protein Wraps,lidl.ch,2.49,https://sortiment.lidl.ch/media/catalog/product/cache/b4d8daca087e724c0fba4501ead491d0/2/0/201720_PSXX.jpg,,,,https://sortiment.lidl.ch/de/catalog/product/view/id/19108/s/high-protein-wraps-0201720/category/92/
Kuchen & Gebäck,https://sortiment.lidl.ch/de/catalog/category/view/s/kuchen-gebaeck/id/92/,High Protein Lentil Cakes,lidl.ch,1.29,https://sortiment.lidl.ch/media/catalog/product/cache/b4d8daca087e724c0fba4501ead491d0/6/7/6713127_HighProteinWaffelnMais_PSXX.jpg,https://sortiment.lidl.ch/media/catalog/product/cache/b4d8daca087e724c0fba4501ead491d0/6/7/6713127_HighProteinWaffelnReis_PSXX.jpg,,Mais/ Linsen,https://sortiment.lidl.ch/de/catalog/product/view/id/18282/s/high-protein-lentil-cakes-6713127/category/92/
Kuchen & Gebäck,https://sortiment.lidl.ch/de/catalog/category/view/s/kuchen-gebaeck/id/92/,Cracker,lidl.ch,3.15,https://sortiment.lidl.ch/media/catalog/product/cache/b4d8daca087e724c0fba4501ead491d0/5/1/5112250_PSXX.jpg,,,mit Thymian & Meersalz,https://sortiment.lidl.ch/de/catalog/product/view/id/18019/s/cracker-5112250/category/92/
Kuchen & Gebäck,https://sortiment.lidl.ch/de/catalog/category/view/s/kuchen-gebaeck/id/92/,Cracker mit Käse,lidl.ch,3.15,https://sortiment.lidl.ch/media/catalog/product/cache/b4d8daca087e724c0fba4501ead491d0/5/1/5112249_PSXX.jpg,,,,https://sortiment.lidl.ch/de/catalog/product/view/id/18018/s/cracker-mit-kaese-5112249/category/92/
Kuchen & Gebäck,https://sortiment.lidl.ch/de/catalog/category/view/s/kuchen-gebaeck/id/92/,Cracker Nature,lidl.ch,3.15,https://sortiment.lidl.ch/media/catalog/product/cache/b4d8daca087e724c0fba4501ead491d0/5/1/5112248_PSXX.jpg,,,,https://sortiment.lidl.ch/de/catalog/product/view/id/18017/s/cracker-nature-5112248/category/92/
Kuchen & Gebäck,https://sortiment.lidl.ch/de/catalog/category/view/s/kuchen-gebaeck/id/92/,Rosenbrötchen,lidl.ch,2.89,https://sortiment.lidl.ch/media/catalog/product/cache/b4d8daca087e724c0fba4501ead491d0/1/5/154541_PSXX.jpg,,,hell,https://sortiment.lidl.ch/de/catalog/product/view/id/17954/s/rosenbroetchen-0154541/category/92/
Kuchen & Gebäck,https://sortiment.lidl.ch/de/catalog/category/view/s/kuchen-gebaeck/id/92/,Wasa Knäckebrot,lidl.ch,2.19,https://sortiment.lidl.ch/media/catalog/product/cache/b4d8daca087e724c0fba4501ead491d0/1/8/1800530_Original_PSXX.jpg,https://sortiment.lidl.ch/media/catalog/product/cache/b4d8daca087e724c0fba4501ead491d0/1/8/1800530_Original_PSXX_001.jpg,,"Original, Sesam",https://sortiment.lidl.ch/de/catalog/product/view/id/17481/s/wasa-knaeckebrot-1800530/category/92/
Kuchen & Gebäck,https://sortiment.lidl.ch/de/catalog/category/view/s/kuchen-gebaeck/id/92/,Mini-Brownies,lidl.ch,1.99,https://sortiment.lidl.ch/media/catalog/product/cache/b4d8daca087e724c0fba4501ead491d0/2/1/218654_PSXX.jpg,,,Schokolade-Haselnuss,https://sortiment.lidl.ch/de/catalog/product/view/id/17345/s/mini-brownies-0218654/category/92/
Kuchen & Gebäck,https://sortiment.lidl.ch/de/catalog/category/view/s/kuchen-gebaeck/id/92/,Burger Buns,lidl.ch,1.59,https://sortiment.lidl.ch/media/catalog/product/cache/b4d8daca087e724c0fba4501ead491d0/1/2/123440_PSXX.jpg,,,"Mehrkorn, 4 Stück",https://sortiment.lidl.ch/de/catalog/product/view/id/17335/s/burger-buns-0123440/category/92/
Kuchen & Gebäck,https://sortiment.lidl.ch/de/catalog/category/view/s/kuchen-gebaeck/id/92/,Pinsa,lidl.ch,2.95,https://sortiment.lidl.ch/media/catalog/product/cache/b4d8daca087e724c0fba4501ead491d0/6/0/6016371_PSXX_.jpg,,,,https://sortiment.lidl.ch/de/catalog/product/view/id/16985/s/pinsa-6016371/category/92/
Kuchen & Gebäck,https://sortiment.lidl.ch/de/catalog/category/view/s/kuchen-gebaeck/id/92/,Vollkornbrot in Scheiben,lidl.ch,1.49,https://sortiment.lidl.ch/media/catalog/product/cache/b4d8daca087e724c0fba4501ead491d0/6/0/6000927_PSXX.jpg,,,,https://sortiment.lidl.ch/de/catalog/product/view/id/16984/s/vollkornbrot-in-scheiben-6000927/category/92/
Kuchen & Gebäck,https://sortiment.lidl.ch/de/catalog/category/view/s/kuchen-gebaeck/id/92/,Dolcezze quotidiane Croissant,lidl.ch,4.99,https://sortiment.lidl.ch/media/catalog/product/cache/b4d8daca087e724c0fba4501ead491d0/6/0/6009678_PSXX.jpg,,,,https://sortiment.lidl.ch/de/catalog/product/view/id/16793/s/dolcezze-quotidiane-croissant-6009678/category/92/
Kuchen & Gebäck,https://sortiment.lidl.ch/de/catalog/category/view/s/kuchen-gebaeck/id/92/,Ferrero Kinder Colazione Più,lidl.ch,4.99,https://sortiment.lidl.ch/media/catalog/product/cache/b4d8daca087e724c0fba4501ead491d0/5/1/5112985_PSXX.jpg,,,,https://sortiment.lidl.ch/de/catalog/product/view/id/16791/s/ferrero-kinder-colazione-piu-5112985/category/92/
Kuchen & Gebäck,https://sortiment.lidl.ch/de/catalog/category/view/s/kuchen-gebaeck/id/92/,Ferrero Kinder Brioss Latte e Cacao,lidl.ch,4.19,https://sortiment.lidl.ch/media/catalog/product/cache/b4d8daca087e724c0fba4501ead491d0/5/1/5112984_PSXX.jpg,,,,https://sortiment.lidl.ch/de/catalog/product/view/id/16790/s/ferrero-kinder-brioss-latte-e-cacao-5112984/category/92/
Kuchen & Gebäck,https://sortiment.lidl.ch/de/catalog/category/view/s/kuchen-gebaeck/id/92/,Weizentoast ohne Rand,lidl.ch,2.49,https://sortiment.lidl.ch/media/catalog/product/cache/b4d8daca087e724c0fba4501ead491d0/6/0/6006937_PSXX.jpg,,,,https://sortiment.lidl.ch/de/catalog/product/view/id/16789/s/weizentoast-ohne-rand-6006937/category/92/
Kuchen & Gebäck,https://sortiment.lidl.ch/de/catalog/category/view/s/kuchen-gebaeck/id/92/,Zermatter Bergführerbrot (Aktion nur in der Deutschschweiz gültig),lidl.ch,12.99,https://sortiment.lidl.ch/media/catalog/product/cache/b4d8daca087e724c0fba4501ead491d0/5/1/5111695_FKBF.jpg,https://sortiment.lidl.ch/media/catalog/product/cache/b4d8daca087e724c0fba4501ead491d0/5/1/5111695_KaF_frontal_PELA.jpg,https://sortiment.lidl.ch/media/catalog/product/cache/b4d8daca087e724c0fba4501ead491d0/5/1/5111695_PSXX.jpg,,https://sortiment.lidl.ch/de/catalog/product/view/id/16714/s/zermatter-bergfuehrerbrot-5111695/category/92/
Kuchen & Gebäck,https://sortiment.lidl.ch/de/catalog/category/view/s/kuchen-gebaeck/id/92/,Bündner Birnenbrot (Aktion nur in der Deutschschweiz gültig),lidl.ch,12.99,https://sortiment.lidl.ch/media/catalog/product/cache/b4d8daca087e724c0fba4501ead491d0/5/1/5108210_FKBF.jpg,https://sortiment.lidl.ch/media/catalog/product/cache/b4d8daca087e724c0fba4501ead491d0/5/1/5108210_KaF_PORT.jpg,https://sortiment.lidl.ch/media/catalog/product/cache/b4d8daca087e724c0fba4501ead491d0/5/1/5108210_PSXX.jpg,,https://sortiment.lidl.ch/de/catalog/product/view/id/16713/s/buendner-birnenbrot-5108210/category/92/
Kuchen & Gebäck,https://sortiment.lidl.ch/de/catalog/category/view/s/kuchen-gebaeck/id/92/,Haferbrot,lidl.ch,2.69,https://sortiment.lidl.ch/media/catalog/product/cache/b4d8daca087e724c0fba4501ead491d0/1/5/150202_PSXX.jpg,,,mit Saaten,https://sortiment.lidl.ch/de/catalog/product/view/id/16308/s/haferbrot-0150202/category/92/
Kuchen & Gebäck,https://sortiment.lidl.ch/de/catalog/category/view/s/kuchen-gebaeck/id/92/,Glutenfreies Brot,lidl.ch,2.99,https://sortiment.lidl.ch/media/catalog/product/cache/b4d8daca087e724c0fba4501ead491d0/5/5/5506073_PSXX.jpg,https://sortiment.lidl.ch/media/catalog/product/cache/b4d8daca087e724c0fba4501ead491d0/5/5/5506073__dunkel_PSXX.jpg,,geschnitten,https://sortiment.lidl.ch/de/catalog/product/view/id/16122/s/glutenfreies-brot-5506073/category/92/
Kuchen & Gebäck,https://sortiment.lidl.ch/de/catalog/category/view/s/kuchen-gebaeck/id/92/,Toastbrötchen,lidl.ch,1.99,https://sortiment.lidl.ch/media/catalog/product/cache/b4d8daca087e724c0fba4501ead491d0/1/4/147399_Mehrkorn_PSXX_1.jpg,https://sortiment.lidl.ch/media/catalog/product/cache/b4d8daca087e724c0fba4501ead491d0/1/4/147399_Weizen_PSXX.jpg,,Mehrkorn / Weizen,https://sortiment.lidl.ch/de/catalog/product/view/id/15392/s/toastbroetchen-0147399/category/92/
Kuchen & Gebäck,https://sortiment.lidl.ch/de/catalog/category/view/s/kuchen-gebaeck/id/92/,Mega Burger Brötli,lidl.ch,1.59,https://sortiment.lidl.ch/media/catalog/product/cache/b4d8daca087e724c0fba4501ead491d0/6/9/69994_PSXX.jpg,,,,https://sortiment.lidl.ch/de/catalog/product/view/id/15391/s/mega-burger-broetli-0069994/category/92/
Kuchen & Gebäck,https://sortiment.lidl.ch/de/catalog/category/view/s/kuchen-gebaeck/id/92/,High Protein Brot,lidl.ch,2.29,https://sortiment.lidl.ch/media/catalog/product/cache/b4d8daca087e724c0fba4501ead491d0/1/3/136073_200g_PSXX.jpg,https://sortiment.lidl.ch/media/catalog/product/cache/b4d8daca087e724c0fba4501ead491d0/1/3/136073_250g_PSXX.jpg,https://sortiment.lidl.ch/media/catalog/product/cache/b4d8daca087e724c0fba4501ead491d0/1/3/136073_260g_PSXX.jpg,diverse Sorten,https://sortiment.lidl.ch/de/catalog/product/view/id/14802/s/high-protein-brot-0136073/category/92/
Kuchen & Gebäck,https://sortiment.lidl.ch/de/catalog/category/view/s/kuchen-gebaeck/id/92/,Mini Kuchen,lidl.ch,2.99,https://sortiment.lidl.ch/media/catalog/product/cache/b4d8daca087e724c0fba4501ead491d0/1/4/143895_Marmor_PSXX_1.jpg,https://sortiment.lidl.ch/media/catalog/product/cache/b4d8daca087e724c0fba4501ead491d0/1/4/143895_Zitrone_PSXX_1.jpg,,Schockolade / Zitrone,https://sortiment.lidl.ch/de/catalog/product/view/id/14608/s/mini-kuchen-0143895/category/92/
Kuchen & Gebäck,https://sortiment.lidl.ch/de/catalog/category/view/s/kuchen-gebaeck/id/92/,Cake,lidl.ch,2.49,https://sortiment.lidl.ch/media/catalog/product/cache/b4d8daca087e724c0fba4501ead491d0/1/1/116315_Marmor_PSXX.jpg,https://sortiment.lidl.ch/media/catalog/product/cache/b4d8daca087e724c0fba4501ead491d0/1/1/116315_Schoko_PSXX_1.jpg,https://sortiment.lidl.ch/media/catalog/product/cache/b4d8daca087e724c0fba4501ead491d0/1/1/116315_Schokolade_PSXX.jpg,diverse Sorten,https://sortiment.lidl.ch/de/catalog/product/view/id/14607/s/cake-0116315/category/92/
Kuchen & Gebäck,https://sortiment.lidl.ch/de/catalog/category/view/s/kuchen-gebaeck/id/92/,Gugelhopf,lidl.ch,2.49,https://sortiment.lidl.ch/media/catalog/product/cache/b4d8daca087e724c0fba4501ead491d0/2/1/21042_Marmor_PSXX_1.jpg,https://sortiment.lidl.ch/media/catalog/product/cache/b4d8daca087e724c0fba4501ead491d0/2/1/21042_Vanille_PSXX.jpg,,Marmor / Vanille,https://sortiment.lidl.ch/de/catalog/product/view/id/14606/s/gugelhopf-0021042/category/92/
Kuchen & Gebäck,https://sortiment.lidl.ch/de/catalog/category/view/s/kuchen-gebaeck/id/92/,Milch-Brötchen,lidl.ch,2.59,https://sortiment.lidl.ch/media/catalog/product/cache/b4d8daca087e724c0fba4501ead491d0/1/2/124645_01_PSXX.jpg,,,,https://sortiment.lidl.ch/de/catalog/product/view/id/14604/s/milch-broetchen-0124645/category/92/
Kuchen & Gebäck,https://sortiment.lidl.ch/de/catalog/category/view/s/kuchen-gebaeck/id/92/,Weizenbrot American Style,lidl.ch,1.69,https://sortiment.lidl.ch/media/catalog/product/cache/b4d8daca087e724c0fba4501ead491d0/1/4/140184_Mehrkornbrot_PSXX_1.jpg,https://sortiment.lidl.ch/media/catalog/product/cache/b4d8daca087e724c0fba4501ead491d0/1/4/140184_Weizenbrot_PSXX_1.jpg,,Weizen- / Mehrkorn,https://sortiment.lidl.ch/de/catalog/product/view/id/14600/s/weizenbrot-american-style-0140184/category/92/
Kuchen & Gebäck,https://sortiment.lidl.ch/de/catalog/category/view/s/kuchen-gebaeck/id/92/,Weizentoast,lidl.ch,1.19,https://sortiment.lidl.ch/media/catalog/product/cache/b4d8daca087e724c0fba4501ead491d0/1/3/138779_PSXX_1.jpg,,,,https://sortiment.lidl.ch/de/catalog/product/view/id/14599/s/weizentoast-0138779/category/92/
Kuchen & Gebäck,https://sortiment.lidl.ch/de/catalog/category/view/s/kuchen-gebaeck/id/92/,Vital & Fit Balance Brot,lidl.ch,1.99,https://sortiment.lidl.ch/media/catalog/product/cache/b4d8daca087e724c0fba4501ead491d0/9/9/99293_PSXX_1.jpg,,,,https://sortiment.lidl.ch/de/catalog/product/view/id/14598/s/vital-fit-balance-brot-0099293/category/92/
Kuchen & Gebäck,https://sortiment.lidl.ch/de/catalog/category/view/s/kuchen-gebaeck/id/92/,Vollkorntoast,lidl.ch,1.19,https://sortiment.lidl.ch/media/catalog/product/cache/b4d8daca087e724c0fba4501ead491d0/2/1/21322_PSXX.jpg,,,,https://sortiment.lidl.ch/de/catalog/product/view/id/14597/s/vollkorntoast-0021322/category/92/
Kuchen & Gebäck,https://sortiment.lidl.ch/de/catalog/category/view/s/kuchen-gebaeck/id/92/,Tortilla Wraps,lidl.ch,1.52,https://sortiment.lidl.ch/media/catalog/product/cache/b4d8daca087e724c0fba4501ead491d0/2/9/29059_PSXX.jpg,,,"8x20cm, natur",https://sortiment.lidl.ch/de/catalog/product/view/id/14203/s/tortilla-wraps-0029059/category/92/
Kuchen & Gebäck,https://sortiment.lidl.ch/de/catalog/category/view/s/kuchen-gebaeck/id/92/,Bio Schoko-Reiswaffeln,lidl.ch,1.95,https://sortiment.lidl.ch/media/catalog/product/cache/b4d8daca087e724c0fba4501ead491d0/1/9/19055_Kokos_PSXX_1.jpg,https://sortiment.lidl.ch/media/catalog/product/cache/b4d8daca087e724c0fba4501ead491d0/1/9/19055_Milch_PSXX.jpg,https://sortiment.lidl.ch/media/catalog/product/cache/b4d8daca087e724c0fba4501ead491d0/1/9/19055_dunkle_Schokolade_PSXX.jpg,diverse Sorten,https://sortiment.lidl.ch/de/catalog/product/view/id/14141/s/bio-schoko-reiswaffeln-0019055/category/92/
Kuchen & Gebäck,https://sortiment.lidl.ch/de/catalog/category/view/s/kuchen-gebaeck/id/92/,Tortilla Wraps,lidl.ch,1.53,https://sortiment.lidl.ch/media/catalog/product/cache/b4d8daca087e724c0fba4501ead491d0/2/2/22934_PSXX.jpg,,,"6x25cm, natur",https://sortiment.lidl.ch/de/catalog/product/view/id/12669/s/tortilla-wraps-0022934/category/92/
Kuchen & Gebäck,https://sortiment.lidl.ch/de/catalog/category/view/s/kuchen-gebaeck/id/92/,Grissini Sottili,lidl.ch,1.99,https://sortiment.lidl.ch/media/catalog/product/cache/b4d8daca087e724c0fba4501ead491d0/2/2/22546_PSXX.jpg,,,,https://sortiment.lidl.ch/de/catalog/product/view/id/12668/s/grissini-sottili-0022546/category/92/
Kuchen & Gebäck,https://sortiment.lidl.ch/de/catalog/category/view/s/kuchen-gebaeck/id/92/,Muffins,lidl.ch,3.49,https://sortiment.lidl.ch/media/catalog/product/cache/b4d8daca087e724c0fba4501ead491d0/1/3/132041_Blaubeer_PSXX.jpg,https://sortiment.lidl.ch/media/catalog/product/cache/b4d8daca087e724c0fba4501ead491d0/1/3/132041_Schoko_PSXX.jpg,https://sortiment.lidl.ch/media/catalog/product/cache/b4d8daca087e724c0fba4501ead491d0/1/3/132041_hell_PSXX.jpg,Schokolade / Blaubeer,https://sortiment.lidl.ch/de/catalog/product/view/id/12010/s/muffins-0132041/category/92/
Kuchen & Gebäck,https://sortiment.lidl.ch/de/catalog/category/view/s/kuchen-gebaeck/id/92/,Cake,lidl.ch,2.29,https://sortiment.lidl.ch/media/catalog/product/cache/b4d8daca087e724c0fba4501ead491d0/2/4/24320_Choco_PSXX.jpg,https://sortiment.lidl.ch/media/catalog/product/cache/b4d8daca087e724c0fba4501ead491d0/2/4/24320_Lemon_PSXX.jpg,https://sortiment.lidl.ch/media/catalog/product/cache/b4d8daca087e724c0fba4501ead491d0/2/4/24320_Marmor_PSXX.jpg,"Schokolade, Stracciatella",https://sortiment.lidl.ch/de/catalog/product/view/id/12008/s/cake-0024320/category/92/
Kuchen & Gebäck,https://sortiment.lidl.ch/de/catalog/category/view/s/kuchen-gebaeck/id/92/,Bischofberger Appenzeller Bärli-Biber,lidl.ch,1.69,https://sortiment.lidl.ch/media/catalog/product/cache/b4d8daca087e724c0fba4501ead491d0/5/1/5102787_Sommer_PSXX.jpg,https://sortiment.lidl.ch/media/catalog/product/cache/b4d8daca087e724c0fba4501ead491d0/5/1/5102787_Winter_PSXX.jpg,,,https://sortiment.lidl.ch/de/catalog/product/view/id/12000/s/bischofberger-appenzeller-baerli-biber-5102787/category/92/
Kuchen & Gebäck,https://sortiment.lidl.ch/de/catalog/category/view/s/kuchen-gebaeck/id/92/,Frischei-Waffeln,lidl.ch,1.89,https://sortiment.lidl.ch/media/catalog/product/cache/b4d8daca087e724c0fba4501ead491d0/1/8/18972_PSXX.jpg,,,,https://sortiment.lidl.ch/de/catalog/product/view/id/11998/s/frischei-waffeln-0018972/category/92/
Kuchen & Gebäck,https://sortiment.lidl.ch/de/catalog/category/view/s/kuchen-gebaeck/id/92/,Bio Glutenfreie Brötchen,lidl.ch,2.79,https://sortiment.lidl.ch/media/catalog/product/cache/b4d8daca087e724c0fba4501ead491d0/1/2/127379_Hirse_PSXX.jpg,https://sortiment.lidl.ch/media/catalog/product/cache/b4d8daca087e724c0fba4501ead491d0/1/2/127379_Hirseflocken_PSXX.jpg,https://sortiment.lidl.ch/media/catalog/product/cache/b4d8daca087e724c0fba4501ead491d0/1/2/127379_Leinsamen_PSXX.jpg,diverse Sorten,https://sortiment.lidl.ch/de/catalog/product/view/id/11996/s/bio-glutenfreie-broetchen-0127379/category/92/
Kuchen & Gebäck,https://sortiment.lidl.ch/de/catalog/category/view/s/kuchen-gebaeck/id/92/,Bio Roggen Vollkornbrote,lidl.ch,1.79,https://sortiment.lidl.ch/media/catalog/product/cache/b4d8daca087e724c0fba4501ead491d0/9/5/95047_Classic_PSXX_1.jpg,https://sortiment.lidl.ch/media/catalog/product/cache/b4d8daca087e724c0fba4501ead491d0/9/5/95047_Dinkel_PSXX_1.jpg,https://sortiment.lidl.ch/media/catalog/product/cache/b4d8daca087e724c0fba4501ead491d0/9/5/95047_Sonnenblumenkerne_PSXX_1.jpg,diverse Sorten,https://sortiment.lidl.ch/de/catalog/product/view/id/11995/s/bio-roggen-vollkornbrote-0095047/category/92/
Kuchen & Gebäck,https://sortiment.lidl.ch/de/catalog/category/view/s/kuchen-gebaeck/id/92/,Unsere Besten Brötchen,lidl.ch,1.45,https://sortiment.lidl.ch/media/catalog/product/cache/b4d8daca087e724c0fba4501ead491d0/7/2/72774_Bauern_PSXX_1.jpg,https://sortiment.lidl.ch/media/catalog/product/cache/b4d8daca087e724c0fba4501ead491d0/7/2/72774_Weizen_PSXX_1.jpg,,Weizen- / Bauernbrötchen,https://sortiment.lidl.ch/de/catalog/product/view/id/11994/s/unsere-besten-broetchen-0072774/category/92/
Kuchen & Gebäck,https://sortiment.lidl.ch/de/catalog/category/view/s/kuchen-gebaeck/id/92/,American Sandwich Toast,lidl.ch,1.79,https://sortiment.lidl.ch/media/catalog/product/cache/b4d8daca087e724c0fba4501ead491d0/2/1/21283_Vollkorn_PSXX.jpg,https://sortiment.lidl.ch/media/catalog/product/cache/b4d8daca087e724c0fba4501ead491d0/2/1/21283_Weizen_PSXX_1.jpg,,Weizen- / Vollkorn,https://sortiment.lidl.ch/de/catalog/product/view/id/11993/s/american-sandwich-toast-0021283/category/92/
Kuchen & Gebäck,https://sortiment.lidl.ch/de/catalog/category/view/s/kuchen-gebaeck/id/92/,Baguette Brötchen,lidl.ch,0.95,https://sortiment.lidl.ch/media/catalog/product/cache/b4d8daca087e724c0fba4501ead491d0/2/1/21282_2er_PSXX.jpg,https://sortiment.lidl.ch/media/catalog/product/cache/b4d8daca087e724c0fba4501ead491d0/2/1/21282_6er_PSXX.jpg,,6 Stück,https://sortiment.lidl.ch/de/catalog/product/view/id/11992/s/baguette-broetchen-0021282/category/92/
Kuchen & Gebäck,https://sortiment.lidl.ch/de/catalog/category/view/s/kuchen-gebaeck/id/92/,Steinofen Baguette,lidl.ch,1.75,https://sortiment.lidl.ch/media/catalog/product/cache/b4d8daca087e724c0fba4501ead491d0/2/9/2959_Koerner_PSXX_1.jpg,https://sortiment.lidl.ch/media/catalog/product/cache/b4d8daca087e724c0fba4501ead491d0/2/9/2959_ohne_Koerner_PSXX.jpg,,Weizen / Körner,https://sortiment.lidl.ch/de/catalog/product/view/id/11989/s/steinofen-baguette-0002959/category/92/
Kuchen & Gebäck,https://sortiment.lidl.ch/de/catalog/category/view/s/kuchen-gebaeck/id/92/,Tarallini,lidl.ch,2.99,https://sortiment.lidl.ch/media/catalog/product/cache/b4d8daca087e724c0fba4501ead491d0/6/0/6006892_Multi_PSXX_3.jpg,https://sortiment.lidl.ch/media/catalog/product/cache/b4d8daca087e724c0fba4501ead491d0/6/0/6006892_Olio_PSXX.jpg,https://sortiment.lidl.ch/media/catalog/product/cache/b4d8daca087e724c0fba4501ead491d0/6/0/6006892_Pomodori_PSXX_3.jpg,diverse Sorten,https://sortiment.lidl.ch/de/catalog/product/view/id/11983/s/tarallini-6006892/category/92/
Kuchen & Gebäck,https://sortiment.lidl.ch/de/catalog/category/view/s/kuchen-gebaeck/id/92/,Reiswaffeln,lidl.ch,1.69,https://sortiment.lidl.ch/media/catalog/product/cache/b4d8daca087e724c0fba4501ead491d0/6/7/67771_Meersalz_PSXX.jpg,https://sortiment.lidl.ch/media/catalog/product/cache/b4d8daca087e724c0fba4501ead491d0/6/7/67771_Milchschoko_PSXX.jpg,https://sortiment.lidl.ch/media/catalog/product/cache/b4d8daca087e724c0fba4501ead491d0/6/7/67771_Zartbitter_PSXX.jpg,diverse Sorten,https://sortiment.lidl.ch/de/catalog/product/view/id/11982/s/reiswaffeln-0067771/category/92/
Kuchen & Gebäck,https://sortiment.lidl.ch/de/catalog/category/view/s/kuchen-gebaeck/id/92/,Knäckebrot,lidl.ch,1.09,https://sortiment.lidl.ch/media/catalog/product/cache/b4d8daca087e724c0fba4501ead491d0/2/2/22865_Roggen_PSXX.jpg,https://sortiment.lidl.ch/media/catalog/product/cache/b4d8daca087e724c0fba4501ead491d0/2/2/22865_Sesam_PSXX.jpg,,Roggen / Sesam,https://sortiment.lidl.ch/de/catalog/product/view/id/11981/s/knaeckebrot-0022865/category/92/
Kuchen & Gebäck,https://sortiment.lidl.ch/de/catalog/category/view/s/kuchen-gebaeck/id/92/,Bio Reis-/ Maiswaffeln,lidl.ch,0.85,https://sortiment.lidl.ch/media/catalog/product/cache/b4d8daca087e724c0fba4501ead491d0/1/2/126299_PSXX.jpg,https://sortiment.lidl.ch/media/catalog/product/cache/b4d8daca087e724c0fba4501ead491d0/1/2/126299_Reis_PSXX.jpg,,,https://sortiment.lidl.ch/de/catalog/product/view/id/11980/s/bio-reis-maiswaffeln-0126299/category/92/
Kuchen & Gebäck,https://sortiment.lidl.ch/de/catalog/category/view/s/kuchen-gebaeck/id/92/,DAR-VIDA Cracker Nature,lidl.ch,4.49,https://sortiment.lidl.ch/media/catalog/product/cache/b4d8daca087e724c0fba4501ead491d0/5/1/5107406_PSXX_1.jpg,,,Family Pack,https://sortiment.lidl.ch/de/catalog/product/view/id/11974/s/dar-vida-cracker-nature-5107406/category/92/
Kuchen & Gebäck,https://sortiment.lidl.ch/de/catalog/category/view/s/kuchen-gebaeck/id/92/,HUG Zwieback Original,lidl.ch,4.19,https://sortiment.lidl.ch/media/catalog/product/cache/b4d8daca087e724c0fba4501ead491d0/5/1/5104523_PSXX.jpg,,,,https://sortiment.lidl.ch/de/catalog/product/view/id/11973/s/hug-zwieback-original-5104523/category/92/
Kuchen & Gebäck,https://sortiment.lidl.ch/de/catalog/category/view/s/kuchen-gebaeck/id/92/,DAR-VIDA Cracker Choco au lait,lidl.ch,5.95,https://sortiment.lidl.ch/media/catalog/product/cache/b4d8daca087e724c0fba4501ead491d0/5/1/5103655_PSXX.jpg,,,,https://sortiment.lidl.ch/de/catalog/product/view/id/11970/s/dar-vida-cracker-choco-au-lait-5103655/category/92/
Kuchen & Gebäck,https://sortiment.lidl.ch/de/catalog/category/view/s/kuchen-gebaeck/id/92/,Aprikosen Croissant,lidl.ch,3.99,https://sortiment.lidl.ch/media/catalog/product/cache/b4d8daca087e724c0fba4501ead491d0/6/0/6000212_Italiamo_PSXX.jpg,,,10 Stück,https://sortiment.lidl.ch/de/catalog/product/view/id/11965/s/aprikosen-croissant-6000212/category/92/
Kuchen & Gebäck,https://sortiment.lidl.ch/de/catalog/category/view/s/kuchen-gebaeck/id/92/,Schoko Brötchen,lidl.ch,2.49,https://sortiment.lidl.ch/media/catalog/product/cache/b4d8daca087e724c0fba4501ead491d0/1/2/124646_PSXX.jpg,,,8 Stück,https://sortiment.lidl.ch/de/catalog/product/view/id/11963/s/schoko-broetchen-0124646/category/92/
Kuchen & Gebäck,https://sortiment.lidl.ch/de/catalog/category/view/s/kuchen-gebaeck/id/92/,Brioche-Brötchen,lidl.ch,2.99,https://sortiment.lidl.ch/media/catalog/product/cache/b4d8daca087e724c0fba4501ead491d0/1/0/108883_PSXX.jpg,,,"mit Milch & Schokolade,  8 Stück",https://sortiment.lidl.ch/de/catalog/product/view/id/11962/s/brioche-broetchen-0108883/category/92/
Kuchen & Gebäck,https://sortiment.lidl.ch/de/catalog/category/view/s/kuchen-gebaeck/id/92/,Butter Croissants,lidl.ch,1.65,https://sortiment.lidl.ch/media/catalog/product/cache/b4d8daca087e724c0fba4501ead491d0/2/2/22694_PSXX.jpg,,,4 Stück,https://sortiment.lidl.ch/de/catalog/product/view/id/11959/s/butter-croissants-0022694/category/92/
"Zucker, Salz & Mehl",https://sortiment.lidl.ch/de/brot-backwaren/zucker-salz-mehl,Aarberg Feinkristallzucker IP Suisse,lidl.ch,1.79,https://sortiment.lidl.ch/media/catalog/product/cache/b4d8daca087e724c0fba4501ead491d0/5/1/5113837_ArbergFeinkristallZucker_PSXX.jpg,,,,https://sortiment.lidl.ch/de/catalog/product/view/id/20644/s/aarberg-feinkristallzucker-ip-suisse-5113837/category/94/
"Zucker, Salz & Mehl",https://sortiment.lidl.ch/de/brot-backwaren/zucker-salz-mehl,Vollkornmehl,lidl.ch,1.99,https://sortiment.lidl.ch/media/catalog/product/cache/b4d8daca087e724c0fba4501ead491d0/4/8/48264_Vollkornmehl_PSXX.jpg,,,,https://sortiment.lidl.ch/de/catalog/product/view/id/20323/s/vollkornmehl-0048264/category/94/
"Zucker, Salz & Mehl",https://sortiment.lidl.ch/de/brot-backwaren/zucker-salz-mehl,Jurasel Meersalz iodiert,lidl.ch,2.49,https://sortiment.lidl.ch/media/catalog/product/cache/b4d8daca087e724c0fba4501ead491d0/5/1/5113730_Meersalz_idiotiert_PSXX.jpg,,,grobkörnig,https://sortiment.lidl.ch/de/catalog/product/view/id/20068/s/jurasel-meersalz-iodiert-5113730/category/94/
"Zucker, Salz & Mehl",https://sortiment.lidl.ch/de/brot-backwaren/zucker-salz-mehl,Bio Weizenmehl,lidl.ch,2.79,https://sortiment.lidl.ch/media/catalog/product/cache/b4d8daca087e724c0fba4501ead491d0/1/4/141335_Ruch_PSXX.jpg,https://sortiment.lidl.ch/media/catalog/product/cache/b4d8daca087e724c0fba4501ead491d0/1/4/141335_Vollkorn_PSXX.jpg,https://sortiment.lidl.ch/media/catalog/product/cache/b4d8daca087e724c0fba4501ead491d0/1/4/141335_Weiss_PSXX.jpg,"Weiss-, Ruch-, Vollkornmehl",https://sortiment.lidl.ch/de/catalog/product/view/id/19457/s/bio-weizenmehl-0141335/category/94/
"Zucker, Salz & Mehl",https://sortiment.lidl.ch/de/brot-backwaren/zucker-salz-mehl,Ticinese Weissmehl,lidl.ch,1.99,https://sortiment.lidl.ch/media/catalog/product/cache/b4d8daca087e724c0fba4501ead491d0/5/1/5111923_PSXX.jpg,,,,https://sortiment.lidl.ch/de/catalog/product/view/id/17741/s/ticinese-weissmehl-5111923/category/94/
"Zucker, Salz & Mehl",https://sortiment.lidl.ch/de/brot-backwaren/zucker-salz-mehl,Pizzamehl,lidl.ch,1.99,https://sortiment.lidl.ch/media/catalog/product/cache/b4d8daca087e724c0fba4501ead491d0/6/0/6013782_PSXX.jpg,,,Typ '0',https://sortiment.lidl.ch/de/catalog/product/view/id/16781/s/pizzamehl-6013782/category/94/
"Zucker, Salz & Mehl",https://sortiment.lidl.ch/de/brot-backwaren/zucker-salz-mehl,Aarberg Gelierzucker 2:1,lidl.ch,1.99,https://sortiment.lidl.ch/media/catalog/product/cache/b4d8daca087e724c0fba4501ead491d0/5/1/5111901_PSXX.jpg,,,,https://sortiment.lidl.ch/de/catalog/product/view/id/16353/s/aarberg-gelierzucker-2-1-5111901/category/94/
"Zucker, Salz & Mehl",https://sortiment.lidl.ch/de/brot-backwaren/zucker-salz-mehl,Zuckermühle Rupperswil Rohzucker aus Zuckerrohr,lidl.ch,2.29,https://sortiment.lidl.ch/media/catalog/product/cache/b4d8daca087e724c0fba4501ead491d0/5/1/5111904_PSXX.jpg,,,,https://sortiment.lidl.ch/de/catalog/product/view/id/16151/s/zuckermuehle-rupperswil-rohzucker-aus-zuckerrohr-5111904/category/94/
"Zucker, Salz & Mehl",https://sortiment.lidl.ch/de/brot-backwaren/zucker-salz-mehl,IPS Zuckersticks,lidl.ch,2.39,https://sortiment.lidl.ch/media/catalog/product/cache/b4d8daca087e724c0fba4501ead491d0/5/1/5111019_PSXX.jpg,,,,https://sortiment.lidl.ch/de/catalog/product/view/id/15712/s/ips-zuckersticks-5111019/category/94/
"Zucker, Salz & Mehl",https://sortiment.lidl.ch/de/brot-backwaren/zucker-salz-mehl,Bio Dinkelmehl,lidl.ch,3.29,https://sortiment.lidl.ch/media/catalog/product/cache/b4d8daca087e724c0fba4501ead491d0/1/2/124364_Ruchmehl_PSXX.jpg,https://sortiment.lidl.ch/media/catalog/product/cache/b4d8daca087e724c0fba4501ead491d0/1/2/124364_Vollkorn_PSXX.jpg,https://sortiment.lidl.ch/media/catalog/product/cache/b4d8daca087e724c0fba4501ead491d0/1/2/124364_Weissmehl_PSXX.jpg,diverse Sorten,https://sortiment.lidl.ch/de/catalog/product/view/id/15525/s/bio-dinkelmehl-0124364/category/94/
"Zucker, Salz & Mehl",https://sortiment.lidl.ch/de/brot-backwaren/zucker-salz-mehl,Feinkristallzucker,lidl.ch,1.49,https://sortiment.lidl.ch/media/catalog/product/cache/b4d8daca087e724c0fba4501ead491d0/1/2/1269_Feinkristal_Zucker_PSXX.jpg,,,,https://sortiment.lidl.ch/de/catalog/product/view/id/12448/s/feinkristallzucker-0001269/category/94/
"Zucker, Salz & Mehl",https://sortiment.lidl.ch/de/brot-backwaren/zucker-salz-mehl,Terra Natura Weissmehl,lidl.ch,1.89,https://sortiment.lidl.ch/media/catalog/product/cache/b4d8daca087e724c0fba4501ead491d0/5/1/5103068_PSXX_3.jpg,,,,https://sortiment.lidl.ch/de/catalog/product/view/id/12446/s/terra-natura-weissmehl-5103068/category/94/
"Zucker, Salz & Mehl",https://sortiment.lidl.ch/de/brot-backwaren/zucker-salz-mehl,Terra Natura Ruchmehl,lidl.ch,1.49,https://sortiment.lidl.ch/media/catalog/product/cache/b4d8daca087e724c0fba4501ead491d0/1/3/1342_PSXX.jpg,,,,https://sortiment.lidl.ch/de/catalog/product/view/id/12445/s/terra-natura-ruchmehl-0001342/category/94/
"Zucker, Salz & Mehl",https://sortiment.lidl.ch/de/brot-backwaren/zucker-salz-mehl,Terra Natura Zopfmehl,lidl.ch,1.99,https://sortiment.lidl.ch/media/catalog/product/cache/b4d8daca087e724c0fba4501ead491d0/1/3/1341_PSXX.jpg,,,,https://sortiment.lidl.ch/de/catalog/product/view/id/12444/s/terra-natura-zopfmehl-0001341/category/94/
"Zucker, Salz & Mehl",https://sortiment.lidl.ch/de/brot-backwaren/zucker-salz-mehl,Weissmehl revitaminisiert,lidl.ch,1.29,https://sortiment.lidl.ch/media/catalog/product/cache/b4d8daca087e724c0fba4501ead491d0/1/3/1340_QS_Weissmehl_revitaminisiert_PSXX.jpg,,,,https://sortiment.lidl.ch/de/catalog/product/view/id/12443/s/weissmehl-revitaminisiert-0001340/category/94/
"Zucker, Salz & Mehl",https://sortiment.lidl.ch/de/brot-backwaren/zucker-salz-mehl,Weissmehl,lidl.ch,0.99,https://sortiment.lidl.ch/media/catalog/product/cache/b4d8daca087e724c0fba4501ead491d0/1/3/1339_QS_Weissmehl_PSXX.jpg,,,,https://sortiment.lidl.ch/de/catalog/product/view/id/12442/s/weissmehl-0001339/category/94/
"Zucker, Salz & Mehl",https://sortiment.lidl.ch/de/brot-backwaren/zucker-salz-mehl,Puderzucker,lidl.ch,1.49,https://sortiment.lidl.ch/media/catalog/product/cache/b4d8daca087e724c0fba4501ead491d0/1/2/1271_PSXX.jpg,,,,https://sortiment.lidl.ch/de/catalog/product/view/id/12440/s/puderzucker-0001271/category/94/
"Zucker, Salz & Mehl",https://sortiment.lidl.ch/de/brot-backwaren/zucker-salz-mehl,IPS Würfelzucker,lidl.ch,1.95,https://sortiment.lidl.ch/media/catalog/product/cache/b4d8daca087e724c0fba4501ead491d0/1/2/1270_PSXX.jpg,,,,https://sortiment.lidl.ch/de/catalog/product/view/id/12439/s/ips-wuerfelzucker-0001270/category/94/
"Zucker, Salz & Mehl",https://sortiment.lidl.ch/de/brot-backwaren/zucker-salz-mehl,JuraSel Salz,lidl.ch,1.05,https://sortiment.lidl.ch/media/catalog/product/cache/b4d8daca087e724c0fba4501ead491d0/1/0/1037_PSXX.jpg,,,mit Jod und Fluor,https://sortiment.lidl.ch/de/catalog/product/view/id/12438/s/jurasel-salz-0001037/category/94/
Backzutaten,https://sortiment.lidl.ch/de/brot-backwaren/backzutaten,Schokoladen-Späne,lidl.ch,1.85,https://sortiment.lidl.ch/media/catalog/product/cache/b4d8daca087e724c0fba4501ead491d0/1/3/138288_SchokoladenSpaeneDunkleSchokolade_PSXX.jpg,https://sortiment.lidl.ch/media/catalog/product/cache/b4d8daca087e724c0fba4501ead491d0/1/3/138288_SchokoladenSpaeneMilchschokolade_PSXX.jpg,,Vollmilch / Zartbitter,https://sortiment.lidl.ch/de/catalog/product/view/id/20814/s/schokoladen-spaene-0138288/category/95/
Backzutaten,https://sortiment.lidl.ch/de/brot-backwaren/backzutaten,Hart-/ Weichweizengreiss,lidl.ch,0.99,https://sortiment.lidl.ch/media/catalog/product/cache/b4d8daca087e724c0fba4501ead491d0/3/6/36057_Hartweizengriess_PSXX.jpg,https://sortiment.lidl.ch/media/catalog/product/cache/b4d8daca087e724c0fba4501ead491d0/3/6/36057_Weichweizengriess_PSXX.jpg,,,https://sortiment.lidl.ch/de/catalog/product/view/id/20608/s/hart-weichweizengreiss-0036057/category/95/
Backzutaten,https://sortiment.lidl.ch/de/brot-backwaren/backzutaten,Natron,lidl.ch,1.49,,,,,https://sortiment.lidl.ch/de/catalog/product/view/id/20336/s/natron-6001328/category/95/
Backzutaten,https://sortiment.lidl.ch/de/brot-backwaren/backzutaten,Kuchenglasur Dunkel,lidl.ch,1.59,https://sortiment.lidl.ch/media/catalog/product/cache/b4d8daca087e724c0fba4501ead491d0/2/0/207250_Kuchenglasur_dunkel_PSXX.jpg,,,,https://sortiment.lidl.ch/de/catalog/product/view/id/20324/s/kuchenglasur-dunkel-0207250/category/95/
Backzutaten,https://sortiment.lidl.ch/de/brot-backwaren/backzutaten,Schnellpolenta,lidl.ch,1.45,,,,Maisgriess,https://sortiment.lidl.ch/de/catalog/product/view/id/19125/s/schnellpolenta-6015325/category/95/
Backzutaten,https://sortiment.lidl.ch/de/brot-backwaren/backzutaten,Kuchenbackmischung Zitrone/Schokolade,lidl.ch,1.45,https://sortiment.lidl.ch/media/catalog/product/cache/b4d8daca087e724c0fba4501ead491d0/1/7/174518_Schoko_PSXX.jpg,https://sortiment.lidl.ch/media/catalog/product/cache/b4d8daca087e724c0fba4501ead491d0/1/7/174518_Zitrone_PSXX.jpg,,,https://sortiment.lidl.ch/de/catalog/product/view/id/19088/s/kuchenbackmischung-zitrone-schokolade-0174518/category/95/
Backzutaten,https://sortiment.lidl.ch/de/brot-backwaren/backzutaten,Backmischung Brownie / Marmor,lidl.ch,1.49,https://sortiment.lidl.ch/media/catalog/product/cache/b4d8daca087e724c0fba4501ead491d0/2/2/225124_BackmischungBrownies_PSXX.jpg,https://sortiment.lidl.ch/media/catalog/product/cache/b4d8daca087e724c0fba4501ead491d0/2/2/225124_Marmor_PSXX.jpg,,,https://sortiment.lidl.ch/de/catalog/product/view/id/19053/s/backmischung-brownie-marmor-0225124/category/95/
Backzutaten,https://sortiment.lidl.ch/de/brot-backwaren/backzutaten,High Protein Pudding,lidl.ch,0.99,https://sortiment.lidl.ch/media/catalog/product/cache/b4d8daca087e724c0fba4501ead491d0/1/8/183676_PSXX.jpg,,,Vanille,https://sortiment.lidl.ch/de/catalog/product/view/id/19047/s/high-protein-pudding-0183676/category/95/
Backzutaten,https://sortiment.lidl.ch/de/brot-backwaren/backzutaten,Tessiner Vollkornpolenta (Aktion nur in der Westschweiz und im Tessin gültig),lidl.ch,5.99,https://sortiment.lidl.ch/media/catalog/product/cache/b4d8daca087e724c0fba4501ead491d0/5/1/5112579_KaF_PORT.jpg,https://sortiment.lidl.ch/media/catalog/product/cache/b4d8daca087e724c0fba4501ead491d0/5/1/5112579_rot_KaF_PSXX.jpg,https://sortiment.lidl.ch/media/catalog/product/cache/b4d8daca087e724c0fba4501ead491d0/5/1/5112579_schwarz_KaF_PSXX.jpg,"Rot, schwarz",https://sortiment.lidl.ch/de/catalog/product/view/id/16608/s/tessiner-vollkornpolenta-5112579/category/95/
Backzutaten,https://sortiment.lidl.ch/de/brot-backwaren/backzutaten,Schokoladenchunks,lidl.ch,1.99,https://sortiment.lidl.ch/media/catalog/product/cache/b4d8daca087e724c0fba4501ead491d0/1/3/138290_Dark_PSXX.jpg,https://sortiment.lidl.ch/media/catalog/product/cache/b4d8daca087e724c0fba4501ead491d0/1/3/138290_Milk_PSXX.jpg,,Dunkle Schokolade / Milchschokolade,https://sortiment.lidl.ch/de/catalog/product/view/id/16350/s/schokoladenchunks-0138290/category/95/
Backzutaten,https://sortiment.lidl.ch/de/brot-backwaren/backzutaten,Dr. Oetker Backzutaten,lidl.ch,1.99,https://sortiment.lidl.ch/media/catalog/product/cache/b4d8daca087e724c0fba4501ead491d0/1/9/196386_Backin_PSXX.jpg,https://sortiment.lidl.ch/media/catalog/product/cache/b4d8daca087e724c0fba4501ead491d0/1/9/196386_BourbonVanille_PSXX.jpg,https://sortiment.lidl.ch/media/catalog/product/cache/b4d8daca087e724c0fba4501ead491d0/1/9/196386_Hefe_PSXX.jpg,diverse Sorten,https://sortiment.lidl.ch/de/catalog/product/view/id/16017/s/dr-oetker-backzutaten-0196386/category/95/
Backzutaten,https://sortiment.lidl.ch/de/brot-backwaren/backzutaten,Dr. Oetker Dessert,lidl.ch,1.95,https://sortiment.lidl.ch/media/catalog/product/cache/b4d8daca087e724c0fba4501ead491d0/1/8/189068_PuddingSahne_PSXX.jpg,https://sortiment.lidl.ch/media/catalog/product/cache/b4d8daca087e724c0fba4501ead491d0/1/8/189068_PuddingSchoko_PSXX.jpg,https://sortiment.lidl.ch/media/catalog/product/cache/b4d8daca087e724c0fba4501ead491d0/1/8/189068_PuddingVanille_PSXX.jpg,diverse Sorten,https://sortiment.lidl.ch/de/catalog/product/view/id/15992/s/dr-oetker-dessert-0189068/category/95/
Backzutaten,https://sortiment.lidl.ch/de/brot-backwaren/backzutaten,Kakaopulver,lidl.ch,3.99,https://sortiment.lidl.ch/media/catalog/product/cache/b4d8daca087e724c0fba4501ead491d0/1/5/157734_PSXX.jpg,,,,https://sortiment.lidl.ch/de/catalog/product/view/id/15409/s/kakaopulver-0157734/category/95/
Backzutaten,https://sortiment.lidl.ch/de/brot-backwaren/backzutaten,Croûtons,lidl.ch,1.55,https://sortiment.lidl.ch/media/catalog/product/cache/b4d8daca087e724c0fba4501ead491d0/2/2/22485_Kraeuter_PSXX.jpg,https://sortiment.lidl.ch/media/catalog/product/cache/b4d8daca087e724c0fba4501ead491d0/2/2/22485_Zwiebel_Knoblauch_PSXX.jpg,https://sortiment.lidl.ch/media/catalog/product/cache/b4d8daca087e724c0fba4501ead491d0/2/2/22485_ungewuerzt_PSXX.jpg,diverse Sorten,https://sortiment.lidl.ch/de/catalog/product/view/id/14823/s/croutons-0022485/category/95/
Backzutaten,https://sortiment.lidl.ch/de/brot-backwaren/backzutaten,Schlagrahmfestiger,lidl.ch,0.45,https://sortiment.lidl.ch/media/catalog/product/cache/b4d8daca087e724c0fba4501ead491d0/6/4/64975_PSXX_1.jpg,,,,https://sortiment.lidl.ch/de/catalog/product/view/id/14426/s/schlagrahmfestiger-0064975/category/95/
Backzutaten,https://sortiment.lidl.ch/de/brot-backwaren/backzutaten,Blattgelatine,lidl.ch,1.29,https://sortiment.lidl.ch/media/catalog/product/cache/b4d8daca087e724c0fba4501ead491d0/4/8/48330_PSXX_1.jpg,,,,https://sortiment.lidl.ch/de/catalog/product/view/id/14425/s/blattgelatine-0048330/category/95/
Backzutaten,https://sortiment.lidl.ch/de/brot-backwaren/backzutaten,Pancake Mix,lidl.ch,1.69,https://sortiment.lidl.ch/media/catalog/product/cache/b4d8daca087e724c0fba4501ead491d0/1/2/12968_Pancake_Mix_PSXX.jpg,,,,https://sortiment.lidl.ch/de/catalog/product/view/id/14422/s/pancake-mix-0012968/category/95/
Backzutaten,https://sortiment.lidl.ch/de/brot-backwaren/backzutaten,Paniermehl,lidl.ch,1.99,https://sortiment.lidl.ch/media/catalog/product/cache/b4d8daca087e724c0fba4501ead491d0/2/7/27469_PSXX_1.jpg,,,,https://sortiment.lidl.ch/de/catalog/product/view/id/13888/s/paniermehl-0027469/category/95/
Backzutaten,https://sortiment.lidl.ch/de/brot-backwaren/backzutaten,Vanillin-Zucker,lidl.ch,0.45,https://sortiment.lidl.ch/media/catalog/product/cache/b4d8daca087e724c0fba4501ead491d0/2/1/21818_PSXX.jpg,,,,https://sortiment.lidl.ch/de/catalog/product/view/id/12460/s/vanillin-zucker-0021818/category/95/
Backzutaten,https://sortiment.lidl.ch/de/brot-backwaren/backzutaten,Süssstoff-Tabletten,lidl.ch,1.99,https://sortiment.lidl.ch/media/catalog/product/cache/b4d8daca087e724c0fba4501ead491d0/1/3/139500_PSXX.jpg,,,,https://sortiment.lidl.ch/de/catalog/product/view/id/12455/s/suessstoff-tabletten-0139500/category/95/
Backzutaten,https://sortiment.lidl.ch/de/brot-backwaren/backzutaten,Trockenhefe,lidl.ch,0.75,https://sortiment.lidl.ch/media/catalog/product/cache/b4d8daca087e724c0fba4501ead491d0/7/0/70432_PSXX.jpg,,,,https://sortiment.lidl.ch/de/catalog/product/view/id/12454/s/trockenhefe-0070432/category/95/
Backzutaten,https://sortiment.lidl.ch/de/brot-backwaren/backzutaten,Backpulver,lidl.ch,0.49,https://sortiment.lidl.ch/media/catalog/product/cache/b4d8daca087e724c0fba4501ead491d0/2/1/21817_PSXX.jpg,,,,https://sortiment.lidl.ch/de/catalog/product/view/id/12452/s/backpulver-0021817/category/95/
Backzutaten,https://sortiment.lidl.ch/de/brot-backwaren/backzutaten,Maizena Maisstärke,lidl.ch,2.19,https://sortiment.lidl.ch/media/catalog/product/cache/b4d8daca087e724c0fba4501ead491d0/1/4/1469_PSXX.jpg,,,,https://sortiment.lidl.ch/de/catalog/product/view/id/12449/s/maizena-maisstaerke-0001469/category/95/
Brotaufstriche & Honig,https://sortiment.lidl.ch/de/muesli-brotaufstrich/brotaufstriche-honig,Marmelade / Konfitüre,lidl.ch,1.69,https://sortiment.lidl.ch/media/catalog/product/cache/b4d8daca087e724c0fba4501ead491d0/1/0/1012549_ErdbeerHimbeerMarmelade_PSXX.jpg,https://sortiment.lidl.ch/media/catalog/product/cache/b4d8daca087e724c0fba4501ead491d0/1/0/1012549_OrangenMarmeladde_PSXX.jpg,,diverse Sorten,https://sortiment.lidl.ch/de/catalog/product/view/id/21009/s/marmelade-konfituere-1012549/category/144/
Brotaufstriche & Honig,https://sortiment.lidl.ch/de/muesli-brotaufstrich/brotaufstriche-honig,Fruchtaufstrich 75% Frucht,lidl.ch,1.21,https://sortiment.lidl.ch/media/catalog/product/cache/b4d8daca087e724c0fba4501ead491d0/2/0/206639_FruchtaufstrichAprikose_PSXX.jpg,https://sortiment.lidl.ch/media/catalog/product/cache/b4d8daca087e724c0fba4501ead491d0/2/0/206639_FruchtaufstrichErdbeere_PSXX.jpg,https://sortiment.lidl.ch/media/catalog/product/cache/b4d8daca087e724c0fba4501ead491d0/2/0/206639_FruchtaufstrichHimbeere_PSXX.jpg,"Erdbeere, Himbeere, Aprikose",https://sortiment.lidl.ch/de/catalog/product/view/id/20883/s/fruchtaufstrich-75-frucht-0206639/category/144/
Brotaufstriche & Honig,https://sortiment.lidl.ch/de/muesli-brotaufstrich/brotaufstriche-honig,Haselnuss-Kakao Aufstrich,lidl.ch,3.29,https://sortiment.lidl.ch/media/catalog/product/cache/b4d8daca087e724c0fba4501ead491d0/2/2/228011_PSXX.jpg,,,Plant-Based,https://sortiment.lidl.ch/de/catalog/product/view/id/20646/s/haselnuss-kakao-aufstrich-0228011/category/144/
Brotaufstriche & Honig,https://sortiment.lidl.ch/de/muesli-brotaufstrich/brotaufstriche-honig,Fairtrade Blütenhonig cremig,lidl.ch,4.99,https://sortiment.lidl.ch/media/catalog/product/cache/b4d8daca087e724c0fba4501ead491d0/2/2/225162_PSXX.jpg,,,,https://sortiment.lidl.ch/de/catalog/product/view/id/20645/s/fairtrade-bluetenhonig-cremig-0225162/category/144/
Brotaufstriche & Honig,https://sortiment.lidl.ch/de/muesli-brotaufstrich/brotaufstriche-honig,Manukahonig,lidl.ch,19.99,,,,MGO 400+,https://sortiment.lidl.ch/de/catalog/product/view/id/20337/s/manukahonig-0228728/category/144/
Brotaufstriche & Honig,https://sortiment.lidl.ch/de/muesli-brotaufstrich/brotaufstriche-honig,Choco Duo Creme,lidl.ch,3.35,https://sortiment.lidl.ch/media/catalog/product/cache/b4d8daca087e724c0fba4501ead491d0/2/2/22856_Choco_Duo_Creme_PSXX.jpg,,,,https://sortiment.lidl.ch/de/catalog/product/view/id/20304/s/choco-duo-creme-0022856/category/144/
Brotaufstriche & Honig,https://sortiment.lidl.ch/de/muesli-brotaufstrich/brotaufstriche-honig,Pistaziencreme mit Schokolade,lidl.ch,4.99,https://sortiment.lidl.ch/media/catalog/product/cache/b4d8daca087e724c0fba4501ead491d0/2/1/213033_Pistaziencreme_mit_Schokolade_PSXX.jpg,,,"weiss, dunkel",https://sortiment.lidl.ch/de/catalog/product/view/id/20070/s/pistaziencreme-mit-schokolade-0213033/category/144/
Brotaufstriche & Honig,https://sortiment.lidl.ch/de/muesli-brotaufstrich/brotaufstriche-honig,Erdnussbutter,lidl.ch,2.99,https://sortiment.lidl.ch/media/catalog/product/cache/b4d8daca087e724c0fba4501ead491d0/1/6/161598_Peanut_Pumpkin_PSXX.jpg,https://sortiment.lidl.ch/media/catalog/product/cache/b4d8daca087e724c0fba4501ead491d0/1/6/161598_Peanut_Schoko_PSXX.jpg,,Kürbis / Schokolade,https://sortiment.lidl.ch/de/catalog/product/view/id/19706/s/erdnussbutter-0161598/category/144/
Brotaufstriche & Honig,https://sortiment.lidl.ch/de/muesli-brotaufstrich/brotaufstriche-honig,Honig-Spezialitäten,lidl.ch,4.49,https://sortiment.lidl.ch/media/catalog/product/cache/b4d8daca087e724c0fba4501ead491d0/1/2/122116_01_PSXX.jpg,https://sortiment.lidl.ch/media/catalog/product/cache/b4d8daca087e724c0fba4501ead491d0/1/2/122116_02_PSXX.jpg,https://sortiment.lidl.ch/media/catalog/product/cache/b4d8daca087e724c0fba4501ead491d0/1/2/122116_03_PSXX.jpg,diverse Sorten,https://sortiment.lidl.ch/de/catalog/product/view/id/19654/s/honig-spezialitaeten-0122116/category/144/
Brotaufstriche & Honig,https://sortiment.lidl.ch/de/muesli-brotaufstrich/brotaufstriche-honig,Heidelbeere / Waldfrucht,lidl.ch,1.95,https://sortiment.lidl.ch/media/catalog/product/cache/b4d8daca087e724c0fba4501ead491d0/2/2/224394_Heidelbeere_PSXX.jpg,https://sortiment.lidl.ch/media/catalog/product/cache/b4d8daca087e724c0fba4501ead491d0/2/2/224394_Waldfrucht_PSXX.jpg,,Konfitüre extra,https://sortiment.lidl.ch/de/catalog/product/view/id/19462/s/heidelbeere-waldfrucht-0224394/category/144/
Brotaufstriche & Honig,https://sortiment.lidl.ch/de/muesli-brotaufstrich/brotaufstriche-honig,Nuss-Nougat-Creme,lidl.ch,3.45,https://sortiment.lidl.ch/media/catalog/product/cache/b4d8daca087e724c0fba4501ead491d0/6/0/6003961_PSXX.jpg,,,,https://sortiment.lidl.ch/de/catalog/product/view/id/19291/s/nuss-nougat-creme-6003961/category/144/
Brotaufstriche & Honig,https://sortiment.lidl.ch/de/muesli-brotaufstrich/brotaufstriche-honig,Bio Agavendicksaft,lidl.ch,1.79,https://sortiment.lidl.ch/media/catalog/product/cache/b4d8daca087e724c0fba4501ead491d0/2/2/225353_PSXX.jpg,,,,https://sortiment.lidl.ch/de/catalog/product/view/id/19286/s/bio-agavendicksaft-0225353/category/144/
Brotaufstriche & Honig,https://sortiment.lidl.ch/de/muesli-brotaufstrich/brotaufstriche-honig,Fruchtaufstrich Intense,lidl.ch,3.29,https://sortiment.lidl.ch/media/catalog/product/cache/b4d8daca087e724c0fba4501ead491d0/2/1/214377_01_PSXX.jpg,https://sortiment.lidl.ch/media/catalog/product/cache/b4d8daca087e724c0fba4501ead491d0/2/1/214377_02_PSXX.jpg,https://sortiment.lidl.ch/media/catalog/product/cache/b4d8daca087e724c0fba4501ead491d0/2/1/214377_03_PSXX.jpg,diverse Sorten,https://sortiment.lidl.ch/de/catalog/product/view/id/19049/s/fruchtaufstrich-intense-0214377/category/144/
Brotaufstriche & Honig,https://sortiment.lidl.ch/de/muesli-brotaufstrich/brotaufstriche-honig,Bio Konfitüre,lidl.ch,1.26,https://sortiment.lidl.ch/media/catalog/product/cache/b4d8daca087e724c0fba4501ead491d0/2/2/223332_Aprikose_PSXX.jpg,https://sortiment.lidl.ch/media/catalog/product/cache/b4d8daca087e724c0fba4501ead491d0/2/2/223332_Erdbeere_PSXX.jpg,https://sortiment.lidl.ch/media/catalog/product/cache/b4d8daca087e724c0fba4501ead491d0/2/2/223332_Himbeere_PSXX.jpg,diverse Sorten,https://sortiment.lidl.ch/de/catalog/product/view/id/18822/s/bio-konfituere-0223332/category/144/
Brotaufstriche & Honig,https://sortiment.lidl.ch/de/muesli-brotaufstrich/brotaufstriche-honig,Pistaziencreme 45%,lidl.ch,4.99,https://sortiment.lidl.ch/media/catalog/product/cache/b4d8daca087e724c0fba4501ead491d0/6/0/6013376_PSXX.jpg,,,,https://sortiment.lidl.ch/de/catalog/product/view/id/18819/s/pistaziencreme-45--6013376/category/144/
Brotaufstriche & Honig,https://sortiment.lidl.ch/de/muesli-brotaufstrich/brotaufstriche-honig,Protein Aufstrich,lidl.ch,5.89,https://sortiment.lidl.ch/media/catalog/product/cache/b4d8daca087e724c0fba4501ead491d0/1/9/196240_Almond_PSXX.jpg,https://sortiment.lidl.ch/media/catalog/product/cache/b4d8daca087e724c0fba4501ead491d0/1/9/196240_HazelnutCocoa_PSXX.jpg,https://sortiment.lidl.ch/media/catalog/product/cache/b4d8daca087e724c0fba4501ead491d0/1/9/196240_Peanut_PSXX.jpg,Haselnuss / Mandel / Erdnuss,https://sortiment.lidl.ch/de/catalog/product/view/id/18279/s/protein-aufstrich-0196240/category/144/
Brotaufstriche & Honig,https://sortiment.lidl.ch/de/muesli-brotaufstrich/brotaufstriche-honig,Bio Mandelmus,lidl.ch,5.69,https://sortiment.lidl.ch/media/catalog/product/cache/b4d8daca087e724c0fba4501ead491d0/1/7/178020_Braun_PSXX.jpg,https://sortiment.lidl.ch/media/catalog/product/cache/b4d8daca087e724c0fba4501ead491d0/1/7/178020_Weiss_PSXX.jpg,,weiss / braun,https://sortiment.lidl.ch/de/catalog/product/view/id/17950/s/bio-mandelmus-0178020/category/144/
Brotaufstriche & Honig,https://sortiment.lidl.ch/de/muesli-brotaufstrich/brotaufstriche-honig,Gelee,lidl.ch,1.79,https://sortiment.lidl.ch/media/catalog/product/cache/b4d8daca087e724c0fba4501ead491d0/2/1/214156_GeleeBeeren_PSXX.jpg,https://sortiment.lidl.ch/media/catalog/product/cache/b4d8daca087e724c0fba4501ead491d0/2/1/214156_GeleeQuitten_PSXX.jpg,,Rote Johannisbeere / Quitte,https://sortiment.lidl.ch/de/catalog/product/view/id/17873/s/gelee-0214156/category/144/
Brotaufstriche & Honig,https://sortiment.lidl.ch/de/muesli-brotaufstrich/brotaufstriche-honig,Die Feine Fruchtaufstrich,lidl.ch,2.99,https://sortiment.lidl.ch/media/catalog/product/cache/b4d8daca087e724c0fba4501ead491d0/5/5/55459_DieFeineAprikose_PSXX.jpg,https://sortiment.lidl.ch/media/catalog/product/cache/b4d8daca087e724c0fba4501ead491d0/5/5/55459_DieFeineErdbeere_PSXX.jpg,https://sortiment.lidl.ch/media/catalog/product/cache/b4d8daca087e724c0fba4501ead491d0/5/5/55459_Himbeere_PSXX.jpg,diverse Sorten,https://sortiment.lidl.ch/de/catalog/product/view/id/17734/s/die-feine-fruchtaufstrich-0055459/category/144/
Brotaufstriche & Honig,https://sortiment.lidl.ch/de/muesli-brotaufstrich/brotaufstriche-honig,Ahornsirup,lidl.ch,3.29,https://sortiment.lidl.ch/media/catalog/product/cache/b4d8daca087e724c0fba4501ead491d0/1/0/106210_PSXX.jpg,,,,https://sortiment.lidl.ch/de/catalog/product/view/id/17305/s/ahornsirup-0106210/category/144/
Brotaufstriche & Honig,https://sortiment.lidl.ch/de/muesli-brotaufstrich/brotaufstriche-honig,Erdbeer-Konfitüre,lidl.ch,1.19,https://sortiment.lidl.ch/media/catalog/product/cache/b4d8daca087e724c0fba4501ead491d0/2/0/200205_PSXX.jpg,,,,https://sortiment.lidl.ch/de/catalog/product/view/id/16469/s/erdbeer-konfituere-0200205/category/144/
Brotaufstriche & Honig,https://sortiment.lidl.ch/de/muesli-brotaufstrich/brotaufstriche-honig,Aprikosen-Konfitüre,lidl.ch,1.49,https://sortiment.lidl.ch/media/catalog/product/cache/b4d8daca087e724c0fba4501ead491d0/2/0/200204_PSXX.jpg,,,,https://sortiment.lidl.ch/de/catalog/product/view/id/16316/s/aprikosen-konfituere-0200204/category/144/
Brotaufstriche & Honig,https://sortiment.lidl.ch/de/muesli-brotaufstrich/brotaufstriche-honig,Himbeer-Konfitüre,lidl.ch,1.95,https://sortiment.lidl.ch/media/catalog/product/cache/b4d8daca087e724c0fba4501ead491d0/2/0/200207_PSXX.jpg,,,,https://sortiment.lidl.ch/de/catalog/product/view/id/16311/s/himbeer-konfituere-0200207/category/144/
Brotaufstriche & Honig,https://sortiment.lidl.ch/de/muesli-brotaufstrich/brotaufstriche-honig,Bio Blütenhonig,lidl.ch,2.75,https://sortiment.lidl.ch/media/catalog/product/cache/b4d8daca087e724c0fba4501ead491d0/1/6/163247_Cremig_PSXX.jpg,https://sortiment.lidl.ch/media/catalog/product/cache/b4d8daca087e724c0fba4501ead491d0/1/6/163247_Fluessig_PSXX.jpg,,cremig / flüssig,https://sortiment.lidl.ch/de/catalog/product/view/id/15771/s/bio-bluetenhonig-0163247/category/144/
Brotaufstriche & Honig,https://sortiment.lidl.ch/de/muesli-brotaufstrich/brotaufstriche-honig,Blütenhonig,lidl.ch,3.45,https://sortiment.lidl.ch/media/catalog/product/cache/b4d8daca087e724c0fba4501ead491d0/1/2/124377_cremig_PSXX.jpg,https://sortiment.lidl.ch/media/catalog/product/cache/b4d8daca087e724c0fba4501ead491d0/1/2/124377_goldklar_PSXX.jpg,,cremig / flüssig,https://sortiment.lidl.ch/de/catalog/product/view/id/15770/s/bluetenhonig-0124377/category/144/
Brotaufstriche & Honig,https://sortiment.lidl.ch/de/muesli-brotaufstrich/brotaufstriche-honig,Blütenhonig / Waldhonig,lidl.ch,2.99,https://sortiment.lidl.ch/media/catalog/product/cache/b4d8daca087e724c0fba4501ead491d0/2/7/27812_Bluetenhonig_PSXX.jpg,https://sortiment.lidl.ch/media/catalog/product/cache/b4d8daca087e724c0fba4501ead491d0/2/7/27812_Waldhonig_PSXX.jpg,,,https://sortiment.lidl.ch/de/catalog/product/view/id/15769/s/bluetenhonig-waldhonig-0027812/category/144/
Brotaufstriche & Honig,https://sortiment.lidl.ch/de/muesli-brotaufstrich/brotaufstriche-honig,Fruchtaufstrich light,lidl.ch,1.79,https://sortiment.lidl.ch/media/catalog/product/cache/b4d8daca087e724c0fba4501ead491d0/1/4/149672_Aprikose_PSXX.jpg,https://sortiment.lidl.ch/media/catalog/product/cache/b4d8daca087e724c0fba4501ead491d0/1/4/149672_Erdbeere_PSXX.jpg,https://sortiment.lidl.ch/media/catalog/product/cache/b4d8daca087e724c0fba4501ead491d0/1/4/149672_Himbeere_PSXX.jpg,"50% Frucht, diverse Sorten",https://sortiment.lidl.ch/de/catalog/product/view/id/15768/s/fruchtaufstrich-light-0149672/category/144/
Brotaufstriche & Honig,https://sortiment.lidl.ch/de/muesli-brotaufstrich/brotaufstriche-honig,Wander Ovomaltine Crunchy Cream,lidl.ch,4.89,https://sortiment.lidl.ch/media/catalog/product/cache/b4d8daca087e724c0fba4501ead491d0/5/1/5111291_PSXX.jpg,,,,https://sortiment.lidl.ch/de/catalog/product/view/id/15686/s/wander-ovomaltine-crunchy-cream-5111291/category/144/
Brotaufstriche & Honig,https://sortiment.lidl.ch/de/muesli-brotaufstrich/brotaufstriche-honig,Bio Ahornsirup,lidl.ch,4.49,https://sortiment.lidl.ch/media/catalog/product/cache/b4d8daca087e724c0fba4501ead491d0/1/1/119550_PSXX.jpg,,,,https://sortiment.lidl.ch/de/catalog/product/view/id/11273/s/bio-ahornsirup-0119550/category/144/
Brotaufstriche & Honig,https://sortiment.lidl.ch/de/muesli-brotaufstrich/brotaufstriche-honig,Ferrero Nutella,lidl.ch,5.19,https://sortiment.lidl.ch/media/catalog/product/cache/b4d8daca087e724c0fba4501ead491d0/3/3/3365_PSXX.jpg,,,,https://sortiment.lidl.ch/de/catalog/product/view/id/11270/s/ferrero-nutella-0003365/category/144/
Brotaufstriche & Honig,https://sortiment.lidl.ch/de/muesli-brotaufstrich/brotaufstriche-honig,Bio Blütenhonig,lidl.ch,4.95,https://sortiment.lidl.ch/media/catalog/product/cache/b4d8daca087e724c0fba4501ead491d0/5/2/52439_cremig_PSXX.jpg,https://sortiment.lidl.ch/media/catalog/product/cache/b4d8daca087e724c0fba4501ead491d0/5/2/52439_fluessig_PSXX.jpg,,cremig / flüssig,https://sortiment.lidl.ch/de/catalog/product/view/id/11267/s/bio-bluetenhonig-0052439/category/144/
Müesli,https://sortiment.lidl.ch/de/catalog/category/view/s/mueesli/id/145/,Granola Honey,lidl.ch,3.29,https://sortiment.lidl.ch/media/catalog/product/cache/b4d8daca087e724c0fba4501ead491d0/1/7/177144_GranolaHoney_PSXX.jpg,,,mit Honig,https://sortiment.lidl.ch/de/catalog/product/view/id/21269/s/granola-honey-0177144/category/145/
Müesli,https://sortiment.lidl.ch/de/catalog/category/view/s/mueesli/id/145/,High Protein Loops,lidl.ch,2.99,https://sortiment.lidl.ch/media/catalog/product/cache/b4d8daca087e724c0fba4501ead491d0/2/2/220377_HPLoopsHezalnut_PSXX.jpg,https://sortiment.lidl.ch/media/catalog/product/cache/b4d8daca087e724c0fba4501ead491d0/2/2/220377_HPLoopsVanilla_PSXX.jpg,,"Vanilla, Haselnuss",https://sortiment.lidl.ch/de/catalog/product/view/id/21098/s/high-protein-loops-0220377/category/145/
Müesli,https://sortiment.lidl.ch/de/catalog/category/view/s/mueesli/id/145/,Knuspermüesli,lidl.ch,3.59,https://sortiment.lidl.ch/media/catalog/product/cache/b4d8daca087e724c0fba4501ead491d0/1/0/1011118_Knuspermuesli_Apfel_Zimt_PSXX.jpg,https://sortiment.lidl.ch/media/catalog/product/cache/b4d8daca087e724c0fba4501ead491d0/1/0/1011118_Kuspermuesli_Waldfrucht_PSXX.jpg,,"Apfel-Zimt, Waldfrucht",https://sortiment.lidl.ch/de/catalog/product/view/id/20203/s/knuspermueesli-1011118/category/145/
Müesli,https://sortiment.lidl.ch/de/catalog/category/view/s/mueesli/id/145/,High Protein Granola,lidl.ch,2.29,https://sortiment.lidl.ch/media/catalog/product/cache/b4d8daca087e724c0fba4501ead491d0/5/5/5564169_01_PSXX.jpg,https://sortiment.lidl.ch/media/catalog/product/cache/b4d8daca087e724c0fba4501ead491d0/5/5/5564169_02_PSXX.jpg,,"Cocoa & Cherry, Almond & Cocoa",https://sortiment.lidl.ch/de/catalog/product/view/id/19916/s/high-protein-granola-5564169/category/145/
Müesli,https://sortiment.lidl.ch/de/catalog/category/view/s/mueesli/id/145/,Granola Super Nutty,lidl.ch,3.29,https://sortiment.lidl.ch/media/catalog/product/cache/b4d8daca087e724c0fba4501ead491d0/1/7/179533_PSXX.jpg,,,,https://sortiment.lidl.ch/de/catalog/product/view/id/18428/s/granola-super-nutty-0179533/category/145/
Müesli,https://sortiment.lidl.ch/de/catalog/category/view/s/mueesli/id/145/,Granola Super Berry,lidl.ch,3.29,https://sortiment.lidl.ch/media/catalog/product/cache/b4d8daca087e724c0fba4501ead491d0/1/7/179532_PSXX.jpg,,,,https://sortiment.lidl.ch/de/catalog/product/view/id/18427/s/granola-super-berry-0179532/category/145/
Müesli,https://sortiment.lidl.ch/de/catalog/category/view/s/mueesli/id/145/,Cornflakes,lidl.ch,1.35,https://sortiment.lidl.ch/media/catalog/product/cache/b4d8daca087e724c0fba4501ead491d0/3/8/38272_PSXX.jpg,,,,https://sortiment.lidl.ch/de/catalog/product/view/id/16310/s/cornflakes-0038272/category/145/
Müesli,https://sortiment.lidl.ch/de/catalog/category/view/s/mueesli/id/145/,Bio Haferflocken grob,lidl.ch,1.19,https://sortiment.lidl.ch/media/catalog/product/cache/b4d8daca087e724c0fba4501ead491d0/1/4/149970_PSXX.jpg,,,,https://sortiment.lidl.ch/de/catalog/product/view/id/16262/s/bio-haferflocken-grob-0149970/category/145/
Müesli,https://sortiment.lidl.ch/de/catalog/category/view/s/mueesli/id/145/,Haferflocken grob,lidl.ch,0.69,https://sortiment.lidl.ch/media/catalog/product/cache/b4d8daca087e724c0fba4501ead491d0/5/1/51958_PSXX.jpg,,,,https://sortiment.lidl.ch/de/catalog/product/view/id/16261/s/haferflocken-grob-0051958/category/145/
Müesli,https://sortiment.lidl.ch/de/catalog/category/view/s/mueesli/id/145/,Haferflocken zart,lidl.ch,0.69,https://sortiment.lidl.ch/media/catalog/product/cache/b4d8daca087e724c0fba4501ead491d0/1/9/19661_PSXX.jpg,,,,https://sortiment.lidl.ch/de/catalog/product/view/id/16260/s/haferflocken-zart-0019661/category/145/
Müesli,https://sortiment.lidl.ch/de/catalog/category/view/s/mueesli/id/145/,Crunchy Müesli Schoko-Hafer,lidl.ch,2.15,https://sortiment.lidl.ch/media/catalog/product/cache/b4d8daca087e724c0fba4501ead491d0/7/8/78149_PSXX.jpg,,,,https://sortiment.lidl.ch/de/catalog/product/view/id/16158/s/crunchy-mueesli-schoko-hafer-0078149/category/145/
Müesli,https://sortiment.lidl.ch/de/catalog/category/view/s/mueesli/id/145/,Nestlé Cerealien Maxi Pack,lidl.ch,6.19,https://sortiment.lidl.ch/media/catalog/product/cache/b4d8daca087e724c0fba4501ead491d0/1/8/1800039_Cini-Mini_PSXX.jpg,https://sortiment.lidl.ch/media/catalog/product/cache/b4d8daca087e724c0fba4501ead491d0/1/8/1800039_Nesquik_PSXX.jpg,,Nesquik/ Cini Minis,https://sortiment.lidl.ch/de/catalog/product/view/id/16016/s/nestle-cerealien-maxi-pack-1800039/category/145/
Müesli,https://sortiment.lidl.ch/de/catalog/category/view/s/mueesli/id/145/,Choco Shells / Choco Rice,lidl.ch,3.65,https://sortiment.lidl.ch/media/catalog/product/cache/b4d8daca087e724c0fba4501ead491d0/1/8/187189_ChocRice_PSXX.jpg,https://sortiment.lidl.ch/media/catalog/product/cache/b4d8daca087e724c0fba4501ead491d0/1/8/187189_ChocoShells_PSXX.jpg,,,https://sortiment.lidl.ch/de/catalog/product/view/id/15693/s/choco-shells-choco-rice-0187189/category/145/
Müesli,https://sortiment.lidl.ch/de/catalog/category/view/s/mueesli/id/145/,Wander Ovomaltine Crisp Müesli,lidl.ch,6.95,https://sortiment.lidl.ch/media/catalog/product/cache/b4d8daca087e724c0fba4501ead491d0/5/1/5111290_PSXX.jpg,,,,https://sortiment.lidl.ch/de/catalog/product/view/id/15684/s/wander-ovomaltine-crisp-mueesli-5111290/category/145/
Müesli,https://sortiment.lidl.ch/de/catalog/category/view/s/mueesli/id/145/,Crunchy Müesli,lidl.ch,2.15,https://sortiment.lidl.ch/media/catalog/product/cache/b4d8daca087e724c0fba4501ead491d0/1/8/184830_Oat_PSXX.jpg,https://sortiment.lidl.ch/media/catalog/product/cache/b4d8daca087e724c0fba4501ead491d0/1/8/184830_SchokoHafer_PSXX.jpg,,Classic / Schoko,https://sortiment.lidl.ch/de/catalog/product/view/id/15656/s/crunchy-mueesli-0184830/category/145/
Müesli,https://sortiment.lidl.ch/de/catalog/category/view/s/mueesli/id/145/,familia Müesli c.m. plus,lidl.ch,7.95,https://sortiment.lidl.ch/media/catalog/product/cache/b4d8daca087e724c0fba4501ead491d0/5/1/5109156_PSXX_1.jpg,,,Waldbeeren,https://sortiment.lidl.ch/de/catalog/product/view/id/14433/s/familia-mueesli-c-m-plus-5109156/category/145/
Müesli,https://sortiment.lidl.ch/de/catalog/category/view/s/mueesli/id/145/,familia Müesli c.m. plus,lidl.ch,5.95,https://sortiment.lidl.ch/media/catalog/product/cache/b4d8daca087e724c0fba4501ead491d0/5/1/5109155_PSXX_1.jpg,,,Original,https://sortiment.lidl.ch/de/catalog/product/view/id/14432/s/familia-mueesli-c-m-plus-5109155/category/145/
Müesli,https://sortiment.lidl.ch/de/catalog/category/view/s/mueesli/id/145/,Bio Müesli,lidl.ch,3.29,https://sortiment.lidl.ch/media/catalog/product/cache/b4d8daca087e724c0fba4501ead491d0/1/5/155017_Bircher_PSXX.jpg,https://sortiment.lidl.ch/media/catalog/product/cache/b4d8daca087e724c0fba4501ead491d0/1/5/155017_Fruechte_PSXX_1.jpg,https://sortiment.lidl.ch/media/catalog/product/cache/b4d8daca087e724c0fba4501ead491d0/1/5/155017_KnusperFruechte_PSXX.jpg,diverse Sorten,https://sortiment.lidl.ch/de/catalog/product/view/id/14430/s/bio-mueesli-0155017/category/145/
Müesli,https://sortiment.lidl.ch/de/catalog/category/view/s/mueesli/id/145/,Golden Puffs / Frosted Flakes,lidl.ch,2.19,https://sortiment.lidl.ch/media/catalog/product/cache/b4d8daca087e724c0fba4501ead491d0/9/9/99982_Flakers_PSXX.jpg,https://sortiment.lidl.ch/media/catalog/product/cache/b4d8daca087e724c0fba4501ead491d0/9/9/99982_GoldenPuff_PSXX.jpg,,,https://sortiment.lidl.ch/de/catalog/product/view/id/12409/s/golden-puffs-frosted-flakes-0099982/category/145/
Müesli,https://sortiment.lidl.ch/de/catalog/category/view/s/mueesli/id/145/,Premium Müesli,lidl.ch,4.45,https://sortiment.lidl.ch/media/catalog/product/cache/b4d8daca087e724c0fba4501ead491d0/3/6/36658_Fruits_Nuts_Seeds_PSXX.jpg,https://sortiment.lidl.ch/media/catalog/product/cache/b4d8daca087e724c0fba4501ead491d0/3/6/36658_Fruits_Seeds_PSXX.jpg,,"Fruits & Seeds / Fruits, Nuts & Seeds",https://sortiment.lidl.ch/de/catalog/product/view/id/12406/s/premium-mueesli-0036658/category/145/
Müesli,https://sortiment.lidl.ch/de/catalog/category/view/s/mueesli/id/145/,Bio Haferflocken zart,lidl.ch,1.19,https://sortiment.lidl.ch/media/catalog/product/cache/b4d8daca087e724c0fba4501ead491d0/1/3/134634_PSXX.jpg,,,,https://sortiment.lidl.ch/de/catalog/product/view/id/12397/s/bio-haferflocken-zart-0134634/category/145/
Müesli,https://sortiment.lidl.ch/de/catalog/category/view/s/mueesli/id/145/,Crunchy Müesli,lidl.ch,2.95,https://sortiment.lidl.ch/media/catalog/product/cache/b4d8daca087e724c0fba4501ead491d0/1/2/120666_Fruits_PSXX.jpg,https://sortiment.lidl.ch/media/catalog/product/cache/b4d8daca087e724c0fba4501ead491d0/1/2/120666_TripleChoc_PSXX.jpg,,Nuss-Honig / Triple Choc,https://sortiment.lidl.ch/de/catalog/product/view/id/12396/s/crunchy-mueesli-0120666/category/145/
Müesli,https://sortiment.lidl.ch/de/catalog/category/view/s/mueesli/id/145/,Special Flakes,lidl.ch,2.65,https://sortiment.lidl.ch/media/catalog/product/cache/b4d8daca087e724c0fba4501ead491d0/1/0/109615_Dark_Chocolate_PSXX.jpg,https://sortiment.lidl.ch/media/catalog/product/cache/b4d8daca087e724c0fba4501ead491d0/1/0/109615_RedFruit_PSXX.jpg,,Schokolade / rote Früchte,https://sortiment.lidl.ch/de/catalog/product/view/id/12394/s/special-flakes-0109615/category/145/
Müesli,https://sortiment.lidl.ch/de/catalog/category/view/s/mueesli/id/145/,Früchtemüsli,lidl.ch,2.55,https://sortiment.lidl.ch/media/catalog/product/cache/b4d8daca087e724c0fba4501ead491d0/3/8/38441_PSXX.jpg,,,62% Vollkorn,https://sortiment.lidl.ch/de/catalog/product/view/id/12392/s/fruechtemuesli-0038441/category/145/
Müesli,https://sortiment.lidl.ch/de/catalog/category/view/s/mueesli/id/145/,Nougat Pillows / Milk-Choco-Bits,lidl.ch,4.39,https://sortiment.lidl.ch/media/catalog/product/cache/b4d8daca087e724c0fba4501ead491d0/3/8/38279_MilkBits_PSXX.jpg,https://sortiment.lidl.ch/media/catalog/product/cache/b4d8daca087e724c0fba4501ead491d0/3/8/38279_Nougat_PSXX_1.jpg,,,https://sortiment.lidl.ch/de/catalog/product/view/id/12391/s/nougat-pillows-milk-choco-bits-0038279/category/145/
Kaffee,https://sortiment.lidl.ch/de/kaffee-tee/kaffee,Gimoka Bohnenkaffee,lidl.ch,7.99,,,,,https://sortiment.lidl.ch/de/catalog/product/view/id/21089/s/gimoka-bohnenkaffee-6001026/category/82/
Kaffee,https://sortiment.lidl.ch/de/kaffee-tee/kaffee,Alu-Kaffeekapseln Gold Lungo,lidl.ch,8.95,https://sortiment.lidl.ch/media/catalog/product/cache/b4d8daca087e724c0fba4501ead491d0/2/1/210581_PSXX.jpg,,,Nespresso® kompatibel,https://sortiment.lidl.ch/de/catalog/product/view/id/18847/s/alu-kaffeekapseln-gold-lungo-0210581/category/82/
Kaffee,https://sortiment.lidl.ch/de/kaffee-tee/kaffee,Alu Kaffeekapseln Viola Espresso,lidl.ch,8.95,https://sortiment.lidl.ch/media/catalog/product/cache/b4d8daca087e724c0fba4501ead491d0/2/1/210585_PSXX.jpg,,,Nespresso® kompatibel,https://sortiment.lidl.ch/de/catalog/product/view/id/18846/s/alu-kaffeekapseln-viola-espresso-0210585/category/82/
Kaffee,https://sortiment.lidl.ch/de/kaffee-tee/kaffee,Bio Fairtrade Kaffee gemahlen,lidl.ch,8.39,https://sortiment.lidl.ch/media/catalog/product/cache/b4d8daca087e724c0fba4501ead491d0/1/7/170285_PSXX.jpg,,,,https://sortiment.lidl.ch/de/catalog/product/view/id/17298/s/bio-fairtrade-kaffee-gemahlen-0170285/category/82/
Kaffee,https://sortiment.lidl.ch/de/kaffee-tee/kaffee,Kaffeekapseln Modena Lungo,lidl.ch,3.88,https://sortiment.lidl.ch/media/catalog/product/cache/b4d8daca087e724c0fba4501ead491d0/1/4/149953_PSXX.jpg,,,Nespresso® kompatibel,https://sortiment.lidl.ch/de/catalog/product/view/id/16531/s/kaffeekapseln-modena-lungo-0149953/category/82/
Kaffee,https://sortiment.lidl.ch/de/kaffee-tee/kaffee,Alu-Kaffeekapseln Cremoso,lidl.ch,3.95,https://sortiment.lidl.ch/media/catalog/product/cache/b4d8daca087e724c0fba4501ead491d0/1/7/176126_PSXX.jpg,,,Nespresso® kompatibel,https://sortiment.lidl.ch/de/catalog/product/view/id/16519/s/alu-kaffeekapseln-cremoso-0176126/category/82/
Kaffee,https://sortiment.lidl.ch/de/kaffee-tee/kaffee,Alu-Kaffekapseln Viola Decaf,lidl.ch,3.95,https://sortiment.lidl.ch/media/catalog/product/cache/b4d8daca087e724c0fba4501ead491d0/1/9/190356_PSXX.jpg,,,Nespresso® kompatibel,https://sortiment.lidl.ch/de/catalog/product/view/id/16395/s/alu-kaffekapseln-viola-decaf-0190356/category/82/
Kaffee,https://sortiment.lidl.ch/de/kaffee-tee/kaffee,Kaffeekapseln Ristretto Espresso,lidl.ch,3.88,https://sortiment.lidl.ch/media/catalog/product/cache/b4d8daca087e724c0fba4501ead491d0/1/4/149933_PSXX.jpg,,,Nespresso® kompatibel,https://sortiment.lidl.ch/de/catalog/product/view/id/16386/s/kaffeekapseln-ristretto-espresso-0149933/category/82/
Kaffee,https://sortiment.lidl.ch/de/kaffee-tee/kaffee,Bio Café Crema Fairtrade,lidl.ch,12.49,https://sortiment.lidl.ch/media/catalog/product/cache/b4d8daca087e724c0fba4501ead491d0/1/1/116809_PSXX.jpg,,,100% Arabica,https://sortiment.lidl.ch/de/catalog/product/view/id/16382/s/bio-cafe-crema-fairtrade-0116809/category/82/
Kaffee,https://sortiment.lidl.ch/de/kaffee-tee/kaffee,Kaffeekapseln Viola Espresso,lidl.ch,3.88,https://sortiment.lidl.ch/media/catalog/product/cache/b4d8daca087e724c0fba4501ead491d0/1/4/149951_PSXX.jpg,,,Nespresso® kompatibel,https://sortiment.lidl.ch/de/catalog/product/view/id/16376/s/kaffeekapseln-viola-espresso-0149951/category/82/
Kaffee,https://sortiment.lidl.ch/de/kaffee-tee/kaffee,Kaffeekapseln Forte Lungo,lidl.ch,3.88,https://sortiment.lidl.ch/media/catalog/product/cache/b4d8daca087e724c0fba4501ead491d0/1/7/178111_PSXX.jpg,,,Nespresso® kompatibel,https://sortiment.lidl.ch/de/catalog/product/view/id/16362/s/kaffeekapseln-forte-lungo-0178111/category/82/
Kaffee,https://sortiment.lidl.ch/de/kaffee-tee/kaffee,Alu-Kaffeekapseln Intenso,lidl.ch,3.95,https://sortiment.lidl.ch/media/catalog/product/cache/b4d8daca087e724c0fba4501ead491d0/1/7/177842_PSXX.jpg,,,Nespresso® kompatibel,https://sortiment.lidl.ch/de/catalog/product/view/id/16341/s/alu-kaffeekapseln-intenso-0177842/category/82/
Kaffee,https://sortiment.lidl.ch/de/kaffee-tee/kaffee,Alu-Kaffeekapsel Ristretto,lidl.ch,3.95,https://sortiment.lidl.ch/media/catalog/product/cache/b4d8daca087e724c0fba4501ead491d0/1/7/177841_PSXX.jpg,,,Nespresso® kompatibel,https://sortiment.lidl.ch/de/catalog/product/view/id/16335/s/alu-kaffeekapsel-ristretto-0177841/category/82/
Kaffee,https://sortiment.lidl.ch/de/kaffee-tee/kaffee,Alu-Kaffeekapseln Forte Lungo,lidl.ch,3.95,https://sortiment.lidl.ch/media/catalog/product/cache/b4d8daca087e724c0fba4501ead491d0/1/7/177839_PSXX.jpg,,,Nespresso ® kompatibel,https://sortiment.lidl.ch/de/catalog/product/view/id/16332/s/alu-kaffeekapseln-forte-lungo-0177839/category/82/
Kaffee,https://sortiment.lidl.ch/de/kaffee-tee/kaffee,Alu-Kaffeekapseln Modena Lungo decaf,lidl.ch,3.95,https://sortiment.lidl.ch/media/catalog/product/cache/b4d8daca087e724c0fba4501ead491d0/1/7/177845_PSXX.jpg,,,,https://sortiment.lidl.ch/de/catalog/product/view/id/16325/s/alu-kaffeekapseln-modena-lungo-decaf-0177845/category/82/
Kaffee,https://sortiment.lidl.ch/de/kaffee-tee/kaffee,Alu-Kaffekapseln Classico Espresso,lidl.ch,3.95,https://sortiment.lidl.ch/media/catalog/product/cache/b4d8daca087e724c0fba4501ead491d0/1/8/180399_PSXX.jpg,,,Nespresso® kompatibel,https://sortiment.lidl.ch/de/catalog/product/view/id/16182/s/alu-kaffekapseln-classico-espresso-0180399/category/82/
Kaffee,https://sortiment.lidl.ch/de/kaffee-tee/kaffee,Alu-Kaffekapseln Gold Lungo,lidl.ch,3.95,https://sortiment.lidl.ch/media/catalog/product/cache/b4d8daca087e724c0fba4501ead491d0/1/7/177840_PSXX.jpg,,,Nespresso® kompatibel,https://sortiment.lidl.ch/de/catalog/product/view/id/16172/s/alu-kaffekapseln-gold-lungo-0177840/category/82/
Kaffee,https://sortiment.lidl.ch/de/kaffee-tee/kaffee,Alu-Kaffekapseln Modena Lungo,lidl.ch,3.95,https://sortiment.lidl.ch/media/catalog/product/cache/b4d8daca087e724c0fba4501ead491d0/1/7/177844_PSXX.jpg,,,Nespresso® kompatibel,https://sortiment.lidl.ch/de/catalog/product/view/id/16130/s/alu-kaffekapseln-modena-lungo-0177844/category/82/
Kaffee,https://sortiment.lidl.ch/de/kaffee-tee/kaffee,Kaffeebohnen Barista Crema,lidl.ch,14.99,https://sortiment.lidl.ch/media/catalog/product/cache/b4d8daca087e724c0fba4501ead491d0/1/5/155852_Kolli_PSXX.jpg,https://sortiment.lidl.ch/media/catalog/product/cache/b4d8daca087e724c0fba4501ead491d0/1/5/155852_PSXX.jpg,,,https://sortiment.lidl.ch/de/catalog/product/view/id/15957/s/kaffeebohnen-barista-crema-0155852/category/82/
Kaffee,https://sortiment.lidl.ch/de/kaffee-tee/kaffee,Kaffeebohnen Barista Espresso,lidl.ch,14.99,https://sortiment.lidl.ch/media/catalog/product/cache/b4d8daca087e724c0fba4501ead491d0/1/5/155851_Kolli_PSXX.jpg,https://sortiment.lidl.ch/media/catalog/product/cache/b4d8daca087e724c0fba4501ead491d0/1/5/155851_PSXX.jpg,,,https://sortiment.lidl.ch/de/catalog/product/view/id/15956/s/kaffeebohnen-barista-espresso-0155851/category/82/
Kaffee,https://sortiment.lidl.ch/de/kaffee-tee/kaffee,Alu-Kaffeekapseln Leggero Lungo,lidl.ch,3.95,https://sortiment.lidl.ch/media/catalog/product/cache/b4d8daca087e724c0fba4501ead491d0/1/7/176125_Leggero_Lungo_PSXX.jpg,,,Nespresso® kompatibel,https://sortiment.lidl.ch/de/catalog/product/view/id/15910/s/alu-kaffeekapseln-leggero-lungo-0176125/category/82/
Kaffee,https://sortiment.lidl.ch/de/kaffee-tee/kaffee,Alu-Kaffeekapseln Viola Espresso,lidl.ch,3.95,https://sortiment.lidl.ch/media/catalog/product/cache/b4d8daca087e724c0fba4501ead491d0/1/7/178121_PSXX.jpg,,,Nespresso® kompatibel,https://sortiment.lidl.ch/de/catalog/product/view/id/15717/s/alu-kaffeekapseln-viola-espresso-0178121/category/82/
Kaffee,https://sortiment.lidl.ch/de/kaffee-tee/kaffee,Kaffeebohnen Rosso,lidl.ch,7.99,https://sortiment.lidl.ch/media/catalog/product/cache/b4d8daca087e724c0fba4501ead491d0/1/7/175043_PSXX.jpg,,,,https://sortiment.lidl.ch/de/catalog/product/view/id/15679/s/kaffeebohnen-rosso-0175043/category/82/
Kaffee,https://sortiment.lidl.ch/de/kaffee-tee/kaffee,Kaffeebohnen Espresso Extra,lidl.ch,14.99,https://sortiment.lidl.ch/media/catalog/product/cache/b4d8daca087e724c0fba4501ead491d0/1/7/175045_PSXX.jpg,,,Dark Roast,https://sortiment.lidl.ch/de/catalog/product/view/id/15634/s/kaffeebohnen-espresso-extra-0175045/category/82/
Kaffee,https://sortiment.lidl.ch/de/kaffee-tee/kaffee,Kaffekapseln Café au lait,lidl.ch,2.69,https://sortiment.lidl.ch/media/catalog/product/cache/b4d8daca087e724c0fba4501ead491d0/1/5/155510_PSXX.jpg,,,Dolce Gusto® kompatibel,https://sortiment.lidl.ch/de/catalog/product/view/id/15494/s/kaffekapseln-cafe-au-lait-0155510/category/82/
Kaffee,https://sortiment.lidl.ch/de/kaffee-tee/kaffee,Kaffee Intenso gemahlen,lidl.ch,3.49,https://sortiment.lidl.ch/media/catalog/product/cache/b4d8daca087e724c0fba4501ead491d0/1/5/153451_PSXX.jpg,,,,https://sortiment.lidl.ch/de/catalog/product/view/id/14036/s/kaffee-intenso-gemahlen-0153451/category/82/
Kaffee,https://sortiment.lidl.ch/de/kaffee-tee/kaffee,Kaffeekapseln Espresso,lidl.ch,2.69,https://sortiment.lidl.ch/media/catalog/product/cache/b4d8daca087e724c0fba4501ead491d0/1/4/142600_PSXX_1.jpg,,,Dolce Gusto® kompatibel,https://sortiment.lidl.ch/de/catalog/product/view/id/13850/s/kaffeekapseln-espresso-0142600/category/82/
Kaffee,https://sortiment.lidl.ch/de/kaffee-tee/kaffee,Kaffeebohnen Espresso Cremoso,lidl.ch,12.49,https://sortiment.lidl.ch/media/catalog/product/cache/b4d8daca087e724c0fba4501ead491d0/7/2/72859_Cremoso_Kolli_PSXX.jpg,https://sortiment.lidl.ch/media/catalog/product/cache/b4d8daca087e724c0fba4501ead491d0/7/2/72859_EP_PSXX.jpg,,,https://sortiment.lidl.ch/de/catalog/product/view/id/13679/s/kaffeebohnen-espresso-cremoso-0072859/category/82/
Kaffee,https://sortiment.lidl.ch/de/kaffee-tee/kaffee,Kaffeebohnen Chicco d'Oro,lidl.ch,19.89,https://sortiment.lidl.ch/media/catalog/product/cache/b4d8daca087e724c0fba4501ead491d0/1/0/1000_PSXX.jpg,,,,https://sortiment.lidl.ch/de/catalog/product/view/id/11509/s/kaffeebohnen-chicco-d-oro-0001000/category/82/
Kaffee,https://sortiment.lidl.ch/de/kaffee-tee/kaffee,Nescafé Dolce Gusto Lungo,lidl.ch,11.89,https://sortiment.lidl.ch/media/catalog/product/cache/b4d8daca087e724c0fba4501ead491d0/5/1/5106504_Lungo_PSXX.jpg,,,Kaffeekapseln,https://sortiment.lidl.ch/de/catalog/product/view/id/11508/s/nescafe-dolce-gusto-lungo-5106504/category/82/
Kaffee,https://sortiment.lidl.ch/de/kaffee-tee/kaffee,Nescafé Dolce Gusto Cappuccino,lidl.ch,11.89,https://sortiment.lidl.ch/media/catalog/product/cache/b4d8daca087e724c0fba4501ead491d0/5/1/5106502_PSXX_3.jpg,,,Kaffeekapseln,https://sortiment.lidl.ch/de/catalog/product/view/id/11506/s/nescafe-dolce-gusto-cappuccino-5106502/category/82/
Kaffee,https://sortiment.lidl.ch/de/kaffee-tee/kaffee,Nescafé Dolce Gusto Café au Lait,lidl.ch,11.89,https://sortiment.lidl.ch/media/catalog/product/cache/b4d8daca087e724c0fba4501ead491d0/5/1/5106501_Lungo_PSXX.jpg,,,Kaffeekapseln,https://sortiment.lidl.ch/de/catalog/product/view/id/11505/s/nescafe-dolce-gusto-cafe-au-lait-5106501/category/82/
Kaffee,https://sortiment.lidl.ch/de/kaffee-tee/kaffee,Kaffeebohnen Classico d'Oro,lidl.ch,10.99,https://sortiment.lidl.ch/media/catalog/product/cache/b4d8daca087e724c0fba4501ead491d0/1/4/142024_PSXX_1.jpg,,,,https://sortiment.lidl.ch/de/catalog/product/view/id/11498/s/kaffeebohnen-classico-d-oro-0142024/category/82/
Kaffee,https://sortiment.lidl.ch/de/kaffee-tee/kaffee,Kaffee Gold,lidl.ch,5.99,https://sortiment.lidl.ch/media/catalog/product/cache/b4d8daca087e724c0fba4501ead491d0/1/3/133813_PSXX.jpg,,,gemahlen,https://sortiment.lidl.ch/de/catalog/product/view/id/11494/s/kaffee-gold-0133813/category/82/
Kaffee,https://sortiment.lidl.ch/de/kaffee-tee/kaffee,Nescafé Dolce Gusto Espresso Buondi,lidl.ch,11.89,https://sortiment.lidl.ch/media/catalog/product/cache/b4d8daca087e724c0fba4501ead491d0/3/8/3857_Buondi_01_PSXX.jpg,https://sortiment.lidl.ch/media/catalog/product/cache/b4d8daca087e724c0fba4501ead491d0/3/8/3857_Buondi_02_PSXX.jpg,,Kaffeekapseln,https://sortiment.lidl.ch/de/catalog/product/view/id/11480/s/nescafe-dolce-gusto-espresso-buondi-0003857/category/82/
Kaffee,https://sortiment.lidl.ch/de/kaffee-tee/kaffee,Nescafé Dolce Gusto Espresso,lidl.ch,11.89,https://sortiment.lidl.ch/media/catalog/product/cache/b4d8daca087e724c0fba4501ead491d0/3/7/3762_espresso_PSXX.jpg,,,Kaffeekapseln,https://sortiment.lidl.ch/de/catalog/product/view/id/11474/s/nescafe-dolce-gusto-espresso-0003762/category/82/
Kaffee- und Kakaohaltige Getränke,https://sortiment.lidl.ch/de/catalog/category/view/s/kaffee-kakaohaltige-getraenke/id/83/,Ovomaltine Original,lidl.ch,15.95,https://sortiment.lidl.ch/media/catalog/product/cache/b4d8daca087e724c0fba4501ead491d0/5/1/5114063_PSXX.jpg,,,,https://sortiment.lidl.ch/de/catalog/product/view/id/20706/s/ovomaltine-original-5114063/category/83/
Kaffee- und Kakaohaltige Getränke,https://sortiment.lidl.ch/de/catalog/category/view/s/kaffee-kakaohaltige-getraenke/id/83/,Instant Kaffee Dacaf,lidl.ch,4.89,https://sortiment.lidl.ch/media/catalog/product/cache/b4d8daca087e724c0fba4501ead491d0/2/0/204231_Instant_Kaffee_Dacaf_PSXX.jpg,,,,https://sortiment.lidl.ch/de/catalog/product/view/id/20393/s/instant-kaffee-dacaf-0204231/category/83/
Kaffee- und Kakaohaltige Getränke,https://sortiment.lidl.ch/de/catalog/category/view/s/kaffee-kakaohaltige-getraenke/id/83/,Goody cao Chocodrink,lidl.ch,3.29,https://sortiment.lidl.ch/media/catalog/product/cache/b4d8daca087e724c0fba4501ead491d0/1/4/140050_PSXX.jpg,,,,https://sortiment.lidl.ch/de/catalog/product/view/id/16467/s/goody-cao-chocodrink-0140050/category/83/
Kaffee- und Kakaohaltige Getränke,https://sortiment.lidl.ch/de/catalog/category/view/s/kaffee-kakaohaltige-getraenke/id/83/,Instant Kaffee Gold,lidl.ch,4.89,https://sortiment.lidl.ch/media/catalog/product/cache/b4d8daca087e724c0fba4501ead491d0/1/6/162590_Kolli_PSXX.jpg,https://sortiment.lidl.ch/media/catalog/product/cache/b4d8daca087e724c0fba4501ead491d0/1/6/162590_PSXX.jpg,,,https://sortiment.lidl.ch/de/catalog/product/view/id/16022/s/instant-kaffee-gold-0162590/category/83/
Kaffee- und Kakaohaltige Getränke,https://sortiment.lidl.ch/de/catalog/category/view/s/kaffee-kakaohaltige-getraenke/id/83/,Instant Kaffee Classic,lidl.ch,3.49,https://sortiment.lidl.ch/media/catalog/product/cache/b4d8daca087e724c0fba4501ead491d0/1/2/128614_PSXX.jpg,,,,https://sortiment.lidl.ch/de/catalog/product/view/id/15313/s/instant-kaffee-classic-0128614/category/83/
Kaffee- und Kakaohaltige Getränke,https://sortiment.lidl.ch/de/catalog/category/view/s/kaffee-kakaohaltige-getraenke/id/83/,Nescafé Gold,lidl.ch,14.95,https://sortiment.lidl.ch/media/catalog/product/cache/b4d8daca087e724c0fba4501ead491d0/1/8/1837_Decaf_PSXX.jpg,https://sortiment.lidl.ch/media/catalog/product/cache/b4d8daca087e724c0fba4501ead491d0/1/8/1837_Finesse_PSXX.jpg,,diverse Sorten,https://sortiment.lidl.ch/de/catalog/product/view/id/11476/s/nescafe-gold-0001837/category/83/
Kaffee- und Kakaohaltige Getränke,https://sortiment.lidl.ch/de/catalog/category/view/s/kaffee-kakaohaltige-getraenke/id/83/,Incarom Original,lidl.ch,12.95,https://sortiment.lidl.ch/media/catalog/product/cache/b4d8daca087e724c0fba4501ead491d0/1/1/1105_Incarom_PSXX.jpg,,,,https://sortiment.lidl.ch/de/catalog/product/view/id/11473/s/incarom-original-0001105/category/83/
Kaffee- und Kakaohaltige Getränke,https://sortiment.lidl.ch/de/catalog/category/view/s/kaffee-kakaohaltige-getraenke/id/83/,Nescafé Gold de Luxe,lidl.ch,14.95,https://sortiment.lidl.ch/media/catalog/product/cache/b4d8daca087e724c0fba4501ead491d0/1/0/1099_DeLuxe_PSXX.jpg,,,,https://sortiment.lidl.ch/de/catalog/product/view/id/11472/s/nescafe-gold-de-luxe-0001099/category/83/
Kaffee- und Kakaohaltige Getränke,https://sortiment.lidl.ch/de/catalog/category/view/s/kaffee-kakaohaltige-getraenke/id/83/,Nesquik Kakaopulver,lidl.ch,9.95,https://sortiment.lidl.ch/media/catalog/product/cache/b4d8daca087e724c0fba4501ead491d0/1/1/1107_PSXX.jpg,,,,https://sortiment.lidl.ch/de/catalog/product/view/id/11456/s/nesquik-kakaopulver-0001107/category/83/
Tee,https://sortiment.lidl.ch/de/kaffee-tee/tee,Bio Tee,lidl.ch,0.96,https://sortiment.lidl.ch/media/catalog/product/cache/b4d8daca087e724c0fba4501ead491d0/1/7/178017_Bio_Tee_Fenchel_PSXX.jpg,https://sortiment.lidl.ch/media/catalog/product/cache/b4d8daca087e724c0fba4501ead491d0/1/7/178017_Bio_Tee_Fruechte_PSXX.jpg,,Früchte / Fenchel,https://sortiment.lidl.ch/de/catalog/product/view/id/20503/s/bio-tee-0178017/category/84/
Tee,https://sortiment.lidl.ch/de/kaffee-tee/tee,Bio Tee,lidl.ch,0.99,https://sortiment.lidl.ch/media/catalog/product/cache/b4d8daca087e724c0fba4501ead491d0/1/6/166677_Bio_Tee_Kamille_PSXX.jpg,https://sortiment.lidl.ch/media/catalog/product/cache/b4d8daca087e724c0fba4501ead491d0/1/6/166677_Bio_Tee_Pfefferminze_PSXX.jpg,,"Kamille, Pfefferminze",https://sortiment.lidl.ch/de/catalog/product/view/id/20465/s/bio-tee-0166677/category/84/
Tee,https://sortiment.lidl.ch/de/kaffee-tee/tee,Alpenkräuter Tee,lidl.ch,1.99,,,,"Classic, 4 Minzen, Salbei & Apfel",https://sortiment.lidl.ch/de/catalog/product/view/id/20067/s/alpenkraeuter-tee-5113143/category/84/
Tee,https://sortiment.lidl.ch/de/kaffee-tee/tee,Tee Zitrone-Ingwer / Ingwer Pur,lidl.ch,1.29,https://sortiment.lidl.ch/media/catalog/product/cache/b4d8daca087e724c0fba4501ead491d0/2/0/206440_Ingwer_PSXX.jpg,https://sortiment.lidl.ch/media/catalog/product/cache/b4d8daca087e724c0fba4501ead491d0/2/0/206440_Tee_Zitrone_Ingwer_PSXX.jpg,,,https://sortiment.lidl.ch/de/catalog/product/view/id/20066/s/tee-zitrone-ingwer-ingwer-pur-0206440/category/84/
Tee,https://sortiment.lidl.ch/de/kaffee-tee/tee,Rooibos Tee,lidl.ch,1.15,https://sortiment.lidl.ch/media/catalog/product/cache/b4d8daca087e724c0fba4501ead491d0/1/8/18816_Karamell_PSXX.jpg,https://sortiment.lidl.ch/media/catalog/product/cache/b4d8daca087e724c0fba4501ead491d0/1/8/18816_Orange_PSXX.jpg,https://sortiment.lidl.ch/media/catalog/product/cache/b4d8daca087e724c0fba4501ead491d0/1/8/18816_Pur_PSXX.jpg,Vanille / Karamell,https://sortiment.lidl.ch/de/catalog/product/view/id/19836/s/rooibos-tee-0018816/category/84/
Tee,https://sortiment.lidl.ch/de/kaffee-tee/tee,Vitamintee,lidl.ch,1.99,https://sortiment.lidl.ch/media/catalog/product/cache/b4d8daca087e724c0fba4501ead491d0/2/1/218139_01_PSXX.jpg,https://sortiment.lidl.ch/media/catalog/product/cache/b4d8daca087e724c0fba4501ead491d0/2/1/218139_02_PSXX.jpg,,Granatapfel / Zitronen-Limette,https://sortiment.lidl.ch/de/catalog/product/view/id/19456/s/vitamintee-0218139/category/84/
Tee,https://sortiment.lidl.ch/de/kaffee-tee/tee,Früchtetee,lidl.ch,0.95,https://sortiment.lidl.ch/media/catalog/product/cache/b4d8daca087e724c0fba4501ead491d0/2/1/216000_PSXX.jpg,,,,https://sortiment.lidl.ch/de/catalog/product/view/id/18426/s/fruechtetee-0216000/category/84/
Tee,https://sortiment.lidl.ch/de/kaffee-tee/tee,Kräutertee,lidl.ch,1.35,https://sortiment.lidl.ch/media/catalog/product/cache/b4d8daca087e724c0fba4501ead491d0/2/0/203361_PSXX.jpg,,,Melisse / Salbei-Eukalypthus,https://sortiment.lidl.ch/de/catalog/product/view/id/17602/s/kraeutertee-0203361/category/84/
Tee,https://sortiment.lidl.ch/de/kaffee-tee/tee,Breakfast Tea Ceylon-Assam,lidl.ch,0.83,https://sortiment.lidl.ch/media/catalog/product/cache/b4d8daca087e724c0fba4501ead491d0/6/0/6016224_PSXX.jpg,,,,https://sortiment.lidl.ch/de/catalog/product/view/id/17290/s/breakfast-tea-ceylon-assam-6016224/category/84/
Tee,https://sortiment.lidl.ch/de/kaffee-tee/tee,Yogi Tea Bio Tee,lidl.ch,4.29,https://sortiment.lidl.ch/media/catalog/product/cache/b4d8daca087e724c0fba4501ead491d0/5/1/5112774_BasischeKraeuter_PSXX.jpg,https://sortiment.lidl.ch/media/catalog/product/cache/b4d8daca087e724c0fba4501ead491d0/5/1/5112774_Glueckstee_PSXX.jpg,https://sortiment.lidl.ch/media/catalog/product/cache/b4d8daca087e724c0fba4501ead491d0/5/1/5112774_Halswaermer_PSXX.jpg,"Glückstee, Kurkuma, Kräuter",https://sortiment.lidl.ch/de/catalog/product/view/id/16532/s/yogi-tea-bio-tee-5112774/category/84/
Tee,https://sortiment.lidl.ch/de/kaffee-tee/tee,Grüntee,lidl.ch,1.99,https://sortiment.lidl.ch/media/catalog/product/cache/b4d8daca087e724c0fba4501ead491d0/1/6/162225_Orange_Ingwer_PSXX.jpg,https://sortiment.lidl.ch/media/catalog/product/cache/b4d8daca087e724c0fba4501ead491d0/1/6/162225_Zitrone_PSXX.jpg,,Zitrone/ Orange-Ingwer,https://sortiment.lidl.ch/de/catalog/product/view/id/16461/s/gruentee-0162225/category/84/
Tee,https://sortiment.lidl.ch/de/kaffee-tee/tee,Früchtetee,lidl.ch,1.59,https://sortiment.lidl.ch/media/catalog/product/cache/b4d8daca087e724c0fba4501ead491d0/1/2/125835_FruechteteeApfel_PSXX.jpg,https://sortiment.lidl.ch/media/catalog/product/cache/b4d8daca087e724c0fba4501ead491d0/1/2/125835_FruechteteeErdbeerHimbeer_PSXX.jpg,https://sortiment.lidl.ch/media/catalog/product/cache/b4d8daca087e724c0fba4501ead491d0/1/2/125835_FruechteteeHimbeerVanille_PSXX.jpg,Apfel / Erdbeere-Himbeere,https://sortiment.lidl.ch/de/catalog/product/view/id/16178/s/fruechtetee-0125835/category/84/
Tee,https://sortiment.lidl.ch/de/kaffee-tee/tee,Bio Tee 9 Kräuter,lidl.ch,0.96,https://sortiment.lidl.ch/media/catalog/product/cache/b4d8daca087e724c0fba4501ead491d0/1/8/18852_PSXX.jpg,,,,https://sortiment.lidl.ch/de/catalog/product/view/id/15991/s/bio-tee-9-kraeuter-0018852/category/84/
Tee,https://sortiment.lidl.ch/de/kaffee-tee/tee,Grüntee,lidl.ch,0.95,https://sortiment.lidl.ch/media/catalog/product/cache/b4d8daca087e724c0fba4501ead491d0/1/7/174803_PSXX.jpg,,,,https://sortiment.lidl.ch/de/catalog/product/view/id/15574/s/gruentee-0174803/category/84/
Tee,https://sortiment.lidl.ch/de/kaffee-tee/tee,Pfefferminztee,lidl.ch,0.95,https://sortiment.lidl.ch/media/catalog/product/cache/b4d8daca087e724c0fba4501ead491d0/1/7/174800_PSXX.jpg,,,,https://sortiment.lidl.ch/de/catalog/product/view/id/15519/s/pfefferminztee-0174800/category/84/
Tee,https://sortiment.lidl.ch/de/kaffee-tee/tee,Kräutertee,lidl.ch,1.25,https://sortiment.lidl.ch/media/catalog/product/cache/b4d8daca087e724c0fba4501ead491d0/1/7/174802_PSXX.jpg,,,,https://sortiment.lidl.ch/de/catalog/product/view/id/15465/s/kraeutertee-0174802/category/84/
Tee,https://sortiment.lidl.ch/de/kaffee-tee/tee,Kräutertee,lidl.ch,1.39,https://sortiment.lidl.ch/media/catalog/product/cache/b4d8daca087e724c0fba4501ead491d0/1/8/180059_Brennessel_PSXX.jpg,https://sortiment.lidl.ch/media/catalog/product/cache/b4d8daca087e724c0fba4501ead491d0/1/8/180059_Fenchel_PSXX.jpg,,Brennessel / Fenchel,https://sortiment.lidl.ch/de/catalog/product/view/id/15419/s/kraeutertee-0180059/category/84/
Tee,https://sortiment.lidl.ch/de/kaffee-tee/tee,Kamillentee,lidl.ch,0.95,https://sortiment.lidl.ch/media/catalog/product/cache/b4d8daca087e724c0fba4501ead491d0/1/7/174801_PSXX.jpg,,,,https://sortiment.lidl.ch/de/catalog/product/view/id/15406/s/kamillentee-0174801/category/84/
Tee,https://sortiment.lidl.ch/de/kaffee-tee/tee,Bio Yogi Tea,lidl.ch,4.29,https://sortiment.lidl.ch/media/catalog/product/cache/b4d8daca087e724c0fba4501ead491d0/5/1/5110651_Abend_PSXX.jpg,https://sortiment.lidl.ch/media/catalog/product/cache/b4d8daca087e724c0fba4501ead491d0/5/1/5110651_Classic_PSXX.jpg,https://sortiment.lidl.ch/media/catalog/product/cache/b4d8daca087e724c0fba4501ead491d0/5/1/5110651_Frauenpower_PSXX.jpg,"Classic, Ingwer, Abend",https://sortiment.lidl.ch/de/catalog/product/view/id/15322/s/bio-yogi-tea-5110651/category/84/
Tee,https://sortiment.lidl.ch/de/kaffee-tee/tee,Wellness-Tee Herbal Infusion,lidl.ch,1.49,https://sortiment.lidl.ch/media/catalog/product/cache/b4d8daca087e724c0fba4501ead491d0/6/0/6002999_WellnessTea_1_PSXX.jpg,https://sortiment.lidl.ch/media/catalog/product/cache/b4d8daca087e724c0fba4501ead491d0/6/0/6002999_WellnessTea_2_PSXX.jpg,https://sortiment.lidl.ch/media/catalog/product/cache/b4d8daca087e724c0fba4501ead491d0/6/0/6002999_WellnessTea_3_PSXX.jpg,diverse Sorten,https://sortiment.lidl.ch/de/catalog/product/view/id/14419/s/wellness-tee-herbal-infusion-6002999/category/84/
Tee,https://sortiment.lidl.ch/de/kaffee-tee/tee,Rooibos Tee,lidl.ch,1.15,https://sortiment.lidl.ch/media/catalog/product/cache/b4d8daca087e724c0fba4501ead491d0/1/6/162423_Karamell_PSXX_1.jpg,https://sortiment.lidl.ch/media/catalog/product/cache/b4d8daca087e724c0fba4501ead491d0/1/6/162423_RooibosTeeOrange_2_PSXX.jpg,https://sortiment.lidl.ch/media/catalog/product/cache/b4d8daca087e724c0fba4501ead491d0/1/6/162423_RooibosTeeOrange_PSXX.jpg,Pure / Orange,https://sortiment.lidl.ch/de/catalog/product/view/id/14416/s/rooibos-tee-0162423/category/84/
Tee,https://sortiment.lidl.ch/de/kaffee-tee/tee,Ricola Instant Tee,lidl.ch,3.89,https://sortiment.lidl.ch/media/catalog/product/cache/b4d8daca087e724c0fba4501ead491d0/2/5/2530_Gute_Nacht_PSXX.jpg,https://sortiment.lidl.ch/media/catalog/product/cache/b4d8daca087e724c0fba4501ead491d0/2/5/2530_Holunder_PSXX.jpg,https://sortiment.lidl.ch/media/catalog/product/cache/b4d8daca087e724c0fba4501ead491d0/2/5/2530_Kraeuter_PSXX.jpg,diverse Sorten,https://sortiment.lidl.ch/de/catalog/product/view/id/11467/s/ricola-instant-tee-0002530/category/84/
Tee,https://sortiment.lidl.ch/de/kaffee-tee/tee,Bio Fairtrade Tee,lidl.ch,1.99,https://sortiment.lidl.ch/media/catalog/product/cache/b4d8daca087e724c0fba4501ead491d0/7/0/70905_Earl_Grey_PSXX.jpg,https://sortiment.lidl.ch/media/catalog/product/cache/b4d8daca087e724c0fba4501ead491d0/7/0/70905_Gruener_Tee_PSXX.jpg,,Earl Grey / Green Tea,https://sortiment.lidl.ch/de/catalog/product/view/id/11463/s/bio-fairtrade-tee-0070905/category/84/
Joghurt & Quark,https://sortiment.lidl.ch/de/milchprodukte-eier/joghurt-quark,Fruchtjoghurt ohne Zuckerzusatz,lidl.ch,0.89,,,,"Mango, Erdbeer-Banane",https://sortiment.lidl.ch/de/catalog/product/view/id/21476/s/fruchtjoghurt-ohne-zuckerzusatz-5114113/category/107/
Joghurt & Quark,https://sortiment.lidl.ch/de/milchprodukte-eier/joghurt-quark,Bio-Mandeldrink,lidl.ch,1.59,https://sortiment.lidl.ch/media/catalog/product/cache/b4d8daca087e724c0fba4501ead491d0/6/0/6020278_MandelDrinkZuckerfrei_PSXX.jpg,,,ohne Zuckerzusatz,https://sortiment.lidl.ch/de/catalog/product/view/id/21320/s/bio-mandeldrink-6020278/category/107/
Joghurt & Quark,https://sortiment.lidl.ch/de/milchprodukte-eier/joghurt-quark,Magerquark laktosefrei,lidl.ch,1.19,https://sortiment.lidl.ch/media/catalog/product/cache/b4d8daca087e724c0fba4501ead491d0/5/1/5113703_MagerquarkLaktosefrei_PSXX.jpg,,,,https://sortiment.lidl.ch/de/catalog/product/view/id/21289/s/magerquark-laktosefrei-5113703/category/107/
Joghurt & Quark,https://sortiment.lidl.ch/de/milchprodukte-eier/joghurt-quark,Schweizer Skyr laktosefrei,lidl.ch,2.95,https://sortiment.lidl.ch/media/catalog/product/cache/b4d8daca087e724c0fba4501ead491d0/5/1/5113702_SkyrLaktosefrei_PSXX.jpg,,,Nature,https://sortiment.lidl.ch/de/catalog/product/view/id/21282/s/schweizer-skyr-laktosefrei-5113702/category/107/
Joghurt & Quark,https://sortiment.lidl.ch/de/milchprodukte-eier/joghurt-quark,Schweizer Barista Bio Haferdrink,lidl.ch,2.49,https://sortiment.lidl.ch/media/catalog/product/cache/b4d8daca087e724c0fba4501ead491d0/5/1/5113869_BioBaristaHaferdrink_PSXX.jpg,,,,https://sortiment.lidl.ch/de/catalog/product/view/id/21264/s/schweizer-barista-bio-haferdrink-5113869/category/107/
Joghurt & Quark,https://sortiment.lidl.ch/de/milchprodukte-eier/joghurt-quark,Schweizer Bio Haferdrink,lidl.ch,2.49,https://sortiment.lidl.ch/media/catalog/product/cache/b4d8daca087e724c0fba4501ead491d0/5/1/5113868_BioHaferdrink_PSXX.jpg,,,,https://sortiment.lidl.ch/de/catalog/product/view/id/21263/s/schweizer-bio-haferdrink-5113868/category/107/
Joghurt & Quark,https://sortiment.lidl.ch/de/milchprodukte-eier/joghurt-quark,Schweizer Joghurt Kreationen 5%,lidl.ch,0.85,https://sortiment.lidl.ch/media/catalog/product/cache/b4d8daca087e724c0fba4501ead491d0/5/1/5113822_PistazieSchokolade_PSXX.jpg,https://sortiment.lidl.ch/media/catalog/product/cache/b4d8daca087e724c0fba4501ead491d0/5/1/5113822_Stracciatella_PSXX.jpg,,"Stracciatella, Schoko-Pistazie",https://sortiment.lidl.ch/de/catalog/product/view/id/21085/s/schweizer-joghurt-kreationen-5--5113822/category/107/
Joghurt & Quark,https://sortiment.lidl.ch/de/milchprodukte-eier/joghurt-quark,Feine Crème,lidl.ch,1.59,https://sortiment.lidl.ch/media/catalog/product/cache/b4d8daca087e724c0fba4501ead491d0/5/1/5113706_PSXX.jpg,,,15% Fett,https://sortiment.lidl.ch/de/catalog/product/view/id/20949/s/feine-creme-5113706/category/107/
Joghurt & Quark,https://sortiment.lidl.ch/de/milchprodukte-eier/joghurt-quark,I'M YOUR MEAL Trinkmahlzeit,lidl.ch,4.95,https://sortiment.lidl.ch/media/catalog/product/cache/b4d8daca087e724c0fba4501ead491d0/5/1/5112957_Schokolade_PSXX.jpg,https://sortiment.lidl.ch/media/catalog/product/cache/b4d8daca087e724c0fba4501ead491d0/5/1/5112957_Vanille_PSXX.jpg,,Vanille,https://sortiment.lidl.ch/de/catalog/product/view/id/20704/s/i-m-your-meal-trinkmahlzeit-5112957/category/107/
Joghurt & Quark,https://sortiment.lidl.ch/de/milchprodukte-eier/joghurt-quark,Emmi Energy Milk High Protein,lidl.ch,3.09,https://sortiment.lidl.ch/media/catalog/product/cache/b4d8daca087e724c0fba4501ead491d0/5/1/5113833_PSXX.jpg,,,Double Zero / Vanille,https://sortiment.lidl.ch/de/catalog/product/view/id/20686/s/emmi-energy-milk-high-protein-5113833/category/107/
Joghurt & Quark,https://sortiment.lidl.ch/de/milchprodukte-eier/joghurt-quark,I'M YOUR MEAL Trinkmahlzeit,lidl.ch,4.95,https://sortiment.lidl.ch/media/catalog/product/cache/b4d8daca087e724c0fba4501ead491d0/5/1/5112958_Choco_PSXX.jpg,https://sortiment.lidl.ch/media/catalog/product/cache/b4d8daca087e724c0fba4501ead491d0/5/1/5112958_Vanille_PSXX.jpg,,Schoko,https://sortiment.lidl.ch/de/catalog/product/view/id/20685/s/i-m-your-meal-trinkmahlzeit-5112958/category/107/
Joghurt & Quark,https://sortiment.lidl.ch/de/milchprodukte-eier/joghurt-quark,Skyr Natur,lidl.ch,2.35,https://sortiment.lidl.ch/media/catalog/product/cache/b4d8daca087e724c0fba4501ead491d0/1/4/144376_PSXX.jpg,,,,https://sortiment.lidl.ch/de/catalog/product/view/id/20684/s/skyr-natur-0144376/category/107/
Joghurt & Quark,https://sortiment.lidl.ch/de/milchprodukte-eier/joghurt-quark,High Protein Shot laktosefrei,lidl.ch,2.49,https://sortiment.lidl.ch/media/catalog/product/cache/b4d8daca087e724c0fba4501ead491d0/5/0/5013172_Mango_PSXX.jpg,https://sortiment.lidl.ch/media/catalog/product/cache/b4d8daca087e724c0fba4501ead491d0/5/0/5013172_Waldbeere_PSXX.jpg,,"Mango-Pfirsich, Waldbeere",https://sortiment.lidl.ch/de/catalog/product/view/id/20642/s/high-protein-shot-laktosefrei-5013172/category/107/
Joghurt & Quark,https://sortiment.lidl.ch/de/milchprodukte-eier/joghurt-quark,Naturjoghurt laktosefrei,lidl.ch,1.79,https://sortiment.lidl.ch/media/catalog/product/cache/b4d8daca087e724c0fba4501ead491d0/5/1/5113711_Naturjoghurt_laktosefrei_PSXX.jpg,,,3.5% Fett,https://sortiment.lidl.ch/de/catalog/product/view/id/20573/s/naturjoghurt-laktosefrei-5113711/category/107/
Joghurt & Quark,https://sortiment.lidl.ch/de/milchprodukte-eier/joghurt-quark,High Protein Naturjoghurt,lidl.ch,2.49,https://sortiment.lidl.ch/media/catalog/product/cache/b4d8daca087e724c0fba4501ead491d0/5/1/5113710_HighProteinJoghurt_PSXX.jpg,,,,https://sortiment.lidl.ch/de/catalog/product/view/id/20572/s/high-protein-naturjoghurt-5113710/category/107/
Joghurt & Quark,https://sortiment.lidl.ch/de/milchprodukte-eier/joghurt-quark,Halbfett- und Rahmquark,lidl.ch,1.49,https://sortiment.lidl.ch/media/catalog/product/cache/b4d8daca087e724c0fba4501ead491d0/5/1/5113704_Halbfettquark_PSXX.jpg,,,,https://sortiment.lidl.ch/de/catalog/product/view/id/20525/s/halbfett-und-rahmquark-5113704/category/107/
Joghurt & Quark,https://sortiment.lidl.ch/de/milchprodukte-eier/joghurt-quark,Emmi Caffè Latte Balance,lidl.ch,2.45,https://sortiment.lidl.ch/media/catalog/product/cache/b4d8daca087e724c0fba4501ead491d0/1/9/190748_Balance_PSXX.jpg,,,,https://sortiment.lidl.ch/de/catalog/product/view/id/20212/s/emmi-caffe-latte-balance-0190748/category/107/
Joghurt & Quark,https://sortiment.lidl.ch/de/milchprodukte-eier/joghurt-quark,Bifidus Drink Terra Natura,lidl.ch,1.49,https://sortiment.lidl.ch/media/catalog/product/cache/b4d8daca087e724c0fba4501ead491d0/5/1/5111796_Erdbeer_PSXX.jpg,https://sortiment.lidl.ch/media/catalog/product/cache/b4d8daca087e724c0fba4501ead491d0/5/1/5111796_Mokka_PSXX.jpg,,"Mokka, Erdbeer",https://sortiment.lidl.ch/de/catalog/product/view/id/19850/s/bifidus-drink-terra-natura-5111796/category/107/
Joghurt & Quark,https://sortiment.lidl.ch/de/milchprodukte-eier/joghurt-quark,Fruit King Safari Squeezers To Go,lidl.ch,1.99,https://sortiment.lidl.ch/media/catalog/product/cache/b4d8daca087e724c0fba4501ead491d0/2/0/207939_PSXX.jpg,,,"Erdbeere, Banane",https://sortiment.lidl.ch/de/catalog/product/view/id/19606/s/fruit-king-safari-squeezers-to-go-0207939/category/107/
Joghurt & Quark,https://sortiment.lidl.ch/de/milchprodukte-eier/joghurt-quark,Rama Cremefine zum Kochen,lidl.ch,1.79,https://sortiment.lidl.ch/media/catalog/product/cache/b4d8daca087e724c0fba4501ead491d0/1/8/1801029_7__PSXX.jpg,,,7 % Fett,https://sortiment.lidl.ch/de/catalog/product/view/id/19422/s/rama-cremefine-zum-kochen-1801029/category/107/
Joghurt & Quark,https://sortiment.lidl.ch/de/milchprodukte-eier/joghurt-quark,Hirz DUO Joghurt,lidl.ch,2.19,https://sortiment.lidl.ch/media/catalog/product/cache/b4d8daca087e724c0fba4501ead491d0/1/8/1800921_Limette_PSXX.jpg,https://sortiment.lidl.ch/media/catalog/product/cache/b4d8daca087e724c0fba4501ead491d0/1/8/1800921_Stracciatella_PSXX.jpg,https://sortiment.lidl.ch/media/catalog/product/cache/b4d8daca087e724c0fba4501ead491d0/1/8/1800921_Waldbeere_PSXX.jpg,Stracciatella / Waldbeeren / Limette,https://sortiment.lidl.ch/de/catalog/product/view/id/18895/s/hirz-duo-joghurt-1800921/category/107/
Joghurt & Quark,https://sortiment.lidl.ch/de/milchprodukte-eier/joghurt-quark,Hirz DUO Joghurt 0.1% Fett,lidl.ch,2.19,https://sortiment.lidl.ch/media/catalog/product/cache/b4d8daca087e724c0fba4501ead491d0/1/8/1800920_Brombeer_PSXX.jpg,https://sortiment.lidl.ch/media/catalog/product/cache/b4d8daca087e724c0fba4501ead491d0/1/8/1800920_Erdbeere_PSXX.jpg,https://sortiment.lidl.ch/media/catalog/product/cache/b4d8daca087e724c0fba4501ead491d0/1/8/1800920_Exotic_PSXX.jpg,Nature/Exotic/Erdbeeren/Brombeer Vanille,https://sortiment.lidl.ch/de/catalog/product/view/id/18894/s/hirz-duo-joghurt-0-1-fett-1800920/category/107/
Joghurt & Quark,https://sortiment.lidl.ch/de/milchprodukte-eier/joghurt-quark,Yaos DUO Joghurt nach griechischer Art,lidl.ch,2.59,https://sortiment.lidl.ch/media/catalog/product/cache/b4d8daca087e724c0fba4501ead491d0/1/8/1800919_Feigen_PSXX.jpg,https://sortiment.lidl.ch/media/catalog/product/cache/b4d8daca087e724c0fba4501ead491d0/1/8/1800919_Honig_PSXX.jpg,https://sortiment.lidl.ch/media/catalog/product/cache/b4d8daca087e724c0fba4501ead491d0/1/8/1800919_Nature_PSXX.jpg,ungesüsst / gesüsst / Honig / Feige,https://sortiment.lidl.ch/de/catalog/product/view/id/18893/s/yaos-duo-joghurt-nach-griechischer-art-1800919/category/107/
Joghurt & Quark,https://sortiment.lidl.ch/de/milchprodukte-eier/joghurt-quark,LC1 Immunity DUO Joghurt,lidl.ch,2.19,https://sortiment.lidl.ch/media/catalog/product/cache/b4d8daca087e724c0fba4501ead491d0/1/8/1800917_Blutorange_PSXX.jpg,https://sortiment.lidl.ch/media/catalog/product/cache/b4d8daca087e724c0fba4501ead491d0/1/8/1800917_Mocca_PSXX.jpg,https://sortiment.lidl.ch/media/catalog/product/cache/b4d8daca087e724c0fba4501ead491d0/1/8/1800917_Vanille_PSXX.jpg,Vanille/Mocca/Blutorange Ingwer,https://sortiment.lidl.ch/de/catalog/product/view/id/18892/s/lc1-immunity-duo-joghurt-1800917/category/107/
Joghurt & Quark,https://sortiment.lidl.ch/de/milchprodukte-eier/joghurt-quark,High Protein Drink,lidl.ch,1.25,https://sortiment.lidl.ch/media/catalog/product/cache/b4d8daca087e724c0fba4501ead491d0/2/1/216192_Banane_PSXX.jpg,https://sortiment.lidl.ch/media/catalog/product/cache/b4d8daca087e724c0fba4501ead491d0/2/1/216192_Pistazie_PSXX.jpg,,"Banane, Pistazie",https://sortiment.lidl.ch/de/catalog/product/view/id/18891/s/high-protein-drink-0216192/category/107/
Joghurt & Quark,https://sortiment.lidl.ch/de/milchprodukte-eier/joghurt-quark,Joghurt Drink,lidl.ch,1.85,https://sortiment.lidl.ch/media/catalog/product/cache/b4d8daca087e724c0fba4501ead491d0/1/2/122949_ErdbeereBanane_PSXX.jpg,https://sortiment.lidl.ch/media/catalog/product/cache/b4d8daca087e724c0fba4501ead491d0/1/2/122949_Erdbeere_PSXX.jpg,https://sortiment.lidl.ch/media/catalog/product/cache/b4d8daca087e724c0fba4501ead491d0/1/2/122949_Multifrucht_PSXX.jpg,diverse Sorten,https://sortiment.lidl.ch/de/catalog/product/view/id/18890/s/joghurt-drink-0122949/category/107/
Joghurt & Quark,https://sortiment.lidl.ch/de/milchprodukte-eier/joghurt-quark,Naturjoghurt griechischer Art,lidl.ch,4.15,https://sortiment.lidl.ch/media/catalog/product/cache/b4d8daca087e724c0fba4501ead491d0/5/1/5112813_QS_GreekStyle_Nature_PSXX.jpg,,,2% Fett,https://sortiment.lidl.ch/de/catalog/product/view/id/18889/s/naturjoghurt-griechischer-art-5112813/category/107/
Joghurt & Quark,https://sortiment.lidl.ch/de/milchprodukte-eier/joghurt-quark,Naturjoghurt 0.1% Fett,lidl.ch,0.79,https://sortiment.lidl.ch/media/catalog/product/cache/b4d8daca087e724c0fba4501ead491d0/5/1/5112780_QS_Nature_PSXX.jpg,,,,https://sortiment.lidl.ch/de/catalog/product/view/id/18888/s/naturjoghurt-0-1-fett-5112780/category/107/
Joghurt & Quark,https://sortiment.lidl.ch/de/milchprodukte-eier/joghurt-quark,Quark (Aktion nur in der Deutschschweiz gültig),lidl.ch,1.49,https://sortiment.lidl.ch/media/catalog/product/cache/b4d8daca087e724c0fba4501ead491d0/5/1/5112526_Bananen_PSXX.jpg,https://sortiment.lidl.ch/media/catalog/product/cache/b4d8daca087e724c0fba4501ead491d0/5/1/5112526_Blutorange_PSXX.jpg,https://sortiment.lidl.ch/media/catalog/product/cache/b4d8daca087e724c0fba4501ead491d0/5/1/5112526_Erdbeer_PSXX.jpg,Diverse Sorten,https://sortiment.lidl.ch/de/catalog/product/view/id/18810/s/quark-5112526/category/107/
Joghurt & Quark,https://sortiment.lidl.ch/de/milchprodukte-eier/joghurt-quark,Crème fraîche laktosefrei,lidl.ch,2.69,https://sortiment.lidl.ch/media/catalog/product/cache/b4d8daca087e724c0fba4501ead491d0/5/1/5112824_CremefraicheNatureLaktosefrei_PSXX.jpg,https://sortiment.lidl.ch/media/catalog/product/cache/b4d8daca087e724c0fba4501ead491d0/5/1/5112824_CremefraicheNatureLaktosefrei_PSXX_001.jpg,,35% Fett,https://sortiment.lidl.ch/de/catalog/product/view/id/18633/s/creme-fraiche-laktosefrei-5112824/category/107/
Joghurt & Quark,https://sortiment.lidl.ch/de/milchprodukte-eier/joghurt-quark,High Protein Quarkjoghurt Creme,lidl.ch,2.59,https://sortiment.lidl.ch/media/catalog/product/cache/b4d8daca087e724c0fba4501ead491d0/1/8/187248_Cherry_PSXX.jpg,https://sortiment.lidl.ch/media/catalog/product/cache/b4d8daca087e724c0fba4501ead491d0/1/8/187248_Cherry_Top_PSXX.jpg,https://sortiment.lidl.ch/media/catalog/product/cache/b4d8daca087e724c0fba4501ead491d0/1/8/187248_Coconut_PSXX.jpg,diverse Sorten,https://sortiment.lidl.ch/de/catalog/product/view/id/18628/s/high-protein-quarkjoghurt-creme-0187248/category/107/
Joghurt & Quark,https://sortiment.lidl.ch/de/milchprodukte-eier/joghurt-quark,Barista Haferdrink,lidl.ch,1.75,https://sortiment.lidl.ch/media/catalog/product/cache/b4d8daca087e724c0fba4501ead491d0/2/0/202536_PSXX.jpg,,,,https://sortiment.lidl.ch/de/catalog/product/view/id/18382/s/barista-haferdrink-0202536/category/107/
Joghurt & Quark,https://sortiment.lidl.ch/de/milchprodukte-eier/joghurt-quark,Emmi Energy Milk High Protein,lidl.ch,3.09,https://sortiment.lidl.ch/media/catalog/product/cache/b4d8daca087e724c0fba4501ead491d0/5/1/5112971_PSXX.jpg,,,Double Zero/Strawberry-Banana,https://sortiment.lidl.ch/de/catalog/product/view/id/18285/s/emmi-energy-milk-high-protein-5112971/category/107/
Joghurt & Quark,https://sortiment.lidl.ch/de/milchprodukte-eier/joghurt-quark,Skyr Frucht,lidl.ch,2.64,https://sortiment.lidl.ch/media/catalog/product/cache/b4d8daca087e724c0fba4501ead491d0/2/2/224029_Erdbeere_PSXX.jpg,https://sortiment.lidl.ch/media/catalog/product/cache/b4d8daca087e724c0fba4501ead491d0/2/2/224029_Heidelbeere_PSXX.jpg,https://sortiment.lidl.ch/media/catalog/product/cache/b4d8daca087e724c0fba4501ead491d0/2/2/224029_Vanille_PSXX.jpg,diverse Sorten,https://sortiment.lidl.ch/de/catalog/product/view/id/18033/s/skyr-frucht-0224029/category/107/
Joghurt & Quark,https://sortiment.lidl.ch/de/milchprodukte-eier/joghurt-quark,Molkerei Lanz Naturjoghurt 3.5%,lidl.ch,2.99,https://sortiment.lidl.ch/media/catalog/product/cache/b4d8daca087e724c0fba4501ead491d0/5/1/5110746_PSXX.jpg,,,,https://sortiment.lidl.ch/de/catalog/product/view/id/17866/s/molkerei-lanz-naturjoghurt-3-5--5110746/category/107/
Joghurt & Quark,https://sortiment.lidl.ch/de/milchprodukte-eier/joghurt-quark,High Protein Crunchy Joghurt,lidl.ch,1.99,https://sortiment.lidl.ch/media/catalog/product/cache/b4d8daca087e724c0fba4501ead491d0/5/1/5112208_banana_PSXX.jpg,https://sortiment.lidl.ch/media/catalog/product/cache/b4d8daca087e724c0fba4501ead491d0/5/1/5112208_erdbeere_PSXX.jpg,,"Erdbeer, Banane",https://sortiment.lidl.ch/de/catalog/product/view/id/17861/s/high-protein-crunchy-joghurt-5112208/category/107/
Joghurt & Quark,https://sortiment.lidl.ch/de/milchprodukte-eier/joghurt-quark,Kaffeegetränk Cappucino,lidl.ch,0.68,https://sortiment.lidl.ch/media/catalog/product/cache/b4d8daca087e724c0fba4501ead491d0/1/3/135670_Cappuccino_PSXX.jpg,,,,https://sortiment.lidl.ch/de/catalog/product/view/id/17484/s/kaffeegetraenk-cappucino-0135670/category/107/
Joghurt & Quark,https://sortiment.lidl.ch/de/milchprodukte-eier/joghurt-quark,Kaffeegetränk Espresso Macchiato,lidl.ch,0.68,https://sortiment.lidl.ch/media/catalog/product/cache/b4d8daca087e724c0fba4501ead491d0/1/3/135668_Espresso_PSXX.jpg,,,,https://sortiment.lidl.ch/de/catalog/product/view/id/17483/s/kaffeegetraenk-espresso-macchiato-0135668/category/107/
Joghurt & Quark,https://sortiment.lidl.ch/de/milchprodukte-eier/joghurt-quark,"Soooo Yummy Haferdrink 3,5%",lidl.ch,1.99,https://sortiment.lidl.ch/media/catalog/product/cache/b4d8daca087e724c0fba4501ead491d0/1/8/180402_PSXX.jpg,,,,https://sortiment.lidl.ch/de/catalog/product/view/id/17471/s/soooo-yummy-haferdrink-3-5--0180402/category/107/
Joghurt & Quark,https://sortiment.lidl.ch/de/milchprodukte-eier/joghurt-quark,High Protein Kaffeegetränk,lidl.ch,0.99,https://sortiment.lidl.ch/media/catalog/product/cache/b4d8daca087e724c0fba4501ead491d0/2/0/205572_PSXX.jpg,,,,https://sortiment.lidl.ch/de/catalog/product/view/id/17315/s/high-protein-kaffeegetraenk-0205572/category/107/
Joghurt & Quark,https://sortiment.lidl.ch/de/milchprodukte-eier/joghurt-quark,Bio Schweizer Vegurt,lidl.ch,1.49,https://sortiment.lidl.ch/media/catalog/product/cache/b4d8daca087e724c0fba4501ead491d0/5/1/5112301_Choco_PSXX.jpg,https://sortiment.lidl.ch/media/catalog/product/cache/b4d8daca087e724c0fba4501ead491d0/5/1/5112301_Himbeere_PSXX.jpg,https://sortiment.lidl.ch/media/catalog/product/cache/b4d8daca087e724c0fba4501ead491d0/5/1/5112301_Mocca_PSXX.jpg,diverse Sorten,https://sortiment.lidl.ch/de/catalog/product/view/id/17309/s/bio-schweizer-vegurt-5112301/category/107/
Joghurt & Quark,https://sortiment.lidl.ch/de/milchprodukte-eier/joghurt-quark,Food in a bottle,lidl.ch,2.99,https://sortiment.lidl.ch/media/catalog/product/cache/b4d8daca087e724c0fba4501ead491d0/1/9/196805_Banana_PSXX.jpg,https://sortiment.lidl.ch/media/catalog/product/cache/b4d8daca087e724c0fba4501ead491d0/1/9/196805_Berry_PSXX.jpg,https://sortiment.lidl.ch/media/catalog/product/cache/b4d8daca087e724c0fba4501ead491d0/1/9/196805_Choco_PSXX.jpg,diverse Sorten,https://sortiment.lidl.ch/de/catalog/product/view/id/17308/s/food-in-a-bottle-0196805/category/107/
Joghurt & Quark,https://sortiment.lidl.ch/de/milchprodukte-eier/joghurt-quark,Emmi Caffé Latte double zero,lidl.ch,2.45,https://sortiment.lidl.ch/media/catalog/product/cache/b4d8daca087e724c0fba4501ead491d0/1/8/189724_DoubleZero_PSXX.jpg,,,,https://sortiment.lidl.ch/de/catalog/product/view/id/16513/s/emmi-caffe-latte-double-zero-0189724/category/107/
Joghurt & Quark,https://sortiment.lidl.ch/de/milchprodukte-eier/joghurt-quark,Bio Haferdrink,lidl.ch,1.75,https://sortiment.lidl.ch/media/catalog/product/cache/b4d8daca087e724c0fba4501ead491d0/2/0/202535_Kolli_PSXX.jpg,https://sortiment.lidl.ch/media/catalog/product/cache/b4d8daca087e724c0fba4501ead491d0/2/0/202535_PSXX.jpg,,natur,https://sortiment.lidl.ch/de/catalog/product/view/id/16480/s/bio-haferdrink-0202535/category/107/
Joghurt & Quark,https://sortiment.lidl.ch/de/milchprodukte-eier/joghurt-quark,Ayran Joghurt-Getränk,lidl.ch,0.75,https://sortiment.lidl.ch/media/catalog/product/cache/b4d8daca087e724c0fba4501ead491d0/1/2/123703_PSXX.jpg,,,Turkish Style,https://sortiment.lidl.ch/de/catalog/product/view/id/16370/s/ayran-joghurt-getraenk-0123703/category/107/
Joghurt & Quark,https://sortiment.lidl.ch/de/milchprodukte-eier/joghurt-quark,Schweizer Joghurt Birchermüesli,lidl.ch,0.65,https://sortiment.lidl.ch/media/catalog/product/cache/b4d8daca087e724c0fba4501ead491d0/5/1/5100400_QS_Birchermueesli_PSXX.jpg,,,,https://sortiment.lidl.ch/de/catalog/product/view/id/16249/s/schweizer-joghurt-birchermueesli-5100400/category/107/
Joghurt & Quark,https://sortiment.lidl.ch/de/milchprodukte-eier/joghurt-quark,Schweizer Joghurt Aprikose,lidl.ch,0.65,https://sortiment.lidl.ch/media/catalog/product/cache/b4d8daca087e724c0fba4501ead491d0/5/1/5100399_QS_Aprikose_PSXX.jpg,,,,https://sortiment.lidl.ch/de/catalog/product/view/id/16248/s/schweizer-joghurt-aprikose-5100399/category/107/
Joghurt & Quark,https://sortiment.lidl.ch/de/milchprodukte-eier/joghurt-quark,Schweizer Joghurt Erdbeere,lidl.ch,0.65,https://sortiment.lidl.ch/media/catalog/product/cache/b4d8daca087e724c0fba4501ead491d0/5/1/5100398_QS_Erdbeer_PSXX.jpg,,,,https://sortiment.lidl.ch/de/catalog/product/view/id/16247/s/schweizer-joghurt-erdbeere-5100398/category/107/
Joghurt & Quark,https://sortiment.lidl.ch/de/milchprodukte-eier/joghurt-quark,Schweizer Joghurt Haselnuss,lidl.ch,0.65,https://sortiment.lidl.ch/media/catalog/product/cache/b4d8daca087e724c0fba4501ead491d0/5/1/5100395_QS_Haselnuss_PSXX.jpg,,,,https://sortiment.lidl.ch/de/catalog/product/view/id/16246/s/schweizer-joghurt-haselnuss-5100395/category/107/
Joghurt & Quark,https://sortiment.lidl.ch/de/milchprodukte-eier/joghurt-quark,Schweizer Joghurt Himbeere,lidl.ch,0.65,https://sortiment.lidl.ch/media/catalog/product/cache/b4d8daca087e724c0fba4501ead491d0/5/1/5100394_QS_Himbeer_PSXX.jpg,,,,https://sortiment.lidl.ch/de/catalog/product/view/id/16245/s/schweizer-joghurt-himbeere-5100394/category/107/
Joghurt & Quark,https://sortiment.lidl.ch/de/milchprodukte-eier/joghurt-quark,Schweizer Joghurt Waldfrucht,lidl.ch,0.69,https://sortiment.lidl.ch/media/catalog/product/cache/b4d8daca087e724c0fba4501ead491d0/5/1/5100393_QS_Waldfrucht_PSXX.jpg,,,,https://sortiment.lidl.ch/de/catalog/product/view/id/16244/s/schweizer-joghurt-waldfrucht-5100393/category/107/
Joghurt & Quark,https://sortiment.lidl.ch/de/milchprodukte-eier/joghurt-quark,Schweizer Joghurt Vanille,lidl.ch,0.69,https://sortiment.lidl.ch/media/catalog/product/cache/b4d8daca087e724c0fba4501ead491d0/5/1/5100388_QS_Vanille_PSXX.jpg,,,,https://sortiment.lidl.ch/de/catalog/product/view/id/16243/s/schweizer-joghurt-vanille-5100388/category/107/
Joghurt & Quark,https://sortiment.lidl.ch/de/milchprodukte-eier/joghurt-quark,Schweizer Joghurt Pêche-Melba,lidl.ch,0.69,https://sortiment.lidl.ch/media/catalog/product/cache/b4d8daca087e724c0fba4501ead491d0/5/1/5100387_QS_PecheMelba_PSXX.jpg,,,,https://sortiment.lidl.ch/de/catalog/product/view/id/16242/s/schweizer-joghurt-peche-melba-5100387/category/107/
Joghurt & Quark,https://sortiment.lidl.ch/de/milchprodukte-eier/joghurt-quark,Schweizer Joghurt Heidelbeer,lidl.ch,0.65,https://sortiment.lidl.ch/media/catalog/product/cache/b4d8daca087e724c0fba4501ead491d0/5/1/5100386_QS_Heidelbeer_PSXX.jpg,,,,https://sortiment.lidl.ch/de/catalog/product/view/id/16241/s/schweizer-joghurt-heidelbeer-5100386/category/107/
Joghurt & Quark,https://sortiment.lidl.ch/de/milchprodukte-eier/joghurt-quark,Schmand,lidl.ch,2.49,https://sortiment.lidl.ch/media/catalog/product/cache/b4d8daca087e724c0fba4501ead491d0/5/1/5111785_Schmad_PSXX.jpg,,,25% Fett,https://sortiment.lidl.ch/de/catalog/product/view/id/16174/s/schmand-5111785/category/107/
Joghurt & Quark,https://sortiment.lidl.ch/de/milchprodukte-eier/joghurt-quark,DUO Fruchtquark,lidl.ch,1.19,https://sortiment.lidl.ch/media/catalog/product/cache/b4d8daca087e724c0fba4501ead491d0/5/1/5111768_QS_Aprikose_PSXX.jpg,https://sortiment.lidl.ch/media/catalog/product/cache/b4d8daca087e724c0fba4501ead491d0/5/1/5111768_QS_Banane_PSXX.jpg,https://sortiment.lidl.ch/media/catalog/product/cache/b4d8daca087e724c0fba4501ead491d0/5/1/5111768_QS_Fruchtquark_Erdbeer_PSXX.jpg,diverse Sorten,https://sortiment.lidl.ch/de/catalog/product/view/id/16146/s/duo-fruchtquark-5111768/category/107/
Joghurt & Quark,https://sortiment.lidl.ch/de/milchprodukte-eier/joghurt-quark,Kaffeegetränke,lidl.ch,0.68,https://sortiment.lidl.ch/media/catalog/product/cache/b4d8daca087e724c0fba4501ead491d0/1/8/187422_Classic_PSXX.jpg,https://sortiment.lidl.ch/media/catalog/product/cache/b4d8daca087e724c0fba4501ead491d0/1/8/187422_Light_PSXX.jpg,,Latte Macchiato / Light laktosefrei,https://sortiment.lidl.ch/de/catalog/product/view/id/16145/s/kaffeegetraenke-0187422/category/107/
Joghurt & Quark,https://sortiment.lidl.ch/de/milchprodukte-eier/joghurt-quark,Crunchy Joghurt,lidl.ch,0.69,https://sortiment.lidl.ch/media/catalog/product/cache/b4d8daca087e724c0fba4501ead491d0/1/1/110982_Banana_PSXX.jpg,https://sortiment.lidl.ch/media/catalog/product/cache/b4d8daca087e724c0fba4501ead491d0/1/1/110982_Vanilla_PSXX.jpg,https://sortiment.lidl.ch/media/catalog/product/cache/b4d8daca087e724c0fba4501ead491d0/1/1/110982_Yogurt_Chocolate_Wafer_PSXX.jpg,diverse Sorten,https://sortiment.lidl.ch/de/catalog/product/view/id/16090/s/crunchy-joghurt-0110982/category/107/
Joghurt & Quark,https://sortiment.lidl.ch/de/milchprodukte-eier/joghurt-quark,Bio vegane Joghurtalternative,lidl.ch,2.49,https://sortiment.lidl.ch/media/catalog/product/cache/b4d8daca087e724c0fba4501ead491d0/5/0/5010195_Mandel_PSXX.jpg,https://sortiment.lidl.ch/media/catalog/product/cache/b4d8daca087e724c0fba4501ead491d0/5/0/5010195_PSXX.jpg,,Kokos / Mandel,https://sortiment.lidl.ch/de/catalog/product/view/id/16088/s/bio-vegane-joghurtalternative-5010195/category/107/
Joghurt & Quark,https://sortiment.lidl.ch/de/milchprodukte-eier/joghurt-quark,L. Casei Drink,lidl.ch,3.29,https://sortiment.lidl.ch/media/catalog/product/cache/b4d8daca087e724c0fba4501ead491d0/5/0/5010595_Erdbeere_PSXX.jpg,https://sortiment.lidl.ch/media/catalog/product/cache/b4d8daca087e724c0fba4501ead491d0/5/0/5010595_Multivitamin_PSXX.jpg,,"Multifrucht, Erdbeere",https://sortiment.lidl.ch/de/catalog/product/view/id/16072/s/l-casei-drink-5010595/category/107/
Joghurt & Quark,https://sortiment.lidl.ch/de/milchprodukte-eier/joghurt-quark,Greek Style Yogurt,lidl.ch,2.65,https://sortiment.lidl.ch/media/catalog/product/cache/b4d8daca087e724c0fba4501ead491d0/1/7/171973_Heidelbeer_PSXX_Datum-weg.jpg,https://sortiment.lidl.ch/media/catalog/product/cache/b4d8daca087e724c0fba4501ead491d0/1/7/171973_Honig_PSXX.jpg,https://sortiment.lidl.ch/media/catalog/product/cache/b4d8daca087e724c0fba4501ead491d0/1/7/171973_Kokosnuss_PSXX.jpg,Diverse Sorten,https://sortiment.lidl.ch/de/catalog/product/view/id/15906/s/greek-style-yogurt-0171973/category/107/
Joghurt & Quark,https://sortiment.lidl.ch/de/milchprodukte-eier/joghurt-quark,Crème Fraîche mit Kräutern,lidl.ch,2.79,https://sortiment.lidl.ch/media/catalog/product/cache/b4d8daca087e724c0fba4501ead491d0/5/1/5110066_CremeFraiche_PSXX.jpg,,,Terra Natura,https://sortiment.lidl.ch/de/catalog/product/view/id/15783/s/creme-fraiche-mit-kraeutern-5110066/category/107/
Joghurt & Quark,https://sortiment.lidl.ch/de/milchprodukte-eier/joghurt-quark,Bio Schoko Haferdrink,lidl.ch,1.75,https://sortiment.lidl.ch/media/catalog/product/cache/b4d8daca087e724c0fba4501ead491d0/1/7/179288_PSXX.jpg,,,,https://sortiment.lidl.ch/de/catalog/product/view/id/15699/s/bio-schoko-haferdrink-0179288/category/107/
Joghurt & Quark,https://sortiment.lidl.ch/de/milchprodukte-eier/joghurt-quark,Bio Naturjoghurt griechischer Art,lidl.ch,1.85,https://sortiment.lidl.ch/media/catalog/product/cache/b4d8daca087e724c0fba4501ead491d0/5/1/5110751_QS_Bio_Griechischer_Joghurt_PSXX.jpg,,,,https://sortiment.lidl.ch/de/catalog/product/view/id/15605/s/bio-naturjoghurt-griechischer-art-5110751/category/107/
Joghurt & Quark,https://sortiment.lidl.ch/de/milchprodukte-eier/joghurt-quark,Sojacrème,lidl.ch,1.69,https://sortiment.lidl.ch/media/catalog/product/cache/b4d8daca087e724c0fba4501ead491d0/1/6/165197_Blueberry_PSXX.jpg,https://sortiment.lidl.ch/media/catalog/product/cache/b4d8daca087e724c0fba4501ead491d0/1/6/165197_Classic_PSXX.jpg,https://sortiment.lidl.ch/media/catalog/product/cache/b4d8daca087e724c0fba4501ead491d0/1/6/165197_Vanille_PSXX.jpg,diverse Sorten,https://sortiment.lidl.ch/de/catalog/product/view/id/15114/s/sojacreme-0165197/category/107/
Joghurt & Quark,https://sortiment.lidl.ch/de/milchprodukte-eier/joghurt-quark,Magerquark,lidl.ch,1.25,https://sortiment.lidl.ch/media/catalog/product/cache/b4d8daca087e724c0fba4501ead491d0/5/1/5106470_QS_PSXX.jpg,,,,https://sortiment.lidl.ch/de/catalog/product/view/id/14867/s/magerquark-5106470/category/107/
Joghurt & Quark,https://sortiment.lidl.ch/de/milchprodukte-eier/joghurt-quark,Bio Crunchy Joghurt,lidl.ch,1.99,https://sortiment.lidl.ch/media/catalog/product/cache/b4d8daca087e724c0fba4501ead491d0/5/1/5109764_Erdbeer_Fruechtemuesli_PSXX.jpg,https://sortiment.lidl.ch/media/catalog/product/cache/b4d8daca087e724c0fba4501ead491d0/5/1/5109764_Waldbeere_PSXX.jpg,https://sortiment.lidl.ch/media/catalog/product/cache/b4d8daca087e724c0fba4501ead491d0/5/1/5109764_Zwetschge_Zimt_PSXX.jpg,diverse Sorten,https://sortiment.lidl.ch/de/catalog/product/view/id/14788/s/bio-crunchy-joghurt-5109764/category/107/
Joghurt & Quark,https://sortiment.lidl.ch/de/milchprodukte-eier/joghurt-quark,Bio Bifidus Naturjoghurt 3.5%,lidl.ch,1.59,https://sortiment.lidl.ch/media/catalog/product/cache/b4d8daca087e724c0fba4501ead491d0/5/1/5109758_QS_Bio_Bifidus_Joghurt_Nature_PSXX.jpg,,,,https://sortiment.lidl.ch/de/catalog/product/view/id/14760/s/bio-bifidus-naturjoghurt-3-5--5109758/category/107/
Joghurt & Quark,https://sortiment.lidl.ch/de/milchprodukte-eier/joghurt-quark,High Protein Drink,lidl.ch,1.25,https://sortiment.lidl.ch/media/catalog/product/cache/b4d8daca087e724c0fba4501ead491d0/5/0/5007051_Schoko_PSXX_1.jpg,https://sortiment.lidl.ch/media/catalog/product/cache/b4d8daca087e724c0fba4501ead491d0/5/0/5007051_Vanille_PSXX_1.jpg,,Vanille / Schokolade,https://sortiment.lidl.ch/de/catalog/product/view/id/14375/s/high-protein-drink-5007051/category/107/
Joghurt & Quark,https://sortiment.lidl.ch/de/milchprodukte-eier/joghurt-quark,Bio Magerquark,lidl.ch,0.99,,,,,https://sortiment.lidl.ch/de/catalog/product/view/id/14365/s/bio-magerquark-5109748/category/107/
Joghurt & Quark,https://sortiment.lidl.ch/de/milchprodukte-eier/joghurt-quark,Bio Crème Fraîche,lidl.ch,2.89,https://sortiment.lidl.ch/media/catalog/product/cache/b4d8daca087e724c0fba4501ead491d0/5/1/5108474_QS_Bio_Creme_Fraiche_PSXX.jpg,,,35% Fett,https://sortiment.lidl.ch/de/catalog/product/view/id/14363/s/bio-creme-fraiche-5108474/category/107/
Joghurt & Quark,https://sortiment.lidl.ch/de/milchprodukte-eier/joghurt-quark,Bio Kokoscrème,lidl.ch,1.15,https://sortiment.lidl.ch/media/catalog/product/cache/b4d8daca087e724c0fba4501ead491d0/5/5/5526609_Mango_PSXX_1.jpg,https://sortiment.lidl.ch/media/catalog/product/cache/b4d8daca087e724c0fba4501ead491d0/5/5/5526609_Nature_PSXX_1.jpg,https://sortiment.lidl.ch/media/catalog/product/cache/b4d8daca087e724c0fba4501ead491d0/5/5/5526609_Pfirsich_PSXX_1.jpg,diverse Sorten,https://sortiment.lidl.ch/de/catalog/product/view/id/14269/s/bio-kokoscreme-5526609/category/107/
Joghurt & Quark,https://sortiment.lidl.ch/de/milchprodukte-eier/joghurt-quark,Fruchtjoghurt 3.5% Laktosefrei,lidl.ch,0.62,https://sortiment.lidl.ch/media/catalog/product/cache/b4d8daca087e724c0fba4501ead491d0/5/1/5109770_QS_freefrom_Erdbeer_PSXX.jpg,https://sortiment.lidl.ch/media/catalog/product/cache/b4d8daca087e724c0fba4501ead491d0/5/1/5109770_QS_freefrom_Mocca_PSXX.jpg,https://sortiment.lidl.ch/media/catalog/product/cache/b4d8daca087e724c0fba4501ead491d0/5/1/5109770_QS_freefrom_Nature_PSXX.jpg,diverse Sorten,https://sortiment.lidl.ch/de/catalog/product/view/id/14266/s/fruchtjoghurt-3-5-laktosefrei-5109770/category/107/
Joghurt & Quark,https://sortiment.lidl.ch/de/milchprodukte-eier/joghurt-quark,High Protein Fruchtquark,lidl.ch,1.35,https://sortiment.lidl.ch/media/catalog/product/cache/b4d8daca087e724c0fba4501ead491d0/1/5/150835_Pfirsich_PSXX.jpg,https://sortiment.lidl.ch/media/catalog/product/cache/b4d8daca087e724c0fba4501ead491d0/1/5/150835_raspberry_PSXX_1.jpg,https://sortiment.lidl.ch/media/catalog/product/cache/b4d8daca087e724c0fba4501ead491d0/1/5/150835_strawberry_PSXX_1.jpg,Vanille / Frucht,https://sortiment.lidl.ch/de/catalog/product/view/id/14264/s/high-protein-fruchtquark-0150835/category/107/
Joghurt & Quark,https://sortiment.lidl.ch/de/milchprodukte-eier/joghurt-quark,Bio Bifidus Naturjoghurt 3.5%,lidl.ch,0.75,https://sortiment.lidl.ch/media/catalog/product/cache/b4d8daca087e724c0fba4501ead491d0/5/1/5109759_QS_Bio_Bifidus_Naturjoghurt_PSXX.jpg,,,,https://sortiment.lidl.ch/de/catalog/product/view/id/14259/s/bio-bifidus-naturjoghurt-3-5--5109759/category/107/
Joghurt & Quark,https://sortiment.lidl.ch/de/milchprodukte-eier/joghurt-quark,High Protein Joghurt,lidl.ch,1.45,https://sortiment.lidl.ch/media/catalog/product/cache/b4d8daca087e724c0fba4501ead491d0/1/5/150828_Blueberry_PSXX_1.jpg,https://sortiment.lidl.ch/media/catalog/product/cache/b4d8daca087e724c0fba4501ead491d0/1/5/150828_HighProteinJaghurtKokosnuss_PSXX.jpg,https://sortiment.lidl.ch/media/catalog/product/cache/b4d8daca087e724c0fba4501ead491d0/1/5/150828_Raspberry_PSXX_1.jpg,"laktosefrei, diverse Sorten",https://sortiment.lidl.ch/de/catalog/product/view/id/14095/s/high-protein-joghurt-0150828/category/107/
Joghurt & Quark,https://sortiment.lidl.ch/de/milchprodukte-eier/joghurt-quark,Sommerfrucht Joghurt 3.5%,lidl.ch,0.69,https://sortiment.lidl.ch/media/catalog/product/cache/b4d8daca087e724c0fba4501ead491d0/2/3/2330_QS_Sommerfruchtjoghurt_Holunderblueten_200g_PSXX.jpg,,,diverse Sorten,https://sortiment.lidl.ch/de/catalog/product/view/id/13944/s/sommerfrucht-joghurt-3-5--0002330/category/107/
Joghurt & Quark,https://sortiment.lidl.ch/de/milchprodukte-eier/joghurt-quark,Müllermilch,lidl.ch,1.79,https://sortiment.lidl.ch/media/catalog/product/cache/b4d8daca087e724c0fba4501ead491d0/2/4/2474_Banane_PSXX.jpg,https://sortiment.lidl.ch/media/catalog/product/cache/b4d8daca087e724c0fba4501ead491d0/2/4/2474_Cookies_and_Cream_PSXX.jpg,https://sortiment.lidl.ch/media/catalog/product/cache/b4d8daca087e724c0fba4501ead491d0/2/4/2474_Erdbeere_PSXX.jpg,diverse Sorten,https://sortiment.lidl.ch/de/catalog/product/view/id/13704/s/muellermilch-0002474/category/107/
Joghurt & Quark,https://sortiment.lidl.ch/de/milchprodukte-eier/joghurt-quark,Naturjoghurt griechischer Art,lidl.ch,4.15,https://sortiment.lidl.ch/media/catalog/product/cache/b4d8daca087e724c0fba4501ead491d0/6/7/6714_QS_Joghurt_Griechischer_PSXX.jpg,,,stichfest,https://sortiment.lidl.ch/de/catalog/product/view/id/13649/s/naturjoghurt-griechischer-art-0006714/category/107/
Joghurt & Quark,https://sortiment.lidl.ch/de/milchprodukte-eier/joghurt-quark,Bifidus Drink,lidl.ch,1.95,https://sortiment.lidl.ch/media/catalog/product/cache/b4d8daca087e724c0fba4501ead491d0/5/1/5107523_Mango_PSXX_1.jpg,https://sortiment.lidl.ch/media/catalog/product/cache/b4d8daca087e724c0fba4501ead491d0/5/1/5107523_erdbeer_PSXX.jpg,https://sortiment.lidl.ch/media/catalog/product/cache/b4d8daca087e724c0fba4501ead491d0/5/1/5107523_mokka_PSXX.jpg,diverse Sorten,https://sortiment.lidl.ch/de/catalog/product/view/id/13082/s/bifidus-drink-5107523/category/107/
Joghurt & Quark,https://sortiment.lidl.ch/de/milchprodukte-eier/joghurt-quark,Emmi Energy Milk High Protein Drink,lidl.ch,2.85,https://sortiment.lidl.ch/media/catalog/product/cache/b4d8daca087e724c0fba4501ead491d0/5/1/5107289_PSXX_1.jpg,,,Strawberry,https://sortiment.lidl.ch/de/catalog/product/view/id/13081/s/emmi-energy-milk-high-protein-drink-5107289/category/107/
Joghurt & Quark,https://sortiment.lidl.ch/de/milchprodukte-eier/joghurt-quark,Emmi Energy Milk High Protein Drink,lidl.ch,2.85,https://sortiment.lidl.ch/media/catalog/product/cache/b4d8daca087e724c0fba4501ead491d0/5/1/5107288_PSXX_1.jpg,,,Vanilla,https://sortiment.lidl.ch/de/catalog/product/view/id/13080/s/emmi-energy-milk-high-protein-drink-5107288/category/107/
Joghurt & Quark,https://sortiment.lidl.ch/de/milchprodukte-eier/joghurt-quark,Danone Actimel Drink,lidl.ch,7.99,https://sortiment.lidl.ch/media/catalog/product/cache/b4d8daca087e724c0fba4501ead491d0/3/8/3855_Erdbeere_PSXX.jpg,https://sortiment.lidl.ch/media/catalog/product/cache/b4d8daca087e724c0fba4501ead491d0/3/8/3855_Multifrucht_PSXX.jpg,,"Multifrucht, Erdbeere",https://sortiment.lidl.ch/de/catalog/product/view/id/13074/s/danone-actimel-drink-0003855/category/107/
Joghurt & Quark,https://sortiment.lidl.ch/de/milchprodukte-eier/joghurt-quark,Emmi Caffè Latte,lidl.ch,2.15,https://sortiment.lidl.ch/media/catalog/product/cache/b4d8daca087e724c0fba4501ead491d0/1/6/1658_Cappuccino_PSXX.jpg,https://sortiment.lidl.ch/media/catalog/product/cache/b4d8daca087e724c0fba4501ead491d0/1/6/1658_Macchiato_PSXX.jpg,,diverse Sorten,https://sortiment.lidl.ch/de/catalog/product/view/id/13073/s/emmi-caffe-latte-0001658/category/107/
Joghurt & Quark,https://sortiment.lidl.ch/de/milchprodukte-eier/joghurt-quark,Molkerei Forster Naturejoghurt 3.5%,lidl.ch,2.99,https://sortiment.lidl.ch/media/catalog/product/cache/b4d8daca087e724c0fba4501ead491d0/5/1/5106098_PSXX_1.jpg,,,,https://sortiment.lidl.ch/de/catalog/product/view/id/13065/s/molkerei-forster-naturejoghurt-3-5--5106098/category/107/
Joghurt & Quark,https://sortiment.lidl.ch/de/milchprodukte-eier/joghurt-quark,Naturjoghurt griechischer Art,lidl.ch,2.15,https://sortiment.lidl.ch/media/catalog/product/cache/b4d8daca087e724c0fba4501ead491d0/5/1/5104016_QS_PSXX.jpg,,,,https://sortiment.lidl.ch/de/catalog/product/view/id/13064/s/naturjoghurt-griechischer-art-5104016/category/107/
Joghurt & Quark,https://sortiment.lidl.ch/de/milchprodukte-eier/joghurt-quark,Bio Naturjoghurt 3.5%,lidl.ch,1.29,https://sortiment.lidl.ch/media/catalog/product/cache/b4d8daca087e724c0fba4501ead491d0/2/6/2634_QS_Bio_Naturjoghurt_PSXX.jpg,,,,https://sortiment.lidl.ch/de/catalog/product/view/id/13061/s/bio-naturjoghurt-3-5--0002634/category/107/
Joghurt & Quark,https://sortiment.lidl.ch/de/milchprodukte-eier/joghurt-quark,Naturjoghurt 3.5% stichfest,lidl.ch,0.45,https://sortiment.lidl.ch/media/catalog/product/cache/b4d8daca087e724c0fba4501ead491d0/2/1/2197_QS_Joghurt_Nature_PSXX.jpg,,,,https://sortiment.lidl.ch/de/catalog/product/view/id/13060/s/naturjoghurt-3-5-stichfest-0002197/category/107/
Joghurt & Quark,https://sortiment.lidl.ch/de/milchprodukte-eier/joghurt-quark,Naturjoghurt 3.5%,lidl.ch,1.15,https://sortiment.lidl.ch/media/catalog/product/cache/b4d8daca087e724c0fba4501ead491d0/1/5/1547_QS_Mild_Nature_PSXX.jpg,,,,https://sortiment.lidl.ch/de/catalog/product/view/id/13059/s/naturjoghurt-3-5--0001547/category/107/
Joghurt & Quark,https://sortiment.lidl.ch/de/milchprodukte-eier/joghurt-quark,"Naturjoghurt 1,5%",lidl.ch,0.79,https://sortiment.lidl.ch/media/catalog/product/cache/b4d8daca087e724c0fba4501ead491d0/1/5/1546_QS_PSXX.jpg,,,,https://sortiment.lidl.ch/de/catalog/product/view/id/13058/s/naturjoghurt-1-5--0001546/category/107/
Joghurt & Quark,https://sortiment.lidl.ch/de/milchprodukte-eier/joghurt-quark,Emmi Mix it,lidl.ch,1.85,https://sortiment.lidl.ch/media/catalog/product/cache/b4d8daca087e724c0fba4501ead491d0/5/1/5107286_Amarena_PSXX_1.jpg,https://sortiment.lidl.ch/media/catalog/product/cache/b4d8daca087e724c0fba4501ead491d0/5/1/5107286_Waldbeeren_PSXX_1.jpg,,Waldbeeren/Amarena,https://sortiment.lidl.ch/de/catalog/product/view/id/13057/s/emmi-mix-it-5107286/category/107/
Joghurt & Quark,https://sortiment.lidl.ch/de/milchprodukte-eier/joghurt-quark,Duo Emmi Joghurt Pur,lidl.ch,2.19,https://sortiment.lidl.ch/media/catalog/product/cache/b4d8daca087e724c0fba4501ead491d0/5/1/5105602_Erdbeer_PSXX.jpg,https://sortiment.lidl.ch/media/catalog/product/cache/b4d8daca087e724c0fba4501ead491d0/5/1/5105602_Himbeer_PSXX.jpg,,"Erdbeer, Himbeer",https://sortiment.lidl.ch/de/catalog/product/view/id/13055/s/duo-emmi-joghurt-pur-5105602/category/107/
Joghurt & Quark,https://sortiment.lidl.ch/de/milchprodukte-eier/joghurt-quark,Skyr fruchtunterlegt,lidl.ch,0.99,https://sortiment.lidl.ch/media/catalog/product/cache/b4d8daca087e724c0fba4501ead491d0/1/1/115680_Erdbeere_PSXX_1.jpg,https://sortiment.lidl.ch/media/catalog/product/cache/b4d8daca087e724c0fba4501ead491d0/1/1/115680_Heidelbeere_PSXX_1.jpg,https://sortiment.lidl.ch/media/catalog/product/cache/b4d8daca087e724c0fba4501ead491d0/1/1/115680_Himbeere_PSXX_1.jpg,diverse Sorten,https://sortiment.lidl.ch/de/catalog/product/view/id/13053/s/skyr-fruchtunterlegt-0115680/category/107/
Joghurt & Quark,https://sortiment.lidl.ch/de/milchprodukte-eier/joghurt-quark,Rahmjoghurt mild,lidl.ch,0.95,https://sortiment.lidl.ch/media/catalog/product/cache/b4d8daca087e724c0fba4501ead491d0/3/6/36270_01_PSXX.jpg,https://sortiment.lidl.ch/media/catalog/product/cache/b4d8daca087e724c0fba4501ead491d0/3/6/36270_02_PSXX.jpg,https://sortiment.lidl.ch/media/catalog/product/cache/b4d8daca087e724c0fba4501ead491d0/3/6/36270_03_PSXX.jpg,diverse Sorten,https://sortiment.lidl.ch/de/catalog/product/view/id/13050/s/rahmjoghurt-mild-0036270/category/107/
Joghurt & Quark,https://sortiment.lidl.ch/de/milchprodukte-eier/joghurt-quark,"Fruchtjoghurt 0,1%",lidl.ch,0.42,https://sortiment.lidl.ch/media/catalog/product/cache/b4d8daca087e724c0fba4501ead491d0/2/8/28624_Blueberry_PSXX.jpg,https://sortiment.lidl.ch/media/catalog/product/cache/b4d8daca087e724c0fba4501ead491d0/2/8/28624_Peach_PSXX.jpg,https://sortiment.lidl.ch/media/catalog/product/cache/b4d8daca087e724c0fba4501ead491d0/2/8/28624_SourCherry_PSXX_1.jpg,diverse Sorten,https://sortiment.lidl.ch/de/catalog/product/view/id/13048/s/fruchtjoghurt-0-1--0028624/category/107/
Joghurt & Quark,https://sortiment.lidl.ch/de/milchprodukte-eier/joghurt-quark,Cremiges Joghurt 5%,lidl.ch,2.75,https://sortiment.lidl.ch/media/catalog/product/cache/b4d8daca087e724c0fba4501ead491d0/1/2/12211_01_PSXX.jpg,https://sortiment.lidl.ch/media/catalog/product/cache/b4d8daca087e724c0fba4501ead491d0/1/2/12211_02_PSXX.jpg,https://sortiment.lidl.ch/media/catalog/product/cache/b4d8daca087e724c0fba4501ead491d0/1/2/12211_03_PSXX.jpg,diverse Sorten,https://sortiment.lidl.ch/de/catalog/product/view/id/13047/s/cremiges-joghurt-5--0012211/category/107/
Joghurt & Quark,https://sortiment.lidl.ch/de/milchprodukte-eier/joghurt-quark,Bio Joghurt,lidl.ch,0.79,https://sortiment.lidl.ch/media/catalog/product/cache/b4d8daca087e724c0fba4501ead491d0/3/3/3351_QS_Bio_Fruchtjoghurt_Aprikose_PSXX.jpg,https://sortiment.lidl.ch/media/catalog/product/cache/b4d8daca087e724c0fba4501ead491d0/3/3/3351_QS_Bio_Fruchtjoghurt_Erdbeer_PSXX.jpg,https://sortiment.lidl.ch/media/catalog/product/cache/b4d8daca087e724c0fba4501ead491d0/3/3/3351_QS_Bio_Fruchtjoghurt_Mango_PSXX.jpg,Diverse Sorten,https://sortiment.lidl.ch/de/catalog/product/view/id/13046/s/bio-joghurt-0003351/category/107/
Joghurt & Quark,https://sortiment.lidl.ch/de/milchprodukte-eier/joghurt-quark,Fruchtjoghurt griechischer Art,lidl.ch,0.89,https://sortiment.lidl.ch/media/catalog/product/cache/b4d8daca087e724c0fba4501ead491d0/2/6/2693_QS_Joghurt_Griechischer_Feigen_PSXX.jpg,https://sortiment.lidl.ch/media/catalog/product/cache/b4d8daca087e724c0fba4501ead491d0/2/6/2693_QS_Joghurt_Griechischer_HonigBaumnuss_PSXX.jpg,https://sortiment.lidl.ch/media/catalog/product/cache/b4d8daca087e724c0fba4501ead491d0/2/6/2693_QS_Joghurt_Griechischer_Honig_PSXX.jpg,diverse Sorten,https://sortiment.lidl.ch/de/catalog/product/view/id/13044/s/fruchtjoghurt-griechischer-art-0002693/category/107/
Joghurt & Quark,https://sortiment.lidl.ch/de/milchprodukte-eier/joghurt-quark,Bio Fruchtjoghurt,lidl.ch,0.79,https://sortiment.lidl.ch/media/catalog/product/cache/b4d8daca087e724c0fba4501ead491d0/2/2/2263_Bio_Fruchtjoghurt_Brombeere_PSXX.jpg,https://sortiment.lidl.ch/media/catalog/product/cache/b4d8daca087e724c0fba4501ead491d0/2/2/2263_QS_Bio_Fruchtjoghurt_Heidelbeere_PSXX.jpg,https://sortiment.lidl.ch/media/catalog/product/cache/b4d8daca087e724c0fba4501ead491d0/2/2/2263_QS_Bio_Fruchtjoghurt_Himbeere_PSXX.jpg,Schokolade / Frucht,https://sortiment.lidl.ch/de/catalog/product/view/id/13042/s/bio-fruchtjoghurt-0002263/category/107/
Joghurt & Quark,https://sortiment.lidl.ch/de/milchprodukte-eier/joghurt-quark,Danone Activia,lidl.ch,3.75,https://sortiment.lidl.ch/media/catalog/product/cache/b4d8daca087e724c0fba4501ead491d0/3/5/3512_Classic_PSXX.jpg,https://sortiment.lidl.ch/media/catalog/product/cache/b4d8daca087e724c0fba4501ead491d0/3/5/3512_Erdbeere_PSXX.jpg,,Erdbeere/Classic,https://sortiment.lidl.ch/de/catalog/product/view/id/13035/s/danone-activia-0003512/category/107/
Joghurt & Quark,https://sortiment.lidl.ch/de/milchprodukte-eier/joghurt-quark,Danone Activia,lidl.ch,3.75,https://sortiment.lidl.ch/media/catalog/product/cache/b4d8daca087e724c0fba4501ead491d0/3/5/3511_Cerealien_PSXX_1.jpg,https://sortiment.lidl.ch/media/catalog/product/cache/b4d8daca087e724c0fba4501ead491d0/3/5/3511_PSXX.jpg,,Pfirsich-Maracuja/Cerealien,https://sortiment.lidl.ch/de/catalog/product/view/id/13034/s/danone-activia-0003511/category/107/
Joghurt & Quark,https://sortiment.lidl.ch/de/milchprodukte-eier/joghurt-quark,Schweizer Joghurt Schokolade,lidl.ch,0.54,https://sortiment.lidl.ch/media/catalog/product/cache/b4d8daca087e724c0fba4501ead491d0/2/3/2329_QS_Joghurt_Schoko_PSXX.jpg,,,stichfest,https://sortiment.lidl.ch/de/catalog/product/view/id/13029/s/schweizer-joghurt-schokolade-0002329/category/107/
Joghurt & Quark,https://sortiment.lidl.ch/de/milchprodukte-eier/joghurt-quark,Schweizer Joghurt Mokka,lidl.ch,0.54,https://sortiment.lidl.ch/media/catalog/product/cache/b4d8daca087e724c0fba4501ead491d0/2/3/2324_QS_Mocca_PSXX.jpg,,,stichfest,https://sortiment.lidl.ch/de/catalog/product/view/id/13028/s/schweizer-joghurt-mokka-0002324/category/107/
Joghurt & Quark,https://sortiment.lidl.ch/de/milchprodukte-eier/joghurt-quark,"Fruchtquark 0,2%",lidl.ch,1.85,https://sortiment.lidl.ch/media/catalog/product/cache/b4d8daca087e724c0fba4501ead491d0/1/2/12250_Erdbeere_PSXX.jpg,https://sortiment.lidl.ch/media/catalog/product/cache/b4d8daca087e724c0fba4501ead491d0/1/2/12250_Pfirsich_PSXX.jpg,https://sortiment.lidl.ch/media/catalog/product/cache/b4d8daca087e724c0fba4501ead491d0/1/2/12250_Vanille_PSXX.jpg,diverse Sorten,https://sortiment.lidl.ch/de/catalog/product/view/id/13024/s/fruchtquark-0-2--0012250/category/107/
Joghurt & Quark,https://sortiment.lidl.ch/de/milchprodukte-eier/joghurt-quark,Fruit King 2 in 1,lidl.ch,1.89,https://sortiment.lidl.ch/media/catalog/product/cache/b4d8daca087e724c0fba4501ead491d0/1/1/115237_01_PSXX.jpg,https://sortiment.lidl.ch/media/catalog/product/cache/b4d8daca087e724c0fba4501ead491d0/1/1/115237_02_PSXX.jpg,,Erdbeer-Banane / Himbeer-Vanille,https://sortiment.lidl.ch/de/catalog/product/view/id/13023/s/fruit-king-2-in-1-0115237/category/107/
Joghurt & Quark,https://sortiment.lidl.ch/de/milchprodukte-eier/joghurt-quark,"Quark 0,2% nature",lidl.ch,1.85,https://sortiment.lidl.ch/media/catalog/product/cache/b4d8daca087e724c0fba4501ead491d0/7/3/73996_PSXX.jpg,,,,https://sortiment.lidl.ch/de/catalog/product/view/id/13021/s/quark-0-2-nature-0073996/category/107/
Joghurt & Quark,https://sortiment.lidl.ch/de/milchprodukte-eier/joghurt-quark,Fruit King,lidl.ch,1.99,https://sortiment.lidl.ch/media/catalog/product/cache/b4d8daca087e724c0fba4501ead491d0/2/1/21286_PSXX.jpg,,,Banane/Erdbeere/Aprikose,https://sortiment.lidl.ch/de/catalog/product/view/id/13020/s/fruit-king-0021286/category/107/
Joghurt & Quark,https://sortiment.lidl.ch/de/milchprodukte-eier/joghurt-quark,Danone Fruchtzwerge,lidl.ch,3.09,https://sortiment.lidl.ch/media/catalog/product/cache/b4d8daca087e724c0fba4501ead491d0/3/4/3445_PSXX.jpg,,,diverse Sorten,https://sortiment.lidl.ch/de/catalog/product/view/id/13019/s/danone-fruchtzwerge-0003445/category/107/
Joghurt & Quark,https://sortiment.lidl.ch/de/milchprodukte-eier/joghurt-quark,Crème fraîche nature,lidl.ch,2.19,https://sortiment.lidl.ch/media/catalog/product/cache/b4d8daca087e724c0fba4501ead491d0/2/3/2384_QS_CremeFraiche_PSXX.jpg,,,35% Fett,https://sortiment.lidl.ch/de/catalog/product/view/id/11326/s/creme-fraiche-nature-0002384/category/107/
Joghurt & Quark,https://sortiment.lidl.ch/de/milchprodukte-eier/joghurt-quark,Saurer Halbrahm,lidl.ch,1.65,https://sortiment.lidl.ch/media/catalog/product/cache/b4d8daca087e724c0fba4501ead491d0/2/3/2383_QS_Saurer_Halbrahm_PSXX.jpg,,,15% Fett,https://sortiment.lidl.ch/de/catalog/product/view/id/11325/s/saurer-halbrahm-0002383/category/107/
Joghurt & Quark,https://sortiment.lidl.ch/de/milchprodukte-eier/joghurt-quark,Rama Cremefine zum Kochen,lidl.ch,1.79,https://sortiment.lidl.ch/media/catalog/product/cache/b4d8daca087e724c0fba4501ead491d0/1/4/1472_PSXX.jpg,,,15% Fett,https://sortiment.lidl.ch/de/catalog/product/view/id/11324/s/rama-cremefine-zum-kochen-0001472/category/107/
Joghurt & Quark,https://sortiment.lidl.ch/de/milchprodukte-eier/joghurt-quark,Choco-Drink,lidl.ch,0.55,https://sortiment.lidl.ch/media/catalog/product/cache/b4d8daca087e724c0fba4501ead491d0/5/3/5350_QS_Milchgetraenk_mit_Schokolade_PSXX.jpg,,,UHT,https://sortiment.lidl.ch/de/catalog/product/view/id/11229/s/choco-drink-0005350/category/107/
Joghurt & Quark,https://sortiment.lidl.ch/de/milchprodukte-eier/joghurt-quark,Choco-Drink,lidl.ch,0.95,https://sortiment.lidl.ch/media/catalog/product/cache/b4d8daca087e724c0fba4501ead491d0/1/5/1574_Choco_Drink_PSXX.jpg,,,UHT,https://sortiment.lidl.ch/de/catalog/product/view/id/11228/s/choco-drink-0001574/category/107/
Snacks,https://sortiment.lidl.ch/de/milchprodukte-eier/snacks,Mousse Dessert im Glas,lidl.ch,1.99,,,,Pistazie / Gianduja,https://sortiment.lidl.ch/de/catalog/product/view/id/21477/s/mousse-dessert-im-glas-6018906/category/108/
Snacks,https://sortiment.lidl.ch/de/milchprodukte-eier/snacks,Profiteroles / Tiramisu,lidl.ch,3.79,https://sortiment.lidl.ch/media/catalog/product/cache/b4d8daca087e724c0fba4501ead491d0/1/0/1012751_Profiteroles_PSXX.jpg,https://sortiment.lidl.ch/media/catalog/product/cache/b4d8daca087e724c0fba4501ead491d0/1/0/1012751_Tiramisu_PSXX.jpg,,Family-Pack,https://sortiment.lidl.ch/de/catalog/product/view/id/21283/s/profiteroles-tiramisu-1012751/category/108/
Snacks,https://sortiment.lidl.ch/de/milchprodukte-eier/snacks,High Protein Porridge,lidl.ch,1.79,https://sortiment.lidl.ch/media/catalog/product/cache/b4d8daca087e724c0fba4501ead491d0/5/1/5113701_PSXX.jpg,,,laktosefrei,https://sortiment.lidl.ch/de/catalog/product/view/id/20945/s/high-protein-porridge-5113701/category/108/
Snacks,https://sortiment.lidl.ch/de/milchprodukte-eier/snacks,Schokocrème mit Meringues,lidl.ch,1.69,,,,,https://sortiment.lidl.ch/de/catalog/product/view/id/20865/s/schokocreme-mit-meringues-5113700/category/108/
Snacks,https://sortiment.lidl.ch/de/milchprodukte-eier/snacks,High Protein Quarkriegel,lidl.ch,0.99,https://sortiment.lidl.ch/media/catalog/product/cache/b4d8daca087e724c0fba4501ead491d0/7/6/7606090_01_PSXX.jpg,https://sortiment.lidl.ch/media/catalog/product/cache/b4d8daca087e724c0fba4501ead491d0/7/6/7606090_02_PSXX.jpg,,"Classic, Salted Caramel",https://sortiment.lidl.ch/de/catalog/product/view/id/19471/s/high-protein-quarkriegel-7606090/category/108/
Snacks,https://sortiment.lidl.ch/de/milchprodukte-eier/snacks,High Protein Pudding mit Sahne,lidl.ch,3.99,https://sortiment.lidl.ch/media/catalog/product/cache/b4d8daca087e724c0fba4501ead491d0/1/9/196817_Choco_PSXX.jpg,https://sortiment.lidl.ch/media/catalog/product/cache/b4d8daca087e724c0fba4501ead491d0/1/9/196817_Vanille_PSXX.jpg,,Schoko / Vanille,https://sortiment.lidl.ch/de/catalog/product/view/id/19164/s/high-protein-pudding-mit-sahne-0196817/category/108/
Snacks,https://sortiment.lidl.ch/de/milchprodukte-eier/snacks,High Protein Pudding 2-in-1,lidl.ch,1.39,https://sortiment.lidl.ch/media/catalog/product/cache/b4d8daca087e724c0fba4501ead491d0/1/9/196898_Caramel_PSXX.jpg,https://sortiment.lidl.ch/media/catalog/product/cache/b4d8daca087e724c0fba4501ead491d0/1/9/196898_Caramel_Top_PSXX.jpg,https://sortiment.lidl.ch/media/catalog/product/cache/b4d8daca087e724c0fba4501ead491d0/1/9/196898_Vanille_PSXX.jpg,"laktosefrei, Schoko&Vani./ Schoko&Karam.",https://sortiment.lidl.ch/de/catalog/product/view/id/18629/s/high-protein-pudding-2-in-1-0196898/category/108/
Snacks,https://sortiment.lidl.ch/de/milchprodukte-eier/snacks,Kidsworld Dessert mit Überraschung,lidl.ch,1.65,https://sortiment.lidl.ch/media/catalog/product/cache/b4d8daca087e724c0fba4501ead491d0/1/8/1800570_01_PSXX.jpg,https://sortiment.lidl.ch/media/catalog/product/cache/b4d8daca087e724c0fba4501ead491d0/1/8/1800570_02_PSXX.jpg,https://sortiment.lidl.ch/media/catalog/product/cache/b4d8daca087e724c0fba4501ead491d0/1/8/1800570_03_PSXX.jpg,,https://sortiment.lidl.ch/de/catalog/product/view/id/18069/s/kidsworld-dessert-mit-ueberraschung-1800570/category/108/
Snacks,https://sortiment.lidl.ch/de/milchprodukte-eier/snacks,Tartufo / Coppa cappucci,lidl.ch,1.99,https://sortiment.lidl.ch/media/catalog/product/cache/b4d8daca087e724c0fba4501ead491d0/7/7/77845_Coppa_cappuccino_PSXX.jpg,https://sortiment.lidl.ch/media/catalog/product/cache/b4d8daca087e724c0fba4501ead491d0/7/7/77845_Tartufo_PSXX.jpg,,"Schokolade, Kaffee",https://sortiment.lidl.ch/de/catalog/product/view/id/16963/s/tartufo-coppa-cappucci-0077845/category/108/
Snacks,https://sortiment.lidl.ch/de/milchprodukte-eier/snacks,Ricotta Dessert,lidl.ch,1.99,https://sortiment.lidl.ch/media/catalog/product/cache/b4d8daca087e724c0fba4501ead491d0/6/0/6013621_Himbeere_PSXX.jpg,https://sortiment.lidl.ch/media/catalog/product/cache/b4d8daca087e724c0fba4501ead491d0/6/0/6013621_Nocciolino_PSXX.jpg,,Haselnuss / Gianduja & Himbeere,https://sortiment.lidl.ch/de/catalog/product/view/id/16961/s/ricotta-dessert-6013621/category/108/
Snacks,https://sortiment.lidl.ch/de/milchprodukte-eier/snacks,Panna Cotta Karamell,lidl.ch,1.99,https://sortiment.lidl.ch/media/catalog/product/cache/b4d8daca087e724c0fba4501ead491d0/1/9/19109_PSXX.jpg,,,,https://sortiment.lidl.ch/de/catalog/product/view/id/16919/s/panna-cotta-karamell-0019109/category/108/
Snacks,https://sortiment.lidl.ch/de/milchprodukte-eier/snacks,Monteravy,lidl.ch,1.39,https://sortiment.lidl.ch/media/catalog/product/cache/b4d8daca087e724c0fba4501ead491d0/2/0/205569_01_PSXX.jpg,https://sortiment.lidl.ch/media/catalog/product/cache/b4d8daca087e724c0fba4501ead491d0/2/0/205569_Top_PSXX.jpg,,Schoko-Haselnuss,https://sortiment.lidl.ch/de/catalog/product/view/id/16530/s/monteravy-0205569/category/108/
Snacks,https://sortiment.lidl.ch/de/milchprodukte-eier/snacks,High Protein Milchreis,lidl.ch,1.39,https://sortiment.lidl.ch/media/catalog/product/cache/b4d8daca087e724c0fba4501ead491d0/1/9/191691_Klassik_PSXX.jpg,https://sortiment.lidl.ch/media/catalog/product/cache/b4d8daca087e724c0fba4501ead491d0/1/9/191691_Schoko-Banane_PSXX.jpg,https://sortiment.lidl.ch/media/catalog/product/cache/b4d8daca087e724c0fba4501ead491d0/1/9/191691_Schoko_PSXX.jpg,diverse Sorten,https://sortiment.lidl.ch/de/catalog/product/view/id/16250/s/high-protein-milchreis-0191691/category/108/
Snacks,https://sortiment.lidl.ch/de/milchprodukte-eier/snacks,High Protein Mousse,lidl.ch,1.55,https://sortiment.lidl.ch/media/catalog/product/cache/b4d8daca087e724c0fba4501ead491d0/1/8/184078_Chocolate_PSXX.jpg,https://sortiment.lidl.ch/media/catalog/product/cache/b4d8daca087e724c0fba4501ead491d0/1/8/184078_Vanilla_PSXX.jpg,,"laktosefrei, Schokolade / Vanille",https://sortiment.lidl.ch/de/catalog/product/view/id/15864/s/high-protein-mousse-0184078/category/108/
Snacks,https://sortiment.lidl.ch/de/milchprodukte-eier/snacks,Grandioso Dessert,lidl.ch,0.95,https://sortiment.lidl.ch/media/catalog/product/cache/b4d8daca087e724c0fba4501ead491d0/1/2/128690_Double_Choc_PSXX.jpg,https://sortiment.lidl.ch/media/catalog/product/cache/b4d8daca087e724c0fba4501ead491d0/1/2/128690_Double_Coffee_PSXX.jpg,https://sortiment.lidl.ch/media/catalog/product/cache/b4d8daca087e724c0fba4501ead491d0/1/2/128690_Vanille_PSXX.jpg,diverse Sorten,https://sortiment.lidl.ch/de/catalog/product/view/id/15633/s/grandioso-dessert-0128690/category/108/
Snacks,https://sortiment.lidl.ch/de/milchprodukte-eier/snacks,High Protein Pudding,lidl.ch,1.89,https://sortiment.lidl.ch/media/catalog/product/cache/b4d8daca087e724c0fba4501ead491d0/1/7/172111_Caramel_Oben_PSXX.jpg,https://sortiment.lidl.ch/media/catalog/product/cache/b4d8daca087e724c0fba4501ead491d0/1/7/172111_Caramel_Seitlich_PSXX.jpg,https://sortiment.lidl.ch/media/catalog/product/cache/b4d8daca087e724c0fba4501ead491d0/1/7/172111_Hazelnut_PSXX.jpg,"laktosefrei, Haselnuss / Karamell",https://sortiment.lidl.ch/de/catalog/product/view/id/15509/s/high-protein-pudding-0172111/category/108/
Snacks,https://sortiment.lidl.ch/de/milchprodukte-eier/snacks,High Protein Griesspudding,lidl.ch,1.19,https://sortiment.lidl.ch/media/catalog/product/cache/b4d8daca087e724c0fba4501ead491d0/1/6/160550_Pur_PSXX_1.jpg,https://sortiment.lidl.ch/media/catalog/product/cache/b4d8daca087e724c0fba4501ead491d0/1/6/160550_Schoko_PSXX_1.jpg,https://sortiment.lidl.ch/media/catalog/product/cache/b4d8daca087e724c0fba4501ead491d0/1/6/160550_Zimt_PSXX_1.jpg,diverse Sorten,https://sortiment.lidl.ch/de/catalog/product/view/id/14268/s/high-protein-griesspudding-0160550/category/108/
Snacks,https://sortiment.lidl.ch/de/milchprodukte-eier/snacks,High Protein Pudding,lidl.ch,1.89,https://sortiment.lidl.ch/media/catalog/product/cache/b4d8daca087e724c0fba4501ead491d0/1/5/150741_Schoko_Oben_PSXX.jpg,https://sortiment.lidl.ch/media/catalog/product/cache/b4d8daca087e724c0fba4501ead491d0/1/5/150741_Schoko_PSXX.jpg,https://sortiment.lidl.ch/media/catalog/product/cache/b4d8daca087e724c0fba4501ead491d0/1/5/150741_Schoko_Seitlich_PSXX.jpg,"laktosefrei, Vanille / Schokolade",https://sortiment.lidl.ch/de/catalog/product/view/id/13983/s/high-protein-pudding-0150741/category/108/
Snacks,https://sortiment.lidl.ch/de/milchprodukte-eier/snacks,Tiramisu / Profiteroles,lidl.ch,1.79,https://sortiment.lidl.ch/media/catalog/product/cache/b4d8daca087e724c0fba4501ead491d0/3/0/30937_Profiteroles_PSXX.jpg,https://sortiment.lidl.ch/media/catalog/product/cache/b4d8daca087e724c0fba4501ead491d0/3/0/30937_Tiramisu_PSXX.jpg,,,https://sortiment.lidl.ch/de/catalog/product/view/id/13106/s/tiramisu-profiteroles-0030937/category/108/
Snacks,https://sortiment.lidl.ch/de/milchprodukte-eier/snacks,Crème Dessert,lidl.ch,1.75,https://sortiment.lidl.ch/media/catalog/product/cache/b4d8daca087e724c0fba4501ead491d0/2/8/28788_CremeDessert_1_PSXX.jpg,https://sortiment.lidl.ch/media/catalog/product/cache/b4d8daca087e724c0fba4501ead491d0/2/8/28788_CremeDessert_2_PSXX.jpg,,Schoko / Vanille,https://sortiment.lidl.ch/de/catalog/product/view/id/13105/s/creme-dessert-0028788/category/108/
Snacks,https://sortiment.lidl.ch/de/milchprodukte-eier/snacks,Danone Danette,lidl.ch,3.69,https://sortiment.lidl.ch/media/catalog/product/cache/b4d8daca087e724c0fba4501ead491d0/3/4/3442_Caramel_PSXX.jpg,https://sortiment.lidl.ch/media/catalog/product/cache/b4d8daca087e724c0fba4501ead491d0/3/4/3442_Schokolade_PSXX.jpg,https://sortiment.lidl.ch/media/catalog/product/cache/b4d8daca087e724c0fba4501ead491d0/3/4/3442_Vanille_PSXX.jpg,diverse Sorten,https://sortiment.lidl.ch/de/catalog/product/view/id/13104/s/danone-danette-0003442/category/108/
Snacks,https://sortiment.lidl.ch/de/milchprodukte-eier/snacks,Müller Milchreis,lidl.ch,0.89,https://sortiment.lidl.ch/media/catalog/product/cache/b4d8daca087e724c0fba4501ead491d0/2/4/2473_Himbeer_PSXX_1.jpg,https://sortiment.lidl.ch/media/catalog/product/cache/b4d8daca087e724c0fba4501ead491d0/2/4/2473_Kirsche_PSXX.jpg,https://sortiment.lidl.ch/media/catalog/product/cache/b4d8daca087e724c0fba4501ead491d0/2/4/2473_Original_PSXX.jpg,diverse Sorten,https://sortiment.lidl.ch/de/catalog/product/view/id/13102/s/mueller-milchreis-0002473/category/108/
Snacks,https://sortiment.lidl.ch/de/milchprodukte-eier/snacks,Pudding mit Rahm,lidl.ch,0.55,https://sortiment.lidl.ch/media/catalog/product/cache/b4d8daca087e724c0fba4501ead491d0/2/1/21274_Schoko_PSXX.jpg,https://sortiment.lidl.ch/media/catalog/product/cache/b4d8daca087e724c0fba4501ead491d0/2/1/21274_Vanille_PSXX.jpg,,Schoko / Vanille,https://sortiment.lidl.ch/de/catalog/product/view/id/13100/s/pudding-mit-rahm-0021274/category/108/
Snacks,https://sortiment.lidl.ch/de/milchprodukte-eier/snacks,Emmi Griess Töpfli,lidl.ch,1.59,https://sortiment.lidl.ch/media/catalog/product/cache/b4d8daca087e724c0fba4501ead491d0/2/9/2937_Classic_PSXX.jpg,https://sortiment.lidl.ch/media/catalog/product/cache/b4d8daca087e724c0fba4501ead491d0/2/9/2937_Nature_PSXX.jpg,https://sortiment.lidl.ch/media/catalog/product/cache/b4d8daca087e724c0fba4501ead491d0/2/9/2937_Rhabarber_Erdbeere_PSXX.jpg,Rhabarber-Erdbeere / Nature,https://sortiment.lidl.ch/de/catalog/product/view/id/13099/s/emmi-griess-toepfli-0002937/category/108/
Snacks,https://sortiment.lidl.ch/de/milchprodukte-eier/snacks,Cool Snack,lidl.ch,1.89,https://sortiment.lidl.ch/media/catalog/product/cache/b4d8daca087e724c0fba4501ead491d0/6/0/6009230_PSXX_1.jpg,,,,https://sortiment.lidl.ch/de/catalog/product/view/id/13098/s/cool-snack-6009230/category/108/
Snacks,https://sortiment.lidl.ch/de/milchprodukte-eier/snacks,Milk Snack,lidl.ch,1.55,https://sortiment.lidl.ch/media/catalog/product/cache/b4d8daca087e724c0fba4501ead491d0/6/0/6004432_PSXX.jpg,,,,https://sortiment.lidl.ch/de/catalog/product/view/id/13097/s/milk-snack-6004432/category/108/
Snacks,https://sortiment.lidl.ch/de/milchprodukte-eier/snacks,Flan Caramel,lidl.ch,1.49,https://sortiment.lidl.ch/media/catalog/product/cache/b4d8daca087e724c0fba4501ead491d0/2/8/28264_PSXX.jpg,,,,https://sortiment.lidl.ch/de/catalog/product/view/id/13093/s/flan-caramel-0028264/category/108/
Snacks,https://sortiment.lidl.ch/de/milchprodukte-eier/snacks,Danone Danette Mousse,lidl.ch,2.95,https://sortiment.lidl.ch/media/catalog/product/cache/b4d8daca087e724c0fba4501ead491d0/3/3/3364_PSXX_1.jpg,,,Schokolade,https://sortiment.lidl.ch/de/catalog/product/view/id/13089/s/danone-danette-mousse-0003364/category/108/
Snacks,https://sortiment.lidl.ch/de/milchprodukte-eier/snacks,Ferrero Kinder Maxi King,lidl.ch,1.99,https://sortiment.lidl.ch/media/catalog/product/cache/b4d8daca087e724c0fba4501ead491d0/2/7/2793_PSXX.jpg,,,,https://sortiment.lidl.ch/de/catalog/product/view/id/13088/s/ferrero-kinder-maxi-king-0002793/category/108/
Snacks,https://sortiment.lidl.ch/de/milchprodukte-eier/snacks,Ferrero Kinder Choco fresh,lidl.ch,2.29,https://sortiment.lidl.ch/media/catalog/product/cache/b4d8daca087e724c0fba4501ead491d0/1/1/1172_PSXX.jpg,,,,https://sortiment.lidl.ch/de/catalog/product/view/id/13087/s/ferrero-kinder-choco-fresh-0001172/category/108/
Snacks,https://sortiment.lidl.ch/de/milchprodukte-eier/snacks,Kinder Milchschnitte,lidl.ch,1.69,https://sortiment.lidl.ch/media/catalog/product/cache/b4d8daca087e724c0fba4501ead491d0/1/1/1171_PSXX.jpg,,,,https://sortiment.lidl.ch/de/catalog/product/view/id/13086/s/kinder-milchschnitte-0001171/category/108/
Snacks,https://sortiment.lidl.ch/de/milchprodukte-eier/snacks,Kinder Pingui,lidl.ch,1.69,https://sortiment.lidl.ch/media/catalog/product/cache/b4d8daca087e724c0fba4501ead491d0/1/1/1170_PSXX_1.jpg,,,,https://sortiment.lidl.ch/de/catalog/product/view/id/13085/s/kinder-pingui-0001170/category/108/
Snacks,https://sortiment.lidl.ch/de/milchprodukte-eier/snacks,Nestlé Hirz Birchermüesli,lidl.ch,1.99,https://sortiment.lidl.ch/media/catalog/product/cache/b4d8daca087e724c0fba4501ead491d0/1/6/1678_Baies_PSXX_1.jpg,https://sortiment.lidl.ch/media/catalog/product/cache/b4d8daca087e724c0fba4501ead491d0/1/6/1678_Classic_PSXX_1.jpg,,Beeren / Classic,https://sortiment.lidl.ch/de/catalog/product/view/id/13041/s/nestle-hirz-birchermueesli-0001678/category/108/
Milch,https://sortiment.lidl.ch/de/milchprodukte-eier/milch,Vollrahm UHT 35% laktosefrei,lidl.ch,2.95,https://sortiment.lidl.ch/media/catalog/product/cache/b4d8daca087e724c0fba4501ead491d0/5/1/5113705_PSXX.jpg,,,,https://sortiment.lidl.ch/de/catalog/product/view/id/20948/s/vollrahm-uht-35-laktosefrei-5113705/category/109/
Milch,https://sortiment.lidl.ch/de/milchprodukte-eier/milch,Bio Soja Kochcrème,lidl.ch,1.25,https://sortiment.lidl.ch/media/catalog/product/cache/b4d8daca087e724c0fba4501ead491d0/2/1/212864_BioSojaKochcreme_PSXX.jpg,,,,https://sortiment.lidl.ch/de/catalog/product/view/id/20601/s/bio-soja-kochcreme-0212864/category/109/
Milch,https://sortiment.lidl.ch/de/milchprodukte-eier/milch,TN Milchdrink 2.5% laktosefrei,lidl.ch,1.95,https://sortiment.lidl.ch/media/catalog/product/cache/b4d8daca087e724c0fba4501ead491d0/5/1/5112867_MilchdrinkLaktosefree_PSXX.jpg,,,,https://sortiment.lidl.ch/de/catalog/product/view/id/18704/s/tn-milchdrink-2-5-laktosefrei-5112867/category/109/
Milch,https://sortiment.lidl.ch/de/milchprodukte-eier/milch,Vollmilch 3.5% UHT,lidl.ch,1.55,https://sortiment.lidl.ch/media/catalog/product/cache/b4d8daca087e724c0fba4501ead491d0/5/1/5112045_PSXX.jpg,,,Terra Natura,https://sortiment.lidl.ch/de/catalog/product/view/id/16988/s/vollmilch-3-5-uht-5112045/category/109/
Milch,https://sortiment.lidl.ch/de/milchprodukte-eier/milch,Milchdrink 1.5% UHT,lidl.ch,1.45,https://sortiment.lidl.ch/media/catalog/product/cache/b4d8daca087e724c0fba4501ead491d0/5/1/5112041_PSXX.jpg,,,Terra Natura,https://sortiment.lidl.ch/de/catalog/product/view/id/16501/s/milchdrink-1-5-uht-5112041/category/109/
Milch,https://sortiment.lidl.ch/de/milchprodukte-eier/milch,Vollrahm 35% UHT,lidl.ch,2.09,https://sortiment.lidl.ch/media/catalog/product/cache/b4d8daca087e724c0fba4501ead491d0/5/1/5112044_vollrahm_PSXX.jpg,,,Terra Natura,https://sortiment.lidl.ch/de/catalog/product/view/id/16397/s/vollrahm-35-uht-5112044/category/109/
Milch,https://sortiment.lidl.ch/de/milchprodukte-eier/milch,Halbrahm 25% UHT,lidl.ch,1.59,https://sortiment.lidl.ch/media/catalog/product/cache/b4d8daca087e724c0fba4501ead491d0/5/1/5112042_PSXX.jpg,,,Terra Natura,https://sortiment.lidl.ch/de/catalog/product/view/id/16358/s/halbrahm-25-uht-5112042/category/109/
Milch,https://sortiment.lidl.ch/de/milchprodukte-eier/milch,Halbrahm 25% laktosefrei,lidl.ch,2.45,https://sortiment.lidl.ch/media/catalog/product/cache/b4d8daca087e724c0fba4501ead491d0/5/1/5110750_QS_PSXX.jpg,,,UHT,https://sortiment.lidl.ch/de/catalog/product/view/id/15692/s/halbrahm-25-laktosefrei-5110750/category/109/
Milch,https://sortiment.lidl.ch/de/milchprodukte-eier/milch,Milchdrink 2.5% pasteurisiert,lidl.ch,1.35,https://sortiment.lidl.ch/media/catalog/product/cache/b4d8daca087e724c0fba4501ead491d0/5/1/5110078_PSXX.jpg,,,Terra Natura,https://sortiment.lidl.ch/de/catalog/product/view/id/15237/s/milchdrink-2-5-pasteurisiert-5110078/category/109/
Milch,https://sortiment.lidl.ch/de/milchprodukte-eier/milch,Vollmilch 3.5% pasteurisiert,lidl.ch,1.35,https://sortiment.lidl.ch/media/catalog/product/cache/b4d8daca087e724c0fba4501ead491d0/5/1/5110077_TN_Vollmilch_PSXX.jpg,,,Terra Natura,https://sortiment.lidl.ch/de/catalog/product/view/id/15222/s/vollmilch-3-5-pasteurisiert-5110077/category/109/
Milch,https://sortiment.lidl.ch/de/milchprodukte-eier/milch,High Protein Milk Drink,lidl.ch,2.19,https://sortiment.lidl.ch/media/catalog/product/cache/b4d8daca087e724c0fba4501ead491d0/5/1/5108469_QS_HighProteinMilch_PSXX.jpg,,,"laktosefrei, UHT",https://sortiment.lidl.ch/de/catalog/product/view/id/14374/s/high-protein-milk-drink-5108469/category/109/
Milch,https://sortiment.lidl.ch/de/milchprodukte-eier/milch,"Bio Milchdrink 2,7%",lidl.ch,1.95,https://sortiment.lidl.ch/media/catalog/product/cache/b4d8daca087e724c0fba4501ead491d0/6/5/6505_PSXX_1.jpg,,,UHT,https://sortiment.lidl.ch/de/catalog/product/view/id/14373/s/bio-milchdrink-2-7--0006505/category/109/
Milch,https://sortiment.lidl.ch/de/milchprodukte-eier/milch,"Bio Vollmilch 3,9%",lidl.ch,1.85,https://sortiment.lidl.ch/media/catalog/product/cache/b4d8daca087e724c0fba4501ead491d0/5/1/5104210_QS_BioVollmilch_PSXX.jpg,,,pasteurisiert,https://sortiment.lidl.ch/de/catalog/product/view/id/13706/s/bio-vollmilch-3-9--5104210/category/109/
Milch,https://sortiment.lidl.ch/de/milchprodukte-eier/milch,"Bio Milchdrink 2,5%",lidl.ch,1.85,https://sortiment.lidl.ch/media/catalog/product/cache/b4d8daca087e724c0fba4501ead491d0/5/1/5104211_QS_PSXX.jpg,,,pasteurisiert,https://sortiment.lidl.ch/de/catalog/product/view/id/13705/s/bio-milchdrink-2-5--5104211/category/109/
Milch,https://sortiment.lidl.ch/de/milchprodukte-eier/milch,Schlaghalbrahm 30%,lidl.ch,4.29,https://sortiment.lidl.ch/media/catalog/product/cache/b4d8daca087e724c0fba4501ead491d0/2/8/2850_Kolli_PSXX.jpg,https://sortiment.lidl.ch/media/catalog/product/cache/b4d8daca087e724c0fba4501ead491d0/2/8/2850_PSXX.jpg,,ungezuckert,https://sortiment.lidl.ch/de/catalog/product/view/id/11328/s/schlaghalbrahm-30--0002850/category/109/
Milch,https://sortiment.lidl.ch/de/milchprodukte-eier/milch,Kaffeerahm Portionen,lidl.ch,1.15,https://sortiment.lidl.ch/media/catalog/product/cache/b4d8daca087e724c0fba4501ead491d0/1/5/1573_Milbona_Kaffeerahmportionen_PSXX.jpg,,,UHT,https://sortiment.lidl.ch/de/catalog/product/view/id/11241/s/kaffeerahm-portionen-0001573/category/109/
Milch,https://sortiment.lidl.ch/de/milchprodukte-eier/milch,Kaffeerahm,lidl.ch,1.95,https://sortiment.lidl.ch/media/catalog/product/cache/b4d8daca087e724c0fba4501ead491d0/5/1/5103532_QS_PSXX.jpg,,,UHT,https://sortiment.lidl.ch/de/catalog/product/view/id/11238/s/kaffeerahm-5103532/category/109/
Milch,https://sortiment.lidl.ch/de/milchprodukte-eier/milch,Halbrahm UHT 25%,lidl.ch,2.65,https://sortiment.lidl.ch/media/catalog/product/cache/b4d8daca087e724c0fba4501ead491d0/2/3/2316_QS_HalbrahmUHT_PSXX.jpg,,,,https://sortiment.lidl.ch/de/catalog/product/view/id/11235/s/halbrahm-uht-25--0002316/category/109/
Milch,https://sortiment.lidl.ch/de/milchprodukte-eier/milch,Vollrahm 35%,lidl.ch,3.29,https://sortiment.lidl.ch/media/catalog/product/cache/b4d8daca087e724c0fba4501ead491d0/2/3/2315_QS_VollrahmUHT_PSXX.jpg,,,UHT,https://sortiment.lidl.ch/de/catalog/product/view/id/11234/s/vollrahm-35--0002315/category/109/
Milch,https://sortiment.lidl.ch/de/milchprodukte-eier/milch,"Milchdrink laktosefrei 1,5%",lidl.ch,1.95,https://sortiment.lidl.ch/media/catalog/product/cache/b4d8daca087e724c0fba4501ead491d0/5/1/5107921_Kolli_PSXX.jpg,https://sortiment.lidl.ch/media/catalog/product/cache/b4d8daca087e724c0fba4501ead491d0/5/1/5107921_QS_PSXX.jpg,,UHT,https://sortiment.lidl.ch/de/catalog/product/view/id/11226/s/milchdrink-laktosefrei-1-5--5107921/category/109/
Milch,https://sortiment.lidl.ch/de/milchprodukte-eier/milch,"Magermilch 0,1%",lidl.ch,1.49,https://sortiment.lidl.ch/media/catalog/product/cache/b4d8daca087e724c0fba4501ead491d0/5/1/5106480_QS_Magermilch_PSXX.jpg,,,UHT,https://sortiment.lidl.ch/de/catalog/product/view/id/11225/s/magermilch-0-1--5106480/category/109/
Milch,https://sortiment.lidl.ch/de/milchprodukte-eier/milch,"Vollmilch 3,5%",lidl.ch,1.69,https://sortiment.lidl.ch/media/catalog/product/cache/b4d8daca087e724c0fba4501ead491d0/3/4/34593_QS_Vollmilch_PSXX.jpg,,,UHT,https://sortiment.lidl.ch/de/catalog/product/view/id/11222/s/vollmilch-3-5--0034593/category/109/
Milch,https://sortiment.lidl.ch/de/milchprodukte-eier/milch,"Milchdrink 1,5%",lidl.ch,1.69,https://sortiment.lidl.ch/media/catalog/product/cache/b4d8daca087e724c0fba4501ead491d0/3/4/34590_QS_Milchdrink_PSXX.jpg,,,UHT,https://sortiment.lidl.ch/de/catalog/product/view/id/11221/s/milchdrink-1-5--0034590/category/109/
Butter,https://sortiment.lidl.ch/de/milchprodukte-eier/butter,Grillbutter Rosetten,lidl.ch,2.99,https://sortiment.lidl.ch/media/catalog/product/cache/b4d8daca087e724c0fba4501ead491d0/5/1/5108914_Cafe_de_Paris_PSXX_1.jpg,https://sortiment.lidl.ch/media/catalog/product/cache/b4d8daca087e724c0fba4501ead491d0/5/1/5108914_Diabola_PSXX_1.jpg,https://sortiment.lidl.ch/media/catalog/product/cache/b4d8daca087e724c0fba4501ead491d0/5/1/5108914_Knoblauch_PSXX_1.jpg,Kräuter / Café de Paris,https://sortiment.lidl.ch/de/catalog/product/view/id/21087/s/grillbutter-rosetten-5108914/category/110/
Butter,https://sortiment.lidl.ch/de/milchprodukte-eier/butter,Cremo Gesalzene Butter,lidl.ch,2.95,https://sortiment.lidl.ch/media/catalog/product/cache/b4d8daca087e724c0fba4501ead491d0/5/1/5112825_PSXX.jpg,,,au sel Fleur des Alpes,https://sortiment.lidl.ch/de/catalog/product/view/id/17869/s/cremo-gesalzene-butter-5112825/category/110/
Butter,https://sortiment.lidl.ch/de/milchprodukte-eier/butter,Floralp Vorzugsbutter Schale,lidl.ch,2.45,https://sortiment.lidl.ch/media/catalog/product/cache/b4d8daca087e724c0fba4501ead491d0/5/1/5112789_PSXX.jpg,,,,https://sortiment.lidl.ch/de/catalog/product/view/id/17862/s/floralp-vorzugsbutter-schale-5112789/category/110/
Butter,https://sortiment.lidl.ch/de/milchprodukte-eier/butter,Kräuter- / Knoblauchschaum (Aktion nur in der Deutschschweiz gültig),lidl.ch,3.99,https://sortiment.lidl.ch/media/catalog/product/cache/b4d8daca087e724c0fba4501ead491d0/5/1/5112900_KAF_PORT.jpg,https://sortiment.lidl.ch/media/catalog/product/cache/b4d8daca087e724c0fba4501ead491d0/5/1/5112900_KaF_PSXX.jpg,https://sortiment.lidl.ch/media/catalog/product/cache/b4d8daca087e724c0fba4501ead491d0/5/1/5112900_knoblauch_KaF_PSXX.jpg,,https://sortiment.lidl.ch/de/catalog/product/view/id/16616/s/kraeuter-knoblauchschaum-5112900/category/110/
Butter,https://sortiment.lidl.ch/de/milchprodukte-eier/butter,Curry-/ Mexicanschaum (Aktion nur in der Deutschschweiz gültig),lidl.ch,3.99,https://sortiment.lidl.ch/media/catalog/product/cache/b4d8daca087e724c0fba4501ead491d0/5/1/5112904_KAF_PORT.jpg,https://sortiment.lidl.ch/media/catalog/product/cache/b4d8daca087e724c0fba4501ead491d0/5/1/5112904_curry_KaF_PSXX.jpg,https://sortiment.lidl.ch/media/catalog/product/cache/b4d8daca087e724c0fba4501ead491d0/5/1/5112904_mexican_KaF_PSXX.jpg,,https://sortiment.lidl.ch/de/catalog/product/view/id/16614/s/curry-mexicanschaum-5112904/category/110/
Butter,https://sortiment.lidl.ch/de/milchprodukte-eier/butter,Vorzugsbutter,lidl.ch,3.09,https://sortiment.lidl.ch/media/catalog/product/cache/b4d8daca087e724c0fba4501ead491d0/5/1/5110749_QS_PSXX.jpg,,,,https://sortiment.lidl.ch/de/catalog/product/view/id/15663/s/vorzugsbutter-5110749/category/110/
Butter,https://sortiment.lidl.ch/de/milchprodukte-eier/butter,Die Butter,lidl.ch,3.85,https://sortiment.lidl.ch/media/catalog/product/cache/b4d8daca087e724c0fba4501ead491d0/1/6/1635_PSXX_1.jpg,,,,https://sortiment.lidl.ch/de/catalog/product/view/id/13681/s/die-butter-0001635/category/110/
Butter,https://sortiment.lidl.ch/de/milchprodukte-eier/butter,Schweizer Kochbutter,lidl.ch,3.39,https://sortiment.lidl.ch/media/catalog/product/cache/b4d8daca087e724c0fba4501ead491d0/3/0/3031_QS_PSXX.jpg,,,,https://sortiment.lidl.ch/de/catalog/product/view/id/11315/s/schweizer-kochbutter-0003031/category/110/
Butter,https://sortiment.lidl.ch/de/milchprodukte-eier/butter,Bio Butter,lidl.ch,4.35,https://sortiment.lidl.ch/media/catalog/product/cache/b4d8daca087e724c0fba4501ead491d0/3/2/3266_PSXX.jpg,,,,https://sortiment.lidl.ch/de/catalog/product/view/id/11313/s/bio-butter-0003266/category/110/
Butter,https://sortiment.lidl.ch/de/milchprodukte-eier/butter,Züger Bura,lidl.ch,4.39,https://sortiment.lidl.ch/media/catalog/product/cache/b4d8daca087e724c0fba4501ead491d0/3/2/3235_gesalzen_PSXX_1.jpg,https://sortiment.lidl.ch/media/catalog/product/cache/b4d8daca087e724c0fba4501ead491d0/3/2/3235_ungesalzen_PSXX.jpg,,"gesalzen, ungesalzen",https://sortiment.lidl.ch/de/catalog/product/view/id/11312/s/zueger-bura-0003235/category/110/
Butter,https://sortiment.lidl.ch/de/milchprodukte-eier/butter,Glarner Zigerbutter,lidl.ch,2.85,https://sortiment.lidl.ch/media/catalog/product/cache/b4d8daca087e724c0fba4501ead491d0/2/6/2692_PSXX.jpg,,,,https://sortiment.lidl.ch/de/catalog/product/view/id/11311/s/glarner-zigerbutter-0002692/category/110/
Butter,https://sortiment.lidl.ch/de/milchprodukte-eier/butter,Nestlé Hirz Kräuterbutter,lidl.ch,3.49,https://sortiment.lidl.ch/media/catalog/product/cache/b4d8daca087e724c0fba4501ead491d0/1/6/1677_PSXX_1.jpg,,,,https://sortiment.lidl.ch/de/catalog/product/view/id/11310/s/nestle-hirz-kraeuterbutter-0001677/category/110/
Butter,https://sortiment.lidl.ch/de/milchprodukte-eier/butter,Floralp Vorzugsbutter,lidl.ch,3.49,https://sortiment.lidl.ch/media/catalog/product/cache/b4d8daca087e724c0fba4501ead491d0/1/6/1634_PSXX_1.jpg,,,,https://sortiment.lidl.ch/de/catalog/product/view/id/11309/s/floralp-vorzugsbutter-0001634/category/110/
Käse,https://sortiment.lidl.ch/de/milchprodukte-eier/kaese,Weinländer Kräuterzauber,lidl.ch,3.99,https://sortiment.lidl.ch/media/catalog/product/cache/b4d8daca087e724c0fba4501ead491d0/5/1/5111765_QS_Weinlaender_Kraeuterzauber_PSXX.jpg,,,,https://sortiment.lidl.ch/de/catalog/product/view/id/16186/s/weinlaender-kraeuterzauber-5111765/category/111/
Käse,https://sortiment.lidl.ch/de/milchprodukte-eier/kaese,Bio Tête de Moine AOP Rosetten,lidl.ch,4.99,https://sortiment.lidl.ch/media/catalog/product/cache/b4d8daca087e724c0fba4501ead491d0/5/1/5110806_FKBF.jpg,https://sortiment.lidl.ch/media/catalog/product/cache/b4d8daca087e724c0fba4501ead491d0/5/1/5110806_PSXX.jpg,,,https://sortiment.lidl.ch/de/catalog/product/view/id/15610/s/bio-tete-de-moine-aop-rosetten-5110806/category/111/
Käse,https://sortiment.lidl.ch/de/milchprodukte-eier/kaese,Pizza Mozzarella,lidl.ch,2.25,https://sortiment.lidl.ch/media/catalog/product/cache/b4d8daca087e724c0fba4501ead491d0/5/1/5112204_Pizza_Mozzarella_PSXX.jpg,,,,https://sortiment.lidl.ch/de/catalog/product/view/id/16157/s/pizza-mozzarella-5112204/category/111/
Käse,https://sortiment.lidl.ch/de/milchprodukte-eier/kaese,Zytglogge Mutschli,lidl.ch,2.99,https://sortiment.lidl.ch/media/catalog/product/cache/b4d8daca087e724c0fba4501ead491d0/5/1/5111764_PSXX.jpg,,,,https://sortiment.lidl.ch/de/catalog/product/view/id/16075/s/zytglogge-mutschli-5111764/category/111/
Käse,https://sortiment.lidl.ch/de/milchprodukte-eier/kaese,Urchige Bärner,lidl.ch,4.99,https://sortiment.lidl.ch/media/catalog/product/cache/b4d8daca087e724c0fba4501ead491d0/5/1/5111762_FKBF.jpg,https://sortiment.lidl.ch/media/catalog/product/cache/b4d8daca087e724c0fba4501ead491d0/5/1/5111762_PSXX.jpg,,,https://sortiment.lidl.ch/de/catalog/product/view/id/16042/s/urchige-baerner-5111762/category/111/
Käse,https://sortiment.lidl.ch/de/milchprodukte-eier/kaese,ÖMÜR Böreklik,lidl.ch,6.79,https://sortiment.lidl.ch/media/catalog/product/cache/b4d8daca087e724c0fba4501ead491d0/1/8/187131_Boereklik_PSXX.jpg,,,,https://sortiment.lidl.ch/de/catalog/product/view/id/16030/s/oemuer-boereklik-0187131/category/111/
Käse,https://sortiment.lidl.ch/de/milchprodukte-eier/kaese,High Protein Salatkäse,lidl.ch,1.79,https://sortiment.lidl.ch/media/catalog/product/cache/b4d8daca087e724c0fba4501ead491d0/5/1/5110133_PSXX.jpg,,,,https://sortiment.lidl.ch/de/catalog/product/view/id/16001/s/high-protein-salatkaese-5110133/category/111/
Käse,https://sortiment.lidl.ch/de/milchprodukte-eier/kaese,High Protein Cottage Cheese,lidl.ch,1.75,https://sortiment.lidl.ch/media/catalog/product/cache/b4d8daca087e724c0fba4501ead491d0/5/1/5107538_QS_High_Protein_Cottage_PSXX.jpg,,,,https://sortiment.lidl.ch/de/catalog/product/view/id/16000/s/high-protein-cottage-cheese-5107538/category/111/
Käse,https://sortiment.lidl.ch/de/milchprodukte-eier/kaese,Cottage Cheese,lidl.ch,1.35,https://sortiment.lidl.ch/media/catalog/product/cache/b4d8daca087e724c0fba4501ead491d0/5/1/5100168_QS_Huettenkaese_250g_PSXX.jpg,,,,https://sortiment.lidl.ch/de/catalog/product/view/id/15999/s/cottage-cheese-5100168/category/111/
Käse,https://sortiment.lidl.ch/de/milchprodukte-eier/kaese,Gouda Scheiben,lidl.ch,3.48,https://sortiment.lidl.ch/media/catalog/product/cache/b4d8daca087e724c0fba4501ead491d0/3/8/38892_PSXX.jpg,,,,https://sortiment.lidl.ch/de/catalog/product/view/id/15987/s/gouda-scheiben-0038892/category/111/
Käse,https://sortiment.lidl.ch/de/milchprodukte-eier/kaese,Kräutertraum,lidl.ch,4.99,https://sortiment.lidl.ch/media/catalog/product/cache/b4d8daca087e724c0fba4501ead491d0/5/1/5111529_PSXX.jpg,,,,https://sortiment.lidl.ch/de/catalog/product/view/id/15837/s/kraeutertraum-5111529/category/111/
Käse,https://sortiment.lidl.ch/de/milchprodukte-eier/kaese,Back-Camembert,lidl.ch,3.25,https://sortiment.lidl.ch/media/catalog/product/cache/b4d8daca087e724c0fba4501ead491d0/1/1/114014_PSXX.jpg,,,Mit Preiselbeerdip,https://sortiment.lidl.ch/de/catalog/product/view/id/15907/s/back-camembert-0114014/category/111/
Käse,https://sortiment.lidl.ch/de/milchprodukte-eier/kaese,Urnäscher Kronbachkäse,lidl.ch,3.99,https://sortiment.lidl.ch/media/catalog/product/cache/b4d8daca087e724c0fba4501ead491d0/5/1/5111755_QS_Urnaescher_Kronbachkaese_PSXX.jpg,,,,https://sortiment.lidl.ch/de/catalog/product/view/id/15981/s/urnaescher-kronbachkaese-5111755/category/111/
Käse,https://sortiment.lidl.ch/de/milchprodukte-eier/kaese,Davoser Bergkäse,lidl.ch,3.99,https://sortiment.lidl.ch/media/catalog/product/cache/b4d8daca087e724c0fba4501ead491d0/5/1/5102771_QS_Davoser_Bergkaese_PSXX.jpg,https://sortiment.lidl.ch/media/catalog/product/cache/b4d8daca087e724c0fba4501ead491d0/5/1/5102771_QS_Davoser_FKBF.jpg,,,https://sortiment.lidl.ch/de/catalog/product/view/id/15979/s/davoser-bergkaese-5102771/category/111/
Käse,https://sortiment.lidl.ch/de/milchprodukte-eier/kaese,Scamorza,lidl.ch,3.79,https://sortiment.lidl.ch/media/catalog/product/cache/b4d8daca087e724c0fba4501ead491d0/6/0/6000888_FKBF.jpg,https://sortiment.lidl.ch/media/catalog/product/cache/b4d8daca087e724c0fba4501ead491d0/6/0/6000888_ScamorzaKaese_PSXX.jpg,https://sortiment.lidl.ch/media/catalog/product/cache/b4d8daca087e724c0fba4501ead491d0/6/0/6000888_Scamorzageraeuchert_PSXX.jpg,weiss/geräuchert,https://sortiment.lidl.ch/de/catalog/product/view/id/15962/s/scamorza-6000888/category/111/
Käse,https://sortiment.lidl.ch/de/milchprodukte-eier/kaese,Bio Grana Padano DOP,lidl.ch,2.79,https://sortiment.lidl.ch/media/catalog/product/cache/b4d8daca087e724c0fba4501ead491d0/1/7/174369_PSXX.jpg,,,gerieben,https://sortiment.lidl.ch/de/catalog/product/view/id/15954/s/bio-grana-padano-dop-0174369/category/111/
Käse,https://sortiment.lidl.ch/de/milchprodukte-eier/kaese,High Protein Käsescheiben,lidl.ch,2.99,https://sortiment.lidl.ch/media/catalog/product/cache/b4d8daca087e724c0fba4501ead491d0/5/1/5110822_HighProteinKaesescheiben_PSXX.jpg,,,,https://sortiment.lidl.ch/de/catalog/product/view/id/15678/s/high-protein-kaesescheiben-5110822/category/111/
Käse,https://sortiment.lidl.ch/de/milchprodukte-eier/kaese,Sbrinz AOP gerieben,lidl.ch,2.59,https://sortiment.lidl.ch/media/catalog/product/cache/b4d8daca087e724c0fba4501ead491d0/5/1/5110778_PSXX.jpg,,,,https://sortiment.lidl.ch/de/catalog/product/view/id/15781/s/sbrinz-aop-gerieben-5110778/category/111/
Käse,https://sortiment.lidl.ch/de/milchprodukte-eier/kaese,Emmentaler AOP mild,lidl.ch,3.85,https://sortiment.lidl.ch/media/catalog/product/cache/b4d8daca087e724c0fba4501ead491d0/5/1/5110798_FKBF.jpg,https://sortiment.lidl.ch/media/catalog/product/cache/b4d8daca087e724c0fba4501ead491d0/5/1/5110798_QS_Emmentaler_Mild_PSXX.jpg,,,https://sortiment.lidl.ch/de/catalog/product/view/id/15766/s/emmentaler-aop-mild-5110798/category/111/
Käse,https://sortiment.lidl.ch/de/milchprodukte-eier/kaese,Gorgonzola DOP,lidl.ch,2.65,https://sortiment.lidl.ch/media/catalog/product/cache/b4d8daca087e724c0fba4501ead491d0/6/0/6007296_FKBF.jpg,https://sortiment.lidl.ch/media/catalog/product/cache/b4d8daca087e724c0fba4501ead491d0/6/0/6007296_dolce_PSXX.jpg,https://sortiment.lidl.ch/media/catalog/product/cache/b4d8daca087e724c0fba4501ead491d0/6/0/6007296_picante_PSXX.jpg,Mild / Pikant,https://sortiment.lidl.ch/de/catalog/product/view/id/15940/s/gorgonzola-dop-6007296/category/111/
Käse,https://sortiment.lidl.ch/de/milchprodukte-eier/kaese,Emmentaler AOP surchoix,lidl.ch,4.95,https://sortiment.lidl.ch/media/catalog/product/cache/b4d8daca087e724c0fba4501ead491d0/5/1/5110779_FKBF.jpg,https://sortiment.lidl.ch/media/catalog/product/cache/b4d8daca087e724c0fba4501ead491d0/5/1/5110779_QS_Emmentaler_surchoix_PSXX.jpg,,,https://sortiment.lidl.ch/de/catalog/product/view/id/15691/s/emmentaler-aop-surchoix-5110779/category/111/
Käse,https://sortiment.lidl.ch/de/milchprodukte-eier/kaese,Bio Schweizer Mozzarella Stange,lidl.ch,3.99,https://sortiment.lidl.ch/media/catalog/product/cache/b4d8daca087e724c0fba4501ead491d0/5/1/5110827_Mozzarella_PSXX.jpg,,,,https://sortiment.lidl.ch/de/catalog/product/view/id/15607/s/bio-schweizer-mozzarella-stange-5110827/category/111/
Käse,https://sortiment.lidl.ch/de/milchprodukte-eier/kaese,Tex-Mex Reibkäse,lidl.ch,2.49,,,,,https://sortiment.lidl.ch/de/catalog/product/view/id/21512/s/tex-mex-reibkaese-0144201/category/111/
Käse,https://sortiment.lidl.ch/de/milchprodukte-eier/kaese,Gratin & Pizza Käse,lidl.ch,1.85,,,,gerieben,https://sortiment.lidl.ch/de/catalog/product/view/id/21489/s/gratin-pizza-kaese-1010893/category/111/
Käse,https://sortiment.lidl.ch/de/milchprodukte-eier/kaese,Mini Soft Cheese,lidl.ch,2.99,,,,classic / aromatic,https://sortiment.lidl.ch/de/catalog/product/view/id/21479/s/mini-soft-cheese-0123836/category/111/
Käse,https://sortiment.lidl.ch/de/milchprodukte-eier/kaese,Ricotta & Lemon Dessert,lidl.ch,2.49,https://sortiment.lidl.ch/media/catalog/product/cache/b4d8daca087e724c0fba4501ead491d0/6/0/6009272_PSXX.jpg,,,,https://sortiment.lidl.ch/de/catalog/product/view/id/21478/s/ricotta-lemon-dessert-6009272/category/111/
Käse,https://sortiment.lidl.ch/de/milchprodukte-eier/kaese,Käsermeister Réserve,lidl.ch,5.49,,,,,https://sortiment.lidl.ch/de/catalog/product/view/id/21286/s/kaesermeister-reserve-5113684/category/111/
Käse,https://sortiment.lidl.ch/de/milchprodukte-eier/kaese,Weichkäse mit Blauschimmel,lidl.ch,2.99,https://sortiment.lidl.ch/media/catalog/product/cache/b4d8daca087e724c0fba4501ead491d0/3/9/39054_Blauweichkaese_PSXX.jpg,,,,https://sortiment.lidl.ch/de/catalog/product/view/id/21285/s/weichkaese-mit-blauschimmel-0039054/category/111/
Käse,https://sortiment.lidl.ch/de/milchprodukte-eier/kaese,Sommertraum,lidl.ch,3.79,https://sortiment.lidl.ch/media/catalog/product/cache/b4d8daca087e724c0fba4501ead491d0/5/1/5112808_Sommertraum_PSXX.jpg,,,,https://sortiment.lidl.ch/de/catalog/product/view/id/21086/s/sommertraum-5112808/category/111/
Käse,https://sortiment.lidl.ch/de/milchprodukte-eier/kaese,Bio Büffelmozzarella,lidl.ch,2.25,https://sortiment.lidl.ch/media/catalog/product/cache/b4d8daca087e724c0fba4501ead491d0/6/0/6020421_PSXX.jpg,,,normal / mini,https://sortiment.lidl.ch/de/catalog/product/view/id/21066/s/bio-bueffelmozzarella-6020421/category/111/
Käse,https://sortiment.lidl.ch/de/milchprodukte-eier/kaese,Roter Teufel Rezent,lidl.ch,3.79,https://sortiment.lidl.ch/media/catalog/product/cache/b4d8daca087e724c0fba4501ead491d0/5/1/5113683_QS_RoterTeufel_PSXX.jpg,,,6 Monate gereift,https://sortiment.lidl.ch/de/catalog/product/view/id/20947/s/roter-teufel-rezent-5113683/category/111/
Käse,https://sortiment.lidl.ch/de/milchprodukte-eier/kaese,Goldessa Frischkäse,lidl.ch,1.75,https://sortiment.lidl.ch/media/catalog/product/cache/b4d8daca087e724c0fba4501ead491d0/1/3/137854_GoldessaHerbsGarlic_PSXX.jpg,https://sortiment.lidl.ch/media/catalog/product/cache/b4d8daca087e724c0fba4501ead491d0/1/3/137854_GoldessaLight_PSXX.jpg,https://sortiment.lidl.ch/media/catalog/product/cache/b4d8daca087e724c0fba4501ead491d0/1/3/137854_GoldessaOriginal_PSXX.jpg,"Original, Kräuter, Light",https://sortiment.lidl.ch/de/catalog/product/view/id/20946/s/goldessa-frischkaese-0137854/category/111/
Käse,https://sortiment.lidl.ch/de/milchprodukte-eier/kaese,Schmelzkäse Nature,lidl.ch,1.85,https://sortiment.lidl.ch/media/catalog/product/cache/b4d8daca087e724c0fba4501ead491d0/5/1/5113716_SchweizerSchmelskaeseNature_PSXX.jpg,,,,https://sortiment.lidl.ch/de/catalog/product/view/id/20853/s/schmelzkaese-nature-5113716/category/111/
Käse,https://sortiment.lidl.ch/de/milchprodukte-eier/kaese,Le Gruyère & Vacherin Fribourg.,lidl.ch,3.49,https://sortiment.lidl.ch/media/catalog/product/cache/b4d8daca087e724c0fba4501ead491d0/5/1/5113687_Reibkaesegemischt_PSXX.jpg,,,gerieben,https://sortiment.lidl.ch/de/catalog/product/view/id/20852/s/le-gruyere-vacherin-fribourg--5113687/category/111/
Käse,https://sortiment.lidl.ch/de/milchprodukte-eier/kaese,Cantadou Ail & Herbes de Provence,lidl.ch,3.49,https://sortiment.lidl.ch/media/catalog/product/cache/b4d8daca087e724c0fba4501ead491d0/1/8/1801392_Knoblauch_Kraeuter_PSXX.jpg,,,Knoblauch & Kräuter der Provence,https://sortiment.lidl.ch/de/catalog/product/view/id/20851/s/cantadou-ail-herbes-de-provence-1801392/category/111/
Käse,https://sortiment.lidl.ch/de/milchprodukte-eier/kaese,Mont Soleil,lidl.ch,4.85,https://sortiment.lidl.ch/media/catalog/product/cache/b4d8daca087e724c0fba4501ead491d0/5/1/5113692_Mont-Soleil_PSXX.jpg,,,,https://sortiment.lidl.ch/de/catalog/product/view/id/20215/s/mont-soleil-5113692/category/111/
Käse,https://sortiment.lidl.ch/de/milchprodukte-eier/kaese,L'Horloger,lidl.ch,4.79,https://sortiment.lidl.ch/media/catalog/product/cache/b4d8daca087e724c0fba4501ead491d0/5/1/5113691_FKBF.jpg,https://sortiment.lidl.ch/media/catalog/product/cache/b4d8daca087e724c0fba4501ead491d0/5/1/5113691_PSXX.jpg,,,https://sortiment.lidl.ch/de/catalog/product/view/id/20214/s/l-horloger-5113691/category/111/
Käse,https://sortiment.lidl.ch/de/milchprodukte-eier/kaese,Emmi Luzerner Rahmkäse,lidl.ch,6.95,https://sortiment.lidl.ch/media/catalog/product/cache/b4d8daca087e724c0fba4501ead491d0/5/1/5113832_mild_PSXX.jpg,,,"Original, Rustico",https://sortiment.lidl.ch/de/catalog/product/view/id/20188/s/emmi-luzerner-rahmkaese-5113832/category/111/
Käse,https://sortiment.lidl.ch/de/milchprodukte-eier/kaese,Parmigiano Reggiano DOP,lidl.ch,2.55,,,,gehobelt,https://sortiment.lidl.ch/de/catalog/product/view/id/20123/s/parmigiano-reggiano-dop-0098189/category/111/
Käse,https://sortiment.lidl.ch/de/milchprodukte-eier/kaese,Moléson Tomme,lidl.ch,3.95,,,,"chèvre, brebis",https://sortiment.lidl.ch/de/catalog/product/view/id/20076/s/moleson-tomme-5113709/category/111/
Käse,https://sortiment.lidl.ch/de/milchprodukte-eier/kaese,Ziegenkäse Spezialitäten,lidl.ch,2.39,,,,"Natur, Kräuter",https://sortiment.lidl.ch/de/catalog/product/view/id/19946/s/ziegenkaese-spezialitaeten-0220718/category/111/
Käse,https://sortiment.lidl.ch/de/milchprodukte-eier/kaese,Ziegenkäse Scheiben,lidl.ch,3.59,https://sortiment.lidl.ch/media/catalog/product/cache/b4d8daca087e724c0fba4501ead491d0/6/6/6613116_Bockshornklee_PSXX.jpg,https://sortiment.lidl.ch/media/catalog/product/cache/b4d8daca087e724c0fba4501ead491d0/6/6/6613116_Kraeuter_PSXX.jpg,https://sortiment.lidl.ch/media/catalog/product/cache/b4d8daca087e724c0fba4501ead491d0/6/6/6613116_Natur_PSXX.jpg,"Natur, Kräuter, Bockshornklee",https://sortiment.lidl.ch/de/catalog/product/view/id/19611/s/ziegenkaese-scheiben-6613116/category/111/
Käse,https://sortiment.lidl.ch/de/milchprodukte-eier/kaese,Schweizer Salatkäse,lidl.ch,2.49,https://sortiment.lidl.ch/media/catalog/product/cache/b4d8daca087e724c0fba4501ead491d0/5/1/5112826_PSXX.jpg,,,Terra Natura,https://sortiment.lidl.ch/de/catalog/product/view/id/19610/s/schweizer-salatkaese-5112826/category/111/
Käse,https://sortiment.lidl.ch/de/milchprodukte-eier/kaese,Le Maréchal Original,lidl.ch,4.65,,,,Terra Natura,https://sortiment.lidl.ch/de/catalog/product/view/id/19425/s/le-marechal-original-5113248/category/111/
Käse,https://sortiment.lidl.ch/de/milchprodukte-eier/kaese,Italienischer Extra-Hartkäse Mix,lidl.ch,1.49,https://sortiment.lidl.ch/media/catalog/product/cache/b4d8daca087e724c0fba4501ead491d0/6/0/6003698_PSXX.jpg,,,gerieben,https://sortiment.lidl.ch/de/catalog/product/view/id/19167/s/italienischer-extra-hartkaese-mix-6003698/category/111/
Käse,https://sortiment.lidl.ch/de/milchprodukte-eier/kaese,Italienischer Extra-Hartkäse,lidl.ch,3.29,,,,am Stück,https://sortiment.lidl.ch/de/catalog/product/view/id/19166/s/italienischer-extra-hartkaese-6018127/category/111/
Käse,https://sortiment.lidl.ch/de/milchprodukte-eier/kaese,Wiesenländer Käsescheiben,lidl.ch,2.99,https://sortiment.lidl.ch/media/catalog/product/cache/b4d8daca087e724c0fba4501ead491d0/1/2/127028_01_PSXX.jpg,https://sortiment.lidl.ch/media/catalog/product/cache/b4d8daca087e724c0fba4501ead491d0/1/2/127028_Leicht_FKBF.jpg,https://sortiment.lidl.ch/media/catalog/product/cache/b4d8daca087e724c0fba4501ead491d0/1/2/127028_Leicht_PSXX.jpg,mild & nussig / light,https://sortiment.lidl.ch/de/catalog/product/view/id/19117/s/wiesenlaender-kaesescheiben-0127028/category/111/
Käse,https://sortiment.lidl.ch/de/milchprodukte-eier/kaese,Halloumi Grillkäse mit Chili,lidl.ch,3.49,https://sortiment.lidl.ch/media/catalog/product/cache/b4d8daca087e724c0fba4501ead491d0/6/3/6300086_PSXX.jpg,,,,https://sortiment.lidl.ch/de/catalog/product/view/id/18903/s/halloumi-grillkaese-mit-chili-6300086/category/111/
Käse,https://sortiment.lidl.ch/de/milchprodukte-eier/kaese,Halloumi Grillkäse mit Basilikum,lidl.ch,3.49,https://sortiment.lidl.ch/media/catalog/product/cache/b4d8daca087e724c0fba4501ead491d0/6/3/6300085_FKBAG.jpg,https://sortiment.lidl.ch/media/catalog/product/cache/b4d8daca087e724c0fba4501ead491d0/6/3/6300085_PSXX.jpg,,,https://sortiment.lidl.ch/de/catalog/product/view/id/18902/s/halloumi-grillkaese-mit-basilikum-6300085/category/111/
Käse,https://sortiment.lidl.ch/de/milchprodukte-eier/kaese,Der scharfe Maxx Halbhartkäse,lidl.ch,4.79,https://sortiment.lidl.ch/media/catalog/product/cache/b4d8daca087e724c0fba4501ead491d0/5/1/5113227_PSXX.jpg,,,mild,https://sortiment.lidl.ch/de/catalog/product/view/id/18631/s/der-scharfe-maxx-halbhartkaese-5113227/category/111/
Käse,https://sortiment.lidl.ch/de/milchprodukte-eier/kaese,Cottage Cheese XXL,lidl.ch,2.69,https://sortiment.lidl.ch/media/catalog/product/cache/b4d8daca087e724c0fba4501ead491d0/5/1/5112814_QSHuettenkaeseXXL_PSXX.jpg,,,nature,https://sortiment.lidl.ch/de/catalog/product/view/id/18380/s/cottage-cheese-xxl-5112814/category/111/
Käse,https://sortiment.lidl.ch/de/milchprodukte-eier/kaese,Bio Emmentaler mild,lidl.ch,4.19,https://sortiment.lidl.ch/media/catalog/product/cache/b4d8daca087e724c0fba4501ead491d0/5/1/5109794_EmentalerBiomild_PSXX.jpg,,,AOP,https://sortiment.lidl.ch/de/catalog/product/view/id/18322/s/bio-emmentaler-mild-5109794/category/111/
Käse,https://sortiment.lidl.ch/de/milchprodukte-eier/kaese,Gruyère AOP Würfeli,lidl.ch,3.95,https://sortiment.lidl.ch/media/catalog/product/cache/b4d8daca087e724c0fba4501ead491d0/5/1/5112832_PSXX.jpg,,,surchoix,https://sortiment.lidl.ch/de/catalog/product/view/id/17809/s/gruyere-aop-wuerfeli-5112832/category/111/
Käse,https://sortiment.lidl.ch/de/milchprodukte-eier/kaese,Ziegenfrischkäse Pyramide,lidl.ch,1.99,https://sortiment.lidl.ch/media/catalog/product/cache/b4d8daca087e724c0fba4501ead491d0/1/2/129874_Chive_PSXX.jpg,https://sortiment.lidl.ch/media/catalog/product/cache/b4d8daca087e724c0fba4501ead491d0/1/2/129874_Classic_PSXX.jpg,,"Classic, Schnittlauch",https://sortiment.lidl.ch/de/catalog/product/view/id/17310/s/ziegenfrischkaese-pyramide-0129874/category/111/
Käse,https://sortiment.lidl.ch/de/milchprodukte-eier/kaese,Spanische Käsevariationen,lidl.ch,2.85,https://sortiment.lidl.ch/media/catalog/product/cache/b4d8daca087e724c0fba4501ead491d0/2/2/220690_FKBF.jpg,https://sortiment.lidl.ch/media/catalog/product/cache/b4d8daca087e724c0fba4501ead491d0/2/2/220690_Iberico_PSXX.jpg,https://sortiment.lidl.ch/media/catalog/product/cache/b4d8daca087e724c0fba4501ead491d0/2/2/220690_Mojo_Picon_PSXX.jpg,diverse Sorten,https://sortiment.lidl.ch/de/catalog/product/view/id/17293/s/spanische-kaesevariationen-0220690/category/111/
Käse,https://sortiment.lidl.ch/de/milchprodukte-eier/kaese,Pecorino Romano DOP,lidl.ch,2.59,https://sortiment.lidl.ch/media/catalog/product/cache/b4d8daca087e724c0fba4501ead491d0/6/0/6000996_PSXX.jpg,,,gerieben,https://sortiment.lidl.ch/de/catalog/product/view/id/17057/s/pecorino-romano-dop-6000996/category/111/
Käse,https://sortiment.lidl.ch/de/milchprodukte-eier/kaese,Pecorino Romano DOP,lidl.ch,4.99,https://sortiment.lidl.ch/media/catalog/product/cache/b4d8daca087e724c0fba4501ead491d0/6/0/6006852_FKBF.jpg,https://sortiment.lidl.ch/media/catalog/product/cache/b4d8daca087e724c0fba4501ead491d0/6/0/6006852_PSXX.jpg,,,https://sortiment.lidl.ch/de/catalog/product/view/id/16947/s/pecorino-romano-dop-6006852/category/111/
Käse,https://sortiment.lidl.ch/de/milchprodukte-eier/kaese,Asiago Käse DOP,lidl.ch,4.79,https://sortiment.lidl.ch/media/catalog/product/cache/b4d8daca087e724c0fba4501ead491d0/6/0/6000111_PSXX.jpg,,,,https://sortiment.lidl.ch/de/catalog/product/view/id/16839/s/asiago-kaese-dop-6000111/category/111/
Käse,https://sortiment.lidl.ch/de/milchprodukte-eier/kaese,Eberle Nusskäse,lidl.ch,4.19,https://sortiment.lidl.ch/media/catalog/product/cache/b4d8daca087e724c0fba4501ead491d0/5/1/5112846_FKBF.jpg,https://sortiment.lidl.ch/media/catalog/product/cache/b4d8daca087e724c0fba4501ead491d0/5/1/5112846_PSXX.jpg,,,https://sortiment.lidl.ch/de/catalog/product/view/id/16552/s/eberle-nusskaese-5112846/category/111/
Käse,https://sortiment.lidl.ch/de/milchprodukte-eier/kaese,Vegane Scheiben,lidl.ch,1.49,https://sortiment.lidl.ch/media/catalog/product/cache/b4d8daca087e724c0fba4501ead491d0/6/6/6612647_British_PSXX.jpg,https://sortiment.lidl.ch/media/catalog/product/cache/b4d8daca087e724c0fba4501ead491d0/6/6/6612647_Dutch_PSXX.jpg,https://sortiment.lidl.ch/media/catalog/product/cache/b4d8daca087e724c0fba4501ead491d0/6/6/6612647_FKBF.jpg,diverse Sorten,https://sortiment.lidl.ch/de/catalog/product/view/id/16549/s/vegane-scheiben-6612647/category/111/
Käse,https://sortiment.lidl.ch/de/milchprodukte-eier/kaese,Grana Padano DOP,lidl.ch,3.32,https://sortiment.lidl.ch/media/catalog/product/cache/b4d8daca087e724c0fba4501ead491d0/6/0/6000470_PSXX.jpg,,,16 Monate gereift,https://sortiment.lidl.ch/de/catalog/product/view/id/16539/s/grana-padano-dop-6000470/category/111/
Käse,https://sortiment.lidl.ch/de/milchprodukte-eier/kaese,High Protein Reibkäse,lidl.ch,2.49,https://sortiment.lidl.ch/media/catalog/product/cache/b4d8daca087e724c0fba4501ead491d0/1/9/194555_PSXX.jpg,,,,https://sortiment.lidl.ch/de/catalog/product/view/id/16524/s/high-protein-reibkaese-0194555/category/111/
Käse,https://sortiment.lidl.ch/de/milchprodukte-eier/kaese,Mozzarella Scheiben,lidl.ch,2.49,https://sortiment.lidl.ch/media/catalog/product/cache/b4d8daca087e724c0fba4501ead491d0/1/8/186823_mild_PSXX.jpg,https://sortiment.lidl.ch/media/catalog/product/cache/b4d8daca087e724c0fba4501ead491d0/1/8/186823_rauchig_PSXX.jpg,,"Natur, geräuchert",https://sortiment.lidl.ch/de/catalog/product/view/id/16522/s/mozzarella-scheiben-0186823/category/111/
Käse,https://sortiment.lidl.ch/de/milchprodukte-eier/kaese,Emmentaler AOP gerieben,lidl.ch,3.49,https://sortiment.lidl.ch/media/catalog/product/cache/b4d8daca087e724c0fba4501ead491d0/5/1/5100550_Emmentaler_PSXX.jpg,,,,https://sortiment.lidl.ch/de/catalog/product/view/id/16472/s/emmentaler-aop-gerieben-5100550/category/111/
Käse,https://sortiment.lidl.ch/de/milchprodukte-eier/kaese,Gruyère AOP gerieben,lidl.ch,4.49,https://sortiment.lidl.ch/media/catalog/product/cache/b4d8daca087e724c0fba4501ead491d0/5/1/5100549_QS_Gruyere_gerieben_PSXX.jpg,,,,https://sortiment.lidl.ch/de/catalog/product/view/id/16471/s/gruyere-aop-gerieben-5100549/category/111/
Käse,https://sortiment.lidl.ch/de/milchprodukte-eier/kaese,Tomme Suisse,lidl.ch,1.79,https://sortiment.lidl.ch/media/catalog/product/cache/b4d8daca087e724c0fba4501ead491d0/5/1/5112847_FKBF.jpg,https://sortiment.lidl.ch/media/catalog/product/cache/b4d8daca087e724c0fba4501ead491d0/5/1/5112847_QSTommeSuisse_PSXX.jpg,,,https://sortiment.lidl.ch/de/catalog/product/view/id/16466/s/tomme-suisse-5112847/category/111/
Käse,https://sortiment.lidl.ch/de/milchprodukte-eier/kaese,Mozzarella gerieben,lidl.ch,2.69,https://sortiment.lidl.ch/media/catalog/product/cache/b4d8daca087e724c0fba4501ead491d0/1/2/129674_PSXX.jpg,,,,https://sortiment.lidl.ch/de/catalog/product/view/id/16301/s/mozzarella-gerieben-0129674/category/111/
Käse,https://sortiment.lidl.ch/de/milchprodukte-eier/kaese,Val d'Arve Reblochon Weichkäse,lidl.ch,3.19,https://sortiment.lidl.ch/media/catalog/product/cache/b4d8daca087e724c0fba4501ead491d0/3/2/3296_PSXX.jpg,,,,https://sortiment.lidl.ch/de/catalog/product/view/id/16251/s/val-d-arve-reblochon-weichkaese-0003296/category/111/
Käse,https://sortiment.lidl.ch/de/milchprodukte-eier/kaese,Mini Käse Snack,lidl.ch,1.99,https://sortiment.lidl.ch/media/catalog/product/cache/b4d8daca087e724c0fba4501ead491d0/1/9/195563_Classic_PSXX.jpg,https://sortiment.lidl.ch/media/catalog/product/cache/b4d8daca087e724c0fba4501ead491d0/1/9/195563_Light_PSXX.jpg,,Classic/ Light,https://sortiment.lidl.ch/de/catalog/product/view/id/16212/s/mini-kaese-snack-0195563/category/111/
Käse,https://sortiment.lidl.ch/de/milchprodukte-eier/kaese,Vegan Block Greek Style,lidl.ch,1.99,https://sortiment.lidl.ch/media/catalog/product/cache/b4d8daca087e724c0fba4501ead491d0/6/6/6611469_PSXX.jpg,,,,https://sortiment.lidl.ch/de/catalog/product/view/id/16204/s/vegan-block-greek-style-6611469/category/111/
Käse,https://sortiment.lidl.ch/de/milchprodukte-eier/kaese,Stärnächäs Extra Würzig,lidl.ch,3.99,https://sortiment.lidl.ch/media/catalog/product/cache/b4d8daca087e724c0fba4501ead491d0/5/1/5107534_QS_Staernaechaes_extra_wuerzig_200g_PSXX.jpg,,,,https://sortiment.lidl.ch/de/catalog/product/view/id/16191/s/staernaechaes-extra-wuerzig-5107534/category/111/
Käse,https://sortiment.lidl.ch/de/milchprodukte-eier/kaese,Alpstein Bergkäse,lidl.ch,3.09,https://sortiment.lidl.ch/media/catalog/product/cache/b4d8daca087e724c0fba4501ead491d0/5/1/5104165_QS_AlpsteinBergkaese_PSXX.jpg,,,,https://sortiment.lidl.ch/de/catalog/product/view/id/16190/s/alpstein-bergkaese-5104165/category/111/
Käse,https://sortiment.lidl.ch/de/milchprodukte-eier/kaese,Savogniner Bergkäse,lidl.ch,3.95,https://sortiment.lidl.ch/media/catalog/product/cache/b4d8daca087e724c0fba4501ead491d0/5/1/5107533_PSXX.jpg,https://sortiment.lidl.ch/media/catalog/product/cache/b4d8daca087e724c0fba4501ead491d0/5/1/5107533_Savogniner_FKBF.jpg,,,https://sortiment.lidl.ch/de/catalog/product/view/id/16185/s/savogniner-bergkaese-5107533/category/111/
Käse,https://sortiment.lidl.ch/de/milchprodukte-eier/kaese,Bio Alpstein Bergkäse,lidl.ch,3.99,https://sortiment.lidl.ch/media/catalog/product/cache/b4d8daca087e724c0fba4501ead491d0/5/1/5103166_Alpstein_FKBF.jpg,https://sortiment.lidl.ch/media/catalog/product/cache/b4d8daca087e724c0fba4501ead491d0/5/1/5103166_PSXX.jpg,,,https://sortiment.lidl.ch/de/catalog/product/view/id/16184/s/bio-alpstein-bergkaese-5103166/category/111/
Käse,https://sortiment.lidl.ch/de/milchprodukte-eier/kaese,Toggenburger Bergkäse,lidl.ch,3.99,https://sortiment.lidl.ch/media/catalog/product/cache/b4d8daca087e724c0fba4501ead491d0/5/1/5102782_QS_Toggenburger_PSXX.jpg,,,,https://sortiment.lidl.ch/de/catalog/product/view/id/16183/s/toggenburger-bergkaese-5102782/category/111/
Käse,https://sortiment.lidl.ch/de/milchprodukte-eier/kaese,High Protein Mozzarella,lidl.ch,1.79,https://sortiment.lidl.ch/media/catalog/product/cache/b4d8daca087e724c0fba4501ead491d0/5/1/5110134_QS_High_Protein_Mozzarella_160g_PSXX.jpg,,,,https://sortiment.lidl.ch/de/catalog/product/view/id/16002/s/high-protein-mozzarella-5110134/category/111/
Käse,https://sortiment.lidl.ch/de/milchprodukte-eier/kaese,Le Petit Hugo,lidl.ch,1.99,https://sortiment.lidl.ch/media/catalog/product/cache/b4d8daca087e724c0fba4501ead491d0/5/1/5110819_PSXX.jpg,,,Rahmweichkäse,https://sortiment.lidl.ch/de/catalog/product/view/id/15606/s/le-petit-hugo-5110819/category/111/
Käse,https://sortiment.lidl.ch/de/milchprodukte-eier/kaese,Bio Hüttenkäse laktosefrei,lidl.ch,1.99,https://sortiment.lidl.ch/media/catalog/product/cache/b4d8daca087e724c0fba4501ead491d0/5/1/5110787_QS_Bio_freefrom_Huettenkaese_250g_PSXX.jpg,,,,https://sortiment.lidl.ch/de/catalog/product/view/id/15556/s/bio-huettenkaese-laktosefrei-5110787/category/111/
Käse,https://sortiment.lidl.ch/de/milchprodukte-eier/kaese,Bio Schweizer Reibkäse,lidl.ch,4.35,,,,,https://sortiment.lidl.ch/de/catalog/product/view/id/15552/s/bio-schweizer-reibkaese-5110800/category/111/
Käse,https://sortiment.lidl.ch/de/milchprodukte-eier/kaese,Bio Mozzarella Laktosefrei,lidl.ch,1.99,https://sortiment.lidl.ch/media/catalog/product/cache/b4d8daca087e724c0fba4501ead491d0/5/1/5110828_FKBF.jpg,https://sortiment.lidl.ch/media/catalog/product/cache/b4d8daca087e724c0fba4501ead491d0/5/1/5110828_QS_BioMozzarella_lactosefrei_PSXX.jpg,,,https://sortiment.lidl.ch/de/catalog/product/view/id/15551/s/bio-mozzarella-laktosefrei-5110828/category/111/
Käse,https://sortiment.lidl.ch/de/milchprodukte-eier/kaese,Eberle Fruchtkäse,lidl.ch,4.59,https://sortiment.lidl.ch/media/catalog/product/cache/b4d8daca087e724c0fba4501ead491d0/5/1/5110842_PSXX.jpg,,,,https://sortiment.lidl.ch/de/catalog/product/view/id/15502/s/eberle-fruchtkaese-5110842/category/111/
Käse,https://sortiment.lidl.ch/de/milchprodukte-eier/kaese,Bio Moser Camembertli,lidl.ch,3.19,https://sortiment.lidl.ch/media/catalog/product/cache/b4d8daca087e724c0fba4501ead491d0/5/1/5110772_PSXX.jpg,,,,https://sortiment.lidl.ch/de/catalog/product/view/id/15499/s/bio-moser-camembertli-5110772/category/111/
Käse,https://sortiment.lidl.ch/de/milchprodukte-eier/kaese,Camembert zum Grillieren,lidl.ch,3.99,https://sortiment.lidl.ch/media/catalog/product/cache/b4d8daca087e724c0fba4501ead491d0/7/7/7708355_Classic_PSXX.jpg,https://sortiment.lidl.ch/media/catalog/product/cache/b4d8daca087e724c0fba4501ead491d0/7/7/7708355_Kraeuter_PSXX.jpg,https://sortiment.lidl.ch/media/catalog/product/cache/b4d8daca087e724c0fba4501ead491d0/7/7/7708355_Pfeffer_PSXX.jpg,"Classic, Kräuter",https://sortiment.lidl.ch/de/catalog/product/view/id/15203/s/camembert-zum-grillieren-7708355/category/111/
Käse,https://sortiment.lidl.ch/de/milchprodukte-eier/kaese,Bio Feta AOP,lidl.ch,2.95,https://sortiment.lidl.ch/media/catalog/product/cache/b4d8daca087e724c0fba4501ead491d0/1/6/165948_Bio_PSXX.jpg,https://sortiment.lidl.ch/media/catalog/product/cache/b4d8daca087e724c0fba4501ead491d0/1/6/165948_FKBF.jpg,,,https://sortiment.lidl.ch/de/catalog/product/view/id/15044/s/bio-feta-aop-0165948/category/111/
Käse,https://sortiment.lidl.ch/de/milchprodukte-eier/kaese,Bio Parmigiano Reggiano DOP,lidl.ch,5.29,https://sortiment.lidl.ch/media/catalog/product/cache/b4d8daca087e724c0fba4501ead491d0/6/0/6003620_FKBF.jpg,https://sortiment.lidl.ch/media/catalog/product/cache/b4d8daca087e724c0fba4501ead491d0/6/0/6003620_PSXX.jpg,,24 Monate gereift,https://sortiment.lidl.ch/de/catalog/product/view/id/14874/s/bio-parmigiano-reggiano-dop-6003620/category/111/
Käse,https://sortiment.lidl.ch/de/milchprodukte-eier/kaese,Schweizer Käse Mild,lidl.ch,3.99,https://sortiment.lidl.ch/media/catalog/product/cache/b4d8daca087e724c0fba4501ead491d0/5/1/5109792_FKBF.jpg,https://sortiment.lidl.ch/media/catalog/product/cache/b4d8daca087e724c0fba4501ead491d0/5/1/5109792_SchweizerKaese_PSXX.jpg,,,https://sortiment.lidl.ch/de/catalog/product/view/id/14829/s/schweizer-kaese-mild-5109792/category/111/
Käse,https://sortiment.lidl.ch/de/milchprodukte-eier/kaese,Sbrinz AOP Möckli,lidl.ch,3.59,https://sortiment.lidl.ch/media/catalog/product/cache/b4d8daca087e724c0fba4501ead491d0/5/1/5110090_FKBF.jpg,https://sortiment.lidl.ch/media/catalog/product/cache/b4d8daca087e724c0fba4501ead491d0/5/1/5110090_PSXX.jpg,,,https://sortiment.lidl.ch/de/catalog/product/view/id/14792/s/sbrinz-aop-moeckli-5110090/category/111/
Käse,https://sortiment.lidl.ch/de/milchprodukte-eier/kaese,Appenzeller extra,lidl.ch,4.29,https://sortiment.lidl.ch/media/catalog/product/cache/b4d8daca087e724c0fba4501ead491d0/5/1/5103874_FKBF.jpg,https://sortiment.lidl.ch/media/catalog/product/cache/b4d8daca087e724c0fba4501ead491d0/5/1/5103874_PSXX.jpg,,,https://sortiment.lidl.ch/de/catalog/product/view/id/14779/s/appenzeller-extra-5103874/category/111/
Käse,https://sortiment.lidl.ch/de/milchprodukte-eier/kaese,Tilsiter mild-aromatisch,lidl.ch,4.15,https://sortiment.lidl.ch/media/catalog/product/cache/b4d8daca087e724c0fba4501ead491d0/5/1/5109791_QS_Tilsiter_mildaromatisch_PSXX.jpg,,,,https://sortiment.lidl.ch/de/catalog/product/view/id/14745/s/tilsiter-mild-aromatisch-5109791/category/111/
Käse,https://sortiment.lidl.ch/de/milchprodukte-eier/kaese,La Vache qui rit Schmelzkäseecken natur 16 Stk,lidl.ch,4.55,https://sortiment.lidl.ch/media/catalog/product/cache/b4d8daca087e724c0fba4501ead491d0/8/3/8317_PSXX_1.jpg,,,,https://sortiment.lidl.ch/de/catalog/product/view/id/14376/s/la-vache-qui-rit-schmelzkaeseecken-natur-16-stk-0008317/category/111/
Käse,https://sortiment.lidl.ch/de/milchprodukte-eier/kaese,Bio Parmigiano Reggiano DOP,lidl.ch,3.75,https://sortiment.lidl.ch/media/catalog/product/cache/b4d8daca087e724c0fba4501ead491d0/1/2/127241_PSXX.jpg,,,gerieben,https://sortiment.lidl.ch/de/catalog/product/view/id/14305/s/bio-parmigiano-reggiano-dop-0127241/category/111/
Käse,https://sortiment.lidl.ch/de/milchprodukte-eier/kaese,Schweizer Reibkäse,lidl.ch,2.69,https://sortiment.lidl.ch/media/catalog/product/cache/b4d8daca087e724c0fba4501ead491d0/7/2/72427_Schweizer_Reibkaese_PSXX.jpg,,,,https://sortiment.lidl.ch/de/catalog/product/view/id/14304/s/schweizer-reibkaese-0072427/category/111/
Käse,https://sortiment.lidl.ch/de/milchprodukte-eier/kaese,Grana Padano DOP,lidl.ch,3.95,https://sortiment.lidl.ch/media/catalog/product/cache/b4d8daca087e724c0fba4501ead491d0/2/9/29350_GranaPadanofrischgerieben_PSXX.jpg,,,gerieben,https://sortiment.lidl.ch/de/catalog/product/view/id/14303/s/grana-padano-dop-0029350/category/111/
Käse,https://sortiment.lidl.ch/de/milchprodukte-eier/kaese,Cheddar Scheiben,lidl.ch,3.59,https://sortiment.lidl.ch/media/catalog/product/cache/b4d8daca087e724c0fba4501ead491d0/5/2/5222284_PSXX_1.jpg,,,Mature,https://sortiment.lidl.ch/de/catalog/product/view/id/14302/s/cheddar-scheiben-5222284/category/111/
Käse,https://sortiment.lidl.ch/de/milchprodukte-eier/kaese,1/2 Walliser Mutschli,lidl.ch,1.99,https://sortiment.lidl.ch/media/catalog/product/cache/b4d8daca087e724c0fba4501ead491d0/5/1/5109283_FKBF_1.jpg,https://sortiment.lidl.ch/media/catalog/product/cache/b4d8daca087e724c0fba4501ead491d0/5/1/5109283_QS_Walliser_Mutschli_Cremo_PSXX.jpg,,,https://sortiment.lidl.ch/de/catalog/product/view/id/14298/s/1-2-walliser-mutschli-5109283/category/111/
Käse,https://sortiment.lidl.ch/de/milchprodukte-eier/kaese,Parmigiano Reggiano DOP,lidl.ch,4.99,https://sortiment.lidl.ch/media/catalog/product/cache/b4d8daca087e724c0fba4501ead491d0/6/9/69995_PSXX_1.jpg,,,24 Monate gereift,https://sortiment.lidl.ch/de/catalog/product/view/id/14287/s/parmigiano-reggiano-dop-0069995/category/111/
Käse,https://sortiment.lidl.ch/de/milchprodukte-eier/kaese,Mini Burrata,lidl.ch,4.79,https://sortiment.lidl.ch/media/catalog/product/cache/b4d8daca087e724c0fba4501ead491d0/6/0/6012305_2_PSXX.jpg,https://sortiment.lidl.ch/media/catalog/product/cache/b4d8daca087e724c0fba4501ead491d0/6/0/6012305_FKBF_1.jpg,https://sortiment.lidl.ch/media/catalog/product/cache/b4d8daca087e724c0fba4501ead491d0/6/0/6012305_PSXX_1.jpg,,https://sortiment.lidl.ch/de/catalog/product/view/id/14286/s/mini-burrata-6012305/category/111/
Käse,https://sortiment.lidl.ch/de/milchprodukte-eier/kaese,Frischkäse,lidl.ch,1.49,https://sortiment.lidl.ch/media/catalog/product/cache/b4d8daca087e724c0fba4501ead491d0/7/4/74726_Balance_PSXX_1.jpg,https://sortiment.lidl.ch/media/catalog/product/cache/b4d8daca087e724c0fba4501ead491d0/7/4/74726_Nature_PSXX.jpg,,"Original, Kräuter, Light",https://sortiment.lidl.ch/de/catalog/product/view/id/14275/s/frischkaese-0074726/category/111/
Käse,https://sortiment.lidl.ch/de/milchprodukte-eier/kaese,Nestlé Hirz Hüttenkäse Schnittlauch,lidl.ch,1.95,https://sortiment.lidl.ch/media/catalog/product/cache/b4d8daca087e724c0fba4501ead491d0/8/4/8431_PSXX.jpg,,,,https://sortiment.lidl.ch/de/catalog/product/view/id/14274/s/nestle-hirz-huettenkaese-schnittlauch-0008431/category/111/
Käse,https://sortiment.lidl.ch/de/milchprodukte-eier/kaese,Grilltaler rund,lidl.ch,3.49,https://sortiment.lidl.ch/media/catalog/product/cache/b4d8daca087e724c0fba4501ead491d0/7/0/70128_Chili_PSXX.jpg,https://sortiment.lidl.ch/media/catalog/product/cache/b4d8daca087e724c0fba4501ead491d0/7/0/70128_Classic_PSXX.jpg,https://sortiment.lidl.ch/media/catalog/product/cache/b4d8daca087e724c0fba4501ead491d0/7/0/70128_Kraeuter_PSXX.jpg,diverse Sorten,https://sortiment.lidl.ch/de/catalog/product/view/id/14174/s/grilltaler-rund-0070128/category/111/
Käse,https://sortiment.lidl.ch/de/milchprodukte-eier/kaese,Kiri Dippi,lidl.ch,4.29,https://sortiment.lidl.ch/media/catalog/product/cache/b4d8daca087e724c0fba4501ead491d0/2/8/2889_PSXX.jpg,,,,https://sortiment.lidl.ch/de/catalog/product/view/id/14173/s/kiri-dippi-0002889/category/111/
Käse,https://sortiment.lidl.ch/de/milchprodukte-eier/kaese,Tomme gefüllt,lidl.ch,3.79,https://sortiment.lidl.ch/media/catalog/product/cache/b4d8daca087e724c0fba4501ead491d0/5/1/5102736_chili_PSXX.jpg,https://sortiment.lidl.ch/media/catalog/product/cache/b4d8daca087e724c0fba4501ead491d0/5/1/5102736_steinpilze_PSXX.jpg,https://sortiment.lidl.ch/media/catalog/product/cache/b4d8daca087e724c0fba4501ead491d0/5/1/5102736_trueffel_PSXX.jpg,"Trüffel, Chili, Steinpilz",https://sortiment.lidl.ch/de/catalog/product/view/id/14096/s/tomme-gefuellt-5102736/category/111/
Käse,https://sortiment.lidl.ch/de/milchprodukte-eier/kaese,Halbhartkäse Scheiben,lidl.ch,2.99,https://sortiment.lidl.ch/media/catalog/product/cache/b4d8daca087e724c0fba4501ead491d0/1/5/150881_PSXX.jpg,,,,https://sortiment.lidl.ch/de/catalog/product/view/id/13984/s/halbhartkaese-scheiben-0150881/category/111/
Käse,https://sortiment.lidl.ch/de/milchprodukte-eier/kaese,Ricotta,lidl.ch,1.69,https://sortiment.lidl.ch/media/catalog/product/cache/b4d8daca087e724c0fba4501ead491d0/6/0/6009418_PSXX_1.jpg,,,,https://sortiment.lidl.ch/de/catalog/product/view/id/13954/s/ricotta-6009418/category/111/
Käse,https://sortiment.lidl.ch/de/milchprodukte-eier/kaese,Mascarpone,lidl.ch,1.35,https://sortiment.lidl.ch/media/catalog/product/cache/b4d8daca087e724c0fba4501ead491d0/6/0/6009177_PSXX_1.jpg,,,,https://sortiment.lidl.ch/de/catalog/product/view/id/13937/s/mascarpone-6009177/category/111/
Käse,https://sortiment.lidl.ch/de/milchprodukte-eier/kaese,Grillkäse,lidl.ch,2.99,https://sortiment.lidl.ch/media/catalog/product/cache/b4d8daca087e724c0fba4501ead491d0/7/7/7703215_Kraeuter_PSXX.jpg,https://sortiment.lidl.ch/media/catalog/product/cache/b4d8daca087e724c0fba4501ead491d0/7/7/7703215_Nature_PSXX_1.jpg,https://sortiment.lidl.ch/media/catalog/product/cache/b4d8daca087e724c0fba4501ead491d0/7/7/7703215_Paprika_Chili_PSXX.jpg,diverse Sorten,https://sortiment.lidl.ch/de/catalog/product/view/id/13865/s/grillkaese-7703215/category/111/
Käse,https://sortiment.lidl.ch/de/milchprodukte-eier/kaese,Provolone Dolce,lidl.ch,3.89,https://sortiment.lidl.ch/media/catalog/product/cache/b4d8daca087e724c0fba4501ead491d0/6/0/6009891_FKBF.jpg,https://sortiment.lidl.ch/media/catalog/product/cache/b4d8daca087e724c0fba4501ead491d0/6/0/6009891_PSXX_001.jpg,,,https://sortiment.lidl.ch/de/catalog/product/view/id/13828/s/provolone-dolce-6009891/category/111/
Käse,https://sortiment.lidl.ch/de/milchprodukte-eier/kaese,Bärlauchkäse,lidl.ch,3.99,https://sortiment.lidl.ch/media/catalog/product/cache/b4d8daca087e724c0fba4501ead491d0/5/1/5103522_Baerlauchkaese_PSXX.jpg,https://sortiment.lidl.ch/media/catalog/product/cache/b4d8daca087e724c0fba4501ead491d0/5/1/5103522_FKBF.jpg,,,https://sortiment.lidl.ch/de/catalog/product/view/id/13783/s/baerlauchkaese-5103522/category/111/
Käse,https://sortiment.lidl.ch/de/milchprodukte-eier/kaese,Feta AOP,lidl.ch,2.45,https://sortiment.lidl.ch/media/catalog/product/cache/b4d8daca087e724c0fba4501ead491d0/4/8/48087_PSXX.jpg,,,,https://sortiment.lidl.ch/de/catalog/product/view/id/13772/s/feta-aop-0048087/category/111/
Käse,https://sortiment.lidl.ch/de/milchprodukte-eier/kaese,Schmelzkäse Scheiben (Aktion nur in der Westschweiz gültig),lidl.ch,1.39,https://sortiment.lidl.ch/media/catalog/product/cache/b4d8daca087e724c0fba4501ead491d0/2/2/22664_Cheddar_PSXX.jpg,https://sortiment.lidl.ch/media/catalog/product/cache/b4d8daca087e724c0fba4501ead491d0/2/2/22664_Sandwich_PSXX_1.jpg,https://sortiment.lidl.ch/media/catalog/product/cache/b4d8daca087e724c0fba4501ead491d0/2/2/22664_Toast_PSXX.jpg,diverse Sorten,https://sortiment.lidl.ch/de/catalog/product/view/id/13770/s/schmelzkaese-scheiben-0022664/category/111/
Käse,https://sortiment.lidl.ch/de/milchprodukte-eier/kaese,Käsescheiben assortiert,lidl.ch,2.79,https://sortiment.lidl.ch/media/catalog/product/cache/b4d8daca087e724c0fba4501ead491d0/1/9/19133_PSXX.jpg,,,,https://sortiment.lidl.ch/de/catalog/product/view/id/13666/s/kaesescheiben-assortiert-0019133/category/111/
Käse,https://sortiment.lidl.ch/de/milchprodukte-eier/kaese,Edamer Scheiben,lidl.ch,3.59,https://sortiment.lidl.ch/media/catalog/product/cache/b4d8daca087e724c0fba4501ead491d0/3/8/38893_PSXX.jpg,,,,https://sortiment.lidl.ch/de/catalog/product/view/id/13658/s/edamer-scheiben-0038893/category/111/
Käse,https://sortiment.lidl.ch/de/milchprodukte-eier/kaese,Grana Padano DOP,lidl.ch,2.19,https://sortiment.lidl.ch/media/catalog/product/cache/b4d8daca087e724c0fba4501ead491d0/1/3/131598_GranaPadono_PSXX.jpg,,,gerieben,https://sortiment.lidl.ch/de/catalog/product/view/id/13625/s/grana-padano-dop-0131598/category/111/
Käse,https://sortiment.lidl.ch/de/milchprodukte-eier/kaese,Käsesnack in Würfeln,lidl.ch,3.79,https://sortiment.lidl.ch/media/catalog/product/cache/b4d8daca087e724c0fba4501ead491d0/8/8/88099_EdamButterkaese_PSXX.jpg,https://sortiment.lidl.ch/media/catalog/product/cache/b4d8daca087e724c0fba4501ead491d0/8/8/88099_GoudaBergkaese_PSXX.jpg,,Bergkäse-Gouda / Butterkäse-Edamer,https://sortiment.lidl.ch/de/catalog/product/view/id/12390/s/kaesesnack-in-wuerfeln-0088099/category/111/
Käse,https://sortiment.lidl.ch/de/milchprodukte-eier/kaese,Frisch-Fondue Moitié-Moitié,lidl.ch,9.99,,,,,https://sortiment.lidl.ch/de/catalog/product/view/id/12388/s/frisch-fondue-moitie-moitie-5105014/category/111/
Käse,https://sortiment.lidl.ch/de/milchprodukte-eier/kaese,Gratinkäse gerieben,lidl.ch,1.48,https://sortiment.lidl.ch/media/catalog/product/cache/b4d8daca087e724c0fba4501ead491d0/2/2/22762_PSXX.jpg,,,,https://sortiment.lidl.ch/de/catalog/product/view/id/12384/s/gratinkaese-gerieben-0022762/category/111/
Käse,https://sortiment.lidl.ch/de/milchprodukte-eier/kaese,Käsekuchenmischung,lidl.ch,3.15,https://sortiment.lidl.ch/media/catalog/product/cache/b4d8daca087e724c0fba4501ead491d0/3/1/3185_QS_Kaesekuchenmischung_PSXX.jpg,,,,https://sortiment.lidl.ch/de/catalog/product/view/id/12383/s/kaesekuchenmischung-0003185/category/111/
Käse,https://sortiment.lidl.ch/de/milchprodukte-eier/kaese,Frischkäse Spezialitäten,lidl.ch,2.47,https://sortiment.lidl.ch/media/catalog/product/cache/b4d8daca087e724c0fba4501ead491d0/1/2/123439_AnanasMandel_PSXX_1.jpg,https://sortiment.lidl.ch/media/catalog/product/cache/b4d8daca087e724c0fba4501ead491d0/1/2/123439_Pfeffer_PSXX.jpg,https://sortiment.lidl.ch/media/catalog/product/cache/b4d8daca087e724c0fba4501ead491d0/1/2/123439_Schnittlauch_PSXX.jpg,diverse Sorten,https://sortiment.lidl.ch/de/catalog/product/view/id/12377/s/frischkaese-spezialitaeten-0123439/category/111/
Käse,https://sortiment.lidl.ch/de/milchprodukte-eier/kaese,Ziegenkäse Spezialitäten (Aktion nur in der Westschweiz gültig),lidl.ch,2.49,https://sortiment.lidl.ch/media/catalog/product/cache/b4d8daca087e724c0fba4501ead491d0/2/5/25707_Brique_de_Chevre_PSXX.jpg,https://sortiment.lidl.ch/media/catalog/product/cache/b4d8daca087e724c0fba4501ead491d0/2/5/25707_Buche_de_Chevre_PSXX.jpg,https://sortiment.lidl.ch/media/catalog/product/cache/b4d8daca087e724c0fba4501ead491d0/2/5/25707_Crott.d.Chev_FKBF.jpg,diverse Sorten,https://sortiment.lidl.ch/de/catalog/product/view/id/12376/s/ziegenkaese-spezialitaeten-0025707/category/111/
Käse,https://sortiment.lidl.ch/de/milchprodukte-eier/kaese,Crefée Frischkäse,lidl.ch,0.75,https://sortiment.lidl.ch/media/catalog/product/cache/b4d8daca087e724c0fba4501ead491d0/2/2/22837_Chili_PSXX.jpg,https://sortiment.lidl.ch/media/catalog/product/cache/b4d8daca087e724c0fba4501ead491d0/2/2/22837_Knoblauch_PSXX.jpg,https://sortiment.lidl.ch/media/catalog/product/cache/b4d8daca087e724c0fba4501ead491d0/2/2/22837_Kraeuter_PSXX.jpg,"cremig, diverse Sorten",https://sortiment.lidl.ch/de/catalog/product/view/id/12375/s/crefee-frischkaese-0022837/category/111/
Käse,https://sortiment.lidl.ch/de/milchprodukte-eier/kaese,Tartare Frischkäse,lidl.ch,3.29,https://sortiment.lidl.ch/media/catalog/product/cache/b4d8daca087e724c0fba4501ead491d0/2/9/2911_Balance_PSXX.jpg,https://sortiment.lidl.ch/media/catalog/product/cache/b4d8daca087e724c0fba4501ead491d0/2/9/2911_KraeuterKnoblauch_PSXX.jpg,https://sortiment.lidl.ch/media/catalog/product/cache/b4d8daca087e724c0fba4501ead491d0/2/9/2911_Meersalz_PSXX.jpg,diverse Sorten,https://sortiment.lidl.ch/de/catalog/product/view/id/12374/s/tartare-frischkaese-0002911/category/111/
Käse,https://sortiment.lidl.ch/de/milchprodukte-eier/kaese,Nestlé Hirz Hüttenkäse Nature,lidl.ch,1.95,https://sortiment.lidl.ch/media/catalog/product/cache/b4d8daca087e724c0fba4501ead491d0/3/8/3852_PSXX.jpg,,,,https://sortiment.lidl.ch/de/catalog/product/view/id/12372/s/nestle-hirz-huettenkaese-nature-0003852/category/111/
Käse,https://sortiment.lidl.ch/de/milchprodukte-eier/kaese,Philadelphia Frischkäse Original,lidl.ch,2.75,https://sortiment.lidl.ch/media/catalog/product/cache/b4d8daca087e724c0fba4501ead491d0/2/7/2719_Original_PSXX.jpg,,,,https://sortiment.lidl.ch/de/catalog/product/view/id/12371/s/philadelphia-frischkaese-original-0002719/category/111/
Käse,https://sortiment.lidl.ch/de/milchprodukte-eier/kaese,Philadelphia Frischkäse Kräuter,lidl.ch,2.75,https://sortiment.lidl.ch/media/catalog/product/cache/b4d8daca087e724c0fba4501ead491d0/2/7/2717_PSXX.jpg,,,,https://sortiment.lidl.ch/de/catalog/product/view/id/12370/s/philadelphia-frischkaese-kraeuter-0002717/category/111/
Käse,https://sortiment.lidl.ch/de/milchprodukte-eier/kaese,Bio Gruyère AOP mild,lidl.ch,4.39,https://sortiment.lidl.ch/media/catalog/product/cache/b4d8daca087e724c0fba4501ead491d0/5/1/5103150_FKBF.jpg,https://sortiment.lidl.ch/media/catalog/product/cache/b4d8daca087e724c0fba4501ead491d0/5/1/5103150_PSXX.jpg,,,https://sortiment.lidl.ch/de/catalog/product/view/id/12362/s/bio-gruyere-aop-mild-5103150/category/111/
Käse,https://sortiment.lidl.ch/de/milchprodukte-eier/kaese,Grana Padano DOP,lidl.ch,5.99,https://sortiment.lidl.ch/media/catalog/product/cache/b4d8daca087e724c0fba4501ead491d0/6/0/6007311_PSXX.jpg,,,gewürfelt,https://sortiment.lidl.ch/de/catalog/product/view/id/12361/s/grana-padano-dop-6007311/category/111/
Käse,https://sortiment.lidl.ch/de/milchprodukte-eier/kaese,British Cheddar,lidl.ch,3.15,https://sortiment.lidl.ch/media/catalog/product/cache/b4d8daca087e724c0fba4501ead491d0/5/2/5200745_PSXX_4.jpg,,,mature / vintage,https://sortiment.lidl.ch/de/catalog/product/view/id/12359/s/british-cheddar-5200745/category/111/
Käse,https://sortiment.lidl.ch/de/milchprodukte-eier/kaese,Bio Rahmtilsiter,lidl.ch,3.89,https://sortiment.lidl.ch/media/catalog/product/cache/b4d8daca087e724c0fba4501ead491d0/5/1/5107542_FKBF.jpg,https://sortiment.lidl.ch/media/catalog/product/cache/b4d8daca087e724c0fba4501ead491d0/5/1/5107542_PSXX.jpg,,,https://sortiment.lidl.ch/de/catalog/product/view/id/12358/s/bio-rahmtilsiter-5107542/category/111/
Käse,https://sortiment.lidl.ch/de/milchprodukte-eier/kaese,Schweizer Hartkäse,lidl.ch,2.49,https://sortiment.lidl.ch/media/catalog/product/cache/b4d8daca087e724c0fba4501ead491d0/5/1/5104998_QS_Schweizer_Hartkaese_PSXX.jpg,,,,https://sortiment.lidl.ch/de/catalog/product/view/id/12356/s/schweizer-hartkaese-5104998/category/111/
Käse,https://sortiment.lidl.ch/de/milchprodukte-eier/kaese,Appenzeller kräftig,lidl.ch,3.95,https://sortiment.lidl.ch/media/catalog/product/cache/b4d8daca087e724c0fba4501ead491d0/5/1/5103873_FKBF.jpg,https://sortiment.lidl.ch/media/catalog/product/cache/b4d8daca087e724c0fba4501ead491d0/5/1/5103873_PSXX.jpg,,,https://sortiment.lidl.ch/de/catalog/product/view/id/12354/s/appenzeller-kraeftig-5103873/category/111/
Käse,https://sortiment.lidl.ch/de/milchprodukte-eier/kaese,Appenzeller mild,lidl.ch,3.49,https://sortiment.lidl.ch/media/catalog/product/cache/b4d8daca087e724c0fba4501ead491d0/5/1/5103819_FKBF.jpg,,,,https://sortiment.lidl.ch/de/catalog/product/view/id/12353/s/appenzeller-mild-5103819/category/111/
Käse,https://sortiment.lidl.ch/de/milchprodukte-eier/kaese,Holländischer Gouda,lidl.ch,3.37,https://sortiment.lidl.ch/media/catalog/product/cache/b4d8daca087e724c0fba4501ead491d0/7/0/70044_FKBF.jpg,https://sortiment.lidl.ch/media/catalog/product/cache/b4d8daca087e724c0fba4501ead491d0/7/0/70044_PSXX.jpg,,Jung,https://sortiment.lidl.ch/de/catalog/product/view/id/12350/s/hollaendischer-gouda-0070044/category/111/
Käse,https://sortiment.lidl.ch/de/milchprodukte-eier/kaese,Raclette Blöckli,lidl.ch,1.19,https://sortiment.lidl.ch/media/catalog/product/cache/b4d8daca087e724c0fba4501ead491d0/3/2/32456_FKBF.jpg,https://sortiment.lidl.ch/media/catalog/product/cache/b4d8daca087e724c0fba4501ead491d0/3/2/32456_QS_Raclette_Nature_PSXX.jpg,,nature,https://sortiment.lidl.ch/de/catalog/product/view/id/12349/s/raclette-bloeckli-0032456/category/111/
Käse,https://sortiment.lidl.ch/de/milchprodukte-eier/kaese,Mini Babybel Original,lidl.ch,4.28,https://sortiment.lidl.ch/media/catalog/product/cache/b4d8daca087e724c0fba4501ead491d0/3/6/3638_PSXX.jpg,,,,https://sortiment.lidl.ch/de/catalog/product/view/id/12348/s/mini-babybel-original-0003638/category/111/
Käse,https://sortiment.lidl.ch/de/milchprodukte-eier/kaese,Gruyère AOP mild,lidl.ch,3.39,https://sortiment.lidl.ch/media/catalog/product/cache/b4d8daca087e724c0fba4501ead491d0/3/3/3341_QS_Gruyere_Mild_PSXX.jpg,,,,https://sortiment.lidl.ch/de/catalog/product/view/id/12347/s/gruyere-aop-mild-0003341/category/111/
Käse,https://sortiment.lidl.ch/de/milchprodukte-eier/kaese,Gruyère AOP vieux,lidl.ch,4.99,https://sortiment.lidl.ch/media/catalog/product/cache/b4d8daca087e724c0fba4501ead491d0/3/3/3311_FKBF.jpg,,,,https://sortiment.lidl.ch/de/catalog/product/view/id/12346/s/gruyere-aop-vieux-0003311/category/111/
Käse,https://sortiment.lidl.ch/de/milchprodukte-eier/kaese,Gruyère AOP surchoix,lidl.ch,4.19,https://sortiment.lidl.ch/media/catalog/product/cache/b4d8daca087e724c0fba4501ead491d0/3/3/3310_QS_FKBF.jpg,https://sortiment.lidl.ch/media/catalog/product/cache/b4d8daca087e724c0fba4501ead491d0/3/3/3310_QS_Gruyere_Surchoix_PSXX.jpg,,,https://sortiment.lidl.ch/de/catalog/product/view/id/12345/s/gruyere-aop-surchoix-0003310/category/111/
Käse,https://sortiment.lidl.ch/de/milchprodukte-eier/kaese,Gruyère AOP rezent,lidl.ch,4.19,https://sortiment.lidl.ch/media/catalog/product/cache/b4d8daca087e724c0fba4501ead491d0/3/3/3309_QS_Gruyere_Rezent_PSXX.jpg,,,,https://sortiment.lidl.ch/de/catalog/product/view/id/12344/s/gruyere-aop-rezent-0003309/category/111/
Käse,https://sortiment.lidl.ch/de/milchprodukte-eier/kaese,Vacherin Fribourgeois AOP,lidl.ch,3.85,https://sortiment.lidl.ch/media/catalog/product/cache/b4d8daca087e724c0fba4501ead491d0/3/1/3188_QS_VacherinfribourgeoisAOC_PSXX.jpg,,,,https://sortiment.lidl.ch/de/catalog/product/view/id/12341/s/vacherin-fribourgeois-aop-0003188/category/111/
Käse,https://sortiment.lidl.ch/de/milchprodukte-eier/kaese,Tilsiter mild,lidl.ch,3.49,https://sortiment.lidl.ch/media/catalog/product/cache/b4d8daca087e724c0fba4501ead491d0/3/1/3186_QS_FKBF.jpg,https://sortiment.lidl.ch/media/catalog/product/cache/b4d8daca087e724c0fba4501ead491d0/3/1/3186_QS_PSXX.jpg,,,https://sortiment.lidl.ch/de/catalog/product/view/id/12339/s/tilsiter-mild-0003186/category/111/
Käse,https://sortiment.lidl.ch/de/milchprodukte-eier/kaese,Mini Mozzarella Kugeln,lidl.ch,0.95,https://sortiment.lidl.ch/media/catalog/product/cache/b4d8daca087e724c0fba4501ead491d0/1/1/116839_PSXX_1.jpg,https://sortiment.lidl.ch/media/catalog/product/cache/b4d8daca087e724c0fba4501ead491d0/1/1/116839_light_PSXX.jpg,,classic / light,https://sortiment.lidl.ch/de/catalog/product/view/id/12338/s/mini-mozzarella-kugeln-0116839/category/111/
Käse,https://sortiment.lidl.ch/de/milchprodukte-eier/kaese,Schweizer Mozzarella,lidl.ch,1.45,https://sortiment.lidl.ch/media/catalog/product/cache/b4d8daca087e724c0fba4501ead491d0/3/1/3195_QS_Schweizer_Mozzarella_PSXX.jpg,,,,https://sortiment.lidl.ch/de/catalog/product/view/id/12337/s/schweizer-mozzarella-0003195/category/111/
Käse,https://sortiment.lidl.ch/de/milchprodukte-eier/kaese,Le Crémeux,lidl.ch,1.69,https://sortiment.lidl.ch/media/catalog/product/cache/b4d8daca087e724c0fba4501ead491d0/4/4/44104_Classic_PSXX_1.jpg,https://sortiment.lidl.ch/media/catalog/product/cache/b4d8daca087e724c0fba4501ead491d0/4/4/44104_FKBF.jpg,https://sortiment.lidl.ch/media/catalog/product/cache/b4d8daca087e724c0fba4501ead491d0/4/4/44104_Yogurt_PSXX_1.jpg,diverse Sorten,https://sortiment.lidl.ch/de/catalog/product/view/id/12336/s/le-cremeux-0044104/category/111/
Käse,https://sortiment.lidl.ch/de/milchprodukte-eier/kaese,Schweizer Mozzarella Stange,lidl.ch,2.85,https://sortiment.lidl.ch/media/catalog/product/cache/b4d8daca087e724c0fba4501ead491d0/3/0/3097_QS_Mozzarella_Stange_in_Lake_PSXX.jpg,,,in Lake,https://sortiment.lidl.ch/de/catalog/product/view/id/12334/s/schweizer-mozzarella-stange-0003097/category/111/
Käse,https://sortiment.lidl.ch/de/milchprodukte-eier/kaese,Rahmweichkäse,lidl.ch,2.19,https://sortiment.lidl.ch/media/catalog/product/cache/b4d8daca087e724c0fba4501ead491d0/2/7/2754_Chili_PSXX.jpg,https://sortiment.lidl.ch/media/catalog/product/cache/b4d8daca087e724c0fba4501ead491d0/2/7/2754_Classic_FKBF.jpg,https://sortiment.lidl.ch/media/catalog/product/cache/b4d8daca087e724c0fba4501ead491d0/2/7/2754_Nature_PSXX_1.jpg,diverse Sorten,https://sortiment.lidl.ch/de/catalog/product/view/id/12333/s/rahmweichkaese-0002754/category/111/
Käse,https://sortiment.lidl.ch/de/milchprodukte-eier/kaese,Jean-Louis Tomme,lidl.ch,1.95,https://sortiment.lidl.ch/media/catalog/product/cache/b4d8daca087e724c0fba4501ead491d0/1/6/1684_CREME_PSXX.jpg,https://sortiment.lidl.ch/media/catalog/product/cache/b4d8daca087e724c0fba4501ead491d0/1/6/1684_Cumin_PSXX.jpg,https://sortiment.lidl.ch/media/catalog/product/cache/b4d8daca087e724c0fba4501ead491d0/1/6/1684_Nature_PSXX.jpg,diverse Sorten,https://sortiment.lidl.ch/de/catalog/product/view/id/12332/s/jean-louis-tomme-0001684/category/111/
Käse,https://sortiment.lidl.ch/de/milchprodukte-eier/kaese,Caprice des Dieux,lidl.ch,4.49,,,,Französischer Rahm-Weichkäse,https://sortiment.lidl.ch/de/catalog/product/view/id/12331/s/caprice-des-dieux-0001531/category/111/
Käse,https://sortiment.lidl.ch/de/milchprodukte-eier/kaese,Französischer Camembert,lidl.ch,1.79,https://sortiment.lidl.ch/media/catalog/product/cache/b4d8daca087e724c0fba4501ead491d0/1/9/19411_Aromatic_PSXX.jpg,https://sortiment.lidl.ch/media/catalog/product/cache/b4d8daca087e724c0fba4501ead491d0/1/9/19411_CamembertPortionen_FKBF.jpg,https://sortiment.lidl.ch/media/catalog/product/cache/b4d8daca087e724c0fba4501ead491d0/1/9/19411_Classic_PSXX.jpg,diverse Sorten,https://sortiment.lidl.ch/de/catalog/product/view/id/12329/s/franzoesischer-camembert-0019411/category/111/
Käse,https://sortiment.lidl.ch/de/milchprodukte-eier/kaese,Burrata,lidl.ch,3.98,https://sortiment.lidl.ch/media/catalog/product/cache/b4d8daca087e724c0fba4501ead491d0/6/0/6000486_Deluxe_Seitlich_PSXX.jpg,,,,https://sortiment.lidl.ch/de/catalog/product/view/id/12327/s/burrata-6000486/category/111/
Käse,https://sortiment.lidl.ch/de/milchprodukte-eier/kaese,Brie Spitze,lidl.ch,1.68,https://sortiment.lidl.ch/media/catalog/product/cache/b4d8daca087e724c0fba4501ead491d0/3/9/39784_FKBF.jpg,https://sortiment.lidl.ch/media/catalog/product/cache/b4d8daca087e724c0fba4501ead491d0/3/9/39784_PSXX_1.jpg,,classic,https://sortiment.lidl.ch/de/catalog/product/view/id/12323/s/brie-spitze-0039784/category/111/
Käse,https://sortiment.lidl.ch/de/milchprodukte-eier/kaese,Salatkäse,lidl.ch,1.79,https://sortiment.lidl.ch/media/catalog/product/cache/b4d8daca087e724c0fba4501ead491d0/2/9/29694_PSXX_1.jpg,,,Greek Style,https://sortiment.lidl.ch/de/catalog/product/view/id/12321/s/salatkaese-0029694/category/111/
Käse,https://sortiment.lidl.ch/de/milchprodukte-eier/kaese,Weichkäse in Salzlake,lidl.ch,7.95,https://sortiment.lidl.ch/media/catalog/product/cache/b4d8daca087e724c0fba4501ead491d0/2/2/22725_PSXX.jpg,,,(Brine),https://sortiment.lidl.ch/de/catalog/product/view/id/12319/s/weichkaese-in-salzlake-0022725/category/111/
Käse,https://sortiment.lidl.ch/de/milchprodukte-eier/kaese,Mozzarella classic,lidl.ch,0.79,https://sortiment.lidl.ch/media/catalog/product/cache/b4d8daca087e724c0fba4501ead491d0/1/9/19051_FKBF.jpg,https://sortiment.lidl.ch/media/catalog/product/cache/b4d8daca087e724c0fba4501ead491d0/1/9/19051_PSXX.jpg,,,https://sortiment.lidl.ch/de/catalog/product/view/id/12318/s/mozzarella-classic-0019051/category/111/
Käse,https://sortiment.lidl.ch/de/milchprodukte-eier/kaese,Mozzarella light,lidl.ch,0.79,https://sortiment.lidl.ch/media/catalog/product/cache/b4d8daca087e724c0fba4501ead491d0/1/9/19050_PSXX.jpg,,,,https://sortiment.lidl.ch/de/catalog/product/view/id/12317/s/mozzarella-light-0019050/category/111/
Käse,https://sortiment.lidl.ch/de/milchprodukte-eier/kaese,Maasdamer Spezialitäten,lidl.ch,2.49,https://sortiment.lidl.ch/media/catalog/product/cache/b4d8daca087e724c0fba4501ead491d0/1/0/109833_MaasdamerCaractere_PSXX.jpg,https://sortiment.lidl.ch/media/catalog/product/cache/b4d8daca087e724c0fba4501ead491d0/1/0/109833_MaasdamerLaCreme_PSXX.jpg,,La Crème / Caractère,https://sortiment.lidl.ch/de/catalog/product/view/id/12313/s/maasdamer-spezialitaeten-0109833/category/111/
Käse,https://sortiment.lidl.ch/de/milchprodukte-eier/kaese,Raclette Scheiben aromatisiert,lidl.ch,5.49,https://sortiment.lidl.ch/media/catalog/product/cache/b4d8daca087e724c0fba4501ead491d0/2/7/2779_FKBF.jpg,https://sortiment.lidl.ch/media/catalog/product/cache/b4d8daca087e724c0fba4501ead491d0/2/7/2779_Raclette_scheiben_aromatisiert_Chilli_PSXX.jpg,https://sortiment.lidl.ch/media/catalog/product/cache/b4d8daca087e724c0fba4501ead491d0/2/7/2779_Raclette_scheiben_aromatisiert_Knoblauch_PSXX.jpg,"Pfeffer, Knoblauch, Chili",https://sortiment.lidl.ch/de/catalog/product/view/id/12312/s/raclette-scheiben-aromatisiert-0002779/category/111/
Käse,https://sortiment.lidl.ch/de/milchprodukte-eier/kaese,Schweizer Käsescheiben,lidl.ch,3.75,https://sortiment.lidl.ch/media/catalog/product/cache/b4d8daca087e724c0fba4501ead491d0/2/7/2764_Appenzeller_PSXX.jpg,https://sortiment.lidl.ch/media/catalog/product/cache/b4d8daca087e724c0fba4501ead491d0/2/7/2764_Emmentaler_PSXX.jpg,https://sortiment.lidl.ch/media/catalog/product/cache/b4d8daca087e724c0fba4501ead491d0/2/7/2764_FKBF_1.jpg,diverse Sorten,https://sortiment.lidl.ch/de/catalog/product/view/id/12311/s/schweizer-kaesescheiben-0002764/category/111/
Käse,https://sortiment.lidl.ch/de/milchprodukte-eier/kaese,Fol Epi Käsescheiben,lidl.ch,3.49,https://sortiment.lidl.ch/media/catalog/product/cache/b4d8daca087e724c0fba4501ead491d0/2/6/2670_Classic_PSXX.jpg,https://sortiment.lidl.ch/media/catalog/product/cache/b4d8daca087e724c0fba4501ead491d0/2/6/2670_Cremig_PSXX_1.jpg,https://sortiment.lidl.ch/media/catalog/product/cache/b4d8daca087e724c0fba4501ead491d0/2/6/2670_ExtraFines_PSXX_1.jpg,diverse Sorten,https://sortiment.lidl.ch/de/catalog/product/view/id/12310/s/fol-epi-kaesescheiben-0002670/category/111/
Käse,https://sortiment.lidl.ch/de/milchprodukte-eier/kaese,Provoletta Dolce Scheiben,lidl.ch,2.49,https://sortiment.lidl.ch/media/catalog/product/cache/b4d8daca087e724c0fba4501ead491d0/6/0/6000362_Classic_PSXX.jpg,https://sortiment.lidl.ch/media/catalog/product/cache/b4d8daca087e724c0fba4501ead491d0/6/0/6000362_geraeuchert_PSXX.jpg,,Classic / geräuchert,https://sortiment.lidl.ch/de/catalog/product/view/id/12308/s/provoletta-dolce-scheiben-6000362/category/111/
Käse,https://sortiment.lidl.ch/de/milchprodukte-eier/kaese,Tête de Moine AOP Rosetten,lidl.ch,3.85,https://sortiment.lidl.ch/media/catalog/product/cache/b4d8daca087e724c0fba4501ead491d0/3/4/34829_FKBF.jpg,https://sortiment.lidl.ch/media/catalog/product/cache/b4d8daca087e724c0fba4501ead491d0/3/4/34829_PSXX_001.jpg,,,https://sortiment.lidl.ch/de/catalog/product/view/id/12304/s/tete-de-moine-aop-rosetten-0034829/category/111/
Käse,https://sortiment.lidl.ch/de/milchprodukte-eier/kaese,Raclette-Scheiben nature,lidl.ch,4.99,https://sortiment.lidl.ch/media/catalog/product/cache/b4d8daca087e724c0fba4501ead491d0/3/2/32459_FKBF.jpg,https://sortiment.lidl.ch/media/catalog/product/cache/b4d8daca087e724c0fba4501ead491d0/3/2/32459_QS_Raclette_Nature_PSXX.jpg,,,https://sortiment.lidl.ch/de/catalog/product/view/id/12303/s/raclette-scheiben-nature-0032459/category/111/
Käse,https://sortiment.lidl.ch/de/milchprodukte-eier/kaese,Maasdamer Scheiben,lidl.ch,2.55,https://sortiment.lidl.ch/media/catalog/product/cache/b4d8daca087e724c0fba4501ead491d0/2/5/25808_MaasdamerKlassisch_PSXX.jpg,,,Classic,https://sortiment.lidl.ch/de/catalog/product/view/id/12302/s/maasdamer-scheiben-0025808/category/111/
Käse,https://sortiment.lidl.ch/de/milchprodukte-eier/kaese,Leerdammer Käsescheiben,lidl.ch,4.39,https://sortiment.lidl.ch/media/catalog/product/cache/b4d8daca087e724c0fba4501ead491d0/3/5/3508_Leerdammer_Original_PSXX.jpg,,,Original,https://sortiment.lidl.ch/de/catalog/product/view/id/12301/s/leerdammer-kaesescheiben-0003508/category/111/
Käse,https://sortiment.lidl.ch/de/milchprodukte-eier/kaese,Schweizer Schmelzkäse,lidl.ch,2.85,https://sortiment.lidl.ch/media/catalog/product/cache/b4d8daca087e724c0fba4501ead491d0/4/4/44025_QS_Schweizer_Schmelzkaesescheiben_Appenzeller_PSXX.jpg,https://sortiment.lidl.ch/media/catalog/product/cache/b4d8daca087e724c0fba4501ead491d0/4/4/44025_QS_Schweizer_Schmelzkaesescheiben_Emmentaler_PSXX.jpg,https://sortiment.lidl.ch/media/catalog/product/cache/b4d8daca087e724c0fba4501ead491d0/4/4/44025_QS_Schweizer_Schmelzkaesescheiben_Gruyere_PSXX.jpg,"Scheiben, diverse Sorten",https://sortiment.lidl.ch/de/catalog/product/view/id/11384/s/schweizer-schmelzkaese-0044025/category/111/
Käse,https://sortiment.lidl.ch/de/milchprodukte-eier/kaese,Fertig-Fondue Classique,lidl.ch,6.99,https://sortiment.lidl.ch/media/catalog/product/cache/b4d8daca087e724c0fba4501ead491d0/3/2/32176_PSXX.jpg,,,,https://sortiment.lidl.ch/de/catalog/product/view/id/11382/s/fertig-fondue-classique-0032176/category/111/
Käse,https://sortiment.lidl.ch/de/milchprodukte-eier/kaese,Schmelzkäse-Ecken,lidl.ch,2.86,https://sortiment.lidl.ch/media/catalog/product/cache/b4d8daca087e724c0fba4501ead491d0/1/9/19223_PSXX_1.jpg,,,Classic,https://sortiment.lidl.ch/de/catalog/product/view/id/11380/s/schmelzkaese-ecken-0019223/category/111/
Eier,https://sortiment.lidl.ch/de/milchprodukte-eier/eier,Eier Bodenhaltung,lidl.ch,4.78,,,,,https://sortiment.lidl.ch/de/catalog/product/view/id/21460/s/eier-bodenhaltung-5114297/category/112/
Eier,https://sortiment.lidl.ch/de/milchprodukte-eier/eier,Natural Protein Flüssig Eiweiss,lidl.ch,4.49,,,,,https://sortiment.lidl.ch/de/catalog/product/view/id/21444/s/natural-protein-fluessig-eiweiss-5114449/category/112/
Eier,https://sortiment.lidl.ch/de/milchprodukte-eier/eier,Eier aus der Romandie,lidl.ch,5.29,,,,Freilandhaltung,https://sortiment.lidl.ch/de/catalog/product/view/id/20890/s/eier-aus-der-romandie-5114145/category/112/
Eier,https://sortiment.lidl.ch/de/milchprodukte-eier/eier,Bio Eier Freilandhaltung,lidl.ch,4.79,,,,Import,https://sortiment.lidl.ch/de/catalog/product/view/id/20443/s/bio-eier-freilandhaltung-5113920/category/112/
Eier,https://sortiment.lidl.ch/de/milchprodukte-eier/eier,Picknickeier,lidl.ch,4.25,,,,Bodenhaltung,https://sortiment.lidl.ch/de/catalog/product/view/id/19227/s/picknickeier-5113432/category/112/
Eier,https://sortiment.lidl.ch/de/milchprodukte-eier/eier,Eier aus dem Tessin,lidl.ch,3.59,,,,Freilandhaltung,https://sortiment.lidl.ch/de/catalog/product/view/id/19179/s/eier-aus-dem-tessin-5111990/category/112/
Eier,https://sortiment.lidl.ch/de/milchprodukte-eier/eier,Eier aus dem Bernbiet,lidl.ch,3.59,https://sortiment.lidl.ch/media/catalog/product/cache/b4d8daca087e724c0fba4501ead491d0/5/1/5111994_TN_Perspektive_PSXX.jpg,https://sortiment.lidl.ch/media/catalog/product/cache/b4d8daca087e724c0fba4501ead491d0/5/1/5111994_TOP_PSXX.jpg,,Freilandhaltung,https://sortiment.lidl.ch/de/catalog/product/view/id/17872/s/eier-aus-dem-bernbiet-5111994/category/112/
Eier,https://sortiment.lidl.ch/de/milchprodukte-eier/eier,Eier aus der Romandie,lidl.ch,3.59,https://sortiment.lidl.ch/media/catalog/product/cache/b4d8daca087e724c0fba4501ead491d0/5/1/5111993_TN_Perspektive_PSXX.jpg,https://sortiment.lidl.ch/media/catalog/product/cache/b4d8daca087e724c0fba4501ead491d0/5/1/5111993_TOP_PSXX.jpg,,Freilandhaltung,https://sortiment.lidl.ch/de/catalog/product/view/id/17871/s/eier-aus-der-romandie-5111993/category/112/
Eier,https://sortiment.lidl.ch/de/milchprodukte-eier/eier,Eier aus dem Wallis,lidl.ch,3.59,,,,Freilandhaltung,https://sortiment.lidl.ch/de/catalog/product/view/id/17870/s/eier-aus-dem-wallis-5111071/category/112/
Eier,https://sortiment.lidl.ch/de/milchprodukte-eier/eier,Eier aus der Nordwestschweiz,lidl.ch,3.59,https://sortiment.lidl.ch/media/catalog/product/cache/b4d8daca087e724c0fba4501ead491d0/5/1/5111995_PSXX.jpg,,,Freilandhaltung,https://sortiment.lidl.ch/de/catalog/product/view/id/16526/s/eier-aus-der-nordwestschweiz-5111995/category/112/
Eier,https://sortiment.lidl.ch/de/milchprodukte-eier/eier,Züribieter Eier Freilandhaltung,lidl.ch,3.59,https://sortiment.lidl.ch/media/catalog/product/cache/b4d8daca087e724c0fba4501ead491d0/5/1/5111992_TN_Eier_Side_PSXX.jpg,https://sortiment.lidl.ch/media/catalog/product/cache/b4d8daca087e724c0fba4501ead491d0/5/1/5111992_TN_Eier_Top_PSXX.jpg,,,https://sortiment.lidl.ch/de/catalog/product/view/id/16396/s/zueribieter-eier-freilandhaltung-5111992/category/112/
Eier,https://sortiment.lidl.ch/de/milchprodukte-eier/eier,Ostschweizer Eier Freilandhaltung,lidl.ch,3.59,https://sortiment.lidl.ch/media/catalog/product/cache/b4d8daca087e724c0fba4501ead491d0/5/1/5111991_TN_Eier_Side_PSXX.jpg,https://sortiment.lidl.ch/media/catalog/product/cache/b4d8daca087e724c0fba4501ead491d0/5/1/5111991_TN_Eier_Top_PSXX.jpg,,,https://sortiment.lidl.ch/de/catalog/product/view/id/16385/s/ostschweizer-eier-freilandhaltung-5111991/category/112/
Eier,https://sortiment.lidl.ch/de/milchprodukte-eier/eier,Eier aus der Zentralschweiz,lidl.ch,3.59,https://sortiment.lidl.ch/media/catalog/product/cache/b4d8daca087e724c0fba4501ead491d0/5/1/5111996_PSXX.jpg,,,Freilandhaltung,https://sortiment.lidl.ch/de/catalog/product/view/id/16351/s/eier-aus-der-zentralschweiz-5111996/category/112/
Eier,https://sortiment.lidl.ch/de/milchprodukte-eier/eier,Schweizer Eier Freilandhaltung,lidl.ch,5.29,https://sortiment.lidl.ch/media/catalog/product/cache/b4d8daca087e724c0fba4501ead491d0/5/1/5111988_TN_Freilandhaltungseier_PSXX.jpg,,,Terra Natura,https://sortiment.lidl.ch/de/catalog/product/view/id/16324/s/schweizer-eier-freilandhaltung-5111988/category/112/
Eier,https://sortiment.lidl.ch/de/milchprodukte-eier/eier,PicNic Eier Freilandhaltung,lidl.ch,3.59,https://sortiment.lidl.ch/media/catalog/product/cache/b4d8daca087e724c0fba4501ead491d0/5/1/5111997_TN_picniceier_PSXX.jpg,,,,https://sortiment.lidl.ch/de/catalog/product/view/id/16256/s/picnic-eier-freilandhaltung-5111997/category/112/
Eier,https://sortiment.lidl.ch/de/milchprodukte-eier/eier,Eier Bodenhaltung,lidl.ch,4.78,https://sortiment.lidl.ch/media/catalog/product/cache/b4d8daca087e724c0fba4501ead491d0/5/1/5111987_15erEier_PSXX.jpg,,,,https://sortiment.lidl.ch/de/catalog/product/view/id/16255/s/eier-bodenhaltung-5111987/category/112/
Eier,https://sortiment.lidl.ch/de/milchprodukte-eier/eier,Schweizer Terra Natura Eier,lidl.ch,3.29,https://sortiment.lidl.ch/media/catalog/product/cache/b4d8daca087e724c0fba4501ead491d0/5/1/5108814_PSXX.jpg,,,Freilandhaltung,https://sortiment.lidl.ch/de/catalog/product/view/id/14755/s/schweizer-terra-natura-eier-5108814/category/112/
Eier,https://sortiment.lidl.ch/de/milchprodukte-eier/eier,Bio Schweizer Eier,lidl.ch,4.89,https://sortiment.lidl.ch/media/catalog/product/cache/b4d8daca087e724c0fba4501ead491d0/5/1/5108813_QS_Schweizer_Bio_Eier_Freiland_6er_PSXX.jpg,,,"Freiland, Henne & Hahn",https://sortiment.lidl.ch/de/catalog/product/view/id/14741/s/bio-schweizer-eier-5108813/category/112/
Eier,https://sortiment.lidl.ch/de/milchprodukte-eier/eier,Eier Freilandhaltung,lidl.ch,3.95,https://sortiment.lidl.ch/media/catalog/product/cache/b4d8daca087e724c0fba4501ead491d0/2/2/2287_01_PSXX.jpg,https://sortiment.lidl.ch/media/catalog/product/cache/b4d8daca087e724c0fba4501ead491d0/2/2/2287_02_PSXX.jpg,,,https://sortiment.lidl.ch/de/catalog/product/view/id/14085/s/eier-freilandhaltung-0002287/category/112/
Eier,https://sortiment.lidl.ch/de/milchprodukte-eier/eier,Schweizer Eier Bodenhaltung,lidl.ch,4.19,https://sortiment.lidl.ch/media/catalog/product/cache/b4d8daca087e724c0fba4501ead491d0/1/3/1344_QS_SchweizerEierBodenhaltung_PSXX.jpg,,,,https://sortiment.lidl.ch/de/catalog/product/view/id/11316/s/schweizer-eier-bodenhaltung-0001344/category/112/
Cold to go,https://sortiment.lidl.ch/de/convenience/cold-to-go,Pasta tradizionale Steinpilze,lidl.ch,2.95,,,,,https://sortiment.lidl.ch/de/catalog/product/view/id/21431/s/pasta-tradizionale-steinpilze-1016380/category/140/
Cold to go,https://sortiment.lidl.ch/de/convenience/cold-to-go,Pasta tradizionale Rohschinken,lidl.ch,2.95,,,,,https://sortiment.lidl.ch/de/catalog/product/view/id/21430/s/pasta-tradizionale-rohschinken-1016377/category/140/
Cold to go,https://sortiment.lidl.ch/de/convenience/cold-to-go,Tradizionale Pasta Ricotta e Spinaci (Aktion nur im Tessin gültig),lidl.ch,2.35,https://sortiment.lidl.ch/media/catalog/product/cache/b4d8daca087e724c0fba4501ead491d0/1/0/1016376_1_PSXX.jpg,https://sortiment.lidl.ch/media/catalog/product/cache/b4d8daca087e724c0fba4501ead491d0/1/0/1016376_2_PSXX.jpg,,,https://sortiment.lidl.ch/de/catalog/product/view/id/21429/s/tradizionale-pasta-ricotta-e-spinaci-1016376/category/140/
Cold to go,https://sortiment.lidl.ch/de/convenience/cold-to-go,Tradizionale Pasta Pesto & Basilico,lidl.ch,2.95,,,,,https://sortiment.lidl.ch/de/catalog/product/view/id/21425/s/tradizionale-pasta-pesto-basilico-1016378/category/140/
Cold to go,https://sortiment.lidl.ch/de/convenience/cold-to-go,Nudelsalat,lidl.ch,1.99,,,,diverse Sorten,https://sortiment.lidl.ch/de/catalog/product/view/id/21417/s/nudelsalat-1007782/category/140/
Cold to go,https://sortiment.lidl.ch/de/convenience/cold-to-go,Oriental / Poulet Salad Bowl,lidl.ch,4.95,,,,,https://sortiment.lidl.ch/de/catalog/product/view/id/21318/s/oriental-poulet-salad-bowl-5114153/category/140/
Cold to go,https://sortiment.lidl.ch/de/convenience/cold-to-go,Salad Box Mischsalat,lidl.ch,3.99,https://sortiment.lidl.ch/media/catalog/product/cache/b4d8daca087e724c0fba4501ead491d0/5/1/5114149_FrisherMischsalat1_PSXX.jpg,https://sortiment.lidl.ch/media/catalog/product/cache/b4d8daca087e724c0fba4501ead491d0/5/1/5114149_FrisherMischsalat2_PSXX.jpg,,"Cherrytomaten, Gurken & Mais",https://sortiment.lidl.ch/de/catalog/product/view/id/21293/s/salad-box-mischsalat-5114149/category/140/
Cold to go,https://sortiment.lidl.ch/de/convenience/cold-to-go,Salad Box Gruyère-Schinken,lidl.ch,5.99,https://sortiment.lidl.ch/media/catalog/product/cache/b4d8daca087e724c0fba4501ead491d0/5/1/5114148_FrischerSalatmitGruyereSchinkenE_PSXXi.jpg,,,mit French Dressing,https://sortiment.lidl.ch/de/catalog/product/view/id/21292/s/salad-box-gruyere-schinken-5114148/category/140/
Cold to go,https://sortiment.lidl.ch/de/convenience/cold-to-go,Caesar Salatbox,lidl.ch,4.49,,,,mit Dressing,https://sortiment.lidl.ch/de/catalog/product/view/id/21288/s/caesar-salatbox-7716232/category/140/
Cold to go,https://sortiment.lidl.ch/de/convenience/cold-to-go,Tortelloni Ricotta & Spinat,lidl.ch,2.49,https://sortiment.lidl.ch/media/catalog/product/cache/b4d8daca087e724c0fba4501ead491d0/6/0/6015695_Tortelloni_PSXX.jpg,,,,https://sortiment.lidl.ch/de/catalog/product/view/id/21287/s/tortelloni-ricotta-spinat-6015695/category/140/
Cold to go,https://sortiment.lidl.ch/de/convenience/cold-to-go,Stabinger Schnitte,lidl.ch,2.49,,,,"Tiramisu, Himbeere",https://sortiment.lidl.ch/de/catalog/product/view/id/21092/s/stabinger-schnitte-5012553/category/140/
Cold to go,https://sortiment.lidl.ch/de/convenience/cold-to-go,Frische Desserts,lidl.ch,1.99,https://sortiment.lidl.ch/media/catalog/product/cache/b4d8daca087e724c0fba4501ead491d0/1/0/1015933_FrischeDessertCheesecake_PSXX.jpg,https://sortiment.lidl.ch/media/catalog/product/cache/b4d8daca087e724c0fba4501ead491d0/1/0/1015933_FrisheDessertKakao_PSXX.jpg,,Cheesecake/Erdnusstörtchen/Crumble,https://sortiment.lidl.ch/de/catalog/product/view/id/20999/s/frische-desserts-1015933/category/140/
Cold to go,https://sortiment.lidl.ch/de/convenience/cold-to-go,XXL Sandwich,lidl.ch,3.65,https://sortiment.lidl.ch/media/catalog/product/cache/b4d8daca087e724c0fba4501ead491d0/5/1/5114161_SalamiFleischkease_PSXX.jpg,https://sortiment.lidl.ch/media/catalog/product/cache/b4d8daca087e724c0fba4501ead491d0/5/1/5114161_VorderschinkenKaese_PSXX.jpg,,Schinken-Käse / Salami-Fleischkäse,https://sortiment.lidl.ch/de/catalog/product/view/id/20931/s/xxl-sandwich-5114161/category/140/
Cold to go,https://sortiment.lidl.ch/de/convenience/cold-to-go,Vegane Teigwaren,lidl.ch,2.29,https://sortiment.lidl.ch/media/catalog/product/cache/b4d8daca087e724c0fba4501ead491d0/7/7/7719423_VeganeSpaetzli_PSXX.jpg,,,Schupfnudeln / Spätzli,https://sortiment.lidl.ch/de/catalog/product/view/id/20866/s/vegane-teigwaren-7719423/category/140/
Cold to go,https://sortiment.lidl.ch/de/convenience/cold-to-go,Pizzateig,lidl.ch,1.99,https://sortiment.lidl.ch/media/catalog/product/cache/b4d8daca087e724c0fba4501ead491d0/1/0/1013770_Pizzateig400g_PSXX.jpg,https://sortiment.lidl.ch/media/catalog/product/cache/b4d8daca087e724c0fba4501ead491d0/1/0/1013770_Pizzateig550g_PSXX.jpg,,diverse Sorten,https://sortiment.lidl.ch/de/catalog/product/view/id/20730/s/pizzateig-1013770/category/140/
Cold to go,https://sortiment.lidl.ch/de/convenience/cold-to-go,Pizzateig mit Tomatensauce,lidl.ch,3.49,https://sortiment.lidl.ch/media/catalog/product/cache/b4d8daca087e724c0fba4501ead491d0/1/0/1006127_Pizzateig_PSXX.jpg,,,,https://sortiment.lidl.ch/de/catalog/product/view/id/20705/s/pizzateig-mit-tomatensauce-1006127/category/140/
Cold to go,https://sortiment.lidl.ch/de/convenience/cold-to-go,Bio Hummus,lidl.ch,2.99,https://sortiment.lidl.ch/media/catalog/product/cache/b4d8daca087e724c0fba4501ead491d0/1/7/170406_BioHummusPikant_PSXX.jpg,https://sortiment.lidl.ch/media/catalog/product/cache/b4d8daca087e724c0fba4501ead491d0/1/7/170406_BioHummusTomate_PSXX.jpg,https://sortiment.lidl.ch/media/catalog/product/cache/b4d8daca087e724c0fba4501ead491d0/1/7/170406_BioHummus_PSXX.jpg,"Natur, Tomate, Pikant",https://sortiment.lidl.ch/de/catalog/product/view/id/20687/s/bio-hummus-0170406/category/140/
Cold to go,https://sortiment.lidl.ch/de/convenience/cold-to-go,Pastagerichte,lidl.ch,2.45,https://sortiment.lidl.ch/media/catalog/product/cache/b4d8daca087e724c0fba4501ead491d0/1/5/151432_PastaBowls_1_PSXX.jpg,https://sortiment.lidl.ch/media/catalog/product/cache/b4d8daca087e724c0fba4501ead491d0/1/5/151432_PastaBowls_2_PSXX.jpg,https://sortiment.lidl.ch/media/catalog/product/cache/b4d8daca087e724c0fba4501ead491d0/1/5/151432_PastaBowls_3_PSXX.jpg,diverse Sorten,https://sortiment.lidl.ch/de/catalog/product/view/id/20611/s/pastagerichte-0151432/category/140/
Cold to go,https://sortiment.lidl.ch/de/convenience/cold-to-go,Ramen Kit,lidl.ch,1.99,https://sortiment.lidl.ch/media/catalog/product/cache/b4d8daca087e724c0fba4501ead491d0/2/1/216963_Ramen_Japanese_Style_Curry_PSXX.jpg,https://sortiment.lidl.ch/media/catalog/product/cache/b4d8daca087e724c0fba4501ead491d0/2/1/216963_Ramen_Japanese_Style_Miso_PSXX.jpg,https://sortiment.lidl.ch/media/catalog/product/cache/b4d8daca087e724c0fba4501ead491d0/2/1/216963_Ramen_Korean_Style_PSXX.jpg,diverse Sorten,https://sortiment.lidl.ch/de/catalog/product/view/id/20527/s/ramen-kit-0216963/category/140/
Cold to go,https://sortiment.lidl.ch/de/convenience/cold-to-go,Hülsenfrüchtesalat mit Hummus,lidl.ch,2.49,https://sortiment.lidl.ch/media/catalog/product/cache/b4d8daca087e724c0fba4501ead491d0/1/8/181626_Bulgur_Kichererbsen_Salat_PSXX.jpg,https://sortiment.lidl.ch/media/catalog/product/cache/b4d8daca087e724c0fba4501ead491d0/1/8/181626_Linsen_Couscous_Salat_PSXX.jpg,https://sortiment.lidl.ch/media/catalog/product/cache/b4d8daca087e724c0fba4501ead491d0/1/8/181626_Schwarzer_Linsensalat_PSXX.jpg,diverse Sorten,https://sortiment.lidl.ch/de/catalog/product/view/id/20500/s/huelsenfruechtesalat-mit-hummus-0181626/category/140/
Cold to go,https://sortiment.lidl.ch/de/convenience/cold-to-go,Sandwich,lidl.ch,2.65,https://sortiment.lidl.ch/media/catalog/product/cache/b4d8daca087e724c0fba4501ead491d0/1/8/188462_Sandwich_Poulet_PSXX.jpg,,,Poulet,https://sortiment.lidl.ch/de/catalog/product/view/id/20442/s/sandwich-0188462/category/140/
Cold to go,https://sortiment.lidl.ch/de/convenience/cold-to-go,Dürüm Chicken,lidl.ch,3.99,https://sortiment.lidl.ch/media/catalog/product/cache/b4d8daca087e724c0fba4501ead491d0/1/0/1001943_Original_PSXX.jpg,https://sortiment.lidl.ch/media/catalog/product/cache/b4d8daca087e724c0fba4501ead491d0/1/0/1001943_Scharf_PSXX.jpg,,original / scharf,https://sortiment.lidl.ch/de/catalog/product/view/id/20441/s/dueruem-chicken-1001943/category/140/
Cold to go,https://sortiment.lidl.ch/de/convenience/cold-to-go,Tortelloni,lidl.ch,1.79,https://sortiment.lidl.ch/media/catalog/product/cache/b4d8daca087e724c0fba4501ead491d0/1/0/1000698_Tortelloni_Kaese_PSXX.jpg,https://sortiment.lidl.ch/media/catalog/product/cache/b4d8daca087e724c0fba4501ead491d0/1/0/1000698_Tortelloni_Rindfleisch_PSXX.jpg,,Tomate-Mozzarella / Käse,https://sortiment.lidl.ch/de/catalog/product/view/id/20362/s/tortelloni-1000698/category/140/
Cold to go,https://sortiment.lidl.ch/de/convenience/cold-to-go,Tortelloni,lidl.ch,1.79,https://sortiment.lidl.ch/media/catalog/product/cache/b4d8daca087e724c0fba4501ead491d0/1/0/1000697_Tortelloni_Rindfleisch_PSXX.jpg,https://sortiment.lidl.ch/media/catalog/product/cache/b4d8daca087e724c0fba4501ead491d0/1/0/1000697_Tortelloni_Spinat_PSXX.jpg,,Bolognese/ Ricotta Spinat,https://sortiment.lidl.ch/de/catalog/product/view/id/20361/s/tortelloni-1000697/category/140/
Cold to go,https://sortiment.lidl.ch/de/convenience/cold-to-go,Guacamole,lidl.ch,2.99,,,,,https://sortiment.lidl.ch/de/catalog/product/view/id/20335/s/guacamole-5717888/category/140/
Cold to go,https://sortiment.lidl.ch/de/convenience/cold-to-go,NENI Orientalische Dips,lidl.ch,3.49,https://sortiment.lidl.ch/media/catalog/product/cache/b4d8daca087e724c0fba4501ead491d0/5/1/5113879_Neni_Hummus_Baba_genoush_PSXX.jpg,https://sortiment.lidl.ch/media/catalog/product/cache/b4d8daca087e724c0fba4501ead491d0/5/1/5113879_Neni_Hummus_Muhammara_PSXX.jpg,,"Baba Ganush, Muhammara",https://sortiment.lidl.ch/de/catalog/product/view/id/20218/s/neni-orientalische-dips-5113879/category/140/
Cold to go,https://sortiment.lidl.ch/de/convenience/cold-to-go,NENI Hummus,lidl.ch,3.49,https://sortiment.lidl.ch/media/catalog/product/cache/b4d8daca087e724c0fba4501ead491d0/5/1/5113875_Neni_Hummus_Curry_Mango_PSXX.jpg,https://sortiment.lidl.ch/media/catalog/product/cache/b4d8daca087e724c0fba4501ead491d0/5/1/5113875_Neni_Hummus_Kichererbsen_Olivenoel_PSXX.jpg,,"Natur, Curry-Mango",https://sortiment.lidl.ch/de/catalog/product/view/id/20217/s/neni-hummus-5113875/category/140/
Cold to go,https://sortiment.lidl.ch/de/convenience/cold-to-go,Ananas,lidl.ch,1.99,https://sortiment.lidl.ch/media/catalog/product/cache/b4d8daca087e724c0fba4501ead491d0/5/1/5113241_Ananas_PSXX.jpg,,,,https://sortiment.lidl.ch/de/catalog/product/view/id/20202/s/ananas-5113241/category/140/
Cold to go,https://sortiment.lidl.ch/de/convenience/cold-to-go,ASC Crevetten,lidl.ch,2.99,https://sortiment.lidl.ch/media/catalog/product/cache/b4d8daca087e724c0fba4501ead491d0/1/0/1007454_ASCFischTapasBasilikum_PSXX.jpg,https://sortiment.lidl.ch/media/catalog/product/cache/b4d8daca087e724c0fba4501ead491d0/1/0/1007454_ASCFischTapasChili_PSXX.jpg,https://sortiment.lidl.ch/media/catalog/product/cache/b4d8daca087e724c0fba4501ead491d0/1/0/1007454_ASCFischTapasKnoblauch_PSXX.jpg,"Knoblauch, Basilikum, Chili",https://sortiment.lidl.ch/de/catalog/product/view/id/20007/s/asc-crevetten-1007454/category/140/
Cold to go,https://sortiment.lidl.ch/de/convenience/cold-to-go,Kapellhof-Salatsauce (Aktion nur in der Deutschschweiz gültig),lidl.ch,5.99,https://sortiment.lidl.ch/media/catalog/product/cache/b4d8daca087e724c0fba4501ead491d0/5/1/5108196_franzoesisch_PSXX.jpg,https://sortiment.lidl.ch/media/catalog/product/cache/b4d8daca087e724c0fba4501ead491d0/5/1/5108196_italienisch_PSXX.jpg,,"Französisch, italienisch",https://sortiment.lidl.ch/de/catalog/product/view/id/19696/s/kapellhof-salatsauce-5108196/category/140/
Cold to go,https://sortiment.lidl.ch/de/convenience/cold-to-go,Thai / Bami Goreng Noodles,lidl.ch,1.49,https://sortiment.lidl.ch/media/catalog/product/cache/b4d8daca087e724c0fba4501ead491d0/1/9/193053_01_PSXX.jpg,https://sortiment.lidl.ch/media/catalog/product/cache/b4d8daca087e724c0fba4501ead491d0/1/9/193053_02_PSXX.jpg,,,https://sortiment.lidl.ch/de/catalog/product/view/id/19655/s/thai-bami-goreng-noodles-0193053/category/140/
Cold to go,https://sortiment.lidl.ch/de/convenience/cold-to-go,Zito Cremeschnitte,lidl.ch,2.99,,,,,https://sortiment.lidl.ch/de/catalog/product/view/id/19618/s/zito-cremeschnitte-7308655/category/140/
Cold to go,https://sortiment.lidl.ch/de/convenience/cold-to-go,Cashewaufstrich,lidl.ch,1.99,https://sortiment.lidl.ch/media/catalog/product/cache/b4d8daca087e724c0fba4501ead491d0/2/0/202025_01_PSXX.jpg,https://sortiment.lidl.ch/media/catalog/product/cache/b4d8daca087e724c0fba4501ead491d0/2/0/202025_02_PSXX.jpg,https://sortiment.lidl.ch/media/catalog/product/cache/b4d8daca087e724c0fba4501ead491d0/2/0/202025_03_PSXX.jpg,diverse Sorten,https://sortiment.lidl.ch/de/catalog/product/view/id/19612/s/cashewaufstrich-0202025/category/140/
Cold to go,https://sortiment.lidl.ch/de/convenience/cold-to-go,Karotten geraffelt,lidl.ch,1.39,https://sortiment.lidl.ch/media/catalog/product/cache/b4d8daca087e724c0fba4501ead491d0/5/1/5100807_PSXX.jpg,,,,https://sortiment.lidl.ch/de/catalog/product/view/id/19426/s/karotten-geraffelt-5100807/category/140/
Cold to go,https://sortiment.lidl.ch/de/convenience/cold-to-go,Apfelkuchen Cheesecake,lidl.ch,7.99,https://sortiment.lidl.ch/media/catalog/product/cache/b4d8daca087e724c0fba4501ead491d0/5/8/58566_Cheesecake_PSXX.jpg,https://sortiment.lidl.ch/media/catalog/product/cache/b4d8daca087e724c0fba4501ead491d0/5/8/58566_RuehrkuchenmitApfel_PSXX.jpg,,,https://sortiment.lidl.ch/de/catalog/product/view/id/19421/s/apfelkuchen-cheesecake-0058566/category/140/
Cold to go,https://sortiment.lidl.ch/de/convenience/cold-to-go,Asia Gerichte,lidl.ch,2.12,,,,diverse Sorten,https://sortiment.lidl.ch/de/catalog/product/view/id/19420/s/asia-gerichte-0192785/category/140/
Cold to go,https://sortiment.lidl.ch/de/convenience/cold-to-go,Tortilla,lidl.ch,3.99,https://sortiment.lidl.ch/media/catalog/product/cache/b4d8daca087e724c0fba4501ead491d0/5/7/5701693_bacon_PSXX.jpg,https://sortiment.lidl.ch/media/catalog/product/cache/b4d8daca087e724c0fba4501ead491d0/5/7/5701693_onion_PSXX.jpg,,"Speck, Zwiebel",https://sortiment.lidl.ch/de/catalog/product/view/id/19352/s/tortilla-5701693/category/140/
Cold to go,https://sortiment.lidl.ch/de/convenience/cold-to-go,Wassermelone Melonen-Mix,lidl.ch,1.99,https://sortiment.lidl.ch/media/catalog/product/cache/b4d8daca087e724c0fba4501ead491d0/5/1/5113244_FrischeFruechte1_PSXX_1_.jpg,https://sortiment.lidl.ch/media/catalog/product/cache/b4d8daca087e724c0fba4501ead491d0/5/1/5113244_FrischeFruechte2_PSXX.jpg,,,https://sortiment.lidl.ch/de/catalog/product/view/id/19171/s/wassermelone-melonen-mix-5113244/category/140/
Cold to go,https://sortiment.lidl.ch/de/convenience/cold-to-go,Big Burrito Chicken Curry/BBQ,lidl.ch,4.89,https://sortiment.lidl.ch/media/catalog/product/cache/b4d8daca087e724c0fba4501ead491d0/2/1/210016_BigBurritoChickenBBQ_PSXX.jpg,https://sortiment.lidl.ch/media/catalog/product/cache/b4d8daca087e724c0fba4501ead491d0/2/1/210016_BigBurritoCurryChicken_PSXX.jpg,,,https://sortiment.lidl.ch/de/catalog/product/view/id/19170/s/big-burrito-chicken-curry-bbq-0210016/category/140/
Cold to go,https://sortiment.lidl.ch/de/convenience/cold-to-go,Olivenvariationen mit Stein,lidl.ch,1.95,https://sortiment.lidl.ch/media/catalog/product/cache/b4d8daca087e724c0fba4501ead491d0/1/0/1000342_01_PSXX.jpg,https://sortiment.lidl.ch/media/catalog/product/cache/b4d8daca087e724c0fba4501ead491d0/1/0/1000342_02_PSXX.jpg,https://sortiment.lidl.ch/media/catalog/product/cache/b4d8daca087e724c0fba4501ead491d0/1/0/1000342_03_PSXX.jpg,diverse Sorten,https://sortiment.lidl.ch/de/catalog/product/view/id/19114/s/olivenvariationen-mit-stein-1000342/category/140/
Cold to go,https://sortiment.lidl.ch/de/convenience/cold-to-go,Laugenbaguette mit Kräuterbutter,lidl.ch,1.49,https://sortiment.lidl.ch/media/catalog/product/cache/b4d8daca087e724c0fba4501ead491d0/1/5/151230_PSXX.jpg,,,,https://sortiment.lidl.ch/de/catalog/product/view/id/18896/s/laugenbaguette-mit-kraeuterbutter-0151230/category/140/
Cold to go,https://sortiment.lidl.ch/de/convenience/cold-to-go,Chili sin carne Kichererbsencurry,lidl.ch,2.99,https://sortiment.lidl.ch/media/catalog/product/cache/b4d8daca087e724c0fba4501ead491d0/1/2/12033_Kichererbsencurry_PSXX.jpg,https://sortiment.lidl.ch/media/catalog/product/cache/b4d8daca087e724c0fba4501ead491d0/1/2/12033_PSXX.jpg,,,https://sortiment.lidl.ch/de/catalog/product/view/id/18632/s/chili-sin-carne-kichererbsencurry-0012033/category/140/
Cold to go,https://sortiment.lidl.ch/de/convenience/cold-to-go,Dim Sum,lidl.ch,2.99,https://sortiment.lidl.ch/media/catalog/product/cache/b4d8daca087e724c0fba4501ead491d0/6/0/6014263_01_PSXX.jpg,https://sortiment.lidl.ch/media/catalog/product/cache/b4d8daca087e724c0fba4501ead491d0/6/0/6014263_02_PSXX.jpg,,Lachs-Avocado / Garnelen-Schnittlauch,https://sortiment.lidl.ch/de/catalog/product/view/id/18394/s/dim-sum-6014263/category/140/
Cold to go,https://sortiment.lidl.ch/de/convenience/cold-to-go,Granatapfelkerne,lidl.ch,2.99,https://sortiment.lidl.ch/media/catalog/product/cache/b4d8daca087e724c0fba4501ead491d0/5/1/5113185_PSXX.jpg,,,,https://sortiment.lidl.ch/de/catalog/product/view/id/18070/s/granatapfelkerne-5113185/category/140/
Cold to go,https://sortiment.lidl.ch/de/convenience/cold-to-go,Croissants / Sonntagsbrötchen,lidl.ch,3.59,https://sortiment.lidl.ch/media/catalog/product/cache/b4d8daca087e724c0fba4501ead491d0/1/5/158219_Croissants_PSXX.jpg,https://sortiment.lidl.ch/media/catalog/product/cache/b4d8daca087e724c0fba4501ead491d0/1/5/158219_Sonntagsbroetchen_PSXX.jpg,,,https://sortiment.lidl.ch/de/catalog/product/view/id/17952/s/croissants-sonntagsbroetchen-0158219/category/140/
Cold to go,https://sortiment.lidl.ch/de/convenience/cold-to-go,ASC Lachsanschnitte,lidl.ch,3.99,https://sortiment.lidl.ch/media/catalog/product/cache/b4d8daca087e724c0fba4501ead491d0/2/1/210996_PSXX.jpg,,,geräuchert,https://sortiment.lidl.ch/de/catalog/product/view/id/17893/s/asc-lachsanschnitte-0210996/category/140/
Cold to go,https://sortiment.lidl.ch/de/convenience/cold-to-go,Stabinger Ricottatorten,lidl.ch,3.99,https://sortiment.lidl.ch/media/catalog/product/cache/b4d8daca087e724c0fba4501ead491d0/5/0/5012111_erdbeere_PSXX.jpg,https://sortiment.lidl.ch/media/catalog/product/cache/b4d8daca087e724c0fba4501ead491d0/5/0/5012111_natur_PSXX.jpg,,Nature / Erdbeer,https://sortiment.lidl.ch/de/catalog/product/view/id/17800/s/stabinger-ricottatorten-5012111/category/140/
Cold to go,https://sortiment.lidl.ch/de/convenience/cold-to-go,Frischer Flamm-Kuchenteig,lidl.ch,1.59,https://sortiment.lidl.ch/media/catalog/product/cache/b4d8daca087e724c0fba4501ead491d0/2/1/218176_PSXX.jpg,,,,https://sortiment.lidl.ch/de/catalog/product/view/id/17599/s/frischer-flamm-kuchenteig-0218176/category/140/
Cold to go,https://sortiment.lidl.ch/de/convenience/cold-to-go,Kartoffel Gnocchi,lidl.ch,1.39,https://sortiment.lidl.ch/media/catalog/product/cache/b4d8daca087e724c0fba4501ead491d0/6/0/6000422_PSXX.jpg,,,,https://sortiment.lidl.ch/de/catalog/product/view/id/16952/s/kartoffel-gnocchi-6000422/category/140/
Cold to go,https://sortiment.lidl.ch/de/convenience/cold-to-go,Frisches Pesto,lidl.ch,1.49,https://sortiment.lidl.ch/media/catalog/product/cache/b4d8daca087e724c0fba4501ead491d0/6/0/6000076_PSXX.jpg,,,,https://sortiment.lidl.ch/de/catalog/product/view/id/16927/s/frisches-pesto-6000076/category/140/
Cold to go,https://sortiment.lidl.ch/de/convenience/cold-to-go,Cappelletti mit Rohschinken,lidl.ch,2.49,https://sortiment.lidl.ch/media/catalog/product/cache/b4d8daca087e724c0fba4501ead491d0/6/0/6000264_MOOD.jpg,https://sortiment.lidl.ch/media/catalog/product/cache/b4d8daca087e724c0fba4501ead491d0/6/0/6000264_PSXX.jpg,,,https://sortiment.lidl.ch/de/catalog/product/view/id/16898/s/cappelletti-mit-rohschinken-6000264/category/140/
Cold to go,https://sortiment.lidl.ch/de/convenience/cold-to-go,Panino,lidl.ch,1.99,https://sortiment.lidl.ch/media/catalog/product/cache/b4d8daca087e724c0fba4501ead491d0/6/0/6016834_01_PSXX.jpg,https://sortiment.lidl.ch/media/catalog/product/cache/b4d8daca087e724c0fba4501ead491d0/6/0/6016834_02_PSXX.jpg,,Rohschinken / Kochschinken,https://sortiment.lidl.ch/de/catalog/product/view/id/16888/s/panino-6016834/category/140/
Cold to go,https://sortiment.lidl.ch/de/convenience/cold-to-go,Tramezzini,lidl.ch,2.45,https://sortiment.lidl.ch/media/catalog/product/cache/b4d8daca087e724c0fba4501ead491d0/6/0/6002367_Carciofi_PSXX.jpg,https://sortiment.lidl.ch/media/catalog/product/cache/b4d8daca087e724c0fba4501ead491d0/6/0/6002367_Olive_PSXX.jpg,,Schinken-Artischocke / Thon-Tomate,https://sortiment.lidl.ch/de/catalog/product/view/id/16852/s/tramezzini-6002367/category/140/
Cold to go,https://sortiment.lidl.ch/de/convenience/cold-to-go,Girasoli / Ravioli,lidl.ch,2.79,https://sortiment.lidl.ch/media/catalog/product/cache/b4d8daca087e724c0fba4501ead491d0/6/0/6018166_Formaggi_PSXX.jpg,https://sortiment.lidl.ch/media/catalog/product/cache/b4d8daca087e724c0fba4501ead491d0/6/0/6018166_Salmone_PSXX.jpg,,mit Käse / mit Lachs,https://sortiment.lidl.ch/de/catalog/product/view/id/16851/s/girasoli-ravioli-6018166/category/140/
Cold to go,https://sortiment.lidl.ch/de/convenience/cold-to-go,Tortellini mit Fleisch,lidl.ch,1.99,https://sortiment.lidl.ch/media/catalog/product/cache/b4d8daca087e724c0fba4501ead491d0/6/0/6015694_PSXX.jpg,https://sortiment.lidl.ch/media/catalog/product/cache/b4d8daca087e724c0fba4501ead491d0/6/0/6015694_PSXX_alt.jpg,,,https://sortiment.lidl.ch/de/catalog/product/view/id/16850/s/tortellini-mit-fleisch-6015694/category/140/
Cold to go,https://sortiment.lidl.ch/de/convenience/cold-to-go,Girasoli,lidl.ch,2.49,https://sortiment.lidl.ch/media/catalog/product/cache/b4d8daca087e724c0fba4501ead491d0/6/0/6009904_Lunette_Artischockenfuellung_PSXX.jpg,https://sortiment.lidl.ch/media/catalog/product/cache/b4d8daca087e724c0fba4501ead491d0/6/0/6009904_Ravioli_Radicchiofuellung_PSXX.jpg,,Radicchio / Artischocken,https://sortiment.lidl.ch/de/catalog/product/view/id/16849/s/girasoli-6009904/category/140/
Cold to go,https://sortiment.lidl.ch/de/convenience/cold-to-go,Girasoli,lidl.ch,2.49,https://sortiment.lidl.ch/media/catalog/product/cache/b4d8daca087e724c0fba4501ead491d0/6/0/6009903_Lunette_PSXX.jpg,https://sortiment.lidl.ch/media/catalog/product/cache/b4d8daca087e724c0fba4501ead491d0/6/0/6009903_Ravioli_PSXX.jpg,,Kürbis/ Steinpilze,https://sortiment.lidl.ch/de/catalog/product/view/id/16848/s/girasoli-6009903/category/140/
Cold to go,https://sortiment.lidl.ch/de/convenience/cold-to-go,Lasagne Blätter,lidl.ch,1.99,https://sortiment.lidl.ch/media/catalog/product/cache/b4d8daca087e724c0fba4501ead491d0/6/0/6004917_PSXX.jpg,,,12 Stück,https://sortiment.lidl.ch/de/catalog/product/view/id/16847/s/lasagne-blaetter-6004917/category/140/
Cold to go,https://sortiment.lidl.ch/de/convenience/cold-to-go,Gnocchi gefüllt,lidl.ch,2.49,https://sortiment.lidl.ch/media/catalog/product/cache/b4d8daca087e724c0fba4501ead491d0/6/0/6003848_GnocchiRicottaGorgonzola_PSXX.jpg,https://sortiment.lidl.ch/media/catalog/product/cache/b4d8daca087e724c0fba4501ead491d0/6/0/6003848_Gnocchigefuellt_PSXX.jpg,https://sortiment.lidl.ch/media/catalog/product/cache/b4d8daca087e724c0fba4501ead491d0/6/0/6003848_Tomaten_Mozzarella_PSXX.jpg,Tomaten Mozzarella / Käse,https://sortiment.lidl.ch/de/catalog/product/view/id/16846/s/gnocchi-gefuellt-6003848/category/140/
Cold to go,https://sortiment.lidl.ch/de/convenience/cold-to-go,Kartoffelgnocchi,lidl.ch,2.79,https://sortiment.lidl.ch/media/catalog/product/cache/b4d8daca087e724c0fba4501ead491d0/6/0/6002441_Gnocchi_PSXX.jpg,https://sortiment.lidl.ch/media/catalog/product/cache/b4d8daca087e724c0fba4501ead491d0/6/0/6002441_PSXX.jpg,,,https://sortiment.lidl.ch/de/catalog/product/view/id/16845/s/kartoffelgnocchi-6002441/category/140/
Cold to go,https://sortiment.lidl.ch/de/convenience/cold-to-go,Trofie,lidl.ch,1.49,https://sortiment.lidl.ch/media/catalog/product/cache/b4d8daca087e724c0fba4501ead491d0/6/0/6001881_PSXX.jpg,,,,https://sortiment.lidl.ch/de/catalog/product/view/id/16844/s/trofie-6001881/category/140/
Cold to go,https://sortiment.lidl.ch/de/convenience/cold-to-go,Orecchiette,lidl.ch,1.49,https://sortiment.lidl.ch/media/catalog/product/cache/b4d8daca087e724c0fba4501ead491d0/6/0/6001878_PSXX.jpg,,,,https://sortiment.lidl.ch/de/catalog/product/view/id/16843/s/orecchiette-6001878/category/140/
Cold to go,https://sortiment.lidl.ch/de/convenience/cold-to-go,Mini Gnocchi,lidl.ch,2.49,https://sortiment.lidl.ch/media/catalog/product/cache/b4d8daca087e724c0fba4501ead491d0/6/0/6001610_klassisch_Deluxe_PSXX.jpg,https://sortiment.lidl.ch/media/catalog/product/cache/b4d8daca087e724c0fba4501ead491d0/6/0/6001610_tricolore_Deluxe_PSXX.jpg,,classic / tricolore,https://sortiment.lidl.ch/de/catalog/product/view/id/16842/s/mini-gnocchi-6001610/category/140/
Cold to go,https://sortiment.lidl.ch/de/convenience/cold-to-go,Tagliolini / Bigoli,lidl.ch,0.85,https://sortiment.lidl.ch/media/catalog/product/cache/b4d8daca087e724c0fba4501ead491d0/6/0/6000204_Bigoli_PSXX.jpg,https://sortiment.lidl.ch/media/catalog/product/cache/b4d8daca087e724c0fba4501ead491d0/6/0/6000204_Tagliolini_PSXX.jpg,,Frische Eierteigwaren,https://sortiment.lidl.ch/de/catalog/product/view/id/16841/s/tagliolini-bigoli-6000204/category/140/
Cold to go,https://sortiment.lidl.ch/de/convenience/cold-to-go,Tagliatelle / Pappardelle,lidl.ch,0.85,https://sortiment.lidl.ch/media/catalog/product/cache/b4d8daca087e724c0fba4501ead491d0/6/0/6000203_Pappardelle_PSXX.jpg,https://sortiment.lidl.ch/media/catalog/product/cache/b4d8daca087e724c0fba4501ead491d0/6/0/6000203_Tagliatelle_PSXX.jpg,,Frische Eierteigwaren,https://sortiment.lidl.ch/de/catalog/product/view/id/16840/s/tagliatelle-pappardelle-6000203/category/140/
Cold to go,https://sortiment.lidl.ch/de/convenience/cold-to-go,Ravioli (Aktion nur in der Deutschschweiz und im Tessin gültig),lidl.ch,3.99,https://sortiment.lidl.ch/media/catalog/product/cache/b4d8daca087e724c0fba4501ead491d0/5/1/5113000_Brasato_PSXX.jpg,https://sortiment.lidl.ch/media/catalog/product/cache/b4d8daca087e724c0fba4501ead491d0/5/1/5113000_KAF_PORT.jpg,https://sortiment.lidl.ch/media/catalog/product/cache/b4d8daca087e724c0fba4501ead491d0/5/1/5113000_Ricotta_Spinaci_PSXX.jpg,"Rind, Riccotta-Spinat",https://sortiment.lidl.ch/de/catalog/product/view/id/16625/s/ravioli-5113000/category/140/
Cold to go,https://sortiment.lidl.ch/de/convenience/cold-to-go,Bürger Schwäbische Maultaschen,lidl.ch,2.99,https://sortiment.lidl.ch/media/catalog/product/cache/b4d8daca087e724c0fba4501ead491d0/7/7/7701090_PSXX.jpg,,,,https://sortiment.lidl.ch/de/catalog/product/view/id/16479/s/buerger-schwaebische-maultaschen-7701090/category/140/
Cold to go,https://sortiment.lidl.ch/de/convenience/cold-to-go,Guacamole,lidl.ch,2.49,https://sortiment.lidl.ch/media/catalog/product/cache/b4d8daca087e724c0fba4501ead491d0/2/0/201024_Mild_PSXX.jpg,https://sortiment.lidl.ch/media/catalog/product/cache/b4d8daca087e724c0fba4501ead491d0/2/0/201024_Pikant_PSXX.jpg,,Mild / Pikant,https://sortiment.lidl.ch/de/catalog/product/view/id/16478/s/guacamole-0201024/category/140/
Cold to go,https://sortiment.lidl.ch/de/convenience/cold-to-go,Gnocchi,lidl.ch,1.69,https://sortiment.lidl.ch/media/catalog/product/cache/b4d8daca087e724c0fba4501ead491d0/2/1/215559_PSXX.jpg,,,,https://sortiment.lidl.ch/de/catalog/product/view/id/16426/s/gnocchi-0215559/category/140/
Cold to go,https://sortiment.lidl.ch/de/convenience/cold-to-go,Bio Tortelloni,lidl.ch,1.62,https://sortiment.lidl.ch/media/catalog/product/cache/b4d8daca087e724c0fba4501ead491d0/1/1/119419_RicottaSpinach_PSXX.jpg,https://sortiment.lidl.ch/media/catalog/product/cache/b4d8daca087e724c0fba4501ead491d0/1/1/119419_TomatenMozzarella_PSXX.jpg,,Spinat-Ricotta / Tom.-Mozz.,https://sortiment.lidl.ch/de/catalog/product/view/id/16399/s/bio-tortelloni-0119419/category/140/
Cold to go,https://sortiment.lidl.ch/de/convenience/cold-to-go,Gärtnersalat,lidl.ch,1.59,https://sortiment.lidl.ch/media/catalog/product/cache/b4d8daca087e724c0fba4501ead491d0/5/1/5112009_PSXX.jpg,,,Terra Natura,https://sortiment.lidl.ch/de/catalog/product/view/id/16361/s/gaertnersalat-5112009/category/140/
Cold to go,https://sortiment.lidl.ch/de/convenience/cold-to-go,Kopfsalat mit Herz,lidl.ch,1.99,https://sortiment.lidl.ch/media/catalog/product/cache/b4d8daca087e724c0fba4501ead491d0/5/1/5112012_kopfsalat_PSXX.jpg,,,Terra Natura,https://sortiment.lidl.ch/de/catalog/product/view/id/16349/s/kopfsalat-mit-herz-5112012/category/140/
Cold to go,https://sortiment.lidl.ch/de/convenience/cold-to-go,Rucola,lidl.ch,2.29,https://sortiment.lidl.ch/media/catalog/product/cache/b4d8daca087e724c0fba4501ead491d0/5/1/5112008_rucola_PSXX.jpg,,,Terra Natura,https://sortiment.lidl.ch/de/catalog/product/view/id/16348/s/rucola-5112008/category/140/
Cold to go,https://sortiment.lidl.ch/de/convenience/cold-to-go,Nissin Cup Noodles,lidl.ch,1.89,https://sortiment.lidl.ch/media/catalog/product/cache/b4d8daca087e724c0fba4501ead491d0/1/8/183835_Chicken_PSXX.jpg,https://sortiment.lidl.ch/media/catalog/product/cache/b4d8daca087e724c0fba4501ead491d0/1/8/183835_Duck_PSXX.jpg,https://sortiment.lidl.ch/media/catalog/product/cache/b4d8daca087e724c0fba4501ead491d0/1/8/183835_Shrimps_PSXX.jpg,"Chicken, Shrimps, Spicy",https://sortiment.lidl.ch/de/catalog/product/view/id/16306/s/nissin-cup-noodles-0183835/category/140/
Cold to go,https://sortiment.lidl.ch/de/convenience/cold-to-go,Nissin Soba Cup Noodles,lidl.ch,2.89,https://sortiment.lidl.ch/media/catalog/product/cache/b4d8daca087e724c0fba4501ead491d0/1/7/178298_Beef_PSXX.jpg,https://sortiment.lidl.ch/media/catalog/product/cache/b4d8daca087e724c0fba4501ead491d0/1/7/178298_Chicken_PSXX.jpg,https://sortiment.lidl.ch/media/catalog/product/cache/b4d8daca087e724c0fba4501ead491d0/1/7/178298_Sesame_PSXX.jpg,diverse Sorten,https://sortiment.lidl.ch/de/catalog/product/view/id/16305/s/nissin-soba-cup-noodles-0178298/category/140/
Cold to go,https://sortiment.lidl.ch/de/convenience/cold-to-go,Pizza,lidl.ch,2.69,https://sortiment.lidl.ch/media/catalog/product/cache/b4d8daca087e724c0fba4501ead491d0/2/1/211501_4FromaggiPizza_PSXX.jpg,https://sortiment.lidl.ch/media/catalog/product/cache/b4d8daca087e724c0fba4501ead491d0/2/1/211501_PizzaTomatoMozzarella_PSXX.jpg,,Tomate-Mozzarella / 4-Käse,https://sortiment.lidl.ch/de/catalog/product/view/id/16253/s/pizza-0211501/category/140/
Cold to go,https://sortiment.lidl.ch/de/convenience/cold-to-go,Jolly Oats Müesli,lidl.ch,2.19,https://sortiment.lidl.ch/media/catalog/product/cache/b4d8daca087e724c0fba4501ead491d0/2/0/207589_Bircher_PSXX.jpg,https://sortiment.lidl.ch/media/catalog/product/cache/b4d8daca087e724c0fba4501ead491d0/2/0/207589_Fruechte_PSXX.jpg,https://sortiment.lidl.ch/media/catalog/product/cache/b4d8daca087e724c0fba4501ead491d0/2/0/207589_Schoko_PSXX.jpg,diverse Sorten,https://sortiment.lidl.ch/de/catalog/product/view/id/16252/s/jolly-oats-mueesli-0207589/category/140/
Cold to go,https://sortiment.lidl.ch/de/convenience/cold-to-go,Bio Spätzli,lidl.ch,2.99,https://sortiment.lidl.ch/media/catalog/product/cache/b4d8daca087e724c0fba4501ead491d0/5/1/5110088_Eierspaetzli_PSXX.jpg,https://sortiment.lidl.ch/media/catalog/product/cache/b4d8daca087e724c0fba4501ead491d0/5/1/5110088_Gemuesespaetzli_PSXX.jpg,,"Klassik, Gemüse",https://sortiment.lidl.ch/de/catalog/product/view/id/16195/s/bio-spaetzli-5110088/category/140/
Cold to go,https://sortiment.lidl.ch/de/convenience/cold-to-go,Blätterteig,lidl.ch,1.29,https://sortiment.lidl.ch/media/catalog/product/cache/b4d8daca087e724c0fba4501ead491d0/1/5/151129_PSXX.jpg,,,rund,https://sortiment.lidl.ch/de/catalog/product/view/id/15917/s/blaetterteig-0151129/category/140/
Cold to go,https://sortiment.lidl.ch/de/convenience/cold-to-go,Sandwiches,lidl.ch,2.79,https://sortiment.lidl.ch/media/catalog/product/cache/b4d8daca087e724c0fba4501ead491d0/1/1/11443_01_PSXX.jpg,https://sortiment.lidl.ch/media/catalog/product/cache/b4d8daca087e724c0fba4501ead491d0/1/1/11443_02_PSXX.jpg,,diverse Sorten,https://sortiment.lidl.ch/de/catalog/product/view/id/15862/s/sandwiches-0011443/category/140/
Cold to go,https://sortiment.lidl.ch/de/convenience/cold-to-go,Eisbergsalat,lidl.ch,1.99,https://sortiment.lidl.ch/media/catalog/product/cache/b4d8daca087e724c0fba4501ead491d0/5/1/5111093_TN_chefselect_Eisbergsalat_PSXX.jpg,,,Terra Natura,https://sortiment.lidl.ch/de/catalog/product/view/id/15848/s/eisbergsalat-5111093/category/140/
Cold to go,https://sortiment.lidl.ch/de/convenience/cold-to-go,Poulet-Curry / Quinoasalat,lidl.ch,3.95,https://sortiment.lidl.ch/media/catalog/product/cache/b4d8daca087e724c0fba4501ead491d0/5/1/5111542_Penne_Caprese_PSXX.jpg,https://sortiment.lidl.ch/media/catalog/product/cache/b4d8daca087e724c0fba4501ead491d0/5/1/5111542_Poulet_Curry_PSXX.jpg,https://sortiment.lidl.ch/media/catalog/product/cache/b4d8daca087e724c0fba4501ead491d0/5/1/5111542_Poulet_Curry_PSXX_alt.jpg,,https://sortiment.lidl.ch/de/catalog/product/view/id/15847/s/poulet-curry-quinoasalat-5111542/category/140/
Cold to go,https://sortiment.lidl.ch/de/convenience/cold-to-go,Frische Beilagensalate,lidl.ch,2.35,https://sortiment.lidl.ch/media/catalog/product/cache/b4d8daca087e724c0fba4501ead491d0/5/1/5111303_Linsen_PSXX.jpg,https://sortiment.lidl.ch/media/catalog/product/cache/b4d8daca087e724c0fba4501ead491d0/5/1/5111303_Randen_PSXX.jpg,https://sortiment.lidl.ch/media/catalog/product/cache/b4d8daca087e724c0fba4501ead491d0/5/1/5111303_chefselect_MaisKidneybohnensalat_PSXX.jpg,"Randen, Linsen, Mais-Kidney",https://sortiment.lidl.ch/de/catalog/product/view/id/15846/s/frische-beilagensalate-5111303/category/140/
Cold to go,https://sortiment.lidl.ch/de/convenience/cold-to-go,Traditionelle Traiteursalate,lidl.ch,2.69,https://sortiment.lidl.ch/media/catalog/product/cache/b4d8daca087e724c0fba4501ead491d0/5/1/5100671_HoernliSalat_PSXX.jpg,https://sortiment.lidl.ch/media/catalog/product/cache/b4d8daca087e724c0fba4501ead491d0/5/1/5100671_chefselect_Wurst_Kaesesalat_PSXX.jpg,,Wurst-Käsesalat / Hörnlisalat,https://sortiment.lidl.ch/de/catalog/product/view/id/15845/s/traditionelle-traiteursalate-5100671/category/140/
Cold to go,https://sortiment.lidl.ch/de/convenience/cold-to-go,Roter Kopfsalat,lidl.ch,1.79,https://sortiment.lidl.ch/media/catalog/product/cache/b4d8daca087e724c0fba4501ead491d0/5/1/5111092_PSXX.jpg,,,Terra Natura,https://sortiment.lidl.ch/de/catalog/product/view/id/15832/s/roter-kopfsalat-5111092/category/140/
Cold to go,https://sortiment.lidl.ch/de/convenience/cold-to-go,Pouletschnitzel Sandwich,lidl.ch,3.85,https://sortiment.lidl.ch/media/catalog/product/cache/b4d8daca087e724c0fba4501ead491d0/5/1/5111329_Cocktail_PSXX.jpg,https://sortiment.lidl.ch/media/catalog/product/cache/b4d8daca087e724c0fba4501ead491d0/5/1/5111329_Curry_PSXX.jpg,https://sortiment.lidl.ch/media/catalog/product/cache/b4d8daca087e724c0fba4501ead491d0/5/1/5111329_Tartare_PSXX.jpg,Curry / Cocktail / Tartare,https://sortiment.lidl.ch/de/catalog/product/view/id/15751/s/pouletschnitzel-sandwich-5111329/category/140/
Cold to go,https://sortiment.lidl.ch/de/convenience/cold-to-go,Antipasti,lidl.ch,1.99,https://sortiment.lidl.ch/media/catalog/product/cache/b4d8daca087e724c0fba4501ead491d0/1/6/166211_GegrillteArtischocken_PSXX.jpg,https://sortiment.lidl.ch/media/catalog/product/cache/b4d8daca087e724c0fba4501ead491d0/1/6/166211_GegrilltePeperoni_PSXX.jpg,https://sortiment.lidl.ch/media/catalog/product/cache/b4d8daca087e724c0fba4501ead491d0/1/6/166211_GruenePeperoniGefuellt_PSXX.jpg,diverse Sorten,https://sortiment.lidl.ch/de/catalog/product/view/id/15721/s/antipasti-0166211/category/140/
Cold to go,https://sortiment.lidl.ch/de/convenience/cold-to-go,Instant Noodles,lidl.ch,0.49,https://sortiment.lidl.ch/media/catalog/product/cache/b4d8daca087e724c0fba4501ead491d0/1/7/171778_Beef_PSXX.jpg,https://sortiment.lidl.ch/media/catalog/product/cache/b4d8daca087e724c0fba4501ead491d0/1/7/171778_Chicken_PSXX.jpg,https://sortiment.lidl.ch/media/catalog/product/cache/b4d8daca087e724c0fba4501ead491d0/1/7/171778_Shrimp_PSXX.jpg,diverse Sorten,https://sortiment.lidl.ch/de/catalog/product/view/id/15695/s/instant-noodles-0171778/category/140/
Cold to go,https://sortiment.lidl.ch/de/convenience/cold-to-go,MSC/ASC Crevetten,lidl.ch,2.85,https://sortiment.lidl.ch/media/catalog/product/cache/b4d8daca087e724c0fba4501ead491d0/1/8/184630_01_PSXX.jpg,https://sortiment.lidl.ch/media/catalog/product/cache/b4d8daca087e724c0fba4501ead491d0/1/8/184630_02_PSXX.jpg,https://sortiment.lidl.ch/media/catalog/product/cache/b4d8daca087e724c0fba4501ead491d0/1/8/184630_03_PSXX.jpg,diverse Sorten,https://sortiment.lidl.ch/de/catalog/product/view/id/15637/s/msc-asc-crevetten-0184630/category/140/
Cold to go,https://sortiment.lidl.ch/de/convenience/cold-to-go,Dinkelkuchenteig,lidl.ch,1.55,https://sortiment.lidl.ch/media/catalog/product/cache/b4d8daca087e724c0fba4501ead491d0/1/5/151165_PSXX.jpg,,,,https://sortiment.lidl.ch/de/catalog/product/view/id/15566/s/dinkelkuchenteig-0151165/category/140/
Cold to go,https://sortiment.lidl.ch/de/convenience/cold-to-go,Weisse Bohnen an Tomatensauce,lidl.ch,1.15,https://sortiment.lidl.ch/media/catalog/product/cache/b4d8daca087e724c0fba4501ead491d0/9/2/92961_PSXX.jpg,,,,https://sortiment.lidl.ch/de/catalog/product/view/id/15447/s/weisse-bohnen-an-tomatensauce-0092961/category/140/
Cold to go,https://sortiment.lidl.ch/de/convenience/cold-to-go,Macarons,lidl.ch,4.49,https://sortiment.lidl.ch/media/catalog/product/cache/b4d8daca087e724c0fba4501ead491d0/7/4/7407454_PSXX.jpg,,,,https://sortiment.lidl.ch/de/catalog/product/view/id/15236/s/macarons-7407454/category/140/
Cold to go,https://sortiment.lidl.ch/de/convenience/cold-to-go,Kartoffelsalat XXL,lidl.ch,5.99,https://sortiment.lidl.ch/media/catalog/product/cache/b4d8daca087e724c0fba4501ead491d0/5/1/5108960_chefselect_Kartoffelsalat_Mayonnaise_PSXX.jpg,,,Mayonnaise /  Essig und Öl,https://sortiment.lidl.ch/de/catalog/product/view/id/15202/s/kartoffelsalat-xxl-5108960/category/140/
Cold to go,https://sortiment.lidl.ch/de/convenience/cold-to-go,Tessiner Ravioli,lidl.ch,4.95,https://sortiment.lidl.ch/media/catalog/product/cache/b4d8daca087e724c0fba4501ead491d0/5/1/5110141_Ricotta_Limone_PSXX.jpg,https://sortiment.lidl.ch/media/catalog/product/cache/b4d8daca087e724c0fba4501ead491d0/5/1/5110141_Ricotta_Spinaci_PSXX.jpg,,Ricotta-Spinat / Ricotta-Zitrone,https://sortiment.lidl.ch/de/catalog/product/view/id/15105/s/tessiner-ravioli-5110141/category/140/
Cold to go,https://sortiment.lidl.ch/de/convenience/cold-to-go,Bärlauch Salatdressing,lidl.ch,2.49,https://sortiment.lidl.ch/media/catalog/product/cache/b4d8daca087e724c0fba4501ead491d0/5/1/5109033_PSXX_1.jpg,,,,https://sortiment.lidl.ch/de/catalog/product/view/id/15069/s/baerlauch-salatdressing-5109033/category/140/
Cold to go,https://sortiment.lidl.ch/de/convenience/cold-to-go,Rösti Original,lidl.ch,2.19,https://sortiment.lidl.ch/media/catalog/product/cache/b4d8daca087e724c0fba4501ead491d0/5/1/5109505_QSRoestiClassic_PSXX.jpg,,,,https://sortiment.lidl.ch/de/catalog/product/view/id/14461/s/roesti-original-5109505/category/140/
Cold to go,https://sortiment.lidl.ch/de/convenience/cold-to-go,Bio Salatdressing,lidl.ch,2.79,https://sortiment.lidl.ch/media/catalog/product/cache/b4d8daca087e724c0fba4501ead491d0/5/1/5109029_FrenchKraeuter_PSXX.jpg,https://sortiment.lidl.ch/media/catalog/product/cache/b4d8daca087e724c0fba4501ead491d0/5/1/5109029_French_PSXX_1.jpg,https://sortiment.lidl.ch/media/catalog/product/cache/b4d8daca087e724c0fba4501ead491d0/5/1/5109029_Italian_PSXX_1.jpg,diverse Sorten,https://sortiment.lidl.ch/de/catalog/product/view/id/14343/s/bio-salatdressing-5109029/category/140/
Cold to go,https://sortiment.lidl.ch/de/convenience/cold-to-go,Nicoise / Greek Salad Bowl,lidl.ch,4.95,https://sortiment.lidl.ch/media/catalog/product/cache/b4d8daca087e724c0fba4501ead491d0/5/1/5109620_SaladBowlGreek_PSXX.jpg,https://sortiment.lidl.ch/media/catalog/product/cache/b4d8daca087e724c0fba4501ead491d0/5/1/5109620_SaladBowlNicoise_PSXX.jpg,https://sortiment.lidl.ch/media/catalog/product/cache/b4d8daca087e724c0fba4501ead491d0/5/1/5109620_SaladBowlOriental_PSXX.jpg,,https://sortiment.lidl.ch/de/catalog/product/view/id/14338/s/nicoise-greek-salad-bowl-5109620/category/140/
Cold to go,https://sortiment.lidl.ch/de/convenience/cold-to-go,Bio Minze,lidl.ch,1.55,https://sortiment.lidl.ch/media/catalog/product/cache/b4d8daca087e724c0fba4501ead491d0/5/1/5107712_PSXX_1.jpg,,,,https://sortiment.lidl.ch/de/catalog/product/view/id/14333/s/bio-minze-5107712/category/140/
Cold to go,https://sortiment.lidl.ch/de/convenience/cold-to-go,Bio Koriander,lidl.ch,1.49,https://sortiment.lidl.ch/media/catalog/product/cache/b4d8daca087e724c0fba4501ead491d0/5/1/5107711_PSXX.jpg,,,,https://sortiment.lidl.ch/de/catalog/product/view/id/14332/s/bio-koriander-5107711/category/140/
Cold to go,https://sortiment.lidl.ch/de/convenience/cold-to-go,Bio Schnittlauch,lidl.ch,1.15,https://sortiment.lidl.ch/media/catalog/product/cache/b4d8daca087e724c0fba4501ead491d0/5/1/5107710_PSXX_1.jpg,,,,https://sortiment.lidl.ch/de/catalog/product/view/id/14331/s/bio-schnittlauch-5107710/category/140/
Cold to go,https://sortiment.lidl.ch/de/convenience/cold-to-go,Bio Peterli glatt,lidl.ch,0.89,https://sortiment.lidl.ch/media/catalog/product/cache/b4d8daca087e724c0fba4501ead491d0/5/1/5107709_PSXX_1.jpg,,,,https://sortiment.lidl.ch/de/catalog/product/view/id/14330/s/bio-peterli-glatt-5107709/category/140/
Cold to go,https://sortiment.lidl.ch/de/convenience/cold-to-go,Bio Peterli gekraust,lidl.ch,0.79,https://sortiment.lidl.ch/media/catalog/product/cache/b4d8daca087e724c0fba4501ead491d0/5/1/5107708_PSXX.jpg,,,,https://sortiment.lidl.ch/de/catalog/product/view/id/14329/s/bio-peterli-gekraust-5107708/category/140/
Cold to go,https://sortiment.lidl.ch/de/convenience/cold-to-go,Premium Oliven,lidl.ch,1.95,https://sortiment.lidl.ch/media/catalog/product/cache/b4d8daca087e724c0fba4501ead491d0/1/5/153199_Frischkaese_PSXX.jpg,https://sortiment.lidl.ch/media/catalog/product/cache/b4d8daca087e724c0fba4501ead491d0/1/5/153199_Knoblauch_PSXX.jpg,https://sortiment.lidl.ch/media/catalog/product/cache/b4d8daca087e724c0fba4501ead491d0/1/5/153199_Mix_PSXX.jpg,diverse Sorten,https://sortiment.lidl.ch/de/catalog/product/view/id/14327/s/premium-oliven-0153199/category/140/
Cold to go,https://sortiment.lidl.ch/de/convenience/cold-to-go,ASC Crevetten mit Dip,lidl.ch,2.99,https://sortiment.lidl.ch/media/catalog/product/cache/b4d8daca087e724c0fba4501ead491d0/1/4/140211_Aioli_PSXX_1.jpg,https://sortiment.lidl.ch/media/catalog/product/cache/b4d8daca087e724c0fba4501ead491d0/1/4/140211_Cocktail_PSXX_1.jpg,https://sortiment.lidl.ch/media/catalog/product/cache/b4d8daca087e724c0fba4501ead491d0/1/4/140211_SweetChili_PSXX_1.jpg,diverse Sorten,https://sortiment.lidl.ch/de/catalog/product/view/id/14311/s/asc-crevetten-mit-dip-0140211/category/140/
Cold to go,https://sortiment.lidl.ch/de/convenience/cold-to-go,ASC Norwegisches Lachsrückenfilet,lidl.ch,7.99,https://sortiment.lidl.ch/media/catalog/product/cache/b4d8daca087e724c0fba4501ead491d0/1/3/139637_PSXX_1.jpg,,,,https://sortiment.lidl.ch/de/catalog/product/view/id/14310/s/asc-norwegisches-lachsrueckenfilet-0139637/category/140/
Cold to go,https://sortiment.lidl.ch/de/convenience/cold-to-go,MSC Surimi Sticks,lidl.ch,2.89,https://sortiment.lidl.ch/media/catalog/product/cache/b4d8daca087e724c0fba4501ead491d0/5/6/5601454_FKBF_1.jpg,https://sortiment.lidl.ch/media/catalog/product/cache/b4d8daca087e724c0fba4501ead491d0/5/6/5601454_PSXX.jpg,,,https://sortiment.lidl.ch/de/catalog/product/view/id/14127/s/msc-surimi-sticks-5601454/category/140/
Cold to go,https://sortiment.lidl.ch/de/convenience/cold-to-go,Kartoffelsalat,lidl.ch,2.69,https://sortiment.lidl.ch/media/catalog/product/cache/b4d8daca087e724c0fba4501ead491d0/5/1/5107422_chefselect_01_PSXX.jpg,,,Essig & Öl / Mayo,https://sortiment.lidl.ch/de/catalog/product/view/id/13932/s/kartoffelsalat-5107422/category/140/
Cold to go,https://sortiment.lidl.ch/de/convenience/cold-to-go,Griechisches Tzatziki,lidl.ch,2.99,https://sortiment.lidl.ch/media/catalog/product/cache/b4d8daca087e724c0fba4501ead491d0/6/2/6200078_Tzatziki_PSXX.jpg,,,mit extra nativem Olivenöl,https://sortiment.lidl.ch/de/catalog/product/view/id/13904/s/griechisches-tzatziki-6200078/category/140/
Cold to go,https://sortiment.lidl.ch/de/convenience/cold-to-go,Blätterteig,lidl.ch,1.15,https://sortiment.lidl.ch/media/catalog/product/cache/b4d8daca087e724c0fba4501ead491d0/3/7/37529_Blaetterteig_1_PSXX.jpg,https://sortiment.lidl.ch/media/catalog/product/cache/b4d8daca087e724c0fba4501ead491d0/3/7/37529_Blaetterteig_2_PSXX.jpg,https://sortiment.lidl.ch/media/catalog/product/cache/b4d8daca087e724c0fba4501ead491d0/3/7/37529_Blaetterteig_3_PSXX.jpg,diverse Sorten,https://sortiment.lidl.ch/de/catalog/product/view/id/13815/s/blaetterteig-0037529/category/140/
Cold to go,https://sortiment.lidl.ch/de/convenience/cold-to-go,Hummus,lidl.ch,1.95,https://sortiment.lidl.ch/media/catalog/product/cache/b4d8daca087e724c0fba4501ead491d0/1/1/119131_Natur_PSXX.jpg,https://sortiment.lidl.ch/media/catalog/product/cache/b4d8daca087e724c0fba4501ead491d0/1/1/119131_Pikant_PSXX.jpg,,Natur/Pikant,https://sortiment.lidl.ch/de/catalog/product/view/id/13665/s/hummus-0119131/category/140/
Cold to go,https://sortiment.lidl.ch/de/convenience/cold-to-go,Bio Salatmischung,lidl.ch,1.35,https://sortiment.lidl.ch/media/catalog/product/cache/b4d8daca087e724c0fba4501ead491d0/5/1/5104207_eisberg_PSXX.jpg,,,,https://sortiment.lidl.ch/de/catalog/product/view/id/13563/s/bio-salatmischung-5104207/category/140/
Cold to go,https://sortiment.lidl.ch/de/convenience/cold-to-go,Mischsalat Family Edition,lidl.ch,2.48,https://sortiment.lidl.ch/media/catalog/product/cache/b4d8daca087e724c0fba4501ead491d0/5/1/5103683_PSXX.jpg,,,,https://sortiment.lidl.ch/de/catalog/product/view/id/13558/s/mischsalat-family-edition-5103683/category/140/
Cold to go,https://sortiment.lidl.ch/de/convenience/cold-to-go,Gemischter Blattsalat,lidl.ch,1.59,https://sortiment.lidl.ch/media/catalog/product/cache/b4d8daca087e724c0fba4501ead491d0/5/1/5100829_chefselect_GemischterBlattsalat_PSXX.jpg,,,,https://sortiment.lidl.ch/de/catalog/product/view/id/13556/s/gemischter-blattsalat-5100829/category/140/
Cold to go,https://sortiment.lidl.ch/de/convenience/cold-to-go,Nüsslisalat,lidl.ch,2.09,https://sortiment.lidl.ch/media/catalog/product/cache/b4d8daca087e724c0fba4501ead491d0/5/1/5100819_PSXX.jpg,,,,https://sortiment.lidl.ch/de/catalog/product/view/id/13555/s/nuesslisalat-5100819/category/140/
Cold to go,https://sortiment.lidl.ch/de/convenience/cold-to-go,Premium Salatdressing,lidl.ch,1.99,https://sortiment.lidl.ch/media/catalog/product/cache/b4d8daca087e724c0fba4501ead491d0/5/1/5100476_Balsamico_PSXX.jpg,https://sortiment.lidl.ch/media/catalog/product/cache/b4d8daca087e724c0fba4501ead491d0/5/1/5100476_Ceasar_PSXX.jpg,https://sortiment.lidl.ch/media/catalog/product/cache/b4d8daca087e724c0fba4501ead491d0/5/1/5100476_LouisFrench_PSXX.jpg,"Thousand I., Louis, Caesar, Balsamico",https://sortiment.lidl.ch/de/catalog/product/view/id/13550/s/premium-salatdressing-5100476/category/140/
Cold to go,https://sortiment.lidl.ch/de/convenience/cold-to-go,Italian Dressing,lidl.ch,1.99,https://sortiment.lidl.ch/media/catalog/product/cache/b4d8daca087e724c0fba4501ead491d0/5/1/5100480_PSXX_1.jpg,,,,https://sortiment.lidl.ch/de/catalog/product/view/id/13549/s/italian-dressing-5100480/category/140/
Cold to go,https://sortiment.lidl.ch/de/convenience/cold-to-go,Dressing,lidl.ch,1.99,https://sortiment.lidl.ch/media/catalog/product/cache/b4d8daca087e724c0fba4501ead491d0/5/1/5100478_PSXX_1.jpg,,,Italian / French,https://sortiment.lidl.ch/de/catalog/product/view/id/13548/s/dressing-5100478/category/140/
Cold to go,https://sortiment.lidl.ch/de/convenience/cold-to-go,French Dressing mit Kräutern,lidl.ch,1.99,https://sortiment.lidl.ch/media/catalog/product/cache/b4d8daca087e724c0fba4501ead491d0/2/4/2470_FrenchKraeuter_PSXX_1.jpg,,,,https://sortiment.lidl.ch/de/catalog/product/view/id/13547/s/french-dressing-mit-kraeutern-0002470/category/140/
Cold to go,https://sortiment.lidl.ch/de/convenience/cold-to-go,ASC Forellenfilet geräuchert,lidl.ch,2.95,https://sortiment.lidl.ch/media/catalog/product/cache/b4d8daca087e724c0fba4501ead491d0/1/1/116232_Nature_PSXX_1.jpg,https://sortiment.lidl.ch/media/catalog/product/cache/b4d8daca087e724c0fba4501ead491d0/1/1/116232_Pfeffer_PSXX.jpg,,Natur / Pfeffer,https://sortiment.lidl.ch/de/catalog/product/view/id/13545/s/asc-forellenfilet-geraeuchert-0116232/category/140/
Cold to go,https://sortiment.lidl.ch/de/convenience/cold-to-go,ASC Stremel-Lachs,lidl.ch,3.95,https://sortiment.lidl.ch/media/catalog/product/cache/b4d8daca087e724c0fba4501ead491d0/1/1/115931_Classic_PSXX_1.jpg,https://sortiment.lidl.ch/media/catalog/product/cache/b4d8daca087e724c0fba4501ead491d0/1/1/115931_Pfeffer_PSXX.jpg,,Pfeffer / Natur,https://sortiment.lidl.ch/de/catalog/product/view/id/13544/s/asc-stremel-lachs-0115931/category/140/
Cold to go,https://sortiment.lidl.ch/de/convenience/cold-to-go,ASC Lachsforelle,lidl.ch,3.39,https://sortiment.lidl.ch/media/catalog/product/cache/b4d8daca087e724c0fba4501ead491d0/1/3/138120_PSXX.jpg,,,mild geräuchert,https://sortiment.lidl.ch/de/catalog/product/view/id/13541/s/asc-lachsforelle-0138120/category/140/
Cold to go,https://sortiment.lidl.ch/de/convenience/cold-to-go,ASC Norwegischer Rauchlachs,lidl.ch,4.95,https://sortiment.lidl.ch/media/catalog/product/cache/b4d8daca087e724c0fba4501ead491d0/1/1/116536_FKBF.jpg,https://sortiment.lidl.ch/media/catalog/product/cache/b4d8daca087e724c0fba4501ead491d0/1/1/116536_PSXX.jpg,,,https://sortiment.lidl.ch/de/catalog/product/view/id/13540/s/asc-norwegischer-rauchlachs-0116536/category/140/
Cold to go,https://sortiment.lidl.ch/de/convenience/cold-to-go,Bio Räucherlachs,lidl.ch,4.49,https://sortiment.lidl.ch/media/catalog/product/cache/b4d8daca087e724c0fba4501ead491d0/8/8/88225_PSXX.jpg,,,,https://sortiment.lidl.ch/de/catalog/product/view/id/13538/s/bio-raeucherlachs-0088225/category/140/
Cold to go,https://sortiment.lidl.ch/de/convenience/cold-to-go,MSC Wildlachs Sockeye,lidl.ch,4.49,https://sortiment.lidl.ch/media/catalog/product/cache/b4d8daca087e724c0fba4501ead491d0/6/3/63452_FKBF.jpg,https://sortiment.lidl.ch/media/catalog/product/cache/b4d8daca087e724c0fba4501ead491d0/6/3/63452_PSXX.jpg,,,https://sortiment.lidl.ch/de/catalog/product/view/id/13536/s/msc-wildlachs-sockeye-0063452/category/140/
Cold to go,https://sortiment.lidl.ch/de/convenience/cold-to-go,Kuchenteig,lidl.ch,1.35,https://sortiment.lidl.ch/media/catalog/product/cache/b4d8daca087e724c0fba4501ead491d0/7/7/7706944_Kuchenteig_PSXX.jpg,https://sortiment.lidl.ch/media/catalog/product/cache/b4d8daca087e724c0fba4501ead491d0/7/7/7706944_Muerbeteig_PSXX.jpg,,rund/eckig,https://sortiment.lidl.ch/de/catalog/product/view/id/13534/s/kuchenteig-7706944/category/140/
Cold to go,https://sortiment.lidl.ch/de/convenience/cold-to-go,Teigwaren,lidl.ch,1.79,https://sortiment.lidl.ch/media/catalog/product/cache/b4d8daca087e724c0fba4501ead491d0/1/1/11503_Knoepfle_PSXX_1.jpg,https://sortiment.lidl.ch/media/catalog/product/cache/b4d8daca087e724c0fba4501ead491d0/1/1/11503_Schupfnudeln_PSXX.jpg,https://sortiment.lidl.ch/media/catalog/product/cache/b4d8daca087e724c0fba4501ead491d0/1/1/11503_Spaetzle_PSXX.jpg,"Spätzle, Schupfnudeln, Knöpfle",https://sortiment.lidl.ch/de/catalog/product/view/id/13530/s/teigwaren-0011503/category/140/
Cold to go,https://sortiment.lidl.ch/de/convenience/cold-to-go,Bürger Schwäbische Maultaschen,lidl.ch,2.99,https://sortiment.lidl.ch/media/catalog/product/cache/b4d8daca087e724c0fba4501ead491d0/7/7/7701096_Frischkaese_PSXX_1.jpg,https://sortiment.lidl.ch/media/catalog/product/cache/b4d8daca087e724c0fba4501ead491d0/7/7/7701096_Gemuese_PSXX_1.jpg,https://sortiment.lidl.ch/media/catalog/product/cache/b4d8daca087e724c0fba4501ead491d0/7/7/7701096_Rindfleisch_PSXX_1.jpg,"vegan, Poulet, Gemüse",https://sortiment.lidl.ch/de/catalog/product/view/id/13528/s/buerger-schwaebische-maultaschen-7701096/category/140/
Cold to go,https://sortiment.lidl.ch/de/convenience/cold-to-go,Eierspätzli,lidl.ch,1.99,https://sortiment.lidl.ch/media/catalog/product/cache/b4d8daca087e724c0fba4501ead491d0/3/1/31773_PSXX.jpg,,,,https://sortiment.lidl.ch/de/catalog/product/view/id/13522/s/eierspaetzli-0031773/category/140/
Cold to go,https://sortiment.lidl.ch/de/convenience/cold-to-go,Familienpizza,lidl.ch,4.99,https://sortiment.lidl.ch/media/catalog/product/cache/b4d8daca087e724c0fba4501ead491d0/9/4/94046_Margherita_PSXX.jpg,https://sortiment.lidl.ch/media/catalog/product/cache/b4d8daca087e724c0fba4501ead491d0/9/4/94046_SchinkenChampignons_PSXX.jpg,,Margherita / Schinken-Cham.,https://sortiment.lidl.ch/de/catalog/product/view/id/13517/s/familienpizza-0094046/category/140/
Cold to go,https://sortiment.lidl.ch/de/convenience/cold-to-go,Traditionelle Fertiggerichte,lidl.ch,2.19,https://sortiment.lidl.ch/media/catalog/product/cache/b4d8daca087e724c0fba4501ead491d0/8/5/85644_AelplerMagronen_PSXX_1.jpg,https://sortiment.lidl.ch/media/catalog/product/cache/b4d8daca087e724c0fba4501ead491d0/8/5/85644_GehacktesHoernli_PSXX_1.jpg,,Gehacktes mit Hörnli/Älpler Magronen,https://sortiment.lidl.ch/de/catalog/product/view/id/13516/s/traditionelle-fertiggerichte-0085644/category/140/
Cold to go,https://sortiment.lidl.ch/de/convenience/cold-to-go,Pizza,lidl.ch,2.69,https://sortiment.lidl.ch/media/catalog/product/cache/b4d8daca087e724c0fba4501ead491d0/2/8/28492_Prosciutto_PSXX_1.jpg,https://sortiment.lidl.ch/media/catalog/product/cache/b4d8daca087e724c0fba4501ead491d0/2/8/28492_Salami_PSXX.jpg,,Salami / Schinken,https://sortiment.lidl.ch/de/catalog/product/view/id/13515/s/pizza-0028492/category/140/
Cold to go,https://sortiment.lidl.ch/de/convenience/cold-to-go,Weggli,lidl.ch,1.65,https://sortiment.lidl.ch/media/catalog/product/cache/b4d8daca087e724c0fba4501ead491d0/2/4/2491_ChefSelect_Lyoner_PSXX.jpg,https://sortiment.lidl.ch/media/catalog/product/cache/b4d8daca087e724c0fba4501ead491d0/2/4/2491_ChefSelect_Thon_PSXX.jpg,,Lyoner/Thon,https://sortiment.lidl.ch/de/catalog/product/view/id/13513/s/weggli-0002491/category/140/
Cold to go,https://sortiment.lidl.ch/de/convenience/cold-to-go,Premium Burger,lidl.ch,4.95,https://sortiment.lidl.ch/media/catalog/product/cache/b4d8daca087e724c0fba4501ead491d0/5/1/5107830_Cheese_PSXX.jpg,https://sortiment.lidl.ch/media/catalog/product/cache/b4d8daca087e724c0fba4501ead491d0/5/1/5107830_Chicken_PSXX.jpg,https://sortiment.lidl.ch/media/catalog/product/cache/b4d8daca087e724c0fba4501ead491d0/5/1/5107830_Classic_PSXX.jpg,diverse Sorten,https://sortiment.lidl.ch/de/catalog/product/view/id/13511/s/premium-burger-5107830/category/140/
Cold to go,https://sortiment.lidl.ch/de/convenience/cold-to-go,Focaccia,lidl.ch,2.99,https://sortiment.lidl.ch/media/catalog/product/cache/b4d8daca087e724c0fba4501ead491d0/1/0/106511_Kraeuter_PSXX.jpg,https://sortiment.lidl.ch/media/catalog/product/cache/b4d8daca087e724c0fba4501ead491d0/1/0/106511_Tomate_PSXX.jpg,,Chili / Thymian und Rosmarin,https://sortiment.lidl.ch/de/catalog/product/view/id/13510/s/focaccia-0106511/category/140/
Cold to go,https://sortiment.lidl.ch/de/convenience/cold-to-go,Baguette,lidl.ch,0.99,https://sortiment.lidl.ch/media/catalog/product/cache/b4d8daca087e724c0fba4501ead491d0/5/5/55851_Knoblauch_PSXX.jpg,https://sortiment.lidl.ch/media/catalog/product/cache/b4d8daca087e724c0fba4501ead491d0/5/5/55851_Kraeuter_PSXX.jpg,,Kräuter / Knoblauch,https://sortiment.lidl.ch/de/catalog/product/view/id/13508/s/baguette-0055851/category/140/
Cold to go,https://sortiment.lidl.ch/de/convenience/cold-to-go,Lasagne / Makkaroniauflauf,lidl.ch,2.85,https://sortiment.lidl.ch/media/catalog/product/cache/b4d8daca087e724c0fba4501ead491d0/1/3/135160_Bolognese_PSXX.jpg,https://sortiment.lidl.ch/media/catalog/product/cache/b4d8daca087e724c0fba4501ead491d0/1/3/135160_Makkaroni_PSXX.jpg,,,https://sortiment.lidl.ch/de/catalog/product/view/id/13503/s/lasagne-makkaroniauflauf-0135160/category/140/
Cold to go,https://sortiment.lidl.ch/de/convenience/cold-to-go,Asiatische Fertiggerichte,lidl.ch,3.29,https://sortiment.lidl.ch/media/catalog/product/cache/b4d8daca087e724c0fba4501ead491d0/8/5/85237_1_PSXX.jpg,https://sortiment.lidl.ch/media/catalog/product/cache/b4d8daca087e724c0fba4501ead491d0/8/5/85237_2_PSXX.jpg,,Nasi Goreng / Bami Goreng,https://sortiment.lidl.ch/de/catalog/product/view/id/13502/s/asiatische-fertiggerichte-0085237/category/140/
Cold to go,https://sortiment.lidl.ch/de/convenience/cold-to-go,Lasagne Bolognese,lidl.ch,5.59,https://sortiment.lidl.ch/media/catalog/product/cache/b4d8daca087e724c0fba4501ead491d0/1/0/10315_PSXX.jpg,,,,https://sortiment.lidl.ch/de/catalog/product/view/id/13500/s/lasagne-bolognese-0010315/category/140/
Cold to go,https://sortiment.lidl.ch/de/convenience/cold-to-go,Elsässer Flammkuchen,lidl.ch,2.75,https://sortiment.lidl.ch/media/catalog/product/cache/b4d8daca087e724c0fba4501ead491d0/2/9/2929_Flamkuchen_PSXX.jpg,,,,https://sortiment.lidl.ch/de/catalog/product/view/id/13499/s/elsaesser-flammkuchen-0002929/category/140/
Cold to go,https://sortiment.lidl.ch/de/convenience/cold-to-go,Bulgur Salate,lidl.ch,1.59,https://sortiment.lidl.ch/media/catalog/product/cache/b4d8daca087e724c0fba4501ead491d0/1/1/119137_Bulgur-Bohne-Olive_PSXX.jpg,https://sortiment.lidl.ch/media/catalog/product/cache/b4d8daca087e724c0fba4501ead491d0/1/1/119137_Bulgur-klassisch_PSXX.jpg,https://sortiment.lidl.ch/media/catalog/product/cache/b4d8daca087e724c0fba4501ead491d0/1/1/119137_Linsen-Bulgur_PSXX.jpg,diverse Sorten,https://sortiment.lidl.ch/de/catalog/product/view/id/13493/s/bulgur-salate-0119137/category/140/
Cold to go,https://sortiment.lidl.ch/de/convenience/cold-to-go,Frische Beilagensalate,lidl.ch,2.49,https://sortiment.lidl.ch/media/catalog/product/cache/b4d8daca087e724c0fba4501ead491d0/5/1/5107420_Coleslaw_PSXX_1.jpg,https://sortiment.lidl.ch/media/catalog/product/cache/b4d8daca087e724c0fba4501ead491d0/5/1/5107420_Rueeblisalat_PSXX.jpg,https://sortiment.lidl.ch/media/catalog/product/cache/b4d8daca087e724c0fba4501ead491d0/5/1/5107420_Selleriesalat_PSXX.jpg,"Coleslaw, Karotten, Sellerie",https://sortiment.lidl.ch/de/catalog/product/view/id/13488/s/frische-beilagensalate-5107420/category/140/
Cold to go,https://sortiment.lidl.ch/de/convenience/cold-to-go,Chicken Burger mit Käse,lidl.ch,2.99,https://sortiment.lidl.ch/media/catalog/product/cache/b4d8daca087e724c0fba4501ead491d0/1/3/131894_FKBF_2.jpg,https://sortiment.lidl.ch/media/catalog/product/cache/b4d8daca087e724c0fba4501ead491d0/1/3/131894_PSXX_1.jpg,,Hähnchen ohne Fett gebraten,https://sortiment.lidl.ch/de/catalog/product/view/id/13275/s/chicken-burger-mit-kaese-0131894/category/140/
Cold to go,https://sortiment.lidl.ch/de/convenience/cold-to-go,Uniferm Hefewürfel,lidl.ch,0.25,https://sortiment.lidl.ch/media/catalog/product/cache/b4d8daca087e724c0fba4501ead491d0/7/7/7701144_PSXX.jpg,,,,https://sortiment.lidl.ch/de/catalog/product/view/id/13084/s/uniferm-hefewuerfel-7701144/category/140/
Cold to go,https://sortiment.lidl.ch/de/convenience/cold-to-go,Backhefe,lidl.ch,0.25,https://sortiment.lidl.ch/media/catalog/product/cache/b4d8daca087e724c0fba4501ead491d0/1/7/1794_PSXX.jpg,,,,https://sortiment.lidl.ch/de/catalog/product/view/id/13083/s/backhefe-0001794/category/140/
Cold to go,https://sortiment.lidl.ch/de/convenience/cold-to-go,Knorr Asia Noodles,lidl.ch,1.89,https://sortiment.lidl.ch/media/catalog/product/cache/b4d8daca087e724c0fba4501ead491d0/3/4/3495_Beef_PSXX.jpg,https://sortiment.lidl.ch/media/catalog/product/cache/b4d8daca087e724c0fba4501ead491d0/3/4/3495_Chicken_PSXX.jpg,https://sortiment.lidl.ch/media/catalog/product/cache/b4d8daca087e724c0fba4501ead491d0/3/4/3495_Vegetable_PSXX.jpg,diverse Sorten,https://sortiment.lidl.ch/de/catalog/product/view/id/11526/s/knorr-asia-noodles-0003495/category/140/
Cold to go,https://sortiment.lidl.ch/de/convenience/cold-to-go,Berner Rösti,lidl.ch,2.89,https://sortiment.lidl.ch/media/catalog/product/cache/b4d8daca087e724c0fba4501ead491d0/3/1/31774_QSBernerRoesti_PSXX.jpg,,,mit Speck & Zwiebeln,https://sortiment.lidl.ch/de/catalog/product/view/id/11517/s/berner-roesti-0031774/category/140/
Cold to go,https://sortiment.lidl.ch/de/convenience/cold-to-go,Knorr Stocki,lidl.ch,6.95,https://sortiment.lidl.ch/media/catalog/product/cache/b4d8daca087e724c0fba4501ead491d0/2/8/2838_PSXX.jpg,,,4x3 Portionen,https://sortiment.lidl.ch/de/catalog/product/view/id/11290/s/knorr-stocki-0002838/category/140/
Geflügel,https://sortiment.lidl.ch/de/catalog/category/view/s/gefluegel/id/113/,Pouletfilet Spiessli,lidl.ch,7.29,https://sortiment.lidl.ch/media/catalog/product/cache/b4d8daca087e724c0fba4501ead491d0/5/1/5112099_PouletminifiletSpiessli_PSXX.jpg,,,nature,https://sortiment.lidl.ch/de/catalog/product/view/id/21093/s/pouletfilet-spiessli-5112099/category/113/
Geflügel,https://sortiment.lidl.ch/de/catalog/category/view/s/gefluegel/id/113/,Pouletflügeli Mittelteil,lidl.ch,5.99,https://sortiment.lidl.ch/media/catalog/product/cache/b4d8daca087e724c0fba4501ead491d0/5/1/5114076_PouletfluegeliMittelteilgewuerzt_PSXX.jpg,,,gewürzt,https://sortiment.lidl.ch/de/catalog/product/view/id/20861/s/pouletfluegeli-mittelteil-5114076/category/113/
Geflügel,https://sortiment.lidl.ch/de/catalog/category/view/s/gefluegel/id/113/,Truten Hackfleisch,lidl.ch,4.99,https://sortiment.lidl.ch/media/catalog/product/cache/b4d8daca087e724c0fba4501ead491d0/1/9/193563_Putenhackfleisch_PSXX.jpg,,,gewürzt,https://sortiment.lidl.ch/de/catalog/product/view/id/20700/s/truten-hackfleisch-0193563/category/113/
Geflügel,https://sortiment.lidl.ch/de/catalog/category/view/s/gefluegel/id/113/,Poulet Délice,lidl.ch,4.99,https://sortiment.lidl.ch/media/catalog/product/cache/b4d8daca087e724c0fba4501ead491d0/5/1/5113316_Poulet_Cordon_bleu_PSXX.jpg,,,,https://sortiment.lidl.ch/de/catalog/product/view/id/19669/s/poulet-delice-5113316/category/113/
Geflügel,https://sortiment.lidl.ch/de/catalog/category/view/s/gefluegel/id/113/,Poulet paniert,lidl.ch,2.65,https://sortiment.lidl.ch/media/catalog/product/cache/b4d8daca087e724c0fba4501ead491d0/5/1/5113315_FKBA.jpg,https://sortiment.lidl.ch/media/catalog/product/cache/b4d8daca087e724c0fba4501ead491d0/5/1/5113315_QS_Poulet_Schnitzel_PSXX.jpg,,,https://sortiment.lidl.ch/de/catalog/product/view/id/19668/s/poulet-paniert-5113315/category/113/
Geflügel,https://sortiment.lidl.ch/de/catalog/category/view/s/gefluegel/id/113/,Chicken Nuggets,lidl.ch,3.49,,,,,https://sortiment.lidl.ch/de/catalog/product/view/id/19667/s/chicken-nuggets-5113314/category/113/
Geflügel,https://sortiment.lidl.ch/de/catalog/category/view/s/gefluegel/id/113/,Bio Poulet Innenfilet,lidl.ch,9.99,,,,,https://sortiment.lidl.ch/de/catalog/product/view/id/19614/s/bio-poulet-innenfilet-5012148/category/113/
Geflügel,https://sortiment.lidl.ch/de/catalog/category/view/s/gefluegel/id/113/,Maispoulet grillfertig,lidl.ch,0.99,,,,,https://sortiment.lidl.ch/de/catalog/product/view/id/19183/s/maispoulet-grillfertig-5012466/category/113/
Geflügel,https://sortiment.lidl.ch/de/catalog/category/view/s/gefluegel/id/113/,Maispoulet Schenkel,lidl.ch,4.99,https://sortiment.lidl.ch/media/catalog/product/cache/b4d8daca087e724c0fba4501ead491d0/5/0/5010840_FKBA.jpg,https://sortiment.lidl.ch/media/catalog/product/cache/b4d8daca087e724c0fba4501ead491d0/5/0/5010840_Maispoulet_Unterkeulen_FKBF.jpg,https://sortiment.lidl.ch/media/catalog/product/cache/b4d8daca087e724c0fba4501ead491d0/5/0/5010840_PSXX.jpg,,https://sortiment.lidl.ch/de/catalog/product/view/id/19182/s/maispoulet-schenkel-5010840/category/113/
Geflügel,https://sortiment.lidl.ch/de/catalog/category/view/s/gefluegel/id/113/,Maispoulet Innenfilet,lidl.ch,5.19,,,,,https://sortiment.lidl.ch/de/catalog/product/view/id/19181/s/maispoulet-innenfilet-5010837/category/113/
Geflügel,https://sortiment.lidl.ch/de/catalog/category/view/s/gefluegel/id/113/,Maispoulet Brustfilet,lidl.ch,5.99,https://sortiment.lidl.ch/media/catalog/product/cache/b4d8daca087e724c0fba4501ead491d0/5/0/5010836_Maispoulet_PSXX.jpg,,,,https://sortiment.lidl.ch/de/catalog/product/view/id/19180/s/maispoulet-brustfilet-5010836/category/113/
Geflügel,https://sortiment.lidl.ch/de/catalog/category/view/s/gefluegel/id/113/,Truten-Innenfilet,lidl.ch,11.99,,,,,https://sortiment.lidl.ch/de/catalog/product/view/id/19123/s/truten-innenfilet-0227262/category/113/
Geflügel,https://sortiment.lidl.ch/de/catalog/category/view/s/gefluegel/id/113/,Truten Schnitzel extra dünn,lidl.ch,6.49,https://sortiment.lidl.ch/media/catalog/product/cache/b4d8daca087e724c0fba4501ead491d0/2/2/227255_FKBF.jpg,https://sortiment.lidl.ch/media/catalog/product/cache/b4d8daca087e724c0fba4501ead491d0/2/2/227255_PSXX.jpg,,,https://sortiment.lidl.ch/de/catalog/product/view/id/19120/s/truten-schnitzel-extra-duenn-0227255/category/113/
Geflügel,https://sortiment.lidl.ch/de/catalog/category/view/s/gefluegel/id/113/,Poulet Grillade,lidl.ch,2.59,,,,,https://sortiment.lidl.ch/de/catalog/product/view/id/18955/s/poulet-grillade-5113149/category/113/
Geflügel,https://sortiment.lidl.ch/de/catalog/category/view/s/gefluegel/id/113/,Pouletschenkel,lidl.ch,7.69,,,,,https://sortiment.lidl.ch/de/catalog/product/view/id/18478/s/pouletschenkel-0138806/category/113/
Geflügel,https://sortiment.lidl.ch/de/catalog/category/view/s/gefluegel/id/113/,Truten Schnitte paniert,lidl.ch,4.59,https://sortiment.lidl.ch/media/catalog/product/cache/b4d8daca087e724c0fba4501ead491d0/1/9/193249_FKBF.jpg,https://sortiment.lidl.ch/media/catalog/product/cache/b4d8daca087e724c0fba4501ead491d0/1/9/193249_PSXX.jpg,,,https://sortiment.lidl.ch/de/catalog/product/view/id/18035/s/truten-schnitte-paniert-0193249/category/113/
Geflügel,https://sortiment.lidl.ch/de/catalog/category/view/s/gefluegel/id/113/,Poulet Minutenschnitzel,lidl.ch,7.99,https://sortiment.lidl.ch/media/catalog/product/cache/b4d8daca087e724c0fba4501ead491d0/5/1/5112102_PouletaschnitzelmariniertSpicyDreams_PSXX.jpg,https://sortiment.lidl.ch/media/catalog/product/cache/b4d8daca087e724c0fba4501ead491d0/5/1/5112102_SpicyDream_FKBF.jpg,,Spicy Dream,https://sortiment.lidl.ch/de/catalog/product/view/id/16221/s/poulet-minutenschnitzel-5112102/category/113/
Geflügel,https://sortiment.lidl.ch/de/catalog/category/view/s/gefluegel/id/113/,Pouletfiletspiesse Sweet Tomato,lidl.ch,7.35,https://sortiment.lidl.ch/media/catalog/product/cache/b4d8daca087e724c0fba4501ead491d0/1/8/184561_FKBF.jpg,https://sortiment.lidl.ch/media/catalog/product/cache/b4d8daca087e724c0fba4501ead491d0/1/8/184561_PSXX.jpg,,,https://sortiment.lidl.ch/de/catalog/product/view/id/15894/s/pouletfiletspiesse-sweet-tomato-0184561/category/113/
Geflügel,https://sortiment.lidl.ch/de/catalog/category/view/s/gefluegel/id/113/,Bio Pouletbrust,lidl.ch,2.69,https://sortiment.lidl.ch/media/catalog/product/cache/b4d8daca087e724c0fba4501ead491d0/5/0/5004860_FKBF.jpg,https://sortiment.lidl.ch/media/catalog/product/cache/b4d8daca087e724c0fba4501ead491d0/5/0/5004860_PSXX.jpg,,,https://sortiment.lidl.ch/de/catalog/product/view/id/15671/s/bio-pouletbrust-5004860/category/113/
Geflügel,https://sortiment.lidl.ch/de/catalog/category/view/s/gefluegel/id/113/,Trutenbrust Ministeaks,lidl.ch,5.99,https://sortiment.lidl.ch/media/catalog/product/cache/b4d8daca087e724c0fba4501ead491d0/1/8/184354_FKBF.jpg,https://sortiment.lidl.ch/media/catalog/product/cache/b4d8daca087e724c0fba4501ead491d0/1/8/184354_PSXX.jpg,,,https://sortiment.lidl.ch/de/catalog/product/view/id/15654/s/trutenbrust-ministeaks-0184354/category/113/
Geflügel,https://sortiment.lidl.ch/de/catalog/category/view/s/gefluegel/id/113/,Trutenbrust Filet,lidl.ch,11.69,https://sortiment.lidl.ch/media/catalog/product/cache/b4d8daca087e724c0fba4501ead491d0/1/8/184353_FKBF.jpg,https://sortiment.lidl.ch/media/catalog/product/cache/b4d8daca087e724c0fba4501ead491d0/1/8/184353_PSXX.jpg,,,https://sortiment.lidl.ch/de/catalog/product/view/id/15653/s/trutenbrust-filet-0184353/category/113/
Geflügel,https://sortiment.lidl.ch/de/catalog/category/view/s/gefluegel/id/113/,Trutenbrust Schnitzel,lidl.ch,8.95,https://sortiment.lidl.ch/media/catalog/product/cache/b4d8daca087e724c0fba4501ead491d0/1/8/184352_FKBF.jpg,https://sortiment.lidl.ch/media/catalog/product/cache/b4d8daca087e724c0fba4501ead491d0/1/8/184352_PSXX.jpg,,,https://sortiment.lidl.ch/de/catalog/product/view/id/15652/s/trutenbrust-schnitzel-0184352/category/113/
Geflügel,https://sortiment.lidl.ch/de/catalog/category/view/s/gefluegel/id/113/,Bio Poulet Ganz,lidl.ch,1.39,https://sortiment.lidl.ch/media/catalog/product/cache/b4d8daca087e724c0fba4501ead491d0/5/0/5005230_FKBF_1.jpg,https://sortiment.lidl.ch/media/catalog/product/cache/b4d8daca087e724c0fba4501ead491d0/5/0/5005230_PSXX.jpg,,,https://sortiment.lidl.ch/de/catalog/product/view/id/15432/s/bio-poulet-ganz-5005230/category/113/
Geflügel,https://sortiment.lidl.ch/de/catalog/category/view/s/gefluegel/id/113/,Poulet Minifilet-Spiessli,lidl.ch,7.29,https://sortiment.lidl.ch/media/catalog/product/cache/b4d8daca087e724c0fba4501ead491d0/5/1/5109048_FKBF_1.jpg,https://sortiment.lidl.ch/media/catalog/product/cache/b4d8daca087e724c0fba4501ead491d0/5/1/5109048_QS_Poulet_Minifilet_Spiesse_gewuerzt_PSXX.jpg,,gewürzt,https://sortiment.lidl.ch/de/catalog/product/view/id/14709/s/poulet-minifilet-spiessli-5109048/category/113/
Geflügel,https://sortiment.lidl.ch/de/catalog/category/view/s/gefluegel/id/113/,Pouletbrust Geschnetzeltes,lidl.ch,9.45,https://sortiment.lidl.ch/media/catalog/product/cache/b4d8daca087e724c0fba4501ead491d0/1/5/158796_FKBF_1.jpg,https://sortiment.lidl.ch/media/catalog/product/cache/b4d8daca087e724c0fba4501ead491d0/1/5/158796_PSXX.jpg,,Family Pack,https://sortiment.lidl.ch/de/catalog/product/view/id/14708/s/pouletbrust-geschnetzeltes-0158796/category/113/
Geflügel,https://sortiment.lidl.ch/de/catalog/category/view/s/gefluegel/id/113/,Pouletbrust,lidl.ch,9.45,https://sortiment.lidl.ch/media/catalog/product/cache/b4d8daca087e724c0fba4501ead491d0/1/5/158795_FKBF_1.jpg,,,Family Pack,https://sortiment.lidl.ch/de/catalog/product/view/id/14707/s/pouletbrust-0158795/category/113/
Geflügel,https://sortiment.lidl.ch/de/catalog/category/view/s/gefluegel/id/113/,Poulet Oberschenkel,lidl.ch,6.99,https://sortiment.lidl.ch/media/catalog/product/cache/b4d8daca087e724c0fba4501ead491d0/5/1/5108468_FKBF_1.jpg,https://sortiment.lidl.ch/media/catalog/product/cache/b4d8daca087e724c0fba4501ead491d0/5/1/5108468_QS_Poulet_Oberschenkel_gewuuerzt_PSXX.jpg,,gewürzt,https://sortiment.lidl.ch/de/catalog/product/view/id/14105/s/poulet-oberschenkel-5108468/category/113/
Geflügel,https://sortiment.lidl.ch/de/catalog/category/view/s/gefluegel/id/113/,Poulet Oberschenkel,lidl.ch,6.49,https://sortiment.lidl.ch/media/catalog/product/cache/b4d8daca087e724c0fba4501ead491d0/5/1/5108467_FKBF_1.jpg,https://sortiment.lidl.ch/media/catalog/product/cache/b4d8daca087e724c0fba4501ead491d0/5/1/5108467_QS_Poulet_Oberschenkel_PSXX.jpg,,,https://sortiment.lidl.ch/de/catalog/product/view/id/14104/s/poulet-oberschenkel-5108467/category/113/
Geflügel,https://sortiment.lidl.ch/de/catalog/category/view/s/gefluegel/id/113/,Güggeli,lidl.ch,0.99,https://sortiment.lidl.ch/media/catalog/product/cache/b4d8daca087e724c0fba4501ead491d0/5/1/5106885_FKBF.jpg,https://sortiment.lidl.ch/media/catalog/product/cache/b4d8daca087e724c0fba4501ead491d0/5/1/5106885_QS_Gueggeli_2er_PSXX.jpg,,,https://sortiment.lidl.ch/de/catalog/product/view/id/13757/s/gueggeli-5106885/category/113/
Geflügel,https://sortiment.lidl.ch/de/catalog/category/view/s/gefluegel/id/113/,Pouletbrust Médaillons,lidl.ch,5.39,https://sortiment.lidl.ch/media/catalog/product/cache/b4d8daca087e724c0fba4501ead491d0/5/1/5104677_FKBF.jpg,https://sortiment.lidl.ch/media/catalog/product/cache/b4d8daca087e724c0fba4501ead491d0/5/1/5104677_QS_Pouletbrust_Medaillons_PSXX.jpg,,,https://sortiment.lidl.ch/de/catalog/product/view/id/13627/s/pouletbrust-medaillons-5104677/category/113/
Geflügel,https://sortiment.lidl.ch/de/catalog/category/view/s/gefluegel/id/113/,Poulet Ganz,lidl.ch,0.59,https://sortiment.lidl.ch/media/catalog/product/cache/b4d8daca087e724c0fba4501ead491d0/5/1/5106942_FKBF.jpg,https://sortiment.lidl.ch/media/catalog/product/cache/b4d8daca087e724c0fba4501ead491d0/5/1/5106942_QS_Poulet_ganz_PSXX.jpg,,,https://sortiment.lidl.ch/de/catalog/product/view/id/13014/s/poulet-ganz-5106942/category/113/
Geflügel,https://sortiment.lidl.ch/de/catalog/category/view/s/gefluegel/id/113/,Pouletbrust Minutenschnitzel,lidl.ch,6.99,https://sortiment.lidl.ch/media/catalog/product/cache/b4d8daca087e724c0fba4501ead491d0/5/1/5104269_FKBF_4.jpg,https://sortiment.lidl.ch/media/catalog/product/cache/b4d8daca087e724c0fba4501ead491d0/5/1/5104269_QS_Pouletbrust_Minutenschnitzel_PSXX.jpg,,,https://sortiment.lidl.ch/de/catalog/product/view/id/13008/s/pouletbrust-minutenschnitzel-5104269/category/113/
Geflügel,https://sortiment.lidl.ch/de/catalog/category/view/s/gefluegel/id/113/,Pouletschlegeli,lidl.ch,6.29,https://sortiment.lidl.ch/media/catalog/product/cache/b4d8daca087e724c0fba4501ead491d0/5/1/5103871_FKBF_1.jpg,https://sortiment.lidl.ch/media/catalog/product/cache/b4d8daca087e724c0fba4501ead491d0/5/1/5103871_QS_Pouletschlegeli_PSXX.jpg,,gewürzt,https://sortiment.lidl.ch/de/catalog/product/view/id/13007/s/pouletschlegeli-5103871/category/113/
Geflügel,https://sortiment.lidl.ch/de/catalog/category/view/s/gefluegel/id/113/,Pouletschlegeli,lidl.ch,5.19,https://sortiment.lidl.ch/media/catalog/product/cache/b4d8daca087e724c0fba4501ead491d0/5/1/5103870_FKBF.jpg,https://sortiment.lidl.ch/media/catalog/product/cache/b4d8daca087e724c0fba4501ead491d0/5/1/5103870_QS_Pouletgschlegeli_PSXX.jpg,,,https://sortiment.lidl.ch/de/catalog/product/view/id/13006/s/pouletschlegeli-5103870/category/113/
Geflügel,https://sortiment.lidl.ch/de/catalog/category/view/s/gefluegel/id/113/,Pouletschenkel,lidl.ch,6.79,https://sortiment.lidl.ch/media/catalog/product/cache/b4d8daca087e724c0fba4501ead491d0/5/1/5103869_FKBF_2.jpg,https://sortiment.lidl.ch/media/catalog/product/cache/b4d8daca087e724c0fba4501ead491d0/5/1/5103869_QS_Pouletschenkel_gewuerzt_PSXXg.jpg,,gewürzt,https://sortiment.lidl.ch/de/catalog/product/view/id/13005/s/pouletschenkel-5103869/category/113/
Geflügel,https://sortiment.lidl.ch/de/catalog/category/view/s/gefluegel/id/113/,Pouletflügeli,lidl.ch,2.75,https://sortiment.lidl.ch/media/catalog/product/cache/b4d8daca087e724c0fba4501ead491d0/5/1/5103128_FKBF.jpg,https://sortiment.lidl.ch/media/catalog/product/cache/b4d8daca087e724c0fba4501ead491d0/5/1/5103128_QS_Pouletfluegeli_nature_PSXX.jpg,,,https://sortiment.lidl.ch/de/catalog/product/view/id/13004/s/pouletfluegeli-5103128/category/113/
Geflügel,https://sortiment.lidl.ch/de/catalog/category/view/s/gefluegel/id/113/,Pouletbrust Minutenschnitzel,lidl.ch,6.25,https://sortiment.lidl.ch/media/catalog/product/cache/b4d8daca087e724c0fba4501ead491d0/1/2/123563_FKBF.jpg,https://sortiment.lidl.ch/media/catalog/product/cache/b4d8daca087e724c0fba4501ead491d0/1/2/123563_PSXX.jpg,,,https://sortiment.lidl.ch/de/catalog/product/view/id/13002/s/pouletbrust-minutenschnitzel-0123563/category/113/
Geflügel,https://sortiment.lidl.ch/de/catalog/category/view/s/gefluegel/id/113/,Pouletbrust Geschnetzeltes,lidl.ch,7.99,https://sortiment.lidl.ch/media/catalog/product/cache/b4d8daca087e724c0fba4501ead491d0/1/2/123561_FKBF.jpg,,,,https://sortiment.lidl.ch/de/catalog/product/view/id/13001/s/pouletbrust-geschnetzeltes-0123561/category/113/
Geflügel,https://sortiment.lidl.ch/de/catalog/category/view/s/gefluegel/id/113/,Pouletbrust,lidl.ch,7.99,https://sortiment.lidl.ch/media/catalog/product/cache/b4d8daca087e724c0fba4501ead491d0/1/2/123560_FKBF.jpg,https://sortiment.lidl.ch/media/catalog/product/cache/b4d8daca087e724c0fba4501ead491d0/1/2/123560_PSXX.jpg,,,https://sortiment.lidl.ch/de/catalog/product/view/id/13000/s/pouletbrust-0123560/category/113/
Geflügel,https://sortiment.lidl.ch/de/catalog/category/view/s/gefluegel/id/113/,Poulet Innenfilet,lidl.ch,5.99,https://sortiment.lidl.ch/media/catalog/product/cache/b4d8daca087e724c0fba4501ead491d0/1/2/123559_FKBF.jpg,,,,https://sortiment.lidl.ch/de/catalog/product/view/id/12999/s/poulet-innenfilet-0123559/category/113/
Geflügel,https://sortiment.lidl.ch/de/catalog/category/view/s/gefluegel/id/113/,Poulet Innenfilet,lidl.ch,5.99,https://sortiment.lidl.ch/media/catalog/product/cache/b4d8daca087e724c0fba4501ead491d0/3/1/3145_FKBF.jpg,https://sortiment.lidl.ch/media/catalog/product/cache/b4d8daca087e724c0fba4501ead491d0/3/1/3145_QS_Poulet_Minifilet_PSXX.jpg,,,https://sortiment.lidl.ch/de/catalog/product/view/id/12998/s/poulet-innenfilet-0003145/category/113/
Geflügel,https://sortiment.lidl.ch/de/catalog/category/view/s/gefluegel/id/113/,Pouletschenkel,lidl.ch,5.59,https://sortiment.lidl.ch/media/catalog/product/cache/b4d8daca087e724c0fba4501ead491d0/2/8/2834_FKBF.jpg,https://sortiment.lidl.ch/media/catalog/product/cache/b4d8daca087e724c0fba4501ead491d0/2/8/2834_QS_Pouletschenkel_nature_PSXX.jpg,,,https://sortiment.lidl.ch/de/catalog/product/view/id/12997/s/pouletschenkel-0002834/category/113/
Geflügel,https://sortiment.lidl.ch/de/catalog/category/view/s/gefluegel/id/113/,Pouletflügeli,lidl.ch,3.99,https://sortiment.lidl.ch/media/catalog/product/cache/b4d8daca087e724c0fba4501ead491d0/1/3/1363_FKBF.jpg,https://sortiment.lidl.ch/media/catalog/product/cache/b4d8daca087e724c0fba4501ead491d0/1/3/1363_QS_Haehnchenfluegel_gewuerzt_PSXX.jpg,,gewürzt,https://sortiment.lidl.ch/de/catalog/product/view/id/12995/s/pouletfluegeli-0001363/category/113/
Geflügel,https://sortiment.lidl.ch/de/catalog/category/view/s/gefluegel/id/113/,Pouletbrustgeschnetzeltes,lidl.ch,5.95,https://sortiment.lidl.ch/media/catalog/product/cache/b4d8daca087e724c0fba4501ead491d0/1/3/1355_FKBF.jpg,https://sortiment.lidl.ch/media/catalog/product/cache/b4d8daca087e724c0fba4501ead491d0/1/3/1355_QS_Poulet_Geschnetzeltes_PSXX.jpg,,,https://sortiment.lidl.ch/de/catalog/product/view/id/12994/s/pouletbrustgeschnetzeltes-0001355/category/113/
Geflügel,https://sortiment.lidl.ch/de/catalog/category/view/s/gefluegel/id/113/,Pouletbrust,lidl.ch,6.75,https://sortiment.lidl.ch/media/catalog/product/cache/b4d8daca087e724c0fba4501ead491d0/1/3/1353_FKBF.jpg,https://sortiment.lidl.ch/media/catalog/product/cache/b4d8daca087e724c0fba4501ead491d0/1/3/1353_QS_Pouletbrust_PSXX.jpg,,,https://sortiment.lidl.ch/de/catalog/product/view/id/12993/s/pouletbrust-0001353/category/113/
Schwein,https://sortiment.lidl.ch/de/fleisch/schwein,Bacon Burger,lidl.ch,2.99,,,,,https://sortiment.lidl.ch/de/catalog/product/view/id/21493/s/bacon-burger-5114039/category/114/
Schwein,https://sortiment.lidl.ch/de/fleisch/schwein,Hackfleisch gemischt,lidl.ch,7.49,https://sortiment.lidl.ch/media/catalog/product/cache/b4d8daca087e724c0fba4501ead491d0/5/1/5114410_Hackfleischgemischt_PSXX.jpg,,,,https://sortiment.lidl.ch/de/catalog/product/view/id/21195/s/hackfleisch-gemischt-5114410/category/114/
Schwein,https://sortiment.lidl.ch/de/fleisch/schwein,Twister Spiess mit Käse,lidl.ch,5.49,,,,Cura Porc,https://sortiment.lidl.ch/de/catalog/product/view/id/21095/s/twister-spiess-mit-kaese-5114157/category/114/
Schwein,https://sortiment.lidl.ch/de/fleisch/schwein,Schweineragout,lidl.ch,5.99,,,,Cura Porc,https://sortiment.lidl.ch/de/catalog/product/view/id/20973/s/schweineragout-5114131/category/114/
Schwein,https://sortiment.lidl.ch/de/fleisch/schwein,Schweinegeschnetzeltes,lidl.ch,5.55,,,,Cura Porc,https://sortiment.lidl.ch/de/catalog/product/view/id/20972/s/schweinegeschnetzeltes-5114130/category/114/
Schwein,https://sortiment.lidl.ch/de/fleisch/schwein,Sempione Grilli's Bratwurst,lidl.ch,4.49,https://sortiment.lidl.ch/media/catalog/product/cache/b4d8daca087e724c0fba4501ead491d0/5/1/5114026_PSXX.jpg,,,,https://sortiment.lidl.ch/de/catalog/product/view/id/20701/s/sempione-grilli-s-bratwurst-5114026/category/114/
Schwein,https://sortiment.lidl.ch/de/fleisch/schwein,Schweinsnierstück Steak,lidl.ch,8.49,,,,"Chili Lavendel, Cura Porc",https://sortiment.lidl.ch/de/catalog/product/view/id/20612/s/schweinsnierstueck-steak-5114078/category/114/
Schwein,https://sortiment.lidl.ch/de/fleisch/schwein,Grillspeck gewürzt Paprika,lidl.ch,4.49,https://sortiment.lidl.ch/media/catalog/product/cache/b4d8daca087e724c0fba4501ead491d0/5/1/5113308_FKBF.jpg,https://sortiment.lidl.ch/media/catalog/product/cache/b4d8daca087e724c0fba4501ead491d0/5/1/5113308_GrillspeckCP_PSXX.jpg,,Cura Porc,https://sortiment.lidl.ch/de/catalog/product/view/id/19116/s/grillspeck-gewuerzt-paprika-5113308/category/114/
Schwein,https://sortiment.lidl.ch/de/fleisch/schwein,Salsicca Ticinese,lidl.ch,4.75,https://sortiment.lidl.ch/media/catalog/product/cache/b4d8daca087e724c0fba4501ead491d0/5/1/5104542_BBQ_Tessiner_Grillwurst_PSXX.jpg,https://sortiment.lidl.ch/media/catalog/product/cache/b4d8daca087e724c0fba4501ead491d0/5/1/5104542_FKBA.jpg,https://sortiment.lidl.ch/media/catalog/product/cache/b4d8daca087e724c0fba4501ead491d0/5/1/5104542_FKBAG.jpg,,https://sortiment.lidl.ch/de/catalog/product/view/id/18971/s/salsicca-ticinese-5104542/category/114/
Schwein,https://sortiment.lidl.ch/de/fleisch/schwein,Schweinssteak vom Nierstück,lidl.ch,7.49,https://sortiment.lidl.ch/media/catalog/product/cache/b4d8daca087e724c0fba4501ead491d0/5/1/5113310_FKBF.jpg,https://sortiment.lidl.ch/media/catalog/product/cache/b4d8daca087e724c0fba4501ead491d0/5/1/5113310_QS_Schweinsnierstuecksteak_gewuerzt_FKBA.jpg,https://sortiment.lidl.ch/media/catalog/product/cache/b4d8daca087e724c0fba4501ead491d0/5/1/5113310_QS_Schweinsnierstuecksteak_gewuerzt_PSXX.jpg,gewürzt,https://sortiment.lidl.ch/de/catalog/product/view/id/18957/s/schweinssteak-vom-nierstueck-5113310/category/114/
Schwein,https://sortiment.lidl.ch/de/fleisch/schwein,Grillbratwurst Cafe de Paris,lidl.ch,3.99,https://sortiment.lidl.ch/media/catalog/product/cache/b4d8daca087e724c0fba4501ead491d0/5/1/5113307_FKBAG.jpg,https://sortiment.lidl.ch/media/catalog/product/cache/b4d8daca087e724c0fba4501ead491d0/5/1/5113307_FKBF.jpg,https://sortiment.lidl.ch/media/catalog/product/cache/b4d8daca087e724c0fba4501ead491d0/5/1/5113307_Grillwrust_PSXX.jpg,,https://sortiment.lidl.ch/de/catalog/product/view/id/18956/s/grillbratwurst-cafe-de-paris-5113307/category/114/
Schwein,https://sortiment.lidl.ch/de/fleisch/schwein,Schweins-Schulterbraten,lidl.ch,1.59,,,,,https://sortiment.lidl.ch/de/catalog/product/view/id/18361/s/schweins-schulterbraten-5113216/category/114/
Schwein,https://sortiment.lidl.ch/de/fleisch/schwein,Schweinsnierstück Plätzli,lidl.ch,10.99,https://sortiment.lidl.ch/media/catalog/product/cache/b4d8daca087e724c0fba4501ead491d0/5/1/5113223_FKBF.jpg,https://sortiment.lidl.ch/media/catalog/product/cache/b4d8daca087e724c0fba4501ead491d0/5/1/5113223_Schweinsnierstueckplaetzli_PSXX.jpg,,XXL,https://sortiment.lidl.ch/de/catalog/product/view/id/18171/s/schweinsnierstueck-plaetzli-5113223/category/114/
Schwein,https://sortiment.lidl.ch/de/fleisch/schwein,Schweins Halssteak gewürzt,lidl.ch,1.59,https://sortiment.lidl.ch/media/catalog/product/cache/b4d8daca087e724c0fba4501ead491d0/5/1/5113214_FKBF.jpg,,,,https://sortiment.lidl.ch/de/catalog/product/view/id/18071/s/schweins-halssteak-gewuerzt-5113214/category/114/
Schwein,https://sortiment.lidl.ch/de/fleisch/schwein,Schweinsfilet am Stück,lidl.ch,3.59,https://sortiment.lidl.ch/media/catalog/product/cache/b4d8daca087e724c0fba4501ead491d0/5/1/5111385_FKBF.jpg,,,Cura Porc,https://sortiment.lidl.ch/de/catalog/product/view/id/17801/s/schweinsfilet-am-stueck-5111385/category/114/
Schwein,https://sortiment.lidl.ch/de/fleisch/schwein,Bauernschnecke,lidl.ch,3.99,,,,Cura Porc,https://sortiment.lidl.ch/de/catalog/product/view/id/16291/s/bauernschnecke-5106002/category/114/
Schwein,https://sortiment.lidl.ch/de/fleisch/schwein,Bauernbratwurst,lidl.ch,3.99,https://sortiment.lidl.ch/media/catalog/product/cache/b4d8daca087e724c0fba4501ead491d0/5/1/5106001_Bauernbratwurst_CP_PSXX.jpg,https://sortiment.lidl.ch/media/catalog/product/cache/b4d8daca087e724c0fba4501ead491d0/5/1/5106001_BratwurstschneckeCP_PSXX.jpg,https://sortiment.lidl.ch/media/catalog/product/cache/b4d8daca087e724c0fba4501ead491d0/5/1/5106001_FKBA.jpg,Cura Porc,https://sortiment.lidl.ch/de/catalog/product/view/id/16290/s/bauernbratwurst-5106001/category/114/
Schwein,https://sortiment.lidl.ch/de/fleisch/schwein,Schweinehohrücken Chimichurri,lidl.ch,2.49,https://sortiment.lidl.ch/media/catalog/product/cache/b4d8daca087e724c0fba4501ead491d0/5/1/5112342_Schweinshohruecken_PSXX.jpg,https://sortiment.lidl.ch/media/catalog/product/cache/b4d8daca087e724c0fba4501ead491d0/5/1/5112342_gewuerzt_Chimichurri_FKBF.jpg,,,https://sortiment.lidl.ch/de/catalog/product/view/id/16231/s/schweinehohruecken-chimichurri-5112342/category/114/
Schwein,https://sortiment.lidl.ch/de/fleisch/schwein,Bio Schweinerippchen,lidl.ch,1.99,https://sortiment.lidl.ch/media/catalog/product/cache/b4d8daca087e724c0fba4501ead491d0/5/1/5112318_Costine_PSXX.jpg,https://sortiment.lidl.ch/media/catalog/product/cache/b4d8daca087e724c0fba4501ead491d0/5/1/5112318_FKBF.jpg,,,https://sortiment.lidl.ch/de/catalog/product/view/id/16230/s/bio-schweinerippchen-5112318/category/114/
Schwein,https://sortiment.lidl.ch/de/fleisch/schwein,Schweinehalssteak mariniert Paprika,lidl.ch,9.99,https://sortiment.lidl.ch/media/catalog/product/cache/b4d8daca087e724c0fba4501ead491d0/5/1/5111240_Paprika_FKBF.jpg,,,,https://sortiment.lidl.ch/de/catalog/product/view/id/16229/s/schweinehalssteak-mariniert-paprika-5111240/category/114/
Schwein,https://sortiment.lidl.ch/de/fleisch/schwein,Schweinehalssteak Rustico,lidl.ch,9.99,https://sortiment.lidl.ch/media/catalog/product/cache/b4d8daca087e724c0fba4501ead491d0/5/1/5111239_Rustico_FKBF.jpg,https://sortiment.lidl.ch/media/catalog/product/cache/b4d8daca087e724c0fba4501ead491d0/5/1/5111239_Schweinshalssteak_PSXX.jpg,,,https://sortiment.lidl.ch/de/catalog/product/view/id/16228/s/schweinehalssteak-rustico-5111239/category/114/
Schwein,https://sortiment.lidl.ch/de/fleisch/schwein,Schweinshals Steak Pfeffer,lidl.ch,8.49,,,,Cura Porc,https://sortiment.lidl.ch/de/catalog/product/view/id/16226/s/schweinshals-steak-pfeffer-5111233/category/114/
Schwein,https://sortiment.lidl.ch/de/fleisch/schwein,Spare Ribs,lidl.ch,2.59,https://sortiment.lidl.ch/media/catalog/product/cache/b4d8daca087e724c0fba4501ead491d0/5/1/5111219_Nature_FKBF.jpg,https://sortiment.lidl.ch/media/catalog/product/cache/b4d8daca087e724c0fba4501ead491d0/5/1/5111219_PSXX.jpg,,,https://sortiment.lidl.ch/de/catalog/product/view/id/16225/s/spare-ribs-5111219/category/114/
Schwein,https://sortiment.lidl.ch/de/fleisch/schwein,Schweinssteak Nierstück Barbecue,lidl.ch,8.99,https://sortiment.lidl.ch/media/catalog/product/cache/b4d8daca087e724c0fba4501ead491d0/5/1/5107350_Barbecue_FKBF.jpg,https://sortiment.lidl.ch/media/catalog/product/cache/b4d8daca087e724c0fba4501ead491d0/5/1/5107350_SchweinssteakNierstueckPaprika_PSXX.jpg,https://sortiment.lidl.ch/media/catalog/product/cache/b4d8daca087e724c0fba4501ead491d0/5/1/5107350_SchweinsstekNierstueckBBQ_PSXX.jpg,Cura Porc,https://sortiment.lidl.ch/de/catalog/product/view/id/16223/s/schweinssteak-nierstueck-barbecue-5107350/category/114/
Schwein,https://sortiment.lidl.ch/de/fleisch/schwein,Schweinesteak Nierstück Paprika,lidl.ch,8.99,https://sortiment.lidl.ch/media/catalog/product/cache/b4d8daca087e724c0fba4501ead491d0/5/1/5100557_PSXX.jpg,https://sortiment.lidl.ch/media/catalog/product/cache/b4d8daca087e724c0fba4501ead491d0/5/1/5100557_Paprika_FKBF.jpg,,Cura Porc,https://sortiment.lidl.ch/de/catalog/product/view/id/16222/s/schweinesteak-nierstueck-paprika-5100557/category/114/
Schwein,https://sortiment.lidl.ch/de/fleisch/schwein,Schweins-Geschnetzeltes,lidl.ch,6.49,https://sortiment.lidl.ch/media/catalog/product/cache/b4d8daca087e724c0fba4501ead491d0/5/1/5110567_FKBF.jpg,https://sortiment.lidl.ch/media/catalog/product/cache/b4d8daca087e724c0fba4501ead491d0/5/1/5110567_QSSchweinsgeschnetzeltes_PSXX.jpg,,,https://sortiment.lidl.ch/de/catalog/product/view/id/16014/s/schweins-geschnetzeltes-5110567/category/114/
Schwein,https://sortiment.lidl.ch/de/fleisch/schwein,Schweinsragout,lidl.ch,6.49,https://sortiment.lidl.ch/media/catalog/product/cache/b4d8daca087e724c0fba4501ead491d0/5/1/5110566_FKBF.jpg,https://sortiment.lidl.ch/media/catalog/product/cache/b4d8daca087e724c0fba4501ead491d0/5/1/5110566_QS_Schweinsragout_PSXX.jpg,,,https://sortiment.lidl.ch/de/catalog/product/view/id/16011/s/schweinsragout-5110566/category/114/
Schwein,https://sortiment.lidl.ch/de/fleisch/schwein,Hackfleisch gemischt,lidl.ch,5.35,https://sortiment.lidl.ch/media/catalog/product/cache/b4d8daca087e724c0fba4501ead491d0/5/1/5110555_HackfleischgemischtCP_PSXX.jpg,,,Cura Porc,https://sortiment.lidl.ch/de/catalog/product/view/id/15983/s/hackfleisch-gemischt-5110555/category/114/
Schwein,https://sortiment.lidl.ch/de/fleisch/schwein,Hackfleisch gemischt light,lidl.ch,7.49,https://sortiment.lidl.ch/media/catalog/product/cache/b4d8daca087e724c0fba4501ead491d0/5/1/5110593_FKBF.jpg,https://sortiment.lidl.ch/media/catalog/product/cache/b4d8daca087e724c0fba4501ead491d0/5/1/5110593_QS_Hackfleisch_gemischt_light_PSXX.jpg,,Rind und Schwein,https://sortiment.lidl.ch/de/catalog/product/view/id/15807/s/hackfleisch-gemischt-light-5110593/category/114/
Schwein,https://sortiment.lidl.ch/de/fleisch/schwein,Rum Steak,lidl.ch,8.99,https://sortiment.lidl.ch/media/catalog/product/cache/b4d8daca087e724c0fba4501ead491d0/5/1/5110544_PSXX.jpg,,,,https://sortiment.lidl.ch/de/catalog/product/view/id/15806/s/rum-steak-5110544/category/114/
Schwein,https://sortiment.lidl.ch/de/fleisch/schwein,Schweinsspiessli gewürzt Pfeffer,lidl.ch,2.15,https://sortiment.lidl.ch/media/catalog/product/cache/b4d8daca087e724c0fba4501ead491d0/5/1/5111230_FKBF.jpg,https://sortiment.lidl.ch/media/catalog/product/cache/b4d8daca087e724c0fba4501ead491d0/5/1/5111230_Schweinsspiessmariniert_PSXX.jpg,,Cura Porc,https://sortiment.lidl.ch/de/catalog/product/view/id/15792/s/schweinsspiessli-gewuerzt-pfeffer-5111230/category/114/
Schwein,https://sortiment.lidl.ch/de/fleisch/schwein,Hackfleisch gemischt,lidl.ch,9.49,https://sortiment.lidl.ch/media/catalog/product/cache/b4d8daca087e724c0fba4501ead491d0/5/1/5110592_FKBF.jpg,https://sortiment.lidl.ch/media/catalog/product/cache/b4d8daca087e724c0fba4501ead491d0/5/1/5110592_PSXX.jpg,,Family pack,https://sortiment.lidl.ch/de/catalog/product/view/id/15397/s/hackfleisch-gemischt-5110592/category/114/
Schwein,https://sortiment.lidl.ch/de/fleisch/schwein,Königsspiess,lidl.ch,8.99,https://sortiment.lidl.ch/media/catalog/product/cache/b4d8daca087e724c0fba4501ead491d0/5/1/5110234_FKBF.jpg,,,,https://sortiment.lidl.ch/de/catalog/product/view/id/15381/s/koenigsspiess-5110234/category/114/
Schwein,https://sortiment.lidl.ch/de/fleisch/schwein,Spare Ribs Paprika,lidl.ch,2.59,https://sortiment.lidl.ch/media/catalog/product/cache/b4d8daca087e724c0fba4501ead491d0/5/1/5110277_FKBF.jpg,https://sortiment.lidl.ch/media/catalog/product/cache/b4d8daca087e724c0fba4501ead491d0/5/1/5110277_SpareRibs_PSXX.jpg,,,https://sortiment.lidl.ch/de/catalog/product/view/id/15146/s/spare-ribs-paprika-5110277/category/114/
Schwein,https://sortiment.lidl.ch/de/fleisch/schwein,Farmerspiess,lidl.ch,2.79,https://sortiment.lidl.ch/media/catalog/product/cache/b4d8daca087e724c0fba4501ead491d0/5/1/5110233_FKBF.jpg,,,,https://sortiment.lidl.ch/de/catalog/product/view/id/15143/s/farmerspiess-5110233/category/114/
Schwein,https://sortiment.lidl.ch/de/fleisch/schwein,Schweinsfilet,lidl.ch,2.99,https://sortiment.lidl.ch/media/catalog/product/cache/b4d8daca087e724c0fba4501ead491d0/5/1/5109977_FKBF.jpg,https://sortiment.lidl.ch/media/catalog/product/cache/b4d8daca087e724c0fba4501ead491d0/5/1/5109977_Schweinsfilet_PSXX.jpg,,,https://sortiment.lidl.ch/de/catalog/product/view/id/14763/s/schweinsfilet-5109977/category/114/
Schwein,https://sortiment.lidl.ch/de/fleisch/schwein,Spare Ribs nature,lidl.ch,2.79,https://sortiment.lidl.ch/media/catalog/product/cache/b4d8daca087e724c0fba4501ead491d0/5/1/5107272_FKBF.jpg,https://sortiment.lidl.ch/media/catalog/product/cache/b4d8daca087e724c0fba4501ead491d0/5/1/5107272_PSXX.jpg,https://sortiment.lidl.ch/media/catalog/product/cache/b4d8daca087e724c0fba4501ead491d0/5/1/5107272_PSXX_001.jpg,Cura Porc,https://sortiment.lidl.ch/de/catalog/product/view/id/13881/s/spare-ribs-nature-5107272/category/114/
